causa_acidente;tipo_acidente;fase_dia;condicao_metereologica;tipo_veiculo;estado_fisico;count;causa_acidente_criterios;tipo_acidente_criterios;fase_dia_criterios;condicao_metereologica_criterios;tipo_veiculo_criterios
Acessar a via sem observar a presenca dos outros veiculos;Colisao lateral mesmo sentido;Amanhecer;Nublado;Caminhonete;Ileso;1;4;5;4;2;2
Acessar a via sem observar a presenca dos outros veiculos;Colisao lateral mesmo sentido;Amanhecer;Nublado;Motocicleta;Lesoes Leves;1;4;5;4;2;1
Acessar a via sem observar a presenca dos outros veiculos;Colisao lateral mesmo sentido;Anoitecer;Ceu Claro;Automovel;Ileso;17;4;5;4;1;1
Acessar a via sem observar a presenca dos outros veiculos;Colisao lateral mesmo sentido;Anoitecer;Ceu Claro;Caminhao;Ileso;2;4;5;4;1;2
Acessar a via sem observar a presenca dos outros veiculos;Colisao lateral mesmo sentido;Anoitecer;Ceu Claro;Caminhao-trator;Ileso;2;4;5;4;1;2
Acessar a via sem observar a presenca dos outros veiculos;Colisao lateral mesmo sentido;Anoitecer;Ceu Claro;Caminhonete;Ileso;2;4;5;4;1;2
Acessar a via sem observar a presenca dos outros veiculos;Colisao lateral mesmo sentido;Anoitecer;Ceu Claro;Motocicleta;Ileso;1;4;5;4;1;1
Acessar a via sem observar a presenca dos outros veiculos;Colisao lateral mesmo sentido;Anoitecer;Ceu Claro;Motocicleta;Lesoes Graves;5;4;5;4;1;1
Acessar a via sem observar a presenca dos outros veiculos;Colisao lateral mesmo sentido;Anoitecer;Ceu Claro;Motocicleta;Lesoes Leves;14;4;5;4;1;1
Acessar a via sem observar a presenca dos outros veiculos;Colisao lateral mesmo sentido;Anoitecer;Ceu Claro;Motoneta;Lesoes Leves;1;4;5;4;1;3
Acessar a via sem observar a presenca dos outros veiculos;Colisao lateral mesmo sentido;Anoitecer;Ceu Claro;Nao se aplica;Lesoes Leves;1;4;5;4;1;3
Acessar a via sem observar a presenca dos outros veiculos;Colisao lateral mesmo sentido;Anoitecer;Ceu Claro;Onibus;Ileso;2;4;5;4;1;3
Acessar a via sem observar a presenca dos outros veiculos;Colisao lateral mesmo sentido;Anoitecer;Ceu Claro;Utilitario;Lesoes Leves;1;4;5;4;1;3
Acessar a via sem observar a presenca dos outros veiculos;Colisao lateral mesmo sentido;Anoitecer;Chuva;Motocicleta;Lesoes Leves;1;4;5;4;2;1
Acessar a via sem observar a presenca dos outros veiculos;Colisao lateral mesmo sentido;Anoitecer;Chuva;Nao Informado;Ileso;1;4;5;4;2;3
Acessar a via sem observar a presenca dos outros veiculos;Colisao lateral mesmo sentido;Anoitecer;Ignorado;Caminhao;Ileso;2;4;5;4;0;2
Acessar a via sem observar a presenca dos outros veiculos;Colisao lateral mesmo sentido;Anoitecer;Ignorado;Caminhao;Lesoes Leves;1;4;5;4;0;2
Acessar a via sem observar a presenca dos outros veiculos;Colisao lateral mesmo sentido;Anoitecer;Ignorado;Caminhao-trator;Ileso;1;4;5;4;0;2
Acessar a via sem observar a presenca dos outros veiculos;Colisao lateral mesmo sentido;Anoitecer;Nublado;Automovel;Ileso;1;4;5;4;2;1
Acessar a via sem observar a presenca dos outros veiculos;Colisao lateral mesmo sentido;Anoitecer;Nublado;Caminhao-trator;Ileso;2;4;5;4;2;2
Acessar a via sem observar a presenca dos outros veiculos;Colisao lateral mesmo sentido;Anoitecer;Nublado;Caminhonete;Ileso;1;4;5;4;2;2
Acessar a via sem observar a presenca dos outros veiculos;Colisao lateral mesmo sentido;Anoitecer;Nublado;Motocicleta;Lesoes Leves;2;4;5;4;2;1
Acessar a via sem observar a presenca dos outros veiculos;Colisao lateral mesmo sentido;Anoitecer;Nublado;Motoneta;Lesoes Leves;1;4;5;4;2;3
Acessar a via sem observar a presenca dos outros veiculos;Colisao lateral mesmo sentido;Plena Noite;Ceu Claro;Automovel;Ileso;39;4;5;2;1;1
Acessar a via sem observar a presenca dos outros veiculos;Colisao lateral mesmo sentido;Plena Noite;Ceu Claro;Automovel;Lesoes Leves;8;4;5;2;1;1
Acessar a via sem observar a presenca dos outros veiculos;Colisao lateral mesmo sentido;Plena Noite;Ceu Claro;Bicicleta;Lesoes Graves;1;4;5;2;1;3
Acessar a via sem observar a presenca dos outros veiculos;Colisao lateral mesmo sentido;Plena Noite;Ceu Claro;Bicicleta;Lesoes Leves;2;4;5;2;1;3
Acessar a via sem observar a presenca dos outros veiculos;Colisao lateral mesmo sentido;Plena Noite;Ceu Claro;Caminhao;Ileso;4;4;5;2;1;2
Acessar a via sem observar a presenca dos outros veiculos;Colisao lateral mesmo sentido;Plena Noite;Ceu Claro;Caminhao;Lesoes Leves;1;4;5;2;1;2
Acessar a via sem observar a presenca dos outros veiculos;Colisao lateral mesmo sentido;Plena Noite;Ceu Claro;Caminhao-trator;Ileso;11;4;5;2;1;2
Acessar a via sem observar a presenca dos outros veiculos;Colisao lateral mesmo sentido;Plena Noite;Ceu Claro;Caminhonete;Ileso;2;4;5;2;1;2
Acessar a via sem observar a presenca dos outros veiculos;Colisao lateral mesmo sentido;Plena Noite;Ceu Claro;Motocicleta;Ileso;6;4;5;2;1;1
Acessar a via sem observar a presenca dos outros veiculos;Colisao lateral mesmo sentido;Plena Noite;Ceu Claro;Motocicleta;Lesoes Graves;8;4;5;2;1;1
Acessar a via sem observar a presenca dos outros veiculos;Colisao lateral mesmo sentido;Plena Noite;Ceu Claro;Motocicleta;Lesoes Leves;31;4;5;2;1;1
Acessar a via sem observar a presenca dos outros veiculos;Colisao lateral mesmo sentido;Plena Noite;Ceu Claro;Motoneta;Lesoes Graves;2;4;5;2;1;3
Acessar a via sem observar a presenca dos outros veiculos;Colisao lateral mesmo sentido;Plena Noite;Ceu Claro;Motoneta;Lesoes Leves;5;4;5;2;1;3
Acessar a via sem observar a presenca dos outros veiculos;Colisao lateral mesmo sentido;Plena Noite;Ceu Claro;Motoneta;Obito;1;4;5;2;1;3
Acessar a via sem observar a presenca dos outros veiculos;Colisao lateral mesmo sentido;Plena Noite;Ceu Claro;Nao Informado;Ileso;2;4;5;2;1;3
Acessar a via sem observar a presenca dos outros veiculos;Colisao lateral mesmo sentido;Plena Noite;Ceu Claro;Nao se aplica;Lesoes Graves;1;4;5;2;1;3
Acessar a via sem observar a presenca dos outros veiculos;Colisao lateral mesmo sentido;Plena Noite;Ceu Claro;Onibus;Ileso;2;4;5;2;1;3
Acessar a via sem observar a presenca dos outros veiculos;Colisao lateral mesmo sentido;Plena Noite;Chuva;Automovel;Ileso;2;4;5;2;2;1
Acessar a via sem observar a presenca dos outros veiculos;Colisao lateral mesmo sentido;Plena Noite;Chuva;Automovel;Lesoes Leves;2;4;5;2;2;1
Acessar a via sem observar a presenca dos outros veiculos;Colisao lateral mesmo sentido;Plena Noite;Chuva;Caminhao;Ileso;1;4;5;2;2;2
Acessar a via sem observar a presenca dos outros veiculos;Colisao lateral mesmo sentido;Plena Noite;Chuva;Caminhao-trator;Ileso;5;4;5;2;2;2
Acessar a via sem observar a presenca dos outros veiculos;Colisao lateral mesmo sentido;Plena Noite;Chuva;Caminhonete;Ileso;1;4;5;2;2;2
Acessar a via sem observar a presenca dos outros veiculos;Colisao lateral mesmo sentido;Plena Noite;Chuva;Caminhonete;Lesoes Leves;3;4;5;2;2;2
Acessar a via sem observar a presenca dos outros veiculos;Colisao lateral mesmo sentido;Plena Noite;Chuva;Ciclomotor;Lesoes Leves;1;4;5;2;2;4
Acessar a via sem observar a presenca dos outros veiculos;Colisao lateral mesmo sentido;Plena Noite;Chuva;Motocicleta;Lesoes Leves;2;4;5;2;2;1
Acessar a via sem observar a presenca dos outros veiculos;Colisao lateral mesmo sentido;Plena Noite;Chuva;Utilitario;Ileso;1;4;5;2;2;3
Acessar a via sem observar a presenca dos outros veiculos;Colisao lateral mesmo sentido;Plena Noite;Garoa/Chuvisco;Automovel;Ileso;2;4;5;2;3;1
Acessar a via sem observar a presenca dos outros veiculos;Colisao lateral mesmo sentido;Plena Noite;Garoa/Chuvisco;Motocicleta;Lesoes Leves;4;4;5;2;3;1
Acessar a via sem observar a presenca dos outros veiculos;Colisao lateral mesmo sentido;Plena Noite;Ignorado;Automovel;Ileso;1;4;5;2;0;1
Acessar a via sem observar a presenca dos outros veiculos;Colisao lateral mesmo sentido;Plena Noite;Ignorado;Caminhonete;Ileso;1;4;5;2;0;2
Acessar a via sem observar a presenca dos outros veiculos;Colisao lateral mesmo sentido;Plena Noite;Ignorado;Motocicleta;Lesoes Graves;1;4;5;2;0;1
Acessar a via sem observar a presenca dos outros veiculos;Colisao lateral mesmo sentido;Plena Noite;Ignorado;Motoneta;Lesoes Leves;1;4;5;2;0;3
Acessar a via sem observar a presenca dos outros veiculos;Colisao lateral mesmo sentido;Plena Noite;Nublado;Automovel;Ileso;11;4;5;2;2;1
Acessar a via sem observar a presenca dos outros veiculos;Colisao lateral mesmo sentido;Plena Noite;Nublado;Automovel;Lesoes Leves;3;4;5;2;2;1
Acessar a via sem observar a presenca dos outros veiculos;Colisao lateral mesmo sentido;Plena Noite;Nublado;Bicicleta;Lesoes Graves;2;4;5;2;2;3
Acessar a via sem observar a presenca dos outros veiculos;Colisao lateral mesmo sentido;Plena Noite;Nublado;Caminhao;Ileso;4;4;5;2;2;2
Acessar a via sem observar a presenca dos outros veiculos;Colisao lateral mesmo sentido;Plena Noite;Nublado;Caminhao-trator;Ileso;2;4;5;2;2;2
Acessar a via sem observar a presenca dos outros veiculos;Colisao lateral mesmo sentido;Plena Noite;Nublado;Caminhonete;Ileso;1;4;5;2;2;2
Acessar a via sem observar a presenca dos outros veiculos;Colisao lateral mesmo sentido;Plena Noite;Nublado;Motocicleta;Lesoes Graves;2;4;5;2;2;1
Acessar a via sem observar a presenca dos outros veiculos;Colisao lateral mesmo sentido;Plena Noite;Nublado;Motocicleta;Lesoes Leves;2;4;5;2;2;1
Acessar a via sem observar a presenca dos outros veiculos;Colisao lateral mesmo sentido;Plena Noite;Nublado;Nao Informado;Ileso;2;4;5;2;2;3
Acessar a via sem observar a presenca dos outros veiculos;Colisao lateral mesmo sentido;Plena Noite;Nublado;Nao Informado;Lesoes Leves;1;4;5;2;2;3
Acessar a via sem observar a presenca dos outros veiculos;Colisao lateral mesmo sentido;Pleno dia;Ceu Claro;Automovel;Ileso;131;4;5;1;1;1
Acessar a via sem observar a presenca dos outros veiculos;Colisao lateral mesmo sentido;Pleno dia;Ceu Claro;Automovel;Lesoes Leves;29;4;5;1;1;1
Acessar a via sem observar a presenca dos outros veiculos;Colisao lateral mesmo sentido;Pleno dia;Ceu Claro;Bicicleta;Lesoes Graves;4;4;5;1;1;3
Acessar a via sem observar a presenca dos outros veiculos;Colisao lateral mesmo sentido;Pleno dia;Ceu Claro;Bicicleta;Lesoes Leves;9;4;5;1;1;3
Acessar a via sem observar a presenca dos outros veiculos;Colisao lateral mesmo sentido;Pleno dia;Ceu Claro;Bicicleta;Obito;1;4;5;1;1;3
Acessar a via sem observar a presenca dos outros veiculos;Colisao lateral mesmo sentido;Pleno dia;Ceu Claro;Caminhao;Ileso;22;4;5;1;1;2
Acessar a via sem observar a presenca dos outros veiculos;Colisao lateral mesmo sentido;Pleno dia;Ceu Claro;Caminhao;Lesoes Leves;4;4;5;1;1;2
Acessar a via sem observar a presenca dos outros veiculos;Colisao lateral mesmo sentido;Pleno dia;Ceu Claro;Caminhao-trator;Ileso;20;4;5;1;1;2
Acessar a via sem observar a presenca dos outros veiculos;Colisao lateral mesmo sentido;Pleno dia;Ceu Claro;Caminhao-trator;Lesoes Leves;2;4;5;1;1;2
Acessar a via sem observar a presenca dos outros veiculos;Colisao lateral mesmo sentido;Pleno dia;Ceu Claro;Caminhonete;Ileso;26;4;5;1;1;2
Acessar a via sem observar a presenca dos outros veiculos;Colisao lateral mesmo sentido;Pleno dia;Ceu Claro;Caminhonete;Lesoes Leves;2;4;5;1;1;2
Acessar a via sem observar a presenca dos outros veiculos;Colisao lateral mesmo sentido;Pleno dia;Ceu Claro;Micro-onibus;Ileso;1;4;5;1;1;4
Acessar a via sem observar a presenca dos outros veiculos;Colisao lateral mesmo sentido;Pleno dia;Ceu Claro;Motocicleta;Ileso;11;4;5;1;1;1
Acessar a via sem observar a presenca dos outros veiculos;Colisao lateral mesmo sentido;Pleno dia;Ceu Claro;Motocicleta;Lesoes Graves;25;4;5;1;1;1
Acessar a via sem observar a presenca dos outros veiculos;Colisao lateral mesmo sentido;Pleno dia;Ceu Claro;Motocicleta;Lesoes Leves;112;4;5;1;1;1
Acessar a via sem observar a presenca dos outros veiculos;Colisao lateral mesmo sentido;Pleno dia;Ceu Claro;Motocicleta;Obito;2;4;5;1;1;1
Acessar a via sem observar a presenca dos outros veiculos;Colisao lateral mesmo sentido;Pleno dia;Ceu Claro;Motoneta;Lesoes Graves;4;4;5;1;1;3
Acessar a via sem observar a presenca dos outros veiculos;Colisao lateral mesmo sentido;Pleno dia;Ceu Claro;Motoneta;Lesoes Leves;17;4;5;1;1;3
Acessar a via sem observar a presenca dos outros veiculos;Colisao lateral mesmo sentido;Pleno dia;Ceu Claro;Motoneta;Obito;1;4;5;1;1;3
Acessar a via sem observar a presenca dos outros veiculos;Colisao lateral mesmo sentido;Pleno dia;Ceu Claro;Nao Informado;Ileso;8;4;5;1;1;3
Acessar a via sem observar a presenca dos outros veiculos;Colisao lateral mesmo sentido;Pleno dia;Ceu Claro;Nao Informado;Lesoes Leves;1;4;5;1;1;3
Acessar a via sem observar a presenca dos outros veiculos;Colisao lateral mesmo sentido;Pleno dia;Ceu Claro;Onibus;Ileso;7;4;5;1;1;3
Acessar a via sem observar a presenca dos outros veiculos;Colisao lateral mesmo sentido;Pleno dia;Ceu Claro;Onibus;Lesoes Leves;2;4;5;1;1;3
Acessar a via sem observar a presenca dos outros veiculos;Colisao lateral mesmo sentido;Pleno dia;Ceu Claro;Semireboque;Ileso;1;4;5;1;1;5
Acessar a via sem observar a presenca dos outros veiculos;Colisao lateral mesmo sentido;Pleno dia;Ceu Claro;Utilitario;Ileso;5;4;5;1;1;3
Acessar a via sem observar a presenca dos outros veiculos;Colisao lateral mesmo sentido;Pleno dia;Chuva;Automovel;Ileso;9;4;5;1;2;1
Acessar a via sem observar a presenca dos outros veiculos;Colisao lateral mesmo sentido;Pleno dia;Chuva;Automovel;Lesoes Leves;2;4;5;1;2;1
Acessar a via sem observar a presenca dos outros veiculos;Colisao lateral mesmo sentido;Pleno dia;Chuva;Caminhonete;Ileso;2;4;5;1;2;2
Acessar a via sem observar a presenca dos outros veiculos;Colisao lateral mesmo sentido;Pleno dia;Chuva;Caminhonete;Lesoes Leves;1;4;5;1;2;2
Acessar a via sem observar a presenca dos outros veiculos;Colisao lateral mesmo sentido;Pleno dia;Chuva;Motocicleta;Ileso;1;4;5;1;2;1
Acessar a via sem observar a presenca dos outros veiculos;Colisao lateral mesmo sentido;Pleno dia;Chuva;Motocicleta;Lesoes Graves;1;4;5;1;2;1
Acessar a via sem observar a presenca dos outros veiculos;Colisao lateral mesmo sentido;Pleno dia;Chuva;Motocicleta;Lesoes Leves;4;4;5;1;2;1
Acessar a via sem observar a presenca dos outros veiculos;Colisao lateral mesmo sentido;Pleno dia;Chuva;Motoneta;Lesoes Graves;1;4;5;1;2;3
Acessar a via sem observar a presenca dos outros veiculos;Colisao lateral mesmo sentido;Pleno dia;Chuva;Utilitario;Ileso;1;4;5;1;2;3
Acessar a via sem observar a presenca dos outros veiculos;Colisao lateral mesmo sentido;Pleno dia;Garoa/Chuvisco;Automovel;Ileso;2;4;5;1;3;1
Acessar a via sem observar a presenca dos outros veiculos;Colisao lateral mesmo sentido;Pleno dia;Garoa/Chuvisco;Automovel;Lesoes Leves;1;4;5;1;3;1
Acessar a via sem observar a presenca dos outros veiculos;Colisao lateral mesmo sentido;Pleno dia;Garoa/Chuvisco;Caminhao-trator;Ileso;1;4;5;1;3;2
Acessar a via sem observar a presenca dos outros veiculos;Colisao lateral mesmo sentido;Pleno dia;Garoa/Chuvisco;Motocicleta;Ileso;1;4;5;1;3;1
Acessar a via sem observar a presenca dos outros veiculos;Colisao lateral mesmo sentido;Pleno dia;Ignorado;Motocicleta;Lesoes Graves;1;4;5;1;0;1
Acessar a via sem observar a presenca dos outros veiculos;Colisao lateral mesmo sentido;Pleno dia;Nublado;Automovel;Ileso;35;4;5;1;2;1
Acessar a via sem observar a presenca dos outros veiculos;Colisao lateral mesmo sentido;Pleno dia;Nublado;Automovel;Lesoes Graves;1;4;5;1;2;1
Acessar a via sem observar a presenca dos outros veiculos;Colisao lateral mesmo sentido;Pleno dia;Nublado;Automovel;Lesoes Leves;4;4;5;1;2;1
Acessar a via sem observar a presenca dos outros veiculos;Colisao lateral mesmo sentido;Pleno dia;Nublado;Bicicleta;Lesoes Leves;4;4;5;1;2;3
Acessar a via sem observar a presenca dos outros veiculos;Colisao lateral mesmo sentido;Pleno dia;Nublado;Caminhao;Ileso;9;4;5;1;2;2
Acessar a via sem observar a presenca dos outros veiculos;Colisao lateral mesmo sentido;Pleno dia;Nublado;Caminhao-trator;Ileso;3;4;5;1;2;2
Acessar a via sem observar a presenca dos outros veiculos;Colisao lateral mesmo sentido;Pleno dia;Nublado;Caminhonete;Ileso;20;4;5;1;2;2
Acessar a via sem observar a presenca dos outros veiculos;Colisao lateral mesmo sentido;Pleno dia;Nublado;Motocicleta;Ileso;1;4;5;1;2;1
Acessar a via sem observar a presenca dos outros veiculos;Colisao lateral mesmo sentido;Pleno dia;Nublado;Motocicleta;Lesoes Graves;4;4;5;1;2;1
Acessar a via sem observar a presenca dos outros veiculos;Colisao lateral mesmo sentido;Pleno dia;Nublado;Motocicleta;Lesoes Leves;22;4;5;1;2;1
Acessar a via sem observar a presenca dos outros veiculos;Colisao lateral mesmo sentido;Pleno dia;Nublado;Motocicleta;Obito;1;4;5;1;2;1
Acessar a via sem observar a presenca dos outros veiculos;Colisao lateral mesmo sentido;Pleno dia;Nublado;Motoneta;Ileso;5;4;5;1;2;3
Acessar a via sem observar a presenca dos outros veiculos;Colisao lateral mesmo sentido;Pleno dia;Nublado;Motoneta;Lesoes Graves;2;4;5;1;2;3
Acessar a via sem observar a presenca dos outros veiculos;Colisao lateral mesmo sentido;Pleno dia;Nublado;Motoneta;Lesoes Leves;4;4;5;1;2;3
Acessar a via sem observar a presenca dos outros veiculos;Colisao lateral mesmo sentido;Pleno dia;Nublado;Nao Informado;Ileso;1;4;5;1;2;3
Acessar a via sem observar a presenca dos outros veiculos;Colisao lateral mesmo sentido;Pleno dia;Nublado;Onibus;Ileso;2;4;5;1;2;3
Acessar a via sem observar a presenca dos outros veiculos;Colisao lateral mesmo sentido;Pleno dia;Nublado;Utilitario;Ileso;1;4;5;1;2;3
Acessar a via sem observar a presenca dos outros veiculos;Colisao lateral mesmo sentido;Pleno dia;Nublado;Utilitario;Lesoes Leves;2;4;5;1;2;3
Acessar a via sem observar a presenca dos outros veiculos;Colisao lateral mesmo sentido;Pleno dia;Sol;Automovel;Ileso;4;4;5;1;3;1
Acessar a via sem observar a presenca dos outros veiculos;Colisao lateral mesmo sentido;Pleno dia;Sol;Automovel;Lesoes Leves;2;4;5;1;3;1
Acessar a via sem observar a presenca dos outros veiculos;Colisao lateral mesmo sentido;Pleno dia;Sol;Bicicleta;Lesoes Graves;2;4;5;1;3;3
Acessar a via sem observar a presenca dos outros veiculos;Colisao lateral mesmo sentido;Pleno dia;Sol;Bicicleta;Lesoes Leves;1;4;5;1;3;3
Acessar a via sem observar a presenca dos outros veiculos;Colisao lateral mesmo sentido;Pleno dia;Sol;Caminhao;Ileso;2;4;5;1;3;2
Acessar a via sem observar a presenca dos outros veiculos;Colisao lateral mesmo sentido;Pleno dia;Sol;Caminhao-trator;Ileso;3;4;5;1;3;2
Acessar a via sem observar a presenca dos outros veiculos;Colisao lateral mesmo sentido;Pleno dia;Sol;Caminhao-trator;Lesoes Leves;2;4;5;1;3;2
Acessar a via sem observar a presenca dos outros veiculos;Colisao lateral mesmo sentido;Pleno dia;Sol;Caminhonete;Ileso;5;4;5;1;3;2
Acessar a via sem observar a presenca dos outros veiculos;Colisao lateral mesmo sentido;Pleno dia;Sol;Motocicleta;Ileso;2;4;5;1;3;1
Acessar a via sem observar a presenca dos outros veiculos;Colisao lateral mesmo sentido;Pleno dia;Sol;Motocicleta;Lesoes Graves;2;4;5;1;3;1
Acessar a via sem observar a presenca dos outros veiculos;Colisao lateral mesmo sentido;Pleno dia;Sol;Motocicleta;Lesoes Leves;13;4;5;1;3;1
Acessar a via sem observar a presenca dos outros veiculos;Colisao lateral mesmo sentido;Pleno dia;Sol;Motoneta;Lesoes Graves;1;4;5;1;3;3
Acessar a via sem observar a presenca dos outros veiculos;Colisao lateral mesmo sentido;Pleno dia;Sol;Motoneta;Lesoes Leves;1;4;5;1;3;3
Acessar a via sem observar a presenca dos outros veiculos;Colisao lateral mesmo sentido;Pleno dia;Sol;Nao Informado;Ileso;5;4;5;1;3;3
Acessar a via sem observar a presenca dos outros veiculos;Colisao lateral mesmo sentido;Pleno dia;Sol;Nao Informado;Lesoes Leves;1;4;5;1;3;3
Acessar a via sem observar a presenca dos outros veiculos;Colisao lateral mesmo sentido;Pleno dia;Sol;Outros;Ileso;1;4;5;1;3;5
Acessar a via sem observar a presenca dos outros veiculos;Colisao lateral mesmo sentido;Pleno dia;Sol;Trator de rodas;Ileso;1;4;5;1;3;5
Acessar a via sem observar a presenca dos outros veiculos;Colisao lateral sentido oposto;Amanhecer;Ceu Claro;Automovel;Ileso;2;4;4;4;1;1
Acessar a via sem observar a presenca dos outros veiculos;Colisao lateral sentido oposto;Amanhecer;Ceu Claro;Motocicleta;Lesoes Leves;1;4;4;4;1;1
Acessar a via sem observar a presenca dos outros veiculos;Colisao lateral sentido oposto;Amanhecer;Nublado;Automovel;Ileso;2;4;4;4;2;1
Acessar a via sem observar a presenca dos outros veiculos;Colisao lateral sentido oposto;Amanhecer;Nublado;Bicicleta;Lesoes Leves;1;4;4;4;2;3
Acessar a via sem observar a presenca dos outros veiculos;Colisao lateral sentido oposto;Anoitecer;Nublado;Automovel;Ileso;3;4;4;4;2;1
Acessar a via sem observar a presenca dos outros veiculos;Colisao lateral sentido oposto;Anoitecer;Nublado;Automovel;Lesoes Leves;2;4;4;4;2;1
Acessar a via sem observar a presenca dos outros veiculos;Colisao lateral sentido oposto;Plena Noite;Ceu Claro;Automovel;Ileso;7;4;4;2;1;1
Acessar a via sem observar a presenca dos outros veiculos;Colisao lateral sentido oposto;Plena Noite;Ceu Claro;Caminhao-trator;Ileso;3;4;4;2;1;2
Acessar a via sem observar a presenca dos outros veiculos;Colisao lateral sentido oposto;Plena Noite;Ceu Claro;Caminhonete;Ileso;2;4;4;2;1;2
Acessar a via sem observar a presenca dos outros veiculos;Colisao lateral sentido oposto;Plena Noite;Ceu Claro;Caminhonete;Lesoes Leves;1;4;4;2;1;2
Acessar a via sem observar a presenca dos outros veiculos;Colisao lateral sentido oposto;Plena Noite;Ceu Claro;Motocicleta;Lesoes Graves;2;4;4;2;1;1
Acessar a via sem observar a presenca dos outros veiculos;Colisao lateral sentido oposto;Plena Noite;Ceu Claro;Motocicleta;Lesoes Leves;1;4;4;2;1;1
Acessar a via sem observar a presenca dos outros veiculos;Colisao lateral sentido oposto;Plena Noite;Ceu Claro;Motoneta;Lesoes Graves;1;4;4;2;1;3
Acessar a via sem observar a presenca dos outros veiculos;Colisao lateral sentido oposto;Plena Noite;Ceu Claro;Onibus;Ileso;1;4;4;2;1;3
Acessar a via sem observar a presenca dos outros veiculos;Colisao lateral sentido oposto;Plena Noite;Chuva;Automovel;Ileso;1;4;4;2;2;1
Acessar a via sem observar a presenca dos outros veiculos;Colisao lateral sentido oposto;Plena Noite;Chuva;Caminhonete;Ileso;3;4;4;2;2;2
Acessar a via sem observar a presenca dos outros veiculos;Colisao lateral sentido oposto;Plena Noite;Garoa/Chuvisco;Automovel;Ileso;1;4;4;2;3;1
Acessar a via sem observar a presenca dos outros veiculos;Colisao lateral sentido oposto;Plena Noite;Garoa/Chuvisco;Caminhao;Ileso;1;4;4;2;3;2
Acessar a via sem observar a presenca dos outros veiculos;Colisao lateral sentido oposto;Plena Noite;Garoa/Chuvisco;Motoneta;Lesoes Leves;1;4;4;2;3;3
Acessar a via sem observar a presenca dos outros veiculos;Colisao lateral sentido oposto;Plena Noite;Nublado;Automovel;Ileso;4;4;4;2;2;1
Acessar a via sem observar a presenca dos outros veiculos;Colisao lateral sentido oposto;Plena Noite;Nublado;Bicicleta;Lesoes Leves;1;4;4;2;2;3
Acessar a via sem observar a presenca dos outros veiculos;Colisao lateral sentido oposto;Plena Noite;Nublado;Caminhao;Ileso;2;4;4;2;2;2
Acessar a via sem observar a presenca dos outros veiculos;Colisao lateral sentido oposto;Plena Noite;Nublado;Caminhao-trator;Ileso;2;4;4;2;2;2
Acessar a via sem observar a presenca dos outros veiculos;Colisao lateral sentido oposto;Plena Noite;Nublado;Caminhonete;Ileso;2;4;4;2;2;2
Acessar a via sem observar a presenca dos outros veiculos;Colisao lateral sentido oposto;Plena Noite;Nublado;Caminhonete;Lesoes Leves;2;4;4;2;2;2