causa_acidente;tipo_acidente;fase_dia;condicao_metereologica;tipo_veiculo;estado_fisico;count;causa_acidente_criterios;tipo_acidente_criterios;fase_dia_criterios;condicao_metereologica_criterios;tipo_veiculo_criterios
Acessar a via sem observar a presenca dos outros veiculos;Colisao lateral sentido oposto;Plena Noite;Nublado;Motocicleta;Lesoes Leves;2;4;4;2;2;1
Acessar a via sem observar a presenca dos outros veiculos;Colisao lateral sentido oposto;Plena Noite;Nublado;Motocicleta;Obito;1;4;4;2;2;1
Acessar a via sem observar a presenca dos outros veiculos;Colisao lateral sentido oposto;Plena Noite;Nublado;Nao Informado;Ileso;1;4;4;2;2;3
Acessar a via sem observar a presenca dos outros veiculos;Colisao lateral sentido oposto;Plena Noite;Nublado;Utilitario;Ileso;1;4;4;2;2;3
Acessar a via sem observar a presenca dos outros veiculos;Colisao lateral sentido oposto;Pleno dia;Ceu Claro;Automovel;Ileso;10;4;4;1;1;1
Acessar a via sem observar a presenca dos outros veiculos;Colisao lateral sentido oposto;Pleno dia;Ceu Claro;Automovel;Lesoes Graves;1;4;4;1;1;1
Acessar a via sem observar a presenca dos outros veiculos;Colisao lateral sentido oposto;Pleno dia;Ceu Claro;Automovel;Lesoes Leves;3;4;4;1;1;1
Acessar a via sem observar a presenca dos outros veiculos;Colisao lateral sentido oposto;Pleno dia;Ceu Claro;Bicicleta;Lesoes Leves;1;4;4;1;1;3
Acessar a via sem observar a presenca dos outros veiculos;Colisao lateral sentido oposto;Pleno dia;Ceu Claro;Caminhao;Ileso;3;4;4;1;1;2
Acessar a via sem observar a presenca dos outros veiculos;Colisao lateral sentido oposto;Pleno dia;Ceu Claro;Caminhao-trator;Ileso;2;4;4;1;1;2
Acessar a via sem observar a presenca dos outros veiculos;Colisao lateral sentido oposto;Pleno dia;Ceu Claro;Caminhonete;Ileso;6;4;4;1;1;2
Acessar a via sem observar a presenca dos outros veiculos;Colisao lateral sentido oposto;Pleno dia;Ceu Claro;Motocicleta;Lesoes Graves;6;4;4;1;1;1
Acessar a via sem observar a presenca dos outros veiculos;Colisao lateral sentido oposto;Pleno dia;Ceu Claro;Motocicleta;Lesoes Leves;7;4;4;1;1;1
Acessar a via sem observar a presenca dos outros veiculos;Colisao lateral sentido oposto;Pleno dia;Ceu Claro;Motocicleta;Obito;1;4;4;1;1;1
Acessar a via sem observar a presenca dos outros veiculos;Colisao lateral sentido oposto;Pleno dia;Ceu Claro;Motoneta;Lesoes Graves;1;4;4;1;1;3
Acessar a via sem observar a presenca dos outros veiculos;Colisao lateral sentido oposto;Pleno dia;Ceu Claro;Utilitario;Ileso;1;4;4;1;1;3
Acessar a via sem observar a presenca dos outros veiculos;Colisao lateral sentido oposto;Pleno dia;Chuva;Automovel;Ileso;1;4;4;1;2;1
Acessar a via sem observar a presenca dos outros veiculos;Colisao lateral sentido oposto;Pleno dia;Chuva;Bicicleta;Lesoes Leves;1;4;4;1;2;3
Acessar a via sem observar a presenca dos outros veiculos;Colisao lateral sentido oposto;Pleno dia;Garoa/Chuvisco;Automovel;Ileso;1;4;4;1;3;1
Acessar a via sem observar a presenca dos outros veiculos;Colisao lateral sentido oposto;Pleno dia;Garoa/Chuvisco;Automovel;Lesoes Graves;1;4;4;1;3;1
Acessar a via sem observar a presenca dos outros veiculos;Colisao lateral sentido oposto;Pleno dia;Garoa/Chuvisco;Caminhao;Ileso;1;4;4;1;3;2
Acessar a via sem observar a presenca dos outros veiculos;Colisao lateral sentido oposto;Pleno dia;Nublado;Automovel;Ileso;4;4;4;1;2;1
Acessar a via sem observar a presenca dos outros veiculos;Colisao lateral sentido oposto;Pleno dia;Nublado;Automovel;Lesoes Leves;2;4;4;1;2;1
Acessar a via sem observar a presenca dos outros veiculos;Colisao lateral sentido oposto;Pleno dia;Nublado;Caminhao-trator;Ileso;2;4;4;1;2;2
Acessar a via sem observar a presenca dos outros veiculos;Colisao lateral sentido oposto;Pleno dia;Nublado;Caminhonete;Ileso;2;4;4;1;2;2
Acessar a via sem observar a presenca dos outros veiculos;Colisao lateral sentido oposto;Pleno dia;Nublado;Caminhonete;Lesoes Leves;2;4;4;1;2;2
Acessar a via sem observar a presenca dos outros veiculos;Colisao lateral sentido oposto;Pleno dia;Nublado;Motocicleta;Lesoes Graves;1;4;4;1;2;1
Acessar a via sem observar a presenca dos outros veiculos;Colisao lateral sentido oposto;Pleno dia;Nublado;Utilitario;Ileso;1;4;4;1;2;3
Acessar a via sem observar a presenca dos outros veiculos;Colisao lateral sentido oposto;Pleno dia;Sol;Caminhao;Ileso;1;4;4;1;3;2
Acessar a via sem observar a presenca dos outros veiculos;Colisao lateral sentido oposto;Pleno dia;Sol;Motocicleta;Lesoes Leves;2;4;4;1;3;1
Acessar a via sem observar a presenca dos outros veiculos;Colisao lateral sentido oposto;Pleno dia;Sol;Nao Informado;Ileso;1;4;4;1;3;3
Acessar a via sem observar a presenca dos outros veiculos;Colisao transversal;Amanhecer;Ceu Claro;Automovel;Ileso;14;4;5;4;1;1
Acessar a via sem observar a presenca dos outros veiculos;Colisao transversal;Amanhecer;Ceu Claro;Automovel;Lesoes Graves;2;4;5;4;1;1
Acessar a via sem observar a presenca dos outros veiculos;Colisao transversal;Amanhecer;Ceu Claro;Automovel;Lesoes Leves;10;4;5;4;1;1
Acessar a via sem observar a presenca dos outros veiculos;Colisao transversal;Amanhecer;Ceu Claro;Bicicleta;Lesoes Leves;2;4;5;4;1;3
Acessar a via sem observar a presenca dos outros veiculos;Colisao transversal;Amanhecer;Ceu Claro;Bicicleta;Obito;3;4;5;4;1;3
Acessar a via sem observar a presenca dos outros veiculos;Colisao transversal;Amanhecer;Ceu Claro;Caminhao;Ileso;1;4;5;4;1;2
Acessar a via sem observar a presenca dos outros veiculos;Colisao transversal;Amanhecer;Ceu Claro;Caminhao-trator;Ileso;5;4;5;4;1;2
Acessar a via sem observar a presenca dos outros veiculos;Colisao transversal;Amanhecer;Ceu Claro;Caminhao-trator;Lesoes Leves;1;4;5;4;1;2
Acessar a via sem observar a presenca dos outros veiculos;Colisao transversal;Amanhecer;Ceu Claro;Caminhonete;Ileso;7;4;5;4;1;2
Acessar a via sem observar a presenca dos outros veiculos;Colisao transversal;Amanhecer;Ceu Claro;Motocicleta;Lesoes Graves;1;4;5;4;1;1
Acessar a via sem observar a presenca dos outros veiculos;Colisao transversal;Amanhecer;Ceu Claro;Motocicleta;Lesoes Leves;5;4;5;4;1;1
Acessar a via sem observar a presenca dos outros veiculos;Colisao transversal;Amanhecer;Ceu Claro;Motocicleta;Obito;3;4;5;4;1;1
Acessar a via sem observar a presenca dos outros veiculos;Colisao transversal;Amanhecer;Ceu Claro;Motoneta;Ileso;1;4;5;4;1;3
Acessar a via sem observar a presenca dos outros veiculos;Colisao transversal;Amanhecer;Ceu Claro;Motoneta;Lesoes Leves;1;4;5;4;1;3
Acessar a via sem observar a presenca dos outros veiculos;Colisao transversal;Amanhecer;Ceu Claro;Nao Informado;Ileso;1;4;5;4;1;3
Acessar a via sem observar a presenca dos outros veiculos;Colisao transversal;Amanhecer;Ceu Claro;Nao Informado;Lesoes Leves;2;4;5;4;1;3
Acessar a via sem observar a presenca dos outros veiculos;Colisao transversal;Amanhecer;Ceu Claro;Nao Informado;Obito;1;4;5;4;1;3
Acessar a via sem observar a presenca dos outros veiculos;Colisao transversal;Amanhecer;Ceu Claro;Onibus;Ileso;2;4;5;4;1;3
Acessar a via sem observar a presenca dos outros veiculos;Colisao transversal;Amanhecer;Chuva;Automovel;Ileso;3;4;5;4;2;1
Acessar a via sem observar a presenca dos outros veiculos;Colisao transversal;Amanhecer;Chuva;Automovel;Lesoes Leves;1;4;5;4;2;1
Acessar a via sem observar a presenca dos outros veiculos;Colisao transversal;Amanhecer;Chuva;Motocicleta;Ileso;1;4;5;4;2;1
Acessar a via sem observar a presenca dos outros veiculos;Colisao transversal;Amanhecer;Chuva;Motocicleta;Lesoes Leves;1;4;5;4;2;1
Acessar a via sem observar a presenca dos outros veiculos;Colisao transversal;Amanhecer;Nevoeiro/Neblina;Automovel;Lesoes Graves;1;4;5;4;4;1
Acessar a via sem observar a presenca dos outros veiculos;Colisao transversal;Amanhecer;Nevoeiro/Neblina;Onibus;Ileso;1;4;5;4;4;3
Acessar a via sem observar a presenca dos outros veiculos;Colisao transversal;Amanhecer;Nublado;Automovel;Ileso;4;4;5;4;2;1
Acessar a via sem observar a presenca dos outros veiculos;Colisao transversal;Amanhecer;Nublado;Automovel;Lesoes Graves;2;4;5;4;2;1
Acessar a via sem observar a presenca dos outros veiculos;Colisao transversal;Amanhecer;Nublado;Automovel;Lesoes Leves;3;4;5;4;2;1
Acessar a via sem observar a presenca dos outros veiculos;Colisao transversal;Amanhecer;Nublado;Bicicleta;Lesoes Leves;1;4;5;4;2;3
Acessar a via sem observar a presenca dos outros veiculos;Colisao transversal;Amanhecer;Nublado;Caminhao;Ileso;1;4;5;4;2;2
Acessar a via sem observar a presenca dos outros veiculos;Colisao transversal;Amanhecer;Nublado;Caminhonete;Lesoes Leves;1;4;5;4;2;2
Acessar a via sem observar a presenca dos outros veiculos;Colisao transversal;Amanhecer;Nublado;Motocicleta;Lesoes Graves;1;4;5;4;2;1
Acessar a via sem observar a presenca dos outros veiculos;Colisao transversal;Amanhecer;Nublado;Motocicleta;Lesoes Leves;5;4;5;4;2;1
Acessar a via sem observar a presenca dos outros veiculos;Colisao transversal;Amanhecer;Nublado;Utilitario;Ileso;1;4;5;4;2;3
Acessar a via sem observar a presenca dos outros veiculos;Colisao transversal;Amanhecer;Sol;Automovel;Ileso;1;4;5;4;3;1
Acessar a via sem observar a presenca dos outros veiculos;Colisao transversal;Amanhecer;Sol;Motocicleta;Ileso;1;4;5;4;3;1
Acessar a via sem observar a presenca dos outros veiculos;Colisao transversal;Anoitecer;Ceu Claro;Automovel;Ileso;49;4;5;4;1;1
Acessar a via sem observar a presenca dos outros veiculos;Colisao transversal;Anoitecer;Ceu Claro;Automovel;Lesoes Graves;3;4;5;4;1;1
Acessar a via sem observar a presenca dos outros veiculos;Colisao transversal;Anoitecer;Ceu Claro;Automovel;Lesoes Leves;23;4;5;4;1;1
Acessar a via sem observar a presenca dos outros veiculos;Colisao transversal;Anoitecer;Ceu Claro;Automovel;Obito;2;4;5;4;1;1
Acessar a via sem observar a presenca dos outros veiculos;Colisao transversal;Anoitecer;Ceu Claro;Bicicleta;Ileso;1;4;5;4;1;3
Acessar a via sem observar a presenca dos outros veiculos;Colisao transversal;Anoitecer;Ceu Claro;Bicicleta;Lesoes Leves;2;4;5;4;1;3
Acessar a via sem observar a presenca dos outros veiculos;Colisao transversal;Anoitecer;Ceu Claro;Caminhao;Ileso;4;4;5;4;1;2
Acessar a via sem observar a presenca dos outros veiculos;Colisao transversal;Anoitecer;Ceu Claro;Caminhao-trator;Ileso;2;4;5;4;1;2
Acessar a via sem observar a presenca dos outros veiculos;Colisao transversal;Anoitecer;Ceu Claro;Caminhonete;Ileso;14;4;5;4;1;2
Acessar a via sem observar a presenca dos outros veiculos;Colisao transversal;Anoitecer;Ceu Claro;Motocicleta;Ileso;6;4;5;4;1;1
Acessar a via sem observar a presenca dos outros veiculos;Colisao transversal;Anoitecer;Ceu Claro;Motocicleta;Lesoes Graves;13;4;5;4;1;1
Acessar a via sem observar a presenca dos outros veiculos;Colisao transversal;Anoitecer;Ceu Claro;Motocicleta;Lesoes Leves;34;4;5;4;1;1
Acessar a via sem observar a presenca dos outros veiculos;Colisao transversal;Anoitecer;Ceu Claro;Motoneta;Lesoes Graves;2;4;5;4;1;3
Acessar a via sem observar a presenca dos outros veiculos;Colisao transversal;Anoitecer;Ceu Claro;Motoneta;Lesoes Leves;8;4;5;4;1;3
Acessar a via sem observar a presenca dos outros veiculos;Colisao transversal;Anoitecer;Ceu Claro;Motoneta;Obito;1;4;5;4;1;3
Acessar a via sem observar a presenca dos outros veiculos;Colisao transversal;Anoitecer;Ceu Claro;Nao Informado;Ileso;1;4;5;4;1;3
Acessar a via sem observar a presenca dos outros veiculos;Colisao transversal;Anoitecer;Ceu Claro;Nao se aplica;Lesoes Graves;1;4;5;4;1;3
Acessar a via sem observar a presenca dos outros veiculos;Colisao transversal;Anoitecer;Ceu Claro;Onibus;Ileso;9;4;5;4;1;3
Acessar a via sem observar a presenca dos outros veiculos;Colisao transversal;Anoitecer;Ceu Claro;Utilitario;Ileso;2;4;5;4;1;3
Acessar a via sem observar a presenca dos outros veiculos;Colisao transversal;Anoitecer;Chuva;Automovel;Ileso;5;4;5;4;2;1
Acessar a via sem observar a presenca dos outros veiculos;Colisao transversal;Anoitecer;Chuva;Automovel;Lesoes Leves;1;4;5;4;2;1
Acessar a via sem observar a presenca dos outros veiculos;Colisao transversal;Anoitecer;Chuva;Caminhonete;Ileso;1;4;5;4;2;2
Acessar a via sem observar a presenca dos outros veiculos;Colisao transversal;Anoitecer;Chuva;Motocicleta;Lesoes Graves;3;4;5;4;2;1
Acessar a via sem observar a presenca dos outros veiculos;Colisao transversal;Anoitecer;Chuva;Motocicleta;Lesoes Leves;3;4;5;4;2;1
Acessar a via sem observar a presenca dos outros veiculos;Colisao transversal;Anoitecer;Garoa/Chuvisco;Automovel;Ileso;4;4;5;4;3;1
Acessar a via sem observar a presenca dos outros veiculos;Colisao transversal;Anoitecer;Garoa/Chuvisco;Automovel;Lesoes Leves;2;4;5;4;3;1
Acessar a via sem observar a presenca dos outros veiculos;Colisao transversal;Anoitecer;Garoa/Chuvisco;Caminhonete;Ileso;2;4;5;4;3;2
Acessar a via sem observar a presenca dos outros veiculos;Colisao transversal;Anoitecer;Garoa/Chuvisco;Caminhonete;Lesoes Leves;1;4;5;4;3;2
Acessar a via sem observar a presenca dos outros veiculos;Colisao transversal;Anoitecer;Garoa/Chuvisco;Motocicleta;Lesoes Leves;3;4;5;4;3;1
Acessar a via sem observar a presenca dos outros veiculos;Colisao transversal;Anoitecer;Ignorado;Automovel;Ileso;1;4;5;4;0;1
Acessar a via sem observar a presenca dos outros veiculos;Colisao transversal;Anoitecer;Ignorado;Caminhonete;Ileso;1;4;5;4;0;2
Acessar a via sem observar a presenca dos outros veiculos;Colisao transversal;Anoitecer;Ignorado;Motocicleta;Lesoes Graves;1;4;5;4;0;1
Acessar a via sem observar a presenca dos outros veiculos;Colisao transversal;Anoitecer;Ignorado;Motocicleta;Lesoes Leves;1;4;5;4;0;1
Acessar a via sem observar a presenca dos outros veiculos;Colisao transversal;Anoitecer;Nevoeiro/Neblina;Caminhao-trator;Ileso;1;4;5;4;4;2
Acessar a via sem observar a presenca dos outros veiculos;Colisao transversal;Anoitecer;Nevoeiro/Neblina;Micro-onibus;Lesoes Graves;1;4;5;4;4;4
Acessar a via sem observar a presenca dos outros veiculos;Colisao transversal;Anoitecer;Nevoeiro/Neblina;Micro-onibus;Lesoes Leves;3;4;5;4;4;4
Acessar a via sem observar a presenca dos outros veiculos;Colisao transversal;Anoitecer;Nublado;Automovel;Ileso;34;4;5;4;2;1
Acessar a via sem observar a presenca dos outros veiculos;Colisao transversal;Anoitecer;Nublado;Automovel;Lesoes Graves;2;4;5;4;2;1
Acessar a via sem observar a presenca dos outros veiculos;Colisao transversal;Anoitecer;Nublado;Automovel;Lesoes Leves;10;4;5;4;2;1
Acessar a via sem observar a presenca dos outros veiculos;Colisao transversal;Anoitecer;Nublado;Bicicleta;Lesoes Leves;1;4;5;4;2;3
Acessar a via sem observar a presenca dos outros veiculos;Colisao transversal;Anoitecer;Nublado;Caminhao;Ileso;2;4;5;4;2;2
Acessar a via sem observar a presenca dos outros veiculos;Colisao transversal;Anoitecer;Nublado;Caminhao-trator;Ileso;2;4;5;4;2;2
Acessar a via sem observar a presenca dos outros veiculos;Colisao transversal;Anoitecer;Nublado;Caminhonete;Ileso;4;4;5;4;2;2
Acessar a via sem observar a presenca dos outros veiculos;Colisao transversal;Anoitecer;Nublado;Caminhonete;Lesoes Leves;3;4;5;4;2;2
Acessar a via sem observar a presenca dos outros veiculos;Colisao transversal;Anoitecer;Nublado;Motocicleta;Ileso;2;4;5;4;2;1
Acessar a via sem observar a presenca dos outros veiculos;Colisao transversal;Anoitecer;Nublado;Motocicleta;Lesoes Graves;2;4;5;4;2;1
Acessar a via sem observar a presenca dos outros veiculos;Colisao transversal;Anoitecer;Nublado;Motocicleta;Lesoes Leves;16;4;5;4;2;1
Acessar a via sem observar a presenca dos outros veiculos;Colisao transversal;Anoitecer;Nublado;Motoneta;Lesoes Leves;1;4;5;4;2;3
Acessar a via sem observar a presenca dos outros veiculos;Colisao transversal;Anoitecer;Nublado;Motoneta;Obito;1;4;5;4;2;3
Acessar a via sem observar a presenca dos outros veiculos;Colisao transversal;Anoitecer;Nublado;Nao Informado;Lesoes Leves;2;4;5;4;2;3
Acessar a via sem observar a presenca dos outros veiculos;Colisao transversal;Anoitecer;Nublado;Onibus;Ileso;2;4;5;4;2;3
Acessar a via sem observar a presenca dos outros veiculos;Colisao transversal;Anoitecer;Nublado;Utilitario;Ileso;4;4;5;4;2;3
Acessar a via sem observar a presenca dos outros veiculos;Colisao transversal;Anoitecer;Nublado;Utilitario;Lesoes Leves;2;4;5;4;2;3
Acessar a via sem observar a presenca dos outros veiculos;Colisao transversal;Plena Noite;Ceu Claro;Automovel;Ileso;189;4;5;2;1;1
Acessar a via sem observar a presenca dos outros veiculos;Colisao transversal;Plena Noite;Ceu Claro;Automovel;Lesoes Graves;22;4;5;2;1;1
Acessar a via sem observar a presenca dos outros veiculos;Colisao transversal;Plena Noite;Ceu Claro;Automovel;Lesoes Leves;64;4;5;2;1;1
Acessar a via sem observar a presenca dos outros veiculos;Colisao transversal;Plena Noite;Ceu Claro;Automovel;Obito;8;4;5;2;1;1
Acessar a via sem observar a presenca dos outros veiculos;Colisao transversal;Plena Noite;Ceu Claro;Bicicleta;Ileso;2;4;5;2;1;3
Acessar a via sem observar a presenca dos outros veiculos;Colisao transversal;Plena Noite;Ceu Claro;Bicicleta;Lesoes Graves;5;4;5;2;1;3
Acessar a via sem observar a presenca dos outros veiculos;Colisao transversal;Plena Noite;Ceu Claro;Bicicleta;Lesoes Leves;10;4;5;2;1;3
Acessar a via sem observar a presenca dos outros veiculos;Colisao transversal;Plena Noite;Ceu Claro;Bicicleta;Obito;5;4;5;2;1;3
Acessar a via sem observar a presenca dos outros veiculos;Colisao transversal;Plena Noite;Ceu Claro;Caminhao;Ileso;27;4;5;2;1;2
Acessar a via sem observar a presenca dos outros veiculos;Colisao transversal;Plena Noite;Ceu Claro;Caminhao;Lesoes Graves;2;4;5;2;1;2
Acessar a via sem observar a presenca dos outros veiculos;Colisao transversal;Plena Noite;Ceu Claro;Caminhao;Lesoes Leves;1;4;5;2;1;2
Acessar a via sem observar a presenca dos outros veiculos;Colisao transversal;Plena Noite;Ceu Claro;Caminhao-trator;Ileso;27;4;5;2;1;2
Acessar a via sem observar a presenca dos outros veiculos;Colisao transversal;Plena Noite;Ceu Claro;Caminhao-trator;Lesoes Graves;2;4;5;2;1;2
Acessar a via sem observar a presenca dos outros veiculos;Colisao transversal;Plena Noite;Ceu Claro;Caminhao-trator;Lesoes Leves;1;4;5;2;1;2
Acessar a via sem observar a presenca dos outros veiculos;Colisao transversal;Plena Noite;Ceu Claro;Caminhonete;Ileso;38;4;5;2;1;2
Acessar a via sem observar a presenca dos outros veiculos;Colisao transversal;Plena Noite;Ceu Claro;Caminhonete;Lesoes Graves;2;4;5;2;1;2
Acessar a via sem observar a presenca dos outros veiculos;Colisao transversal;Plena Noite;Ceu Claro;Caminhonete;Lesoes Leves;10;4;5;2;1;2
Acessar a via sem observar a presenca dos outros veiculos;Colisao transversal;Plena Noite;Ceu Claro;Carroca-charrete;Lesoes Graves;1;4;5;2;1;5
Acessar a via sem observar a presenca dos outros veiculos;Colisao transversal;Plena Noite;Ceu Claro;Carroca-charrete;Lesoes Leves;2;4;5;2;1;5
Acessar a via sem observar a presenca dos outros veiculos;Colisao transversal;Plena Noite;Ceu Claro;Ciclomotor;Lesoes Graves;1;4;5;2;1;4
Acessar a via sem observar a presenca dos outros veiculos;Colisao transversal;Plena Noite;Ceu Claro;Ciclomotor;Lesoes Leves;4;4;5;2;1;4
Acessar a via sem observar a presenca dos outros veiculos;Colisao transversal;Plena Noite;Ceu Claro;Micro-onibus;Ileso;1;4;5;2;1;4
Acessar a via sem observar a presenca dos outros veiculos;Colisao transversal;Plena Noite;Ceu Claro;Motocicleta;Ileso;14;4;5;2;1;1
Acessar a via sem observar a presenca dos outros veiculos;Colisao transversal;Plena Noite;Ceu Claro;Motocicleta;Lesoes Graves;51;4;5;2;1;1
Acessar a via sem observar a presenca dos outros veiculos;Colisao transversal;Plena Noite;Ceu Claro;Motocicleta;Lesoes Leves;110;4;5;2;1;1
Acessar a via sem observar a presenca dos outros veiculos;Colisao transversal;Plena Noite;Ceu Claro;Motocicleta;Obito;6;4;5;2;1;1
Acessar a via sem observar a presenca dos outros veiculos;Colisao transversal;Plena Noite;Ceu Claro;Motoneta;Ileso;5;4;5;2;1;3
Acessar a via sem observar a presenca dos outros veiculos;Colisao transversal;Plena Noite;Ceu Claro;Motoneta;Lesoes Graves;5;4;5;2;1;3
Acessar a via sem observar a presenca dos outros veiculos;Colisao transversal;Plena Noite;Ceu Claro;Motoneta;Lesoes Leves;18;4;5;2;1;3
Acessar a via sem observar a presenca dos outros veiculos;Colisao transversal;Plena Noite;Ceu Claro;Nao Informado;Ileso;15;4;5;2;1;3
Acessar a via sem observar a presenca dos outros veiculos;Colisao transversal;Plena Noite;Ceu Claro;Nao Informado;Lesoes Graves;1;4;5;2;1;3
Acessar a via sem observar a presenca dos outros veiculos;Colisao transversal;Plena Noite;Ceu Claro;Nao Informado;Lesoes Leves;3;4;5;2;1;3
Acessar a via sem observar a presenca dos outros veiculos;Colisao transversal;Plena Noite;Ceu Claro;Onibus;Ileso;4;4;5;2;1;3
Acessar a via sem observar a presenca dos outros veiculos;Colisao transversal;Plena Noite;Ceu Claro;Utilitario;Ileso;15;4;5;2;1;3
Acessar a via sem observar a presenca dos outros veiculos;Colisao transversal;Plena Noite;Ceu Claro;Utilitario;Lesoes Graves;1;4;5;2;1;3
Acessar a via sem observar a presenca dos outros veiculos;Colisao transversal;Plena Noite;Ceu Claro;Utilitario;Lesoes Leves;3;4;5;2;1;3
Acessar a via sem observar a presenca dos outros veiculos;Colisao transversal;Plena Noite;Chuva;Automovel;Ileso;24;4;5;2;2;1
Acessar a via sem observar a presenca dos outros veiculos;Colisao transversal;Plena Noite;Chuva;Automovel;Lesoes Graves;2;4;5;2;2;1
Acessar a via sem observar a presenca dos outros veiculos;Colisao transversal;Plena Noite;Chuva;Automovel;Lesoes Leves;12;4;5;2;2;1
Acessar a via sem observar a presenca dos outros veiculos;Colisao transversal;Plena Noite;Chuva;Automovel;Obito;2;4;5;2;2;1
Acessar a via sem observar a presenca dos outros veiculos;Colisao transversal;Plena Noite;Chuva;Bicicleta;Lesoes Graves;1;4;5;2;2;3
Acessar a via sem observar a presenca dos outros veiculos;Colisao transversal;Plena Noite;Chuva;Bicicleta;Lesoes Leves;2;4;5;2;2;3
Acessar a via sem observar a presenca dos outros veiculos;Colisao transversal;Plena Noite;Chuva;Caminhao;Ileso;3;4;5;2;2;2
Acessar a via sem observar a presenca dos outros veiculos;Colisao transversal;Plena Noite;Chuva;Caminhao-trator;Ileso;8;4;5;2;2;2
Acessar a via sem observar a presenca dos outros veiculos;Colisao transversal;Plena Noite;Chuva;Caminhao-trator;Lesoes Leves;1;4;5;2;2;2
Acessar a via sem observar a presenca dos outros veiculos;Colisao transversal;Plena Noite;Chuva;Caminhonete;Ileso;3;4;5;2;2;2
Acessar a via sem observar a presenca dos outros veiculos;Colisao transversal;Plena Noite;Chuva;Caminhonete;Lesoes Leves;3;4;5;2;2;2
Acessar a via sem observar a presenca dos outros veiculos;Colisao transversal;Plena Noite;Chuva;Motocicleta;Ileso;2;4;5;2;2;1
Acessar a via sem observar a presenca dos outros veiculos;Colisao transversal;Plena Noite;Chuva;Motocicleta;Lesoes Graves;9;4;5;2;2;1
Acessar a via sem observar a presenca dos outros veiculos;Colisao transversal;Plena Noite;Chuva;Motocicleta;Lesoes Leves;11;4;5;2;2;1
Acessar a via sem observar a presenca dos outros veiculos;Colisao transversal;Plena Noite;Chuva;Motocicleta;Obito;2;4;5;2;2;1
Acessar a via sem observar a presenca dos outros veiculos;Colisao transversal;Plena Noite;Chuva;Motoneta;Lesoes Leves;1;4;5;2;2;3
Acessar a via sem observar a presenca dos outros veiculos;Colisao transversal;Plena Noite;Chuva;Nao Informado;Ileso;2;4;5;2;2;3