causa_acidente;tipo_acidente;fase_dia;condicao_metereologica;tipo_veiculo;estado_fisico;count;causa_acidente_criterios;tipo_acidente_criterios;fase_dia_criterios;condicao_metereologica_criterios;tipo_veiculo_criterios
Acessar a via sem observar a presenca dos outros veiculos;Colisao transversal;Plena Noite;Chuva;Nao se aplica;Lesoes Graves;1;4;5;2;2;3
Acessar a via sem observar a presenca dos outros veiculos;Colisao transversal;Plena Noite;Chuva;Onibus;Ileso;3;4;5;2;2;3
Acessar a via sem observar a presenca dos outros veiculos;Colisao transversal;Plena Noite;Garoa/Chuvisco;Automovel;Ileso;16;4;5;2;3;1
Acessar a via sem observar a presenca dos outros veiculos;Colisao transversal;Plena Noite;Garoa/Chuvisco;Automovel;Lesoes Graves;1;4;5;2;3;1
Acessar a via sem observar a presenca dos outros veiculos;Colisao transversal;Plena Noite;Garoa/Chuvisco;Automovel;Lesoes Leves;5;4;5;2;3;1
Acessar a via sem observar a presenca dos outros veiculos;Colisao transversal;Plena Noite;Garoa/Chuvisco;Bicicleta;Obito;1;4;5;2;3;3
Acessar a via sem observar a presenca dos outros veiculos;Colisao transversal;Plena Noite;Garoa/Chuvisco;Caminhao;Ileso;3;4;5;2;3;2
Acessar a via sem observar a presenca dos outros veiculos;Colisao transversal;Plena Noite;Garoa/Chuvisco;Caminhao-trator;Ileso;1;4;5;2;3;2
Acessar a via sem observar a presenca dos outros veiculos;Colisao transversal;Plena Noite;Garoa/Chuvisco;Caminhonete;Ileso;4;4;5;2;3;2
Acessar a via sem observar a presenca dos outros veiculos;Colisao transversal;Plena Noite;Garoa/Chuvisco;Motocicleta;Lesoes Graves;2;4;5;2;3;1
Acessar a via sem observar a presenca dos outros veiculos;Colisao transversal;Plena Noite;Garoa/Chuvisco;Motocicleta;Lesoes Leves;2;4;5;2;3;1
Acessar a via sem observar a presenca dos outros veiculos;Colisao transversal;Plena Noite;Garoa/Chuvisco;Motoneta;Lesoes Graves;1;4;5;2;3;3
Acessar a via sem observar a presenca dos outros veiculos;Colisao transversal;Plena Noite;Garoa/Chuvisco;Motoneta;Lesoes Leves;5;4;5;2;3;3
Acessar a via sem observar a presenca dos outros veiculos;Colisao transversal;Plena Noite;Garoa/Chuvisco;Nao Informado;Ileso;2;4;5;2;3;3
Acessar a via sem observar a presenca dos outros veiculos;Colisao transversal;Plena Noite;Ignorado;Automovel;Ileso;1;4;5;2;0;1
Acessar a via sem observar a presenca dos outros veiculos;Colisao transversal;Plena Noite;Ignorado;Caminhao;Lesoes Leves;1;4;5;2;0;2
Acessar a via sem observar a presenca dos outros veiculos;Colisao transversal;Plena Noite;Ignorado;Motocicleta;Ileso;1;4;5;2;0;1
Acessar a via sem observar a presenca dos outros veiculos;Colisao transversal;Plena Noite;Ignorado;Motocicleta;Lesoes Graves;1;4;5;2;0;1
Acessar a via sem observar a presenca dos outros veiculos;Colisao transversal;Plena Noite;Ignorado;Motocicleta;Lesoes Leves;2;4;5;2;0;1
Acessar a via sem observar a presenca dos outros veiculos;Colisao transversal;Plena Noite;Ignorado;Nao Informado;Ileso;1;4;5;2;0;3
Acessar a via sem observar a presenca dos outros veiculos;Colisao transversal;Plena Noite;Ignorado;Nao Informado;Lesoes Graves;2;4;5;2;0;3
Acessar a via sem observar a presenca dos outros veiculos;Colisao transversal;Plena Noite;Nevoeiro/Neblina;Automovel;Ileso;1;4;5;2;4;1
Acessar a via sem observar a presenca dos outros veiculos;Colisao transversal;Plena Noite;Nevoeiro/Neblina;Automovel;Lesoes Graves;2;4;5;2;4;1
Acessar a via sem observar a presenca dos outros veiculos;Colisao transversal;Plena Noite;Nevoeiro/Neblina;Automovel;Lesoes Leves;5;4;5;2;4;1
Acessar a via sem observar a presenca dos outros veiculos;Colisao transversal;Plena Noite;Nublado;Automovel;Ileso;50;4;5;2;2;1
Acessar a via sem observar a presenca dos outros veiculos;Colisao transversal;Plena Noite;Nublado;Automovel;Lesoes Graves;8;4;5;2;2;1
Acessar a via sem observar a presenca dos outros veiculos;Colisao transversal;Plena Noite;Nublado;Automovel;Lesoes Leves;11;4;5;2;2;1
Acessar a via sem observar a presenca dos outros veiculos;Colisao transversal;Plena Noite;Nublado;Automovel;Obito;1;4;5;2;2;1
Acessar a via sem observar a presenca dos outros veiculos;Colisao transversal;Plena Noite;Nublado;Bicicleta;Lesoes Graves;1;4;5;2;2;3
Acessar a via sem observar a presenca dos outros veiculos;Colisao transversal;Plena Noite;Nublado;Bicicleta;Lesoes Leves;7;4;5;2;2;3
Acessar a via sem observar a presenca dos outros veiculos;Colisao transversal;Plena Noite;Nublado;Caminhao;Ileso;4;4;5;2;2;2
Acessar a via sem observar a presenca dos outros veiculos;Colisao transversal;Plena Noite;Nublado;Caminhao;Lesoes Graves;1;4;5;2;2;2
Acessar a via sem observar a presenca dos outros veiculos;Colisao transversal;Plena Noite;Nublado;Caminhao-trator;Ileso;10;4;5;2;2;2
Acessar a via sem observar a presenca dos outros veiculos;Colisao transversal;Plena Noite;Nublado;Caminhao-trator;Lesoes Graves;1;4;5;2;2;2
Acessar a via sem observar a presenca dos outros veiculos;Colisao transversal;Plena Noite;Nublado;Caminhonete;Ileso;16;4;5;2;2;2
Acessar a via sem observar a presenca dos outros veiculos;Colisao transversal;Plena Noite;Nublado;Caminhonete;Lesoes Leves;3;4;5;2;2;2
Acessar a via sem observar a presenca dos outros veiculos;Colisao transversal;Plena Noite;Nublado;Motocicleta;Ileso;6;4;5;2;2;1
Acessar a via sem observar a presenca dos outros veiculos;Colisao transversal;Plena Noite;Nublado;Motocicleta;Lesoes Graves;20;4;5;2;2;1
Acessar a via sem observar a presenca dos outros veiculos;Colisao transversal;Plena Noite;Nublado;Motocicleta;Lesoes Leves;25;4;5;2;2;1
Acessar a via sem observar a presenca dos outros veiculos;Colisao transversal;Plena Noite;Nublado;Motocicleta;Obito;5;4;5;2;2;1
Acessar a via sem observar a presenca dos outros veiculos;Colisao transversal;Plena Noite;Nublado;Motoneta;Ileso;1;4;5;2;2;3
Acessar a via sem observar a presenca dos outros veiculos;Colisao transversal;Plena Noite;Nublado;Motoneta;Lesoes Graves;3;4;5;2;2;3
Acessar a via sem observar a presenca dos outros veiculos;Colisao transversal;Plena Noite;Nublado;Motoneta;Lesoes Leves;4;4;5;2;2;3
Acessar a via sem observar a presenca dos outros veiculos;Colisao transversal;Plena Noite;Nublado;Nao Informado;Ileso;11;4;5;2;2;3
Acessar a via sem observar a presenca dos outros veiculos;Colisao transversal;Plena Noite;Nublado;Nao Informado;Lesoes Leves;4;4;5;2;2;3
Acessar a via sem observar a presenca dos outros veiculos;Colisao transversal;Plena Noite;Nublado;Onibus;Ileso;1;4;5;2;2;3
Acessar a via sem observar a presenca dos outros veiculos;Colisao transversal;Plena Noite;Nublado;Triciclo;Lesoes Graves;1;4;5;2;2;5
Acessar a via sem observar a presenca dos outros veiculos;Colisao transversal;Plena Noite;Nublado;Utilitario;Ileso;1;4;5;2;2;3
Acessar a via sem observar a presenca dos outros veiculos;Colisao transversal;Pleno dia;Ceu Claro;Automovel;Ileso;449;4;5;1;1;1
Acessar a via sem observar a presenca dos outros veiculos;Colisao transversal;Pleno dia;Ceu Claro;Automovel;Lesoes Graves;50;4;5;1;1;1
Acessar a via sem observar a presenca dos outros veiculos;Colisao transversal;Pleno dia;Ceu Claro;Automovel;Lesoes Leves;199;4;5;1;1;1
Acessar a via sem observar a presenca dos outros veiculos;Colisao transversal;Pleno dia;Ceu Claro;Automovel;Obito;3;4;5;1;1;1
Acessar a via sem observar a presenca dos outros veiculos;Colisao transversal;Pleno dia;Ceu Claro;Bicicleta;Ileso;2;4;5;1;1;3
Acessar a via sem observar a presenca dos outros veiculos;Colisao transversal;Pleno dia;Ceu Claro;Bicicleta;Lesoes Graves;13;4;5;1;1;3
Acessar a via sem observar a presenca dos outros veiculos;Colisao transversal;Pleno dia;Ceu Claro;Bicicleta;Lesoes Leves;40;4;5;1;1;3
Acessar a via sem observar a presenca dos outros veiculos;Colisao transversal;Pleno dia;Ceu Claro;Bicicleta;Obito;5;4;5;1;1;3
Acessar a via sem observar a presenca dos outros veiculos;Colisao transversal;Pleno dia;Ceu Claro;Caminhao;Ileso;57;4;5;1;1;2
Acessar a via sem observar a presenca dos outros veiculos;Colisao transversal;Pleno dia;Ceu Claro;Caminhao;Lesoes Graves;1;4;5;1;1;2
Acessar a via sem observar a presenca dos outros veiculos;Colisao transversal;Pleno dia;Ceu Claro;Caminhao;Lesoes Leves;1;4;5;1;1;2
Acessar a via sem observar a presenca dos outros veiculos;Colisao transversal;Pleno dia;Ceu Claro;Caminhao-trator;Ileso;64;4;5;1;1;2
Acessar a via sem observar a presenca dos outros veiculos;Colisao transversal;Pleno dia;Ceu Claro;Caminhao-trator;Lesoes Graves;2;4;5;1;1;2
Acessar a via sem observar a presenca dos outros veiculos;Colisao transversal;Pleno dia;Ceu Claro;Caminhao-trator;Lesoes Leves;5;4;5;1;1;2
Acessar a via sem observar a presenca dos outros veiculos;Colisao transversal;Pleno dia;Ceu Claro;Caminhonete;Ileso;140;4;5;1;1;2
Acessar a via sem observar a presenca dos outros veiculos;Colisao transversal;Pleno dia;Ceu Claro;Caminhonete;Lesoes Graves;8;4;5;1;1;2
Acessar a via sem observar a presenca dos outros veiculos;Colisao transversal;Pleno dia;Ceu Claro;Caminhonete;Lesoes Leves;32;4;5;1;1;2
Acessar a via sem observar a presenca dos outros veiculos;Colisao transversal;Pleno dia;Ceu Claro;Caminhonete;Obito;1;4;5;1;1;2
Acessar a via sem observar a presenca dos outros veiculos;Colisao transversal;Pleno dia;Ceu Claro;Ciclomotor;Lesoes Graves;1;4;5;1;1;4
Acessar a via sem observar a presenca dos outros veiculos;Colisao transversal;Pleno dia;Ceu Claro;Ciclomotor;Lesoes Leves;6;4;5;1;1;4
Acessar a via sem observar a presenca dos outros veiculos;Colisao transversal;Pleno dia;Ceu Claro;Micro-onibus;Ileso;9;4;5;1;1;4
Acessar a via sem observar a presenca dos outros veiculos;Colisao transversal;Pleno dia;Ceu Claro;Motocicleta;Ileso;22;4;5;1;1;1
Acessar a via sem observar a presenca dos outros veiculos;Colisao transversal;Pleno dia;Ceu Claro;Motocicleta;Lesoes Graves;144;4;5;1;1;1
Acessar a via sem observar a presenca dos outros veiculos;Colisao transversal;Pleno dia;Ceu Claro;Motocicleta;Lesoes Leves;261;4;5;1;1;1
Acessar a via sem observar a presenca dos outros veiculos;Colisao transversal;Pleno dia;Ceu Claro;Motocicleta;Obito;11;4;5;1;1;1
Acessar a via sem observar a presenca dos outros veiculos;Colisao transversal;Pleno dia;Ceu Claro;Motoneta;Ileso;5;4;5;1;1;3
Acessar a via sem observar a presenca dos outros veiculos;Colisao transversal;Pleno dia;Ceu Claro;Motoneta;Lesoes Graves;12;4;5;1;1;3
Acessar a via sem observar a presenca dos outros veiculos;Colisao transversal;Pleno dia;Ceu Claro;Motoneta;Lesoes Leves;33;4;5;1;1;3
Acessar a via sem observar a presenca dos outros veiculos;Colisao transversal;Pleno dia;Ceu Claro;Nao Informado;Ileso;45;4;5;1;1;3
Acessar a via sem observar a presenca dos outros veiculos;Colisao transversal;Pleno dia;Ceu Claro;Nao Informado;Lesoes Graves;2;4;5;1;1;3
Acessar a via sem observar a presenca dos outros veiculos;Colisao transversal;Pleno dia;Ceu Claro;Nao Informado;Lesoes Leves;9;4;5;1;1;3
Acessar a via sem observar a presenca dos outros veiculos;Colisao transversal;Pleno dia;Ceu Claro;Onibus;Ileso;53;4;5;1;1;3
Acessar a via sem observar a presenca dos outros veiculos;Colisao transversal;Pleno dia;Ceu Claro;Onibus;Lesoes Leves;2;4;5;1;1;3
Acessar a via sem observar a presenca dos outros veiculos;Colisao transversal;Pleno dia;Ceu Claro;Trator de rodas;Lesoes Leves;1;4;5;1;1;5
Acessar a via sem observar a presenca dos outros veiculos;Colisao transversal;Pleno dia;Ceu Claro;Triciclo;Lesoes Leves;1;4;5;1;1;5
Acessar a via sem observar a presenca dos outros veiculos;Colisao transversal;Pleno dia;Ceu Claro;Utilitario;Ileso;35;4;5;1;1;3
Acessar a via sem observar a presenca dos outros veiculos;Colisao transversal;Pleno dia;Ceu Claro;Utilitario;Lesoes Leves;10;4;5;1;1;3
Acessar a via sem observar a presenca dos outros veiculos;Colisao transversal;Pleno dia;Chuva;Automovel;Ileso;26;4;5;1;2;1
Acessar a via sem observar a presenca dos outros veiculos;Colisao transversal;Pleno dia;Chuva;Automovel;Lesoes Graves;3;4;5;1;2;1
Acessar a via sem observar a presenca dos outros veiculos;Colisao transversal;Pleno dia;Chuva;Automovel;Lesoes Leves;32;4;5;1;2;1
Acessar a via sem observar a presenca dos outros veiculos;Colisao transversal;Pleno dia;Chuva;Automovel;Obito;3;4;5;1;2;1
Acessar a via sem observar a presenca dos outros veiculos;Colisao transversal;Pleno dia;Chuva;Bicicleta;Lesoes Leves;1;4;5;1;2;3
Acessar a via sem observar a presenca dos outros veiculos;Colisao transversal;Pleno dia;Chuva;Caminhao;Ileso;15;4;5;1;2;2
Acessar a via sem observar a presenca dos outros veiculos;Colisao transversal;Pleno dia;Chuva;Caminhao;Lesoes Graves;2;4;5;1;2;2
Acessar a via sem observar a presenca dos outros veiculos;Colisao transversal;Pleno dia;Chuva;Caminhao;Lesoes Leves;3;4;5;1;2;2
Acessar a via sem observar a presenca dos outros veiculos;Colisao transversal;Pleno dia;Chuva;Caminhao-trator;Ileso;6;4;5;1;2;2
Acessar a via sem observar a presenca dos outros veiculos;Colisao transversal;Pleno dia;Chuva;Caminhao-trator;Lesoes Graves;1;4;5;1;2;2
Acessar a via sem observar a presenca dos outros veiculos;Colisao transversal;Pleno dia;Chuva;Caminhonete;Ileso;10;4;5;1;2;2
Acessar a via sem observar a presenca dos outros veiculos;Colisao transversal;Pleno dia;Chuva;Caminhonete;Lesoes Graves;1;4;5;1;2;2
Acessar a via sem observar a presenca dos outros veiculos;Colisao transversal;Pleno dia;Chuva;Caminhonete;Lesoes Leves;7;4;5;1;2;2
Acessar a via sem observar a presenca dos outros veiculos;Colisao transversal;Pleno dia;Chuva;Ciclomotor;Lesoes Leves;1;4;5;1;2;4
Acessar a via sem observar a presenca dos outros veiculos;Colisao transversal;Pleno dia;Chuva;Micro-onibus;Lesoes Leves;2;4;5;1;2;4
Acessar a via sem observar a presenca dos outros veiculos;Colisao transversal;Pleno dia;Chuva;Motocicleta;Ileso;1;4;5;1;2;1
Acessar a via sem observar a presenca dos outros veiculos;Colisao transversal;Pleno dia;Chuva;Motocicleta;Lesoes Graves;6;4;5;1;2;1
Acessar a via sem observar a presenca dos outros veiculos;Colisao transversal;Pleno dia;Chuva;Motocicleta;Lesoes Leves;13;4;5;1;2;1
Acessar a via sem observar a presenca dos outros veiculos;Colisao transversal;Pleno dia;Chuva;Motoneta;Lesoes Graves;1;4;5;1;2;3
Acessar a via sem observar a presenca dos outros veiculos;Colisao transversal;Pleno dia;Chuva;Motoneta;Lesoes Leves;2;4;5;1;2;3
Acessar a via sem observar a presenca dos outros veiculos;Colisao transversal;Pleno dia;Chuva;Nao Informado;Ileso;1;4;5;1;2;3
Acessar a via sem observar a presenca dos outros veiculos;Colisao transversal;Pleno dia;Chuva;Nao Informado;Lesoes Leves;3;4;5;1;2;3
Acessar a via sem observar a presenca dos outros veiculos;Colisao transversal;Pleno dia;Chuva;Onibus;Ileso;1;4;5;1;2;3
Acessar a via sem observar a presenca dos outros veiculos;Colisao transversal;Pleno dia;Chuva;Onibus;Lesoes Leves;1;4;5;1;2;3
Acessar a via sem observar a presenca dos outros veiculos;Colisao transversal;Pleno dia;Chuva;Trator de rodas;Ileso;1;4;5;1;2;5
Acessar a via sem observar a presenca dos outros veiculos;Colisao transversal;Pleno dia;Garoa/Chuvisco;Automovel;Ileso;13;4;5;1;3;1
Acessar a via sem observar a presenca dos outros veiculos;Colisao transversal;Pleno dia;Garoa/Chuvisco;Automovel;Lesoes Graves;1;4;5;1;3;1
Acessar a via sem observar a presenca dos outros veiculos;Colisao transversal;Pleno dia;Garoa/Chuvisco;Automovel;Lesoes Leves;9;4;5;1;3;1
Acessar a via sem observar a presenca dos outros veiculos;Colisao transversal;Pleno dia;Garoa/Chuvisco;Caminhao;Ileso;2;4;5;1;3;2
Acessar a via sem observar a presenca dos outros veiculos;Colisao transversal;Pleno dia;Garoa/Chuvisco;Caminhao;Lesoes Leves;1;4;5;1;3;2
Acessar a via sem observar a presenca dos outros veiculos;Colisao transversal;Pleno dia;Garoa/Chuvisco;Caminhao-trator;Ileso;2;4;5;1;3;2
Acessar a via sem observar a presenca dos outros veiculos;Colisao transversal;Pleno dia;Garoa/Chuvisco;Caminhonete;Ileso;7;4;5;1;3;2
Acessar a via sem observar a presenca dos outros veiculos;Colisao transversal;Pleno dia;Garoa/Chuvisco;Motocicleta;Ileso;1;4;5;1;3;1
Acessar a via sem observar a presenca dos outros veiculos;Colisao transversal;Pleno dia;Garoa/Chuvisco;Motocicleta;Lesoes Graves;1;4;5;1;3;1
Acessar a via sem observar a presenca dos outros veiculos;Colisao transversal;Pleno dia;Garoa/Chuvisco;Motocicleta;Lesoes Leves;9;4;5;1;3;1
Acessar a via sem observar a presenca dos outros veiculos;Colisao transversal;Pleno dia;Garoa/Chuvisco;Motoneta;Lesoes Leves;1;4;5;1;3;3
Acessar a via sem observar a presenca dos outros veiculos;Colisao transversal;Pleno dia;Garoa/Chuvisco;Utilitario;Ileso;2;4;5;1;3;3
Acessar a via sem observar a presenca dos outros veiculos;Colisao transversal;Pleno dia;Ignorado;Automovel;Ileso;3;4;5;1;0;1
Acessar a via sem observar a presenca dos outros veiculos;Colisao transversal;Pleno dia;Ignorado;Bicicleta;Lesoes Leves;1;4;5;1;0;3
Acessar a via sem observar a presenca dos outros veiculos;Colisao transversal;Pleno dia;Ignorado;Motocicleta;Lesoes Graves;1;4;5;1;0;1
Acessar a via sem observar a presenca dos outros veiculos;Colisao transversal;Pleno dia;Ignorado;Motocicleta;Lesoes Leves;2;4;5;1;0;1
Acessar a via sem observar a presenca dos outros veiculos;Colisao transversal;Pleno dia;Nevoeiro/Neblina;Automovel;Ileso;2;4;5;1;4;1
Acessar a via sem observar a presenca dos outros veiculos;Colisao transversal;Pleno dia;Nevoeiro/Neblina;Motocicleta;Ileso;1;4;5;1;4;1
Acessar a via sem observar a presenca dos outros veiculos;Colisao transversal;Pleno dia;Nevoeiro/Neblina;Motocicleta;Lesoes Graves;1;4;5;1;4;1
Acessar a via sem observar a presenca dos outros veiculos;Colisao transversal;Pleno dia;Nevoeiro/Neblina;Motoneta;Lesoes Leves;1;4;5;1;4;3
Acessar a via sem observar a presenca dos outros veiculos;Colisao transversal;Pleno dia;Nublado;Automovel;Ileso;105;4;5;1;2;1
Acessar a via sem observar a presenca dos outros veiculos;Colisao transversal;Pleno dia;Nublado;Automovel;Lesoes Graves;8;4;5;1;2;1
Acessar a via sem observar a presenca dos outros veiculos;Colisao transversal;Pleno dia;Nublado;Automovel;Lesoes Leves;65;4;5;1;2;1
Acessar a via sem observar a presenca dos outros veiculos;Colisao transversal;Pleno dia;Nublado;Automovel;Obito;2;4;5;1;2;1
Acessar a via sem observar a presenca dos outros veiculos;Colisao transversal;Pleno dia;Nublado;Bicicleta;Lesoes Graves;3;4;5;1;2;3
Acessar a via sem observar a presenca dos outros veiculos;Colisao transversal;Pleno dia;Nublado;Bicicleta;Lesoes Leves;6;4;5;1;2;3
Acessar a via sem observar a presenca dos outros veiculos;Colisao transversal;Pleno dia;Nublado;Bicicleta;Obito;2;4;5;1;2;3
Acessar a via sem observar a presenca dos outros veiculos;Colisao transversal;Pleno dia;Nublado;Caminhao;Ileso;16;4;5;1;2;2
Acessar a via sem observar a presenca dos outros veiculos;Colisao transversal;Pleno dia;Nublado;Caminhao;Lesoes Graves;2;4;5;1;2;2
Acessar a via sem observar a presenca dos outros veiculos;Colisao transversal;Pleno dia;Nublado;Caminhao;Lesoes Leves;2;4;5;1;2;2
Acessar a via sem observar a presenca dos outros veiculos;Colisao transversal;Pleno dia;Nublado;Caminhao-trator;Ileso;16;4;5;1;2;2
Acessar a via sem observar a presenca dos outros veiculos;Colisao transversal;Pleno dia;Nublado;Caminhao-trator;Lesoes Leves;1;4;5;1;2;2
Acessar a via sem observar a presenca dos outros veiculos;Colisao transversal;Pleno dia;Nublado;Caminhonete;Ileso;38;4;5;1;2;2
Acessar a via sem observar a presenca dos outros veiculos;Colisao transversal;Pleno dia;Nublado;Caminhonete;Lesoes Graves;1;4;5;1;2;2
Acessar a via sem observar a presenca dos outros veiculos;Colisao transversal;Pleno dia;Nublado;Caminhonete;Lesoes Leves;8;4;5;1;2;2
Acessar a via sem observar a presenca dos outros veiculos;Colisao transversal;Pleno dia;Nublado;Caminhonete;Obito;1;4;5;1;2;2
Acessar a via sem observar a presenca dos outros veiculos;Colisao transversal;Pleno dia;Nublado;Micro-onibus;Ileso;2;4;5;1;2;4
Acessar a via sem observar a presenca dos outros veiculos;Colisao transversal;Pleno dia;Nublado;Motocicleta;Ileso;4;4;5;1;2;1
Acessar a via sem observar a presenca dos outros veiculos;Colisao transversal;Pleno dia;Nublado;Motocicleta;Lesoes Graves;30;4;5;1;2;1
Acessar a via sem observar a presenca dos outros veiculos;Colisao transversal;Pleno dia;Nublado;Motocicleta;Lesoes Leves;67;4;5;1;2;1
Acessar a via sem observar a presenca dos outros veiculos;Colisao transversal;Pleno dia;Nublado;Motocicleta;Obito;3;4;5;1;2;1
Acessar a via sem observar a presenca dos outros veiculos;Colisao transversal;Pleno dia;Nublado;Motoneta;Ileso;1;4;5;1;2;3
Acessar a via sem observar a presenca dos outros veiculos;Colisao transversal;Pleno dia;Nublado;Motoneta;Lesoes Graves;5;4;5;1;2;3
Acessar a via sem observar a presenca dos outros veiculos;Colisao transversal;Pleno dia;Nublado;Motoneta;Lesoes Leves;10;4;5;1;2;3
Acessar a via sem observar a presenca dos outros veiculos;Colisao transversal;Pleno dia;Nublado;Nao Informado;Ileso;14;4;5;1;2;3
Acessar a via sem observar a presenca dos outros veiculos;Colisao transversal;Pleno dia;Nublado;Nao Informado;Lesoes Graves;1;4;5;1;2;3
Acessar a via sem observar a presenca dos outros veiculos;Colisao transversal;Pleno dia;Nublado;Nao Informado;Lesoes Leves;1;4;5;1;2;3
Acessar a via sem observar a presenca dos outros veiculos;Colisao transversal;Pleno dia;Nublado;Nao Informado;Obito;1;4;5;1;2;3
Acessar a via sem observar a presenca dos outros veiculos;Colisao transversal;Pleno dia;Nublado;Onibus;Ileso;5;4;5;1;2;3
Acessar a via sem observar a presenca dos outros veiculos;Colisao transversal;Pleno dia;Nublado;Trator de rodas;Lesoes Leves;1;4;5;1;2;5
Acessar a via sem observar a presenca dos outros veiculos;Colisao transversal;Pleno dia;Nublado;Utilitario;Ileso;9;4;5;1;2;3
Acessar a via sem observar a presenca dos outros veiculos;Colisao transversal;Pleno dia;Nublado;Utilitario;Lesoes Graves;1;4;5;1;2;3
Acessar a via sem observar a presenca dos outros veiculos;Colisao transversal;Pleno dia;Nublado;Utilitario;Lesoes Leves;1;4;5;1;2;3
Acessar a via sem observar a presenca dos outros veiculos;Colisao transversal;Pleno dia;Sol;Automovel;Ileso;83;4;5;1;3;1
Acessar a via sem observar a presenca dos outros veiculos;Colisao transversal;Pleno dia;Sol;Automovel;Lesoes Graves;19;4;5;1;3;1
Acessar a via sem observar a presenca dos outros veiculos;Colisao transversal;Pleno dia;Sol;Automovel;Lesoes Leves;53;4;5;1;3;1
Acessar a via sem observar a presenca dos outros veiculos;Colisao transversal;Pleno dia;Sol;Automovel;Obito;3;4;5;1;3;1
Acessar a via sem observar a presenca dos outros veiculos;Colisao transversal;Pleno dia;Sol;Bicicleta;Lesoes Graves;3;4;5;1;3;3
Acessar a via sem observar a presenca dos outros veiculos;Colisao transversal;Pleno dia;Sol;Bicicleta;Lesoes Leves;5;4;5;1;3;3
Acessar a via sem observar a presenca dos outros veiculos;Colisao transversal;Pleno dia;Sol;Bicicleta;Obito;3;4;5;1;3;3
Acessar a via sem observar a presenca dos outros veiculos;Colisao transversal;Pleno dia;Sol;Caminhao;Ileso;13;4;5;1;3;2
Acessar a via sem observar a presenca dos outros veiculos;Colisao transversal;Pleno dia;Sol;Caminhao;Lesoes Leves;1;4;5;1;3;2
Acessar a via sem observar a presenca dos outros veiculos;Colisao transversal;Pleno dia;Sol;Caminhao-trator;Ileso;12;4;5;1;3;2
Acessar a via sem observar a presenca dos outros veiculos;Colisao transversal;Pleno dia;Sol;Caminhao-trator;Lesoes Leves;1;4;5;1;3;2