causa_acidente;tipo_acidente;fase_dia;condicao_metereologica;tipo_veiculo;estado_fisico;count;causa_acidente_criterios;tipo_acidente_criterios;fase_dia_criterios;condicao_metereologica_criterios;tipo_veiculo_criterios
Acessar a via sem observar a presenca dos outros veiculos;Eventos atipicos;Pleno dia;Ceu Claro;Automovel;Ileso;1;4;2;1;1;1
Acessar a via sem observar a presenca dos outros veiculos;Eventos atipicos;Pleno dia;Ceu Claro;Automovel;Lesoes Graves;1;4;2;1;1;1
Acessar a via sem observar a presenca dos outros veiculos;Eventos atipicos;Pleno dia;Ceu Claro;Bicicleta;Lesoes Graves;1;4;2;1;1;3
Acessar a via sem observar a presenca dos outros veiculos;Eventos atipicos;Pleno dia;Ceu Claro;Caminhao;Ileso;1;4;2;1;1;2
Acessar a via sem observar a presenca dos outros veiculos;Eventos atipicos;Pleno dia;Ceu Claro;Caminhonete;Ileso;1;4;2;1;1;2
Acessar a via sem observar a presenca dos outros veiculos;Eventos atipicos;Pleno dia;Ceu Claro;Utilitario;Lesoes Leves;2;4;2;1;1;3
Acessar a via sem observar a presenca dos outros veiculos;Eventos atipicos;Pleno dia;Nublado;Automovel;Ileso;1;4;2;1;2;1
Acessar a via sem observar a presenca dos outros veiculos;Eventos atipicos;Pleno dia;Nublado;Caminhao-trator;Ileso;3;4;2;1;2;2
Acessar a via sem observar a presenca dos outros veiculos;Eventos atipicos;Pleno dia;Nublado;Caminhonete;Lesoes Leves;2;4;2;1;2;2
Acessar a via sem observar a presenca dos outros veiculos;Eventos atipicos;Pleno dia;Nublado;Motoneta;Lesoes Graves;1;4;2;1;2;3
Acessar a via sem observar a presenca dos outros veiculos;Incendio;Plena Noite;Ceu Claro;Automovel;Obito;1;4;2;2;1;1
Acessar a via sem observar a presenca dos outros veiculos;Incendio;Plena Noite;Ceu Claro;Caminhao-trator;Ileso;2;4;2;2;1;2
Acessar a via sem observar a presenca dos outros veiculos;Incendio;Plena Noite;Ceu Claro;Motocicleta;Lesoes Graves;1;4;2;2;1;1
Acessar a via sem observar a presenca dos outros veiculos;Incendio;Plena Noite;Ceu Claro;Motocicleta;Obito;1;4;2;2;1;1
Acessar a via sem observar a presenca dos outros veiculos;Incendio;Plena Noite;Nublado;Caminhao-trator;Ileso;1;4;2;2;2;2
Acessar a via sem observar a presenca dos outros veiculos;Incendio;Plena Noite;Nublado;Caminhao-trator;Lesoes Graves;1;4;2;2;2;2
Acessar a via sem observar a presenca dos outros veiculos;Incendio;Pleno dia;Ceu Claro;Automovel;Ileso;4;4;2;1;1;1
Acessar a via sem observar a presenca dos outros veiculos;Incendio;Pleno dia;Ceu Claro;Automovel;Lesoes Graves;3;4;2;1;1;1
Acessar a via sem observar a presenca dos outros veiculos;Incendio;Pleno dia;Ceu Claro;Automovel;Lesoes Leves;2;4;2;1;1;1
Acessar a via sem observar a presenca dos outros veiculos;Incendio;Pleno dia;Ceu Claro;Caminhao;Ileso;1;4;2;1;1;2
Acessar a via sem observar a presenca dos outros veiculos;Incendio;Pleno dia;Ceu Claro;Caminhonete;Ileso;2;4;2;1;1;2
Acessar a via sem observar a presenca dos outros veiculos;Incendio;Pleno dia;Ceu Claro;Motocicleta;Lesoes Graves;1;4;2;1;1;1
Acessar a via sem observar a presenca dos outros veiculos;Queda de ocupante de veiculo;Amanhecer;Ceu Claro;Automovel;Ileso;5;4;5;4;1;1
Acessar a via sem observar a presenca dos outros veiculos;Queda de ocupante de veiculo;Amanhecer;Ceu Claro;Bicicleta;Lesoes Leves;2;4;5;4;1;3
Acessar a via sem observar a presenca dos outros veiculos;Queda de ocupante de veiculo;Amanhecer;Ceu Claro;Bicicleta;Obito;2;4;5;4;1;3
Acessar a via sem observar a presenca dos outros veiculos;Queda de ocupante de veiculo;Amanhecer;Ceu Claro;Caminhao-trator;Ileso;1;4;5;4;1;2
Acessar a via sem observar a presenca dos outros veiculos;Queda de ocupante de veiculo;Amanhecer;Ceu Claro;Caminhonete;Ileso;6;4;5;4;1;2
Acessar a via sem observar a presenca dos outros veiculos;Queda de ocupante de veiculo;Amanhecer;Ceu Claro;Ciclomotor;Lesoes Leves;1;4;5;4;1;4
Acessar a via sem observar a presenca dos outros veiculos;Queda de ocupante de veiculo;Amanhecer;Ceu Claro;Motocicleta;Lesoes Graves;3;4;5;4;1;1
Acessar a via sem observar a presenca dos outros veiculos;Queda de ocupante de veiculo;Amanhecer;Ceu Claro;Motocicleta;Lesoes Leves;6;4;5;4;1;1
Acessar a via sem observar a presenca dos outros veiculos;Queda de ocupante de veiculo;Amanhecer;Ceu Claro;Motocicleta;Obito;2;4;5;4;1;1
Acessar a via sem observar a presenca dos outros veiculos;Queda de ocupante de veiculo;Amanhecer;Ceu Claro;Motoneta;Ileso;1;4;5;4;1;3
Acessar a via sem observar a presenca dos outros veiculos;Queda de ocupante de veiculo;Amanhecer;Ceu Claro;Motoneta;Lesoes Graves;1;4;5;4;1;3
Acessar a via sem observar a presenca dos outros veiculos;Queda de ocupante de veiculo;Amanhecer;Ceu Claro;Motoneta;Lesoes Leves;1;4;5;4;1;3
Acessar a via sem observar a presenca dos outros veiculos;Queda de ocupante de veiculo;Amanhecer;Ceu Claro;Nao Informado;Ileso;1;4;5;4;1;3
Acessar a via sem observar a presenca dos outros veiculos;Queda de ocupante de veiculo;Amanhecer;Chuva;Automovel;Ileso;2;4;5;4;2;1
Acessar a via sem observar a presenca dos outros veiculos;Queda de ocupante de veiculo;Amanhecer;Chuva;Motocicleta;Ileso;1;4;5;4;2;1
Acessar a via sem observar a presenca dos outros veiculos;Queda de ocupante de veiculo;Amanhecer;Chuva;Motocicleta;Lesoes Leves;1;4;5;4;2;1
Acessar a via sem observar a presenca dos outros veiculos;Queda de ocupante de veiculo;Amanhecer;Nublado;Caminhonete;Ileso;1;4;5;4;2;2
Acessar a via sem observar a presenca dos outros veiculos;Queda de ocupante de veiculo;Amanhecer;Nublado;Motocicleta;Lesoes Graves;1;4;5;4;2;1
Acessar a via sem observar a presenca dos outros veiculos;Queda de ocupante de veiculo;Amanhecer;Nublado;Motocicleta;Lesoes Leves;3;4;5;4;2;1
Acessar a via sem observar a presenca dos outros veiculos;Queda de ocupante de veiculo;Amanhecer;Nublado;Utilitario;Ileso;1;4;5;4;2;3
Acessar a via sem observar a presenca dos outros veiculos;Queda de ocupante de veiculo;Amanhecer;Sol;Automovel;Ileso;1;4;5;4;3;1
Acessar a via sem observar a presenca dos outros veiculos;Queda de ocupante de veiculo;Amanhecer;Sol;Motocicleta;Ileso;1;4;5;4;3;1
Acessar a via sem observar a presenca dos outros veiculos;Queda de ocupante de veiculo;Anoitecer;Ceu Claro;Automovel;Ileso;23;4;5;4;1;1
Acessar a via sem observar a presenca dos outros veiculos;Queda de ocupante de veiculo;Anoitecer;Ceu Claro;Automovel;Lesoes Leves;1;4;5;4;1;1
Acessar a via sem observar a presenca dos outros veiculos;Queda de ocupante de veiculo;Anoitecer;Ceu Claro;Bicicleta;Lesoes Leves;1;4;5;4;1;3
Acessar a via sem observar a presenca dos outros veiculos;Queda de ocupante de veiculo;Anoitecer;Ceu Claro;Caminhao;Ileso;1;4;5;4;1;2
Acessar a via sem observar a presenca dos outros veiculos;Queda de ocupante de veiculo;Anoitecer;Ceu Claro;Caminhao-trator;Ileso;1;4;5;4;1;2
Acessar a via sem observar a presenca dos outros veiculos;Queda de ocupante de veiculo;Anoitecer;Ceu Claro;Caminhonete;Ileso;3;4;5;4;1;2
Acessar a via sem observar a presenca dos outros veiculos;Queda de ocupante de veiculo;Anoitecer;Ceu Claro;Motocicleta;Ileso;4;4;5;4;1;1
Acessar a via sem observar a presenca dos outros veiculos;Queda de ocupante de veiculo;Anoitecer;Ceu Claro;Motocicleta;Lesoes Graves;8;4;5;4;1;1
Acessar a via sem observar a presenca dos outros veiculos;Queda de ocupante de veiculo;Anoitecer;Ceu Claro;Motocicleta;Lesoes Leves;22;4;5;4;1;1
Acessar a via sem observar a presenca dos outros veiculos;Queda de ocupante de veiculo;Anoitecer;Ceu Claro;Motoneta;Lesoes Graves;1;4;5;4;1;3
Acessar a via sem observar a presenca dos outros veiculos;Queda de ocupante de veiculo;Anoitecer;Ceu Claro;Motoneta;Lesoes Leves;7;4;5;4;1;3
Acessar a via sem observar a presenca dos outros veiculos;Queda de ocupante de veiculo;Anoitecer;Ceu Claro;Motoneta;Obito;1;4;5;4;1;3
Acessar a via sem observar a presenca dos outros veiculos;Queda de ocupante de veiculo;Anoitecer;Ceu Claro;Nao se aplica;Lesoes Leves;1;4;5;4;1;3
Acessar a via sem observar a presenca dos outros veiculos;Queda de ocupante de veiculo;Anoitecer;Ceu Claro;Utilitario;Ileso;1;4;5;4;1;3
Acessar a via sem observar a presenca dos outros veiculos;Queda de ocupante de veiculo;Anoitecer;Chuva;Automovel;Ileso;1;4;5;4;2;1
Acessar a via sem observar a presenca dos outros veiculos;Queda de ocupante de veiculo;Anoitecer;Chuva;Motocicleta;Ileso;2;4;5;4;2;1
Acessar a via sem observar a presenca dos outros veiculos;Queda de ocupante de veiculo;Anoitecer;Chuva;Motocicleta;Lesoes Graves;1;4;5;4;2;1
Acessar a via sem observar a presenca dos outros veiculos;Queda de ocupante de veiculo;Anoitecer;Chuva;Motocicleta;Lesoes Leves;4;4;5;4;2;1
Acessar a via sem observar a presenca dos outros veiculos;Queda de ocupante de veiculo;Anoitecer;Garoa/Chuvisco;Caminhonete;Ileso;1;4;5;4;3;2
Acessar a via sem observar a presenca dos outros veiculos;Queda de ocupante de veiculo;Anoitecer;Garoa/Chuvisco;Motocicleta;Lesoes Leves;1;4;5;4;3;1
Acessar a via sem observar a presenca dos outros veiculos;Queda de ocupante de veiculo;Anoitecer;Ignorado;Automovel;Ileso;1;4;5;4;0;1
Acessar a via sem observar a presenca dos outros veiculos;Queda de ocupante de veiculo;Anoitecer;Ignorado;Caminhonete;Ileso;1;4;5;4;0;2
Acessar a via sem observar a presenca dos outros veiculos;Queda de ocupante de veiculo;Anoitecer;Ignorado;Motocicleta;Lesoes Graves;1;4;5;4;0;1
Acessar a via sem observar a presenca dos outros veiculos;Queda de ocupante de veiculo;Anoitecer;Ignorado;Motocicleta;Lesoes Leves;1;4;5;4;0;1
Acessar a via sem observar a presenca dos outros veiculos;Queda de ocupante de veiculo;Anoitecer;Nublado;Automovel;Ileso;6;4;5;4;2;1
Acessar a via sem observar a presenca dos outros veiculos;Queda de ocupante de veiculo;Anoitecer;Nublado;Bicicleta;Lesoes Graves;1;4;5;4;2;3
Acessar a via sem observar a presenca dos outros veiculos;Queda de ocupante de veiculo;Anoitecer;Nublado;Bicicleta;Lesoes Leves;1;4;5;4;2;3
Acessar a via sem observar a presenca dos outros veiculos;Queda de ocupante de veiculo;Anoitecer;Nublado;Caminhao;Ileso;1;4;5;4;2;2
Acessar a via sem observar a presenca dos outros veiculos;Queda de ocupante de veiculo;Anoitecer;Nublado;Caminhao-trator;Ileso;1;4;5;4;2;2
Acessar a via sem observar a presenca dos outros veiculos;Queda de ocupante de veiculo;Anoitecer;Nublado;Caminhonete;Ileso;2;4;5;4;2;2
Acessar a via sem observar a presenca dos outros veiculos;Queda de ocupante de veiculo;Anoitecer;Nublado;Motocicleta;Ileso;2;4;5;4;2;1
Acessar a via sem observar a presenca dos outros veiculos;Queda de ocupante de veiculo;Anoitecer;Nublado;Motocicleta;Lesoes Leves;9;4;5;4;2;1
Acessar a via sem observar a presenca dos outros veiculos;Queda de ocupante de veiculo;Anoitecer;Nublado;Motoneta;Lesoes Leves;2;4;5;4;2;3
Acessar a via sem observar a presenca dos outros veiculos;Queda de ocupante de veiculo;Anoitecer;Nublado;Motoneta;Obito;1;4;5;4;2;3
Acessar a via sem observar a presenca dos outros veiculos;Queda de ocupante de veiculo;Anoitecer;Nublado;Nao Informado;Ileso;1;4;5;4;2;3
Acessar a via sem observar a presenca dos outros veiculos;Queda de ocupante de veiculo;Anoitecer;Nublado;Onibus;Ileso;1;4;5;4;2;3
Acessar a via sem observar a presenca dos outros veiculos;Queda de ocupante de veiculo;Plena Noite;Ceu Claro;Automovel;Ileso;103;4;5;2;1;1
Acessar a via sem observar a presenca dos outros veiculos;Queda de ocupante de veiculo;Plena Noite;Ceu Claro;Automovel;Lesoes Leves;2;4;5;2;1;1
Acessar a via sem observar a presenca dos outros veiculos;Queda de ocupante de veiculo;Plena Noite;Ceu Claro;Bicicleta;Ileso;2;4;5;2;1;3
Acessar a via sem observar a presenca dos outros veiculos;Queda de ocupante de veiculo;Plena Noite;Ceu Claro;Bicicleta;Lesoes Graves;8;4;5;2;1;3
Acessar a via sem observar a presenca dos outros veiculos;Queda de ocupante de veiculo;Plena Noite;Ceu Claro;Bicicleta;Lesoes Leves;11;4;5;2;1;3
Acessar a via sem observar a presenca dos outros veiculos;Queda de ocupante de veiculo;Plena Noite;Ceu Claro;Bicicleta;Obito;5;4;5;2;1;3
Acessar a via sem observar a presenca dos outros veiculos;Queda de ocupante de veiculo;Plena Noite;Ceu Claro;Caminhao;Ileso;10;4;5;2;1;2
Acessar a via sem observar a presenca dos outros veiculos;Queda de ocupante de veiculo;Plena Noite;Ceu Claro;Caminhao;Lesoes Leves;1;4;5;2;1;2
Acessar a via sem observar a presenca dos outros veiculos;Queda de ocupante de veiculo;Plena Noite;Ceu Claro;Caminhao-trator;Ileso;10;4;5;2;1;2
Acessar a via sem observar a presenca dos outros veiculos;Queda de ocupante de veiculo;Plena Noite;Ceu Claro;Caminhonete;Ileso;9;4;5;2;1;2
Acessar a via sem observar a presenca dos outros veiculos;Queda de ocupante de veiculo;Plena Noite;Ceu Claro;Carroca-charrete;Lesoes Leves;1;4;5;2;1;5
Acessar a via sem observar a presenca dos outros veiculos;Queda de ocupante de veiculo;Plena Noite;Ceu Claro;Motocicleta;Ileso;10;4;5;2;1;1
Acessar a via sem observar a presenca dos outros veiculos;Queda de ocupante de veiculo;Plena Noite;Ceu Claro;Motocicleta;Lesoes Graves;43;4;5;2;1;1
Acessar a via sem observar a presenca dos outros veiculos;Queda de ocupante de veiculo;Plena Noite;Ceu Claro;Motocicleta;Lesoes Leves;90;4;5;2;1;1
Acessar a via sem observar a presenca dos outros veiculos;Queda de ocupante de veiculo;Plena Noite;Ceu Claro;Motocicleta;Obito;5;4;5;2;1;1
Acessar a via sem observar a presenca dos outros veiculos;Queda de ocupante de veiculo;Plena Noite;Ceu Claro;Motoneta;Ileso;2;4;5;2;1;3
Acessar a via sem observar a presenca dos outros veiculos;Queda de ocupante de veiculo;Plena Noite;Ceu Claro;Motoneta;Lesoes Graves;4;4;5;2;1;3
Acessar a via sem observar a presenca dos outros veiculos;Queda de ocupante de veiculo;Plena Noite;Ceu Claro;Motoneta;Lesoes Leves;14;4;5;2;1;3
Acessar a via sem observar a presenca dos outros veiculos;Queda de ocupante de veiculo;Plena Noite;Ceu Claro;Motoneta;Obito;1;4;5;2;1;3
Acessar a via sem observar a presenca dos outros veiculos;Queda de ocupante de veiculo;Plena Noite;Ceu Claro;Nao Informado;Ileso;2;4;5;2;1;3
Acessar a via sem observar a presenca dos outros veiculos;Queda de ocupante de veiculo;Plena Noite;Ceu Claro;Nao se aplica;Lesoes Graves;3;4;5;2;1;3
Acessar a via sem observar a presenca dos outros veiculos;Queda de ocupante de veiculo;Plena Noite;Ceu Claro;Nao se aplica;Lesoes Leves;2;4;5;2;1;3
Acessar a via sem observar a presenca dos outros veiculos;Queda de ocupante de veiculo;Plena Noite;Ceu Claro;Onibus;Ileso;2;4;5;2;1;3
Acessar a via sem observar a presenca dos outros veiculos;Queda de ocupante de veiculo;Plena Noite;Ceu Claro;Utilitario;Ileso;2;4;5;2;1;3
Acessar a via sem observar a presenca dos outros veiculos;Queda de ocupante de veiculo;Plena Noite;Chuva;Automovel;Ileso;7;4;5;2;2;1
Acessar a via sem observar a presenca dos outros veiculos;Queda de ocupante de veiculo;Plena Noite;Chuva;Bicicleta;Lesoes Graves;2;4;5;2;2;3
Acessar a via sem observar a presenca dos outros veiculos;Queda de ocupante de veiculo;Plena Noite;Chuva;Caminhao;Ileso;1;4;5;2;2;2
Acessar a via sem observar a presenca dos outros veiculos;Queda de ocupante de veiculo;Plena Noite;Chuva;Caminhonete;Ileso;4;4;5;2;2;2
Acessar a via sem observar a presenca dos outros veiculos;Queda de ocupante de veiculo;Plena Noite;Chuva;Motocicleta;Ileso;1;4;5;2;2;1
Acessar a via sem observar a presenca dos outros veiculos;Queda de ocupante de veiculo;Plena Noite;Chuva;Motocicleta;Lesoes Graves;6;4;5;2;2;1
Acessar a via sem observar a presenca dos outros veiculos;Queda de ocupante de veiculo;Plena Noite;Chuva;Motocicleta;Lesoes Leves;9;4;5;2;2;1
Acessar a via sem observar a presenca dos outros veiculos;Queda de ocupante de veiculo;Plena Noite;Chuva;Motoneta;Lesoes Leves;1;4;5;2;2;3
Acessar a via sem observar a presenca dos outros veiculos;Queda de ocupante de veiculo;Plena Noite;Chuva;Utilitario;Ileso;1;4;5;2;2;3
Acessar a via sem observar a presenca dos outros veiculos;Queda de ocupante de veiculo;Plena Noite;Garoa/Chuvisco;Automovel;Ileso;9;4;5;2;3;1
Acessar a via sem observar a presenca dos outros veiculos;Queda de ocupante de veiculo;Plena Noite;Garoa/Chuvisco;Automovel;Lesoes Leves;1;4;5;2;3;1
Acessar a via sem observar a presenca dos outros veiculos;Queda de ocupante de veiculo;Plena Noite;Garoa/Chuvisco;Bicicleta;Obito;2;4;5;2;3;3
Acessar a via sem observar a presenca dos outros veiculos;Queda de ocupante de veiculo;Plena Noite;Garoa/Chuvisco;Caminhao;Ileso;2;4;5;2;3;2
Acessar a via sem observar a presenca dos outros veiculos;Queda de ocupante de veiculo;Plena Noite;Garoa/Chuvisco;Caminhonete;Ileso;2;4;5;2;3;2
Acessar a via sem observar a presenca dos outros veiculos;Queda de ocupante de veiculo;Plena Noite;Garoa/Chuvisco;Motocicleta;Ileso;1;4;5;2;3;1
Acessar a via sem observar a presenca dos outros veiculos;Queda de ocupante de veiculo;Plena Noite;Garoa/Chuvisco;Motocicleta;Lesoes Graves;4;4;5;2;3;1
Acessar a via sem observar a presenca dos outros veiculos;Queda de ocupante de veiculo;Plena Noite;Garoa/Chuvisco;Motocicleta;Lesoes Leves;7;4;5;2;3;1
Acessar a via sem observar a presenca dos outros veiculos;Queda de ocupante de veiculo;Plena Noite;Garoa/Chuvisco;Motoneta;Lesoes Leves;2;4;5;2;3;3
Acessar a via sem observar a presenca dos outros veiculos;Queda de ocupante de veiculo;Plena Noite;Garoa/Chuvisco;Nao Informado;Ileso;2;4;5;2;3;3
Acessar a via sem observar a presenca dos outros veiculos;Queda de ocupante de veiculo;Plena Noite;Nublado;Automovel;Ileso;31;4;5;2;2;1
Acessar a via sem observar a presenca dos outros veiculos;Queda de ocupante de veiculo;Plena Noite;Nublado;Automovel;Lesoes Leves;3;4;5;2;2;1
Acessar a via sem observar a presenca dos outros veiculos;Queda de ocupante de veiculo;Plena Noite;Nublado;Bicicleta;Lesoes Graves;5;4;5;2;2;3
Acessar a via sem observar a presenca dos outros veiculos;Queda de ocupante de veiculo;Plena Noite;Nublado;Bicicleta;Lesoes Leves;7;4;5;2;2;3
Acessar a via sem observar a presenca dos outros veiculos;Queda de ocupante de veiculo;Plena Noite;Nublado;Bicicleta;Obito;1;4;5;2;2;3
Acessar a via sem observar a presenca dos outros veiculos;Queda de ocupante de veiculo;Plena Noite;Nublado;Caminhao;Ileso;4;4;5;2;2;2
Acessar a via sem observar a presenca dos outros veiculos;Queda de ocupante de veiculo;Plena Noite;Nublado;Caminhao-trator;Ileso;7;4;5;2;2;2
Acessar a via sem observar a presenca dos outros veiculos;Queda de ocupante de veiculo;Plena Noite;Nublado;Caminhao-trator;Lesoes Graves;1;4;5;2;2;2
Acessar a via sem observar a presenca dos outros veiculos;Queda de ocupante de veiculo;Plena Noite;Nublado;Caminhonete;Ileso;3;4;5;2;2;2
Acessar a via sem observar a presenca dos outros veiculos;Queda de ocupante de veiculo;Plena Noite;Nublado;Motocicleta;Ileso;3;4;5;2;2;1
Acessar a via sem observar a presenca dos outros veiculos;Queda de ocupante de veiculo;Plena Noite;Nublado;Motocicleta;Lesoes Graves;23;4;5;2;2;1
Acessar a via sem observar a presenca dos outros veiculos;Queda de ocupante de veiculo;Plena Noite;Nublado;Motocicleta;Lesoes Leves;22;4;5;2;2;1
Acessar a via sem observar a presenca dos outros veiculos;Queda de ocupante de veiculo;Plena Noite;Nublado;Motocicleta;Obito;5;4;5;2;2;1
Acessar a via sem observar a presenca dos outros veiculos;Queda de ocupante de veiculo;Plena Noite;Nublado;Motoneta;Ileso;1;4;5;2;2;3
Acessar a via sem observar a presenca dos outros veiculos;Queda de ocupante de veiculo;Plena Noite;Nublado;Motoneta;Lesoes Graves;1;4;5;2;2;3
Acessar a via sem observar a presenca dos outros veiculos;Queda de ocupante de veiculo;Plena Noite;Nublado;Motoneta;Lesoes Leves;2;4;5;2;2;3
Acessar a via sem observar a presenca dos outros veiculos;Queda de ocupante de veiculo;Plena Noite;Nublado;Nao Informado;Ileso;8;4;5;2;2;3
Acessar a via sem observar a presenca dos outros veiculos;Queda de ocupante de veiculo;Plena Noite;Nublado;Onibus;Ileso;1;4;5;2;2;3
Acessar a via sem observar a presenca dos outros veiculos;Queda de ocupante de veiculo;Plena Noite;Nublado;Triciclo;Lesoes Graves;1;4;5;2;2;5
Acessar a via sem observar a presenca dos outros veiculos;Queda de ocupante de veiculo;Plena Noite;Nublado;Utilitario;Ileso;2;4;5;2;2;3
Acessar a via sem observar a presenca dos outros veiculos;Queda de ocupante de veiculo;Pleno dia;Ceu Claro;Automovel;Ileso;206;4;5;1;1;1
Acessar a via sem observar a presenca dos outros veiculos;Queda de ocupante de veiculo;Pleno dia;Ceu Claro;Automovel;Lesoes Graves;1;4;5;1;1;1
Acessar a via sem observar a presenca dos outros veiculos;Queda de ocupante de veiculo;Pleno dia;Ceu Claro;Automovel;Lesoes Leves;8;4;5;1;1;1
Acessar a via sem observar a presenca dos outros veiculos;Queda de ocupante de veiculo;Pleno dia;Ceu Claro;Bicicleta;Ileso;2;4;5;1;1;3
Acessar a via sem observar a presenca dos outros veiculos;Queda de ocupante de veiculo;Pleno dia;Ceu Claro;Bicicleta;Lesoes Graves;10;4;5;1;1;3
Acessar a via sem observar a presenca dos outros veiculos;Queda de ocupante de veiculo;Pleno dia;Ceu Claro;Bicicleta;Lesoes Leves;33;4;5;1;1;3
Acessar a via sem observar a presenca dos outros veiculos;Queda de ocupante de veiculo;Pleno dia;Ceu Claro;Bicicleta;Obito;4;4;5;1;1;3
Acessar a via sem observar a presenca dos outros veiculos;Queda de ocupante de veiculo;Pleno dia;Ceu Claro;Caminhao;Ileso;23;4;5;1;1;2
Acessar a via sem observar a presenca dos outros veiculos;Queda de ocupante de veiculo;Pleno dia;Ceu Claro;Caminhao-trator;Ileso;15;4;5;1;1;2
Acessar a via sem observar a presenca dos outros veiculos;Queda de ocupante de veiculo;Pleno dia;Ceu Claro;Caminhonete;Ileso;53;4;5;1;1;2
Acessar a via sem observar a presenca dos outros veiculos;Queda de ocupante de veiculo;Pleno dia;Ceu Claro;Caminhonete;Lesoes Leves;2;4;5;1;1;2
Acessar a via sem observar a presenca dos outros veiculos;Queda de ocupante de veiculo;Pleno dia;Ceu Claro;Ciclomotor;Ileso;2;4;5;1;1;4
Acessar a via sem observar a presenca dos outros veiculos;Queda de ocupante de veiculo;Pleno dia;Ceu Claro;Ciclomotor;Lesoes Leves;6;4;5;1;1;4
Acessar a via sem observar a presenca dos outros veiculos;Queda de ocupante de veiculo;Pleno dia;Ceu Claro;Micro-onibus;Ileso;7;4;5;1;1;4
Acessar a via sem observar a presenca dos outros veiculos;Queda de ocupante de veiculo;Pleno dia;Ceu Claro;Motocicleta;Ileso;20;4;5;1;1;1
Acessar a via sem observar a presenca dos outros veiculos;Queda de ocupante de veiculo;Pleno dia;Ceu Claro;Motocicleta;Lesoes Graves;108;4;5;1;1;1
Acessar a via sem observar a presenca dos outros veiculos;Queda de ocupante de veiculo;Pleno dia;Ceu Claro;Motocicleta;Lesoes Leves;231;4;5;1;1;1
Acessar a via sem observar a presenca dos outros veiculos;Queda de ocupante de veiculo;Pleno dia;Ceu Claro;Motocicleta;Obito;9;4;5;1;1;1
Acessar a via sem observar a presenca dos outros veiculos;Queda de ocupante de veiculo;Pleno dia;Ceu Claro;Motoneta;Ileso;2;4;5;1;1;3
Acessar a via sem observar a presenca dos outros veiculos;Queda de ocupante de veiculo;Pleno dia;Ceu Claro;Motoneta;Lesoes Graves;13;4;5;1;1;3
Acessar a via sem observar a presenca dos outros veiculos;Queda de ocupante de veiculo;Pleno dia;Ceu Claro;Motoneta;Lesoes Leves;40;4;5;1;1;3
Acessar a via sem observar a presenca dos outros veiculos;Queda de ocupante de veiculo;Pleno dia;Ceu Claro;Motoneta;Obito;1;4;5;1;1;3
Acessar a via sem observar a presenca dos outros veiculos;Queda de ocupante de veiculo;Pleno dia;Ceu Claro;Nao Informado;Ileso;17;4;5;1;1;3