causa_acidente;tipo_acidente;fase_dia;condicao_metereologica;tipo_veiculo;estado_fisico;count;causa_acidente_criterios;tipo_acidente_criterios;fase_dia_criterios;condicao_metereologica_criterios;tipo_veiculo_criterios
Acessar a via sem observar a presenca dos outros veiculos;Saida de leito carrocavel;Pleno dia;Nublado;Automovel;Ileso;16;4;5;1;2;1
Acessar a via sem observar a presenca dos outros veiculos;Saida de leito carrocavel;Pleno dia;Nublado;Automovel;Lesoes Graves;3;4;5;1;2;1
Acessar a via sem observar a presenca dos outros veiculos;Saida de leito carrocavel;Pleno dia;Nublado;Automovel;Lesoes Leves;20;4;5;1;2;1
Acessar a via sem observar a presenca dos outros veiculos;Saida de leito carrocavel;Pleno dia;Nublado;Caminhao;Ileso;7;4;5;1;2;2
Acessar a via sem observar a presenca dos outros veiculos;Saida de leito carrocavel;Pleno dia;Nublado;Caminhao-trator;Ileso;2;4;5;1;2;2
Acessar a via sem observar a presenca dos outros veiculos;Saida de leito carrocavel;Pleno dia;Nublado;Caminhao-trator;Lesoes Leves;1;4;5;1;2;2
Acessar a via sem observar a presenca dos outros veiculos;Saida de leito carrocavel;Pleno dia;Nublado;Caminhonete;Ileso;4;4;5;1;2;2
Acessar a via sem observar a presenca dos outros veiculos;Saida de leito carrocavel;Pleno dia;Nublado;Caminhonete;Lesoes Graves;1;4;5;1;2;2
Acessar a via sem observar a presenca dos outros veiculos;Saida de leito carrocavel;Pleno dia;Nublado;Caminhonete;Obito;1;4;5;1;2;2
Acessar a via sem observar a presenca dos outros veiculos;Saida de leito carrocavel;Pleno dia;Nublado;Motocicleta;Lesoes Leves;6;4;5;1;2;1
Acessar a via sem observar a presenca dos outros veiculos;Saida de leito carrocavel;Pleno dia;Nublado;Motocicleta;Obito;1;4;5;1;2;1
Acessar a via sem observar a presenca dos outros veiculos;Saida de leito carrocavel;Pleno dia;Nublado;Nao Informado;Ileso;7;4;5;1;2;3
Acessar a via sem observar a presenca dos outros veiculos;Saida de leito carrocavel;Pleno dia;Nublado;Nao Informado;Lesoes Leves;1;4;5;1;2;3
Acessar a via sem observar a presenca dos outros veiculos;Saida de leito carrocavel;Pleno dia;Sol;Automovel;Ileso;5;4;5;1;3;1
Acessar a via sem observar a presenca dos outros veiculos;Saida de leito carrocavel;Pleno dia;Sol;Automovel;Lesoes Graves;6;4;5;1;3;1
Acessar a via sem observar a presenca dos outros veiculos;Saida de leito carrocavel;Pleno dia;Sol;Automovel;Lesoes Leves;11;4;5;1;3;1
Acessar a via sem observar a presenca dos outros veiculos;Saida de leito carrocavel;Pleno dia;Sol;Automovel;Obito;1;4;5;1;3;1
Acessar a via sem observar a presenca dos outros veiculos;Saida de leito carrocavel;Pleno dia;Sol;Caminhao;Ileso;1;4;5;1;3;2
Acessar a via sem observar a presenca dos outros veiculos;Saida de leito carrocavel;Pleno dia;Sol;Caminhao-trator;Ileso;2;4;5;1;3;2
Acessar a via sem observar a presenca dos outros veiculos;Saida de leito carrocavel;Pleno dia;Sol;Caminhonete;Ileso;3;4;5;1;3;2
Acessar a via sem observar a presenca dos outros veiculos;Saida de leito carrocavel;Pleno dia;Sol;Caminhonete;Lesoes Leves;3;4;5;1;3;2
Acessar a via sem observar a presenca dos outros veiculos;Saida de leito carrocavel;Pleno dia;Sol;Motocicleta;Ileso;1;4;5;1;3;1
Acessar a via sem observar a presenca dos outros veiculos;Saida de leito carrocavel;Pleno dia;Sol;Onibus;Ileso;9;4;5;1;3;3
Acessar a via sem observar a presenca dos outros veiculos;Tombamento;Amanhecer;Ceu Claro;Automovel;Ileso;4;4;5;4;1;1
Acessar a via sem observar a presenca dos outros veiculos;Tombamento;Amanhecer;Ceu Claro;Bicicleta;Lesoes Leves;1;4;5;4;1;3
Acessar a via sem observar a presenca dos outros veiculos;Tombamento;Amanhecer;Ceu Claro;Bicicleta;Obito;1;4;5;4;1;3
Acessar a via sem observar a presenca dos outros veiculos;Tombamento;Amanhecer;Ceu Claro;Caminhao-trator;Ileso;2;4;5;4;1;2
Acessar a via sem observar a presenca dos outros veiculos;Tombamento;Amanhecer;Ceu Claro;Caminhonete;Ileso;1;4;5;4;1;2
Acessar a via sem observar a presenca dos outros veiculos;Tombamento;Amanhecer;Ceu Claro;Ciclomotor;Lesoes Leves;1;4;5;4;1;4
Acessar a via sem observar a presenca dos outros veiculos;Tombamento;Amanhecer;Ceu Claro;Motocicleta;Lesoes Graves;3;4;5;4;1;1
Acessar a via sem observar a presenca dos outros veiculos;Tombamento;Amanhecer;Ceu Claro;Motocicleta;Lesoes Leves;3;4;5;4;1;1
Acessar a via sem observar a presenca dos outros veiculos;Tombamento;Amanhecer;Ceu Claro;Motocicleta;Obito;2;4;5;4;1;1
Acessar a via sem observar a presenca dos outros veiculos;Tombamento;Amanhecer;Ceu Claro;Motoneta;Ileso;1;4;5;4;1;3
Acessar a via sem observar a presenca dos outros veiculos;Tombamento;Amanhecer;Chuva;Automovel;Ileso;2;4;5;4;2;1
Acessar a via sem observar a presenca dos outros veiculos;Tombamento;Amanhecer;Chuva;Motocicleta;Ileso;1;4;5;4;2;1
Acessar a via sem observar a presenca dos outros veiculos;Tombamento;Amanhecer;Chuva;Motocicleta;Lesoes Leves;1;4;5;4;2;1
Acessar a via sem observar a presenca dos outros veiculos;Tombamento;Amanhecer;Nublado;Automovel;Ileso;1;4;5;4;2;1
Acessar a via sem observar a presenca dos outros veiculos;Tombamento;Amanhecer;Nublado;Automovel;Lesoes Leves;1;4;5;4;2;1
Acessar a via sem observar a presenca dos outros veiculos;Tombamento;Amanhecer;Nublado;Motocicleta;Lesoes Graves;1;4;5;4;2;1
Acessar a via sem observar a presenca dos outros veiculos;Tombamento;Amanhecer;Nublado;Motocicleta;Lesoes Leves;3;4;5;4;2;1
Acessar a via sem observar a presenca dos outros veiculos;Tombamento;Amanhecer;Nublado;Utilitario;Ileso;1;4;5;4;2;3
Acessar a via sem observar a presenca dos outros veiculos;Tombamento;Amanhecer;Sol;Automovel;Ileso;1;4;5;4;3;1
Acessar a via sem observar a presenca dos outros veiculos;Tombamento;Amanhecer;Sol;Motocicleta;Ileso;1;4;5;4;3;1
Acessar a via sem observar a presenca dos outros veiculos;Tombamento;Anoitecer;Ceu Claro;Automovel;Ileso;13;4;5;4;1;1
Acessar a via sem observar a presenca dos outros veiculos;Tombamento;Anoitecer;Ceu Claro;Automovel;Lesoes Graves;1;4;5;4;1;1
Acessar a via sem observar a presenca dos outros veiculos;Tombamento;Anoitecer;Ceu Claro;Automovel;Lesoes Leves;2;4;5;4;1;1
Acessar a via sem observar a presenca dos outros veiculos;Tombamento;Anoitecer;Ceu Claro;Automovel;Obito;2;4;5;4;1;1
Acessar a via sem observar a presenca dos outros veiculos;Tombamento;Anoitecer;Ceu Claro;Bicicleta;Lesoes Leves;2;4;5;4;1;3
Acessar a via sem observar a presenca dos outros veiculos;Tombamento;Anoitecer;Ceu Claro;Caminhao;Ileso;1;4;5;4;1;2
Acessar a via sem observar a presenca dos outros veiculos;Tombamento;Anoitecer;Ceu Claro;Caminhao-trator;Ileso;1;4;5;4;1;2
Acessar a via sem observar a presenca dos outros veiculos;Tombamento;Anoitecer;Ceu Claro;Caminhonete;Ileso;2;4;5;4;1;2
Acessar a via sem observar a presenca dos outros veiculos;Tombamento;Anoitecer;Ceu Claro;Motocicleta;Ileso;2;4;5;4;1;1
Acessar a via sem observar a presenca dos outros veiculos;Tombamento;Anoitecer;Ceu Claro;Motocicleta;Lesoes Graves;6;4;5;4;1;1
Acessar a via sem observar a presenca dos outros veiculos;Tombamento;Anoitecer;Ceu Claro;Motocicleta;Lesoes Leves;16;4;5;4;1;1
Acessar a via sem observar a presenca dos outros veiculos;Tombamento;Anoitecer;Ceu Claro;Motoneta;Lesoes Leves;4;4;5;4;1;3
Acessar a via sem observar a presenca dos outros veiculos;Tombamento;Anoitecer;Ceu Claro;Motoneta;Obito;1;4;5;4;1;3
Acessar a via sem observar a presenca dos outros veiculos;Tombamento;Anoitecer;Ceu Claro;Nao se aplica;Lesoes Leves;1;4;5;4;1;3
Acessar a via sem observar a presenca dos outros veiculos;Tombamento;Anoitecer;Chuva;Automovel;Ileso;1;4;5;4;2;1
Acessar a via sem observar a presenca dos outros veiculos;Tombamento;Anoitecer;Chuva;Motocicleta;Ileso;2;4;5;4;2;1
Acessar a via sem observar a presenca dos outros veiculos;Tombamento;Anoitecer;Chuva;Motocicleta;Lesoes Graves;1;4;5;4;2;1
Acessar a via sem observar a presenca dos outros veiculos;Tombamento;Anoitecer;Chuva;Motocicleta;Lesoes Leves;4;4;5;4;2;1
Acessar a via sem observar a presenca dos outros veiculos;Tombamento;Anoitecer;Garoa/Chuvisco;Caminhonete;Ileso;1;4;5;4;3;2
Acessar a via sem observar a presenca dos outros veiculos;Tombamento;Anoitecer;Garoa/Chuvisco;Motocicleta;Lesoes Leves;1;4;5;4;3;1
Acessar a via sem observar a presenca dos outros veiculos;Tombamento;Anoitecer;Ignorado;Automovel;Ileso;1;4;5;4;0;1
Acessar a via sem observar a presenca dos outros veiculos;Tombamento;Anoitecer;Ignorado;Caminhao;Ileso;2;4;5;4;0;2
Acessar a via sem observar a presenca dos outros veiculos;Tombamento;Anoitecer;Ignorado;Caminhao;Lesoes Leves;1;4;5;4;0;2
Acessar a via sem observar a presenca dos outros veiculos;Tombamento;Anoitecer;Ignorado;Caminhao-trator;Ileso;1;4;5;4;0;2
Acessar a via sem observar a presenca dos outros veiculos;Tombamento;Anoitecer;Ignorado;Caminhonete;Ileso;1;4;5;4;0;2
Acessar a via sem observar a presenca dos outros veiculos;Tombamento;Anoitecer;Ignorado;Motocicleta;Lesoes Graves;1;4;5;4;0;1
Acessar a via sem observar a presenca dos outros veiculos;Tombamento;Anoitecer;Ignorado;Motocicleta;Lesoes Leves;1;4;5;4;0;1
Acessar a via sem observar a presenca dos outros veiculos;Tombamento;Anoitecer;Nublado;Automovel;Ileso;4;4;5;4;2;1
Acessar a via sem observar a presenca dos outros veiculos;Tombamento;Anoitecer;Nublado;Automovel;Lesoes Leves;3;4;5;4;2;1
Acessar a via sem observar a presenca dos outros veiculos;Tombamento;Anoitecer;Nublado;Caminhao-trator;Ileso;1;4;5;4;2;2
Acessar a via sem observar a presenca dos outros veiculos;Tombamento;Anoitecer;Nublado;Caminhonete;Ileso;1;4;5;4;2;2
Acessar a via sem observar a presenca dos outros veiculos;Tombamento;Anoitecer;Nublado;Motocicleta;Ileso;1;4;5;4;2;1
Acessar a via sem observar a presenca dos outros veiculos;Tombamento;Anoitecer;Nublado;Motocicleta;Lesoes Leves;4;4;5;4;2;1
Acessar a via sem observar a presenca dos outros veiculos;Tombamento;Anoitecer;Nublado;Motoneta;Lesoes Leves;1;4;5;4;2;3
Acessar a via sem observar a presenca dos outros veiculos;Tombamento;Anoitecer;Nublado;Motoneta;Obito;1;4;5;4;2;3
Acessar a via sem observar a presenca dos outros veiculos;Tombamento;Anoitecer;Nublado;Onibus;Ileso;1;4;5;4;2;3
Acessar a via sem observar a presenca dos outros veiculos;Tombamento;Anoitecer;Sol;Caminhonete;Ileso;5;4;5;4;3;2
Acessar a via sem observar a presenca dos outros veiculos;Tombamento;Anoitecer;Sol;Motocicleta;Lesoes Graves;1;4;5;4;3;1
Acessar a via sem observar a presenca dos outros veiculos;Tombamento;Plena Noite;Ceu Claro;Automovel;Ileso;81;4;5;2;1;1
Acessar a via sem observar a presenca dos outros veiculos;Tombamento;Plena Noite;Ceu Claro;Automovel;Lesoes Graves;2;4;5;2;1;1
Acessar a via sem observar a presenca dos outros veiculos;Tombamento;Plena Noite;Ceu Claro;Automovel;Lesoes Leves;5;4;5;2;1;1
Acessar a via sem observar a presenca dos outros veiculos;Tombamento;Plena Noite;Ceu Claro;Bicicleta;Ileso;2;4;5;2;1;3
Acessar a via sem observar a presenca dos outros veiculos;Tombamento;Plena Noite;Ceu Claro;Bicicleta;Lesoes Graves;6;4;5;2;1;3
Acessar a via sem observar a presenca dos outros veiculos;Tombamento;Plena Noite;Ceu Claro;Bicicleta;Lesoes Leves;7;4;5;2;1;3
Acessar a via sem observar a presenca dos outros veiculos;Tombamento;Plena Noite;Ceu Claro;Bicicleta;Obito;3;4;5;2;1;3
Acessar a via sem observar a presenca dos outros veiculos;Tombamento;Plena Noite;Ceu Claro;Caminhao;Ileso;9;4;5;2;1;2
Acessar a via sem observar a presenca dos outros veiculos;Tombamento;Plena Noite;Ceu Claro;Caminhao;Lesoes Leves;1;4;5;2;1;2
Acessar a via sem observar a presenca dos outros veiculos;Tombamento;Plena Noite;Ceu Claro;Caminhao-trator;Ileso;11;4;5;2;1;2
Acessar a via sem observar a presenca dos outros veiculos;Tombamento;Plena Noite;Ceu Claro;Caminhao-trator;Lesoes Leves;1;4;5;2;1;2
Acessar a via sem observar a presenca dos outros veiculos;Tombamento;Plena Noite;Ceu Claro;Caminhonete;Ileso;9;4;5;2;1;2
Acessar a via sem observar a presenca dos outros veiculos;Tombamento;Plena Noite;Ceu Claro;Caminhonete;Lesoes Leves;4;4;5;2;1;2
Acessar a via sem observar a presenca dos outros veiculos;Tombamento;Plena Noite;Ceu Claro;Carroca-charrete;Lesoes Leves;1;4;5;2;1;5
Acessar a via sem observar a presenca dos outros veiculos;Tombamento;Plena Noite;Ceu Claro;Motocicleta;Ileso;5;4;5;2;1;1
Acessar a via sem observar a presenca dos outros veiculos;Tombamento;Plena Noite;Ceu Claro;Motocicleta;Lesoes Graves;35;4;5;2;1;1
Acessar a via sem observar a presenca dos outros veiculos;Tombamento;Plena Noite;Ceu Claro;Motocicleta;Lesoes Leves;72;4;5;2;1;1
Acessar a via sem observar a presenca dos outros veiculos;Tombamento;Plena Noite;Ceu Claro;Motocicleta;Obito;5;4;5;2;1;1
Acessar a via sem observar a presenca dos outros veiculos;Tombamento;Plena Noite;Ceu Claro;Motoneta;Ileso;1;4;5;2;1;3
Acessar a via sem observar a presenca dos outros veiculos;Tombamento;Plena Noite;Ceu Claro;Motoneta;Lesoes Graves;4;4;5;2;1;3
Acessar a via sem observar a presenca dos outros veiculos;Tombamento;Plena Noite;Ceu Claro;Motoneta;Lesoes Leves;11;4;5;2;1;3
Acessar a via sem observar a presenca dos outros veiculos;Tombamento;Plena Noite;Ceu Claro;Motoneta;Obito;1;4;5;2;1;3
Acessar a via sem observar a presenca dos outros veiculos;Tombamento;Plena Noite;Ceu Claro;Nao Informado;Lesoes Leves;1;4;5;2;1;3
Acessar a via sem observar a presenca dos outros veiculos;Tombamento;Plena Noite;Ceu Claro;Nao se aplica;Lesoes Graves;2;4;5;2;1;3
Acessar a via sem observar a presenca dos outros veiculos;Tombamento;Plena Noite;Ceu Claro;Nao se aplica;Lesoes Leves;1;4;5;2;1;3
Acessar a via sem observar a presenca dos outros veiculos;Tombamento;Plena Noite;Ceu Claro;Nao se aplica;Obito;1;4;5;2;1;3
Acessar a via sem observar a presenca dos outros veiculos;Tombamento;Plena Noite;Ceu Claro;Onibus;Ileso;4;4;5;2;1;3
Acessar a via sem observar a presenca dos outros veiculos;Tombamento;Plena Noite;Ceu Claro;Utilitario;Ileso;2;4;5;2;1;3
Acessar a via sem observar a presenca dos outros veiculos;Tombamento;Plena Noite;Chuva;Automovel;Ileso;3;4;5;2;2;1
Acessar a via sem observar a presenca dos outros veiculos;Tombamento;Plena Noite;Chuva;Bicicleta;Lesoes Graves;1;4;5;2;2;3
Acessar a via sem observar a presenca dos outros veiculos;Tombamento;Plena Noite;Chuva;Caminhonete;Ileso;3;4;5;2;2;2
Acessar a via sem observar a presenca dos outros veiculos;Tombamento;Plena Noite;Chuva;Motocicleta;Ileso;1;4;5;2;2;1
Acessar a via sem observar a presenca dos outros veiculos;Tombamento;Plena Noite;Chuva;Motocicleta;Lesoes Graves;4;4;5;2;2;1
Acessar a via sem observar a presenca dos outros veiculos;Tombamento;Plena Noite;Chuva;Motocicleta;Lesoes Leves;5;4;5;2;2;1
Acessar a via sem observar a presenca dos outros veiculos;Tombamento;Plena Noite;Chuva;Motocicleta;Obito;2;4;5;2;2;1
Acessar a via sem observar a presenca dos outros veiculos;Tombamento;Plena Noite;Garoa/Chuvisco;Automovel;Ileso;9;4;5;2;3;1
Acessar a via sem observar a presenca dos outros veiculos;Tombamento;Plena Noite;Garoa/Chuvisco;Automovel;Lesoes Leves;1;4;5;2;3;1
Acessar a via sem observar a presenca dos outros veiculos;Tombamento;Plena Noite;Garoa/Chuvisco;Bicicleta;Lesoes Leves;1;4;5;2;3;3
Acessar a via sem observar a presenca dos outros veiculos;Tombamento;Plena Noite;Garoa/Chuvisco;Bicicleta;Obito;1;4;5;2;3;3
Acessar a via sem observar a presenca dos outros veiculos;Tombamento;Plena Noite;Garoa/Chuvisco;Caminhao;Ileso;2;4;5;2;3;2
Acessar a via sem observar a presenca dos outros veiculos;Tombamento;Plena Noite;Garoa/Chuvisco;Caminhonete;Ileso;1;4;5;2;3;2
Acessar a via sem observar a presenca dos outros veiculos;Tombamento;Plena Noite;Garoa/Chuvisco;Motocicleta;Ileso;1;4;5;2;3;1
Acessar a via sem observar a presenca dos outros veiculos;Tombamento;Plena Noite;Garoa/Chuvisco;Motocicleta;Lesoes Graves;4;4;5;2;3;1
Acessar a via sem observar a presenca dos outros veiculos;Tombamento;Plena Noite;Garoa/Chuvisco;Motocicleta;Lesoes Leves;8;4;5;2;3;1
Acessar a via sem observar a presenca dos outros veiculos;Tombamento;Plena Noite;Garoa/Chuvisco;Motoneta;Lesoes Leves;2;4;5;2;3;3
Acessar a via sem observar a presenca dos outros veiculos;Tombamento;Plena Noite;Garoa/Chuvisco;Nao Informado;Ileso;2;4;5;2;3;3
Acessar a via sem observar a presenca dos outros veiculos;Tombamento;Plena Noite;Nublado;Automovel;Ileso;21;4;5;2;2;1
Acessar a via sem observar a presenca dos outros veiculos;Tombamento;Plena Noite;Nublado;Automovel;Lesoes Leves;1;4;5;2;2;1
Acessar a via sem observar a presenca dos outros veiculos;Tombamento;Plena Noite;Nublado;Bicicleta;Lesoes Graves;4;4;5;2;2;3
Acessar a via sem observar a presenca dos outros veiculos;Tombamento;Plena Noite;Nublado;Bicicleta;Lesoes Leves;3;4;5;2;2;3
Acessar a via sem observar a presenca dos outros veiculos;Tombamento;Plena Noite;Nublado;Caminhao;Ileso;2;4;5;2;2;2
Acessar a via sem observar a presenca dos outros veiculos;Tombamento;Plena Noite;Nublado;Caminhao-trator;Ileso;5;4;5;2;2;2
Acessar a via sem observar a presenca dos outros veiculos;Tombamento;Plena Noite;Nublado;Caminhonete;Ileso;3;4;5;2;2;2
Acessar a via sem observar a presenca dos outros veiculos;Tombamento;Plena Noite;Nublado;Motocicleta;Ileso;2;4;5;2;2;1
Acessar a via sem observar a presenca dos outros veiculos;Tombamento;Plena Noite;Nublado;Motocicleta;Lesoes Graves;17;4;5;2;2;1
Acessar a via sem observar a presenca dos outros veiculos;Tombamento;Plena Noite;Nublado;Motocicleta;Lesoes Leves;21;4;5;2;2;1
Acessar a via sem observar a presenca dos outros veiculos;Tombamento;Plena Noite;Nublado;Motocicleta;Obito;4;4;5;2;2;1
Acessar a via sem observar a presenca dos outros veiculos;Tombamento;Plena Noite;Nublado;Motoneta;Ileso;1;4;5;2;2;3
Acessar a via sem observar a presenca dos outros veiculos;Tombamento;Plena Noite;Nublado;Motoneta;Lesoes Graves;1;4;5;2;2;3
Acessar a via sem observar a presenca dos outros veiculos;Tombamento;Plena Noite;Nublado;Nao Informado;Ileso;7;4;5;2;2;3
Acessar a via sem observar a presenca dos outros veiculos;Tombamento;Plena Noite;Nublado;Onibus;Ileso;1;4;5;2;2;3
Acessar a via sem observar a presenca dos outros veiculos;Tombamento;Plena Noite;Nublado;Utilitario;Ileso;1;4;5;2;2;3
Acessar a via sem observar a presenca dos outros veiculos;Tombamento;Pleno dia;Ceu Claro;Automovel;Ileso;161;4;5;1;1;1
Acessar a via sem observar a presenca dos outros veiculos;Tombamento;Pleno dia;Ceu Claro;Automovel;Lesoes Graves;4;4;5;1;1;1
Acessar a via sem observar a presenca dos outros veiculos;Tombamento;Pleno dia;Ceu Claro;Automovel;Lesoes Leves;12;4;5;1;1;1
Acessar a via sem observar a presenca dos outros veiculos;Tombamento;Pleno dia;Ceu Claro;Automovel;Obito;1;4;5;1;1;1
Acessar a via sem observar a presenca dos outros veiculos;Tombamento;Pleno dia;Ceu Claro;Bicicleta;Ileso;2;4;5;1;1;3
Acessar a via sem observar a presenca dos outros veiculos;Tombamento;Pleno dia;Ceu Claro;Bicicleta;Lesoes Graves;7;4;5;1;1;3
Acessar a via sem observar a presenca dos outros veiculos;Tombamento;Pleno dia;Ceu Claro;Bicicleta;Lesoes Leves;24;4;5;1;1;3
Acessar a via sem observar a presenca dos outros veiculos;Tombamento;Pleno dia;Ceu Claro;Bicicleta;Obito;2;4;5;1;1;3
Acessar a via sem observar a presenca dos outros veiculos;Tombamento;Pleno dia;Ceu Claro;Caminhao;Ileso;20;4;5;1;1;2
Acessar a via sem observar a presenca dos outros veiculos;Tombamento;Pleno dia;Ceu Claro;Caminhao-trator;Ileso;12;4;5;1;1;2
Acessar a via sem observar a presenca dos outros veiculos;Tombamento;Pleno dia;Ceu Claro;Caminhao-trator;Lesoes Graves;2;4;5;1;1;2
Acessar a via sem observar a presenca dos outros veiculos;Tombamento;Pleno dia;Ceu Claro;Caminhao-trator;Lesoes Leves;5;4;5;1;1;2
Acessar a via sem observar a presenca dos outros veiculos;Tombamento;Pleno dia;Ceu Claro;Caminhonete;Ileso;39;4;5;1;1;2
Acessar a via sem observar a presenca dos outros veiculos;Tombamento;Pleno dia;Ceu Claro;Caminhonete;Lesoes Leves;3;4;5;1;1;2
Acessar a via sem observar a presenca dos outros veiculos;Tombamento;Pleno dia;Ceu Claro;Ciclomotor;Ileso;1;4;5;1;1;4
Acessar a via sem observar a presenca dos outros veiculos;Tombamento;Pleno dia;Ceu Claro;Ciclomotor;Lesoes Leves;6;4;5;1;1;4
Acessar a via sem observar a presenca dos outros veiculos;Tombamento;Pleno dia;Ceu Claro;Micro-onibus;Ileso;6;4;5;1;1;4
Acessar a via sem observar a presenca dos outros veiculos;Tombamento;Pleno dia;Ceu Claro;Motocicleta;Ileso;15;4;5;1;1;1
Acessar a via sem observar a presenca dos outros veiculos;Tombamento;Pleno dia;Ceu Claro;Motocicleta;Lesoes Graves;71;4;5;1;1;1
Acessar a via sem observar a presenca dos outros veiculos;Tombamento;Pleno dia;Ceu Claro;Motocicleta;Lesoes Leves;187;4;5;1;1;1
Acessar a via sem observar a presenca dos outros veiculos;Tombamento;Pleno dia;Ceu Claro;Motocicleta;Obito;7;4;5;1;1;1
Acessar a via sem observar a presenca dos outros veiculos;Tombamento;Pleno dia;Ceu Claro;Motoneta;Ileso;3;4;5;1;1;3
Acessar a via sem observar a presenca dos outros veiculos;Tombamento;Pleno dia;Ceu Claro;Motoneta;Lesoes Graves;9;4;5;1;1;3
Acessar a via sem observar a presenca dos outros veiculos;Tombamento;Pleno dia;Ceu Claro;Motoneta;Lesoes Leves;33;4;5;1;1;3
Acessar a via sem observar a presenca dos outros veiculos;Tombamento;Pleno dia;Ceu Claro;Motoneta;Obito;1;4;5;1;1;3
Acessar a via sem observar a presenca dos outros veiculos;Tombamento;Pleno dia;Ceu Claro;Nao Informado;Ileso;16;4;5;1;1;3
Acessar a via sem observar a presenca dos outros veiculos;Tombamento;Pleno dia;Ceu Claro;Nao se aplica;Lesoes Graves;1;4;5;1;1;3
Acessar a via sem observar a presenca dos outros veiculos;Tombamento;Pleno dia;Ceu Claro;Nao se aplica;Lesoes Leves;1;4;5;1;1;3
Acessar a via sem observar a presenca dos outros veiculos;Tombamento;Pleno dia;Ceu Claro;Onibus;Ileso;5;4;5;1;1;3
Acessar a via sem observar a presenca dos outros veiculos;Tombamento;Pleno dia;Ceu Claro;Trator de esteira;Ileso;1;4;5;1;1;5
Acessar a via sem observar a presenca dos outros veiculos;Tombamento;Pleno dia;Ceu Claro;Trator de rodas;Lesoes Leves;1;4;5;1;1;5
Acessar a via sem observar a presenca dos outros veiculos;Tombamento;Pleno dia;Ceu Claro;Utilitario;Ileso;11;4;5;1;1;3
Acessar a via sem observar a presenca dos outros veiculos;Tombamento;Pleno dia;Chuva;Automovel;Ileso;11;4;5;1;2;1
Acessar a via sem observar a presenca dos outros veiculos;Tombamento;Pleno dia;Chuva;Automovel;Lesoes Leves;1;4;5;1;2;1
Acessar a via sem observar a presenca dos outros veiculos;Tombamento;Pleno dia;Chuva;Automovel;Obito;1;4;5;1;2;1
Acessar a via sem observar a presenca dos outros veiculos;Tombamento;Pleno dia;Chuva;Caminhao;Ileso;1;4;5;1;2;2
Acessar a via sem observar a presenca dos outros veiculos;Tombamento;Pleno dia;Chuva;Caminhonete;Ileso;5;4;5;1;2;2
Acessar a via sem observar a presenca dos outros veiculos;Tombamento;Pleno dia;Chuva;Motocicleta;Ileso;1;4;5;1;2;1
Acessar a via sem observar a presenca dos outros veiculos;Tombamento;Pleno dia;Chuva;Motocicleta;Lesoes Graves;2;4;5;1;2;1
Acessar a via sem observar a presenca dos outros veiculos;Tombamento;Pleno dia;Chuva;Motocicleta;Lesoes Leves;8;4;5;1;2;1
Acessar a via sem observar a presenca dos outros veiculos;Tombamento;Pleno dia;Chuva;Motocicleta;Obito;1;4;5;1;2;1
Acessar a via sem observar a presenca dos outros veiculos;Tombamento;Pleno dia;Chuva;Motoneta;Lesoes Leves;2;4;5;1;2;3
Acessar a via sem observar a presenca dos outros veiculos;Tombamento;Pleno dia;Chuva;Onibus;Ileso;1;4;5;1;2;3