causa_acidente;tipo_acidente;fase_dia;condicao_metereologica;tipo_veiculo;estado_fisico;count;causa_acidente_criterios;tipo_acidente_criterios;fase_dia_criterios;condicao_metereologica_criterios;tipo_veiculo_criterios
Acesso irregular;Colisao lateral sentido oposto;Anoitecer;Ceu Claro;Automovel;Lesoes Graves;1;3;4;4;1;1
Acesso irregular;Colisao lateral sentido oposto;Anoitecer;Ceu Claro;Automovel;Lesoes Leves;2;3;4;4;1;1
Acesso irregular;Colisao lateral sentido oposto;Anoitecer;Ceu Claro;Caminhonete;Ileso;1;3;4;4;1;2
Acesso irregular;Colisao lateral sentido oposto;Anoitecer;Ceu Claro;Caminhonete;Lesoes Leves;1;3;4;4;1;2
Acesso irregular;Colisao lateral sentido oposto;Anoitecer;Nublado;Automovel;Ileso;2;3;4;4;2;1
Acesso irregular;Colisao lateral sentido oposto;Anoitecer;Nublado;Caminhonete;Ileso;1;3;4;4;2;2
Acesso irregular;Colisao lateral sentido oposto;Plena Noite;Ceu Claro;Automovel;Ileso;1;3;4;2;1;1
Acesso irregular;Colisao lateral sentido oposto;Plena Noite;Ceu Claro;Caminhao;Ileso;1;3;4;2;1;2
Acesso irregular;Colisao lateral sentido oposto;Plena Noite;Ceu Claro;Ciclomotor;Lesoes Graves;1;3;4;2;1;4
Acesso irregular;Colisao lateral sentido oposto;Plena Noite;Ceu Claro;Motocicleta;Lesoes Graves;1;3;4;2;1;1
Acesso irregular;Colisao lateral sentido oposto;Plena Noite;Ceu Claro;Motocicleta;Lesoes Leves;1;3;4;2;1;1
Acesso irregular;Colisao lateral sentido oposto;Plena Noite;Chuva;Automovel;Ileso;1;3;4;2;2;1
Acesso irregular;Colisao lateral sentido oposto;Plena Noite;Chuva;Caminhonete;Ileso;3;3;4;2;2;2
Acesso irregular;Colisao lateral sentido oposto;Plena Noite;Ignorado;Motocicleta;Lesoes Leves;1;3;4;2;0;1
Acesso irregular;Colisao lateral sentido oposto;Plena Noite;Ignorado;Nao Informado;Ileso;1;3;4;2;0;3
Acesso irregular;Colisao lateral sentido oposto;Pleno dia;Ceu Claro;Automovel;Ileso;3;3;4;1;1;1
Acesso irregular;Colisao lateral sentido oposto;Pleno dia;Ceu Claro;Automovel;Lesoes Leves;3;3;4;1;1;1
Acesso irregular;Colisao lateral sentido oposto;Pleno dia;Ceu Claro;Caminhao-trator;Ileso;3;3;4;1;1;2
Acesso irregular;Colisao lateral sentido oposto;Pleno dia;Ceu Claro;Caminhao-trator;Lesoes Leves;1;3;4;1;1;2
Acesso irregular;Colisao lateral sentido oposto;Pleno dia;Ceu Claro;Motocicleta;Lesoes Leves;2;3;4;1;1;1
Acesso irregular;Colisao lateral sentido oposto;Pleno dia;Ceu Claro;Motocicleta;Obito;1;3;4;1;1;1
Acesso irregular;Colisao lateral sentido oposto;Pleno dia;Ceu Claro;Nao Informado;Ileso;2;3;4;1;1;3
Acesso irregular;Colisao lateral sentido oposto;Pleno dia;Ceu Claro;Nao Informado;Lesoes Leves;1;3;4;1;1;3
Acesso irregular;Colisao lateral sentido oposto;Pleno dia;Ceu Claro;Utilitario;Ileso;2;3;4;1;1;3
Acesso irregular;Colisao lateral sentido oposto;Pleno dia;Chuva;Automovel;Ileso;1;3;4;1;2;1
Acesso irregular;Colisao transversal;Amanhecer;Ceu Claro;Automovel;Ileso;1;3;5;4;1;1
Acesso irregular;Colisao transversal;Amanhecer;Ceu Claro;Bicicleta;Lesoes Leves;2;3;5;4;1;3
Acesso irregular;Colisao transversal;Amanhecer;Ceu Claro;Caminhao-trator;Ileso;2;3;5;4;1;2
Acesso irregular;Colisao transversal;Amanhecer;Ceu Claro;Motocicleta;Lesoes Graves;2;3;5;4;1;1
Acesso irregular;Colisao transversal;Amanhecer;Ceu Claro;Motocicleta;Lesoes Leves;6;3;5;4;1;1
Acesso irregular;Colisao transversal;Amanhecer;Ceu Claro;Motoneta;Lesoes Graves;1;3;5;4;1;3
Acesso irregular;Colisao transversal;Amanhecer;Ceu Claro;Nao Informado;Ileso;1;3;5;4;1;3
Acesso irregular;Colisao transversal;Amanhecer;Nublado;Motocicleta;Lesoes Leves;4;3;5;4;2;1
Acesso irregular;Colisao transversal;Anoitecer;Ceu Claro;Automovel;Ileso;8;3;5;4;1;1
Acesso irregular;Colisao transversal;Anoitecer;Ceu Claro;Automovel;Lesoes Leves;5;3;5;4;1;1
Acesso irregular;Colisao transversal;Anoitecer;Ceu Claro;Caminhao-trator;Ileso;1;3;5;4;1;2
Acesso irregular;Colisao transversal;Anoitecer;Ceu Claro;Caminhonete;Ileso;4;3;5;4;1;2
Acesso irregular;Colisao transversal;Anoitecer;Ceu Claro;Motocicleta;Lesoes Graves;4;3;5;4;1;1
Acesso irregular;Colisao transversal;Anoitecer;Ceu Claro;Motocicleta;Lesoes Leves;5;3;5;4;1;1
Acesso irregular;Colisao transversal;Anoitecer;Ceu Claro;Nao Informado;Ileso;1;3;5;4;1;3
Acesso irregular;Colisao transversal;Anoitecer;Chuva;Automovel;Ileso;2;3;5;4;2;1
Acesso irregular;Colisao transversal;Anoitecer;Chuva;Automovel;Lesoes Leves;1;3;5;4;2;1
Acesso irregular;Colisao transversal;Anoitecer;Chuva;Motocicleta;Lesoes Graves;1;3;5;4;2;1
Acesso irregular;Colisao transversal;Anoitecer;Garoa/Chuvisco;Caminhao-trator;Ileso;1;3;5;4;3;2
Acesso irregular;Colisao transversal;Anoitecer;Garoa/Chuvisco;Motocicleta;Lesoes Graves;1;3;5;4;3;1
Acesso irregular;Colisao transversal;Anoitecer;Nublado;Automovel;Ileso;2;3;5;4;2;1
Acesso irregular;Colisao transversal;Plena Noite;Ceu Claro;Automovel;Ileso;20;3;5;2;1;1
Acesso irregular;Colisao transversal;Plena Noite;Ceu Claro;Automovel;Lesoes Graves;1;3;5;2;1;1
Acesso irregular;Colisao transversal;Plena Noite;Ceu Claro;Automovel;Lesoes Leves;2;3;5;2;1;1
Acesso irregular;Colisao transversal;Plena Noite;Ceu Claro;Bicicleta;Lesoes Leves;2;3;5;2;1;3
Acesso irregular;Colisao transversal;Plena Noite;Ceu Claro;Bicicleta;Obito;2;3;5;2;1;3
Acesso irregular;Colisao transversal;Plena Noite;Ceu Claro;Caminhao;Ileso;1;3;5;2;1;2
Acesso irregular;Colisao transversal;Plena Noite;Ceu Claro;Caminhao;Lesoes Leves;1;3;5;2;1;2
Acesso irregular;Colisao transversal;Plena Noite;Ceu Claro;Caminhao-trator;Ileso;3;3;5;2;1;2
Acesso irregular;Colisao transversal;Plena Noite;Ceu Claro;Caminhonete;Ileso;5;3;5;2;1;2
Acesso irregular;Colisao transversal;Plena Noite;Ceu Claro;Motocicleta;Ileso;1;3;5;2;1;1
Acesso irregular;Colisao transversal;Plena Noite;Ceu Claro;Motocicleta;Lesoes Graves;7;3;5;2;1;1
Acesso irregular;Colisao transversal;Plena Noite;Ceu Claro;Motocicleta;Lesoes Leves;11;3;5;2;1;1
Acesso irregular;Colisao transversal;Plena Noite;Ceu Claro;Motocicleta;Obito;1;3;5;2;1;1
Acesso irregular;Colisao transversal;Plena Noite;Ceu Claro;Motoneta;Lesoes Graves;3;3;5;2;1;3
Acesso irregular;Colisao transversal;Plena Noite;Ceu Claro;Motoneta;Lesoes Leves;5;3;5;2;1;3
Acesso irregular;Colisao transversal;Plena Noite;Ceu Claro;Nao Informado;Ileso;4;3;5;2;1;3
Acesso irregular;Colisao transversal;Plena Noite;Ceu Claro;Onibus;Ileso;1;3;5;2;1;3
Acesso irregular;Colisao transversal;Plena Noite;Chuva;Caminhonete;Lesoes Leves;2;3;5;2;2;2
Acesso irregular;Colisao transversal;Plena Noite;Chuva;Motocicleta;Lesoes Graves;2;3;5;2;2;1
Acesso irregular;Colisao transversal;Plena Noite;Garoa/Chuvisco;Automovel;Ileso;3;3;5;2;3;1
Acesso irregular;Colisao transversal;Plena Noite;Garoa/Chuvisco;Caminhonete;Ileso;5;3;5;2;3;2
Acesso irregular;Colisao transversal;Plena Noite;Garoa/Chuvisco;Caminhonete;Lesoes Leves;1;3;5;2;3;2
Acesso irregular;Colisao transversal;Plena Noite;Garoa/Chuvisco;Motocicleta;Ileso;1;3;5;2;3;1
Acesso irregular;Colisao transversal;Plena Noite;Garoa/Chuvisco;Motocicleta;Lesoes Graves;1;3;5;2;3;1
Acesso irregular;Colisao transversal;Plena Noite;Garoa/Chuvisco;Motocicleta;Lesoes Leves;3;3;5;2;3;1
Acesso irregular;Colisao transversal;Plena Noite;Nublado;Automovel;Ileso;7;3;5;2;2;1
Acesso irregular;Colisao transversal;Plena Noite;Nublado;Automovel;Lesoes Leves;1;3;5;2;2;1
Acesso irregular;Colisao transversal;Plena Noite;Nublado;Bicicleta;Lesoes Leves;1;3;5;2;2;3
Acesso irregular;Colisao transversal;Plena Noite;Nublado;Motocicleta;Ileso;1;3;5;2;2;1
Acesso irregular;Colisao transversal;Plena Noite;Nublado;Motocicleta;Lesoes Leves;6;3;5;2;2;1
Acesso irregular;Colisao transversal;Plena Noite;Vento;Motocicleta;Lesoes Leves;1;3;5;2;5;1
Acesso irregular;Colisao transversal;Pleno dia;Ceu Claro;Automovel;Ileso;45;3;5;1;1;1
Acesso irregular;Colisao transversal;Pleno dia;Ceu Claro;Automovel;Lesoes Graves;4;3;5;1;1;1
Acesso irregular;Colisao transversal;Pleno dia;Ceu Claro;Automovel;Lesoes Leves;14;3;5;1;1;1
Acesso irregular;Colisao transversal;Pleno dia;Ceu Claro;Bicicleta;Lesoes Leves;4;3;5;1;1;3
Acesso irregular;Colisao transversal;Pleno dia;Ceu Claro;Caminhao;Ileso;8;3;5;1;1;2
Acesso irregular;Colisao transversal;Pleno dia;Ceu Claro;Caminhao;Lesoes Graves;1;3;5;1;1;2
Acesso irregular;Colisao transversal;Pleno dia;Ceu Claro;Caminhao;Lesoes Leves;2;3;5;1;1;2
Acesso irregular;Colisao transversal;Pleno dia;Ceu Claro;Caminhao-trator;Ileso;5;3;5;1;1;2
Acesso irregular;Colisao transversal;Pleno dia;Ceu Claro;Caminhao-trator;Lesoes Graves;2;3;5;1;1;2
Acesso irregular;Colisao transversal;Pleno dia;Ceu Claro;Caminhonete;Ileso;18;3;5;1;1;2
Acesso irregular;Colisao transversal;Pleno dia;Ceu Claro;Caminhonete;Lesoes Graves;2;3;5;1;1;2
Acesso irregular;Colisao transversal;Pleno dia;Ceu Claro;Caminhonete;Lesoes Leves;4;3;5;1;1;2
Acesso irregular;Colisao transversal;Pleno dia;Ceu Claro;Micro-onibus;Ileso;8;3;5;1;1;4
Acesso irregular;Colisao transversal;Pleno dia;Ceu Claro;Motocicleta;Ileso;5;3;5;1;1;1
Acesso irregular;Colisao transversal;Pleno dia;Ceu Claro;Motocicleta;Lesoes Graves;26;3;5;1;1;1
Acesso irregular;Colisao transversal;Pleno dia;Ceu Claro;Motocicleta;Lesoes Leves;37;3;5;1;1;1
Acesso irregular;Colisao transversal;Pleno dia;Ceu Claro;Motocicleta;Obito;2;3;5;1;1;1
Acesso irregular;Colisao transversal;Pleno dia;Ceu Claro;Motoneta;Ileso;1;3;5;1;1;3
Acesso irregular;Colisao transversal;Pleno dia;Ceu Claro;Motoneta;Lesoes Graves;1;3;5;1;1;3
Acesso irregular;Colisao transversal;Pleno dia;Ceu Claro;Motoneta;Lesoes Leves;3;3;5;1;1;3
Acesso irregular;Colisao transversal;Pleno dia;Ceu Claro;Motoneta;Obito;1;3;5;1;1;3
Acesso irregular;Colisao transversal;Pleno dia;Ceu Claro;Nao Informado;Ileso;7;3;5;1;1;3
Acesso irregular;Colisao transversal;Pleno dia;Ceu Claro;Onibus;Ileso;2;3;5;1;1;3
Acesso irregular;Colisao transversal;Pleno dia;Ceu Claro;Trator de rodas;Lesoes Leves;1;3;5;1;1;5
Acesso irregular;Colisao transversal;Pleno dia;Ceu Claro;Utilitario;Ileso;1;3;5;1;1;3
Acesso irregular;Colisao transversal;Pleno dia;Chuva;Automovel;Ileso;5;3;5;1;2;1
Acesso irregular;Colisao transversal;Pleno dia;Chuva;Caminhonete;Ileso;1;3;5;1;2;2
Acesso irregular;Colisao transversal;Pleno dia;Chuva;Caminhonete;Lesoes Graves;1;3;5;1;2;2
Acesso irregular;Colisao transversal;Pleno dia;Chuva;Caminhonete;Lesoes Leves;3;3;5;1;2;2
Acesso irregular;Colisao transversal;Pleno dia;Chuva;Motocicleta;Lesoes Graves;1;3;5;1;2;1
Acesso irregular;Colisao transversal;Pleno dia;Chuva;Motocicleta;Lesoes Leves;3;3;5;1;2;1
Acesso irregular;Colisao transversal;Pleno dia;Garoa/Chuvisco;Automovel;Lesoes Graves;1;3;5;1;3;1
Acesso irregular;Colisao transversal;Pleno dia;Garoa/Chuvisco;Automovel;Obito;3;3;5;1;3;1
Acesso irregular;Colisao transversal;Pleno dia;Garoa/Chuvisco;Bicicleta;Lesoes Leves;1;3;5;1;3;3
Acesso irregular;Colisao transversal;Pleno dia;Garoa/Chuvisco;Caminhao;Ileso;1;3;5;1;3;2
Acesso irregular;Colisao transversal;Pleno dia;Garoa/Chuvisco;Nao Informado;Lesoes Leves;4;3;5;1;3;3
Acesso irregular;Colisao transversal;Pleno dia;Nublado;Automovel;Ileso;8;3;5;1;2;1
Acesso irregular;Colisao transversal;Pleno dia;Nublado;Automovel;Lesoes Leves;3;3;5;1;2;1
Acesso irregular;Colisao transversal;Pleno dia;Nublado;Bicicleta;Lesoes Graves;1;3;5;1;2;3
Acesso irregular;Colisao transversal;Pleno dia;Nublado;Caminhao;Ileso;1;3;5;1;2;2
Acesso irregular;Colisao transversal;Pleno dia;Nublado;Caminhao-trator;Ileso;1;3;5;1;2;2
Acesso irregular;Colisao transversal;Pleno dia;Nublado;Caminhonete;Ileso;3;3;5;1;2;2
Acesso irregular;Colisao transversal;Pleno dia;Nublado;Motocicleta;Lesoes Graves;2;3;5;1;2;1
Acesso irregular;Colisao transversal;Pleno dia;Nublado;Motocicleta;Lesoes Leves;16;3;5;1;2;1
Acesso irregular;Colisao transversal;Pleno dia;Nublado;Motoneta;Ileso;1;3;5;1;2;3
Acesso irregular;Colisao transversal;Pleno dia;Nublado;Nao Informado;Ileso;1;3;5;1;2;3
Acesso irregular;Colisao transversal;Pleno dia;Nublado;Onibus;Ileso;1;3;5;1;2;3
Acesso irregular;Colisao transversal;Pleno dia;Nublado;Onibus;Lesoes Leves;1;3;5;1;2;3
Acesso irregular;Colisao transversal;Pleno dia;Nublado;Utilitario;Ileso;2;3;5;1;2;3
Acesso irregular;Colisao transversal;Pleno dia;Sol;Automovel;Ileso;12;3;5;1;3;1
Acesso irregular;Colisao transversal;Pleno dia;Sol;Automovel;Lesoes Graves;1;3;5;1;3;1
Acesso irregular;Colisao transversal;Pleno dia;Sol;Automovel;Lesoes Leves;3;3;5;1;3;1
Acesso irregular;Colisao transversal;Pleno dia;Sol;Bicicleta;Lesoes Graves;1;3;5;1;3;3
Acesso irregular;Colisao transversal;Pleno dia;Sol;Caminhao;Ileso;1;3;5;1;3;2
Acesso irregular;Colisao transversal;Pleno dia;Sol;Caminhao-trator;Ileso;2;3;5;1;3;2
Acesso irregular;Colisao transversal;Pleno dia;Sol;Caminhonete;Ileso;3;3;5;1;3;2
Acesso irregular;Colisao transversal;Pleno dia;Sol;Caminhonete;Lesoes Leves;1;3;5;1;3;2
Acesso irregular;Colisao transversal;Pleno dia;Sol;Motocicleta;Lesoes Graves;4;3;5;1;3;1
Acesso irregular;Colisao transversal;Pleno dia;Sol;Motocicleta;Lesoes Leves;7;3;5;1;3;1
Acesso irregular;Colisao transversal;Pleno dia;Sol;Motoneta;Lesoes Leves;1;3;5;1;3;3
Acesso irregular;Colisao transversal;Pleno dia;Sol;Utilitario;Ileso;1;3;5;1;3;3
Acesso irregular;Colisao traseira;Amanhecer;Garoa/Chuvisco;Motocicleta;Lesoes Leves;1;3;5;4;3;1
Acesso irregular;Colisao traseira;Amanhecer;Garoa/Chuvisco;Nao Informado;Ileso;1;3;5;4;3;3
Acesso irregular;Colisao traseira;Anoitecer;Nublado;Automovel;Ileso;1;3;5;4;2;1
Acesso irregular;Colisao traseira;Anoitecer;Nublado;Automovel;Lesoes Leves;1;3;5;4;2;1
Acesso irregular;Colisao traseira;Anoitecer;Nublado;Caminhonete;Ileso;1;3;5;4;2;2
Acesso irregular;Colisao traseira;Plena Noite;Ceu Claro;Automovel;Ileso;2;3;5;2;1;1
Acesso irregular;Colisao traseira;Plena Noite;Ceu Claro;Automovel;Lesoes Graves;2;3;5;2;1;1
Acesso irregular;Colisao traseira;Plena Noite;Ceu Claro;Caminhao;Ileso;2;3;5;2;1;2
Acesso irregular;Colisao traseira;Plena Noite;Ceu Claro;Caminhonete;Ileso;1;3;5;2;1;2
Acesso irregular;Colisao traseira;Plena Noite;Ceu Claro;Caminhonete;Lesoes Leves;1;3;5;2;1;2
Acesso irregular;Colisao traseira;Plena Noite;Ceu Claro;Ciclomotor;Lesoes Graves;1;3;5;2;1;4
Acesso irregular;Colisao traseira;Plena Noite;Ceu Claro;Ciclomotor;Obito;1;3;5;2;1;4
Acesso irregular;Colisao traseira;Plena Noite;Ceu Claro;Micro-onibus;Lesoes Leves;1;3;5;2;1;4
Acesso irregular;Colisao traseira;Plena Noite;Ceu Claro;Motocicleta;Lesoes Graves;1;3;5;2;1;1
Acesso irregular;Colisao traseira;Plena Noite;Ceu Claro;Motocicleta;Lesoes Leves;1;3;5;2;1;1
Acesso irregular;Colisao traseira;Plena Noite;Garoa/Chuvisco;Automovel;Lesoes Graves;1;3;5;2;3;1
Acesso irregular;Colisao traseira;Plena Noite;Garoa/Chuvisco;Automovel;Lesoes Leves;6;3;5;2;3;1
Acesso irregular;Colisao traseira;Plena Noite;Garoa/Chuvisco;Motocicleta;Lesoes Leves;1;3;5;2;3;1
Acesso irregular;Colisao traseira;Plena Noite;Garoa/Chuvisco;Utilitario;Ileso;1;3;5;2;3;3
Acesso irregular;Colisao traseira;Plena Noite;Nublado;Automovel;Ileso;13;3;5;2;2;1
Acesso irregular;Colisao traseira;Plena Noite;Nublado;Bicicleta;Lesoes Graves;1;3;5;2;2;3
Acesso irregular;Colisao traseira;Plena Noite;Nublado;Caminhao;Lesoes Leves;2;3;5;2;2;2
Acesso irregular;Colisao traseira;Plena Noite;Nublado;Caminhao-trator;Ileso;6;3;5;2;2;2
Acesso irregular;Colisao traseira;Plena Noite;Nublado;Caminhao-trator;Lesoes Graves;1;3;5;2;2;2
Acesso irregular;Colisao traseira;Plena Noite;Nublado;Motocicleta;Lesoes Graves;3;3;5;2;2;1
Acesso irregular;Colisao traseira;Plena Noite;Vento;Motocicleta;Ileso;1;3;5;2;5;1
Acesso irregular;Colisao traseira;Plena Noite;Vento;Motocicleta;Lesoes Leves;2;3;5;2;5;1
Acesso irregular;Colisao traseira;Pleno dia;Ceu Claro;Automovel;Ileso;12;3;5;1;1;1
Acesso irregular;Colisao traseira;Pleno dia;Ceu Claro;Automovel;Lesoes Graves;2;3;5;1;1;1
Acesso irregular;Colisao traseira;Pleno dia;Ceu Claro;Automovel;Lesoes Leves;2;3;5;1;1;1
Acesso irregular;Colisao traseira;Pleno dia;Ceu Claro;Bicicleta;Lesoes Graves;1;3;5;1;1;3
Acesso irregular;Colisao traseira;Pleno dia;Ceu Claro;Bicicleta;Lesoes Leves;1;3;5;1;1;3
Acesso irregular;Colisao traseira;Pleno dia;Ceu Claro;Caminhao;Ileso;2;3;5;1;1;2
Acesso irregular;Colisao traseira;Pleno dia;Ceu Claro;Caminhao-trator;Ileso;4;3;5;1;1;2
Acesso irregular;Colisao traseira;Pleno dia;Ceu Claro;Caminhao-trator;Lesoes Leves;1;3;5;1;1;2
Acesso irregular;Colisao traseira;Pleno dia;Ceu Claro;Caminhonete;Ileso;2;3;5;1;1;2
Acesso irregular;Colisao traseira;Pleno dia;Ceu Claro;Caminhonete;Lesoes Graves;2;3;5;1;1;2
Acesso irregular;Colisao traseira;Pleno dia;Ceu Claro;Carroca-charrete;Lesoes Graves;1;3;5;1;1;5
Acesso irregular;Colisao traseira;Pleno dia;Ceu Claro;Motocicleta;Ileso;2;3;5;1;1;1
Acesso irregular;Colisao traseira;Pleno dia;Ceu Claro;Motocicleta;Lesoes Graves;12;3;5;1;1;1
Acesso irregular;Colisao traseira;Pleno dia;Ceu Claro;Motocicleta;Lesoes Leves;10;3;5;1;1;1
Acesso irregular;Colisao traseira;Pleno dia;Ceu Claro;Motocicleta;Obito;2;3;5;1;1;1
Acesso irregular;Colisao traseira;Pleno dia;Ceu Claro;Motoneta;Lesoes Graves;1;3;5;1;1;3
Acesso irregular;Colisao traseira;Pleno dia;Ceu Claro;Utilitario;Ileso;2;3;5;1;1;3
Acesso irregular;Colisao traseira;Pleno dia;Chuva;Automovel;Ileso;1;3;5;1;2;1
Acesso irregular;Colisao traseira;Pleno dia;Chuva;Utilitario;Ileso;1;3;5;1;2;3
Acesso irregular;Colisao traseira;Pleno dia;Garoa/Chuvisco;Automovel;Lesoes Leves;3;3;5;1;3;1
Acesso irregular;Colisao traseira;Pleno dia;Garoa/Chuvisco;Caminhao-trator;Lesoes Leves;1;3;5;1;3;2
Acesso irregular;Colisao traseira;Pleno dia;Nublado;Automovel;Ileso;3;3;5;1;2;1
Acesso irregular;Colisao traseira;Pleno dia;Nublado;Automovel;Lesoes Leves;2;3;5;1;2;1
Acesso irregular;Colisao traseira;Pleno dia;Nublado;Bicicleta;Lesoes Leves;1;3;5;1;2;3
Acesso irregular;Colisao traseira;Pleno dia;Nublado;Caminhao;Ileso;1;3;5;1;2;2
Acesso irregular;Colisao traseira;Pleno dia;Nublado;Caminhao-trator;Ileso;2;3;5;1;2;2
Acesso irregular;Colisao traseira;Pleno dia;Nublado;Caminhonete;Lesoes Leves;3;3;5;1;2;2
Acesso irregular;Colisao traseira;Pleno dia;Nublado;Nao Informado;Ileso;2;3;5;1;2;3
Acesso irregular;Colisao traseira;Pleno dia;Sol;Caminhao;Ileso;1;3;5;1;3;2
Acesso irregular;Colisao traseira;Pleno dia;Sol;Motocicleta;Lesoes Graves;1;3;5;1;3;1
Acesso irregular;Colisao traseira;Pleno dia;Sol;Motocicleta;Obito;1;3;5;1;3;1
Acesso irregular;Derramamento de carga;Plena Noite;Ceu Claro;Automovel;Lesoes Graves;1;3;3;2;1;1
Acesso irregular;Derramamento de carga;Plena Noite;Ceu Claro;Caminhao-trator;Lesoes Leves;1;3;3;2;1;2
Acesso irregular;Derramamento de carga;Plena Noite;Ceu Claro;Nao Informado;Lesoes Leves;1;3;3;2;1;3
Acesso irregular;Derramamento de carga;Plena Noite;Nublado;Caminhao-trator;Ileso;1;3;3;2;2;2
Acesso irregular;Derramamento de carga;Plena Noite;Nublado;Caminhao-trator;Lesoes Graves;1;3;3;2;2;2
Acesso irregular;Derramamento de carga;Pleno dia;Ceu Claro;Caminhao-trator;Lesoes Graves;2;3;3;1;1;2
Acesso irregular;Derramamento de carga;Pleno dia;Ceu Claro;Trator de rodas;Lesoes Leves;1;3;3;1;1;5
Acesso irregular;Engavetamento;Plena Noite;Ceu Claro;Caminhao;Ileso;1;3;3;2;1;2
Acesso irregular;Engavetamento;Plena Noite;Ceu Claro;Caminhonete;Lesoes Leves;1;3;3;2;1;2
Acesso irregular;Engavetamento;Plena Noite;Ceu Claro;Micro-onibus;Lesoes Leves;1;3;3;2;1;4
Acesso irregular;Engavetamento;Pleno dia;Ceu Claro;Automovel;Ileso;2;3;3;1;1;1
Acesso irregular;Engavetamento;Pleno dia;Ceu Claro;Nao Informado;Ileso;1;3;3;1;1;3
Acesso irregular;Eventos atipicos;Plena Noite;Ceu Claro;Automovel;Ileso;1;3;2;2;1;1
Acesso irregular;Eventos atipicos;Plena Noite;Ceu Claro;Bicicleta;Lesoes Leves;1;3;2;2;1;3
Acesso irregular;Incendio;Plena Noite;Nublado;Caminhao-trator;Ileso;1;3;2;2;2;2
Acesso irregular;Incendio;Plena Noite;Nublado;Caminhao-trator;Lesoes Graves;1;3;2;2;2;2
Acesso irregular;Incendio;Pleno dia;Ceu Claro;Automovel;Ileso;1;3;2;1;1;1
Acesso irregular;Incendio;Pleno dia;Ceu Claro;Automovel;Lesoes Leves;2;3;2;1;1;1
Acesso irregular;Incendio;Pleno dia;Ceu Claro;Caminhonete;Ileso;2;3;2;1;1;2
Acesso irregular;Queda de ocupante de veiculo;Amanhecer;Ceu Claro;Bicicleta;Lesoes Leves;1;3;5;4;1;3
Acesso irregular;Queda de ocupante de veiculo;Amanhecer;Ceu Claro;Caminhao-trator;Ileso;2;3;5;4;1;2
Acesso irregular;Queda de ocupante de veiculo;Amanhecer;Ceu Claro;Motocicleta;Lesoes Graves;1;3;5;4;1;1
Acesso irregular;Queda de ocupante de veiculo;Amanhecer;Ceu Claro;Motocicleta;Lesoes Leves;3;3;5;4;1;1
Acesso irregular;Queda de ocupante de veiculo;Amanhecer;Ceu Claro;Nao Informado;Ileso;1;3;5;4;1;3
Acesso irregular;Queda de ocupante de veiculo;Amanhecer;Nublado;Motocicleta;Lesoes Graves;1;3;5;4;2;1
Acesso irregular;Queda de ocupante de veiculo;Anoitecer;Ceu Claro;Automovel;Ileso;6;3;5;4;1;1
Acesso irregular;Queda de ocupante de veiculo;Anoitecer;Ceu Claro;Caminhonete;Ileso;2;3;5;4;1;2
Acesso irregular;Queda de ocupante de veiculo;Anoitecer;Ceu Claro;Motocicleta;Lesoes Graves;2;3;5;4;1;1
Acesso irregular;Queda de ocupante de veiculo;Anoitecer;Ceu Claro;Motocicleta;Lesoes Leves;3;3;5;4;1;1
Acesso irregular;Queda de ocupante de veiculo;Anoitecer;Chuva;Automovel;Ileso;2;3;5;4;2;1
Acesso irregular;Queda de ocupante de veiculo;Anoitecer;Chuva;Automovel;Lesoes Leves;1;3;5;4;2;1
Acesso irregular;Queda de ocupante de veiculo;Anoitecer;Chuva;Motocicleta;Lesoes Graves;1;3;5;4;2;1
Acesso irregular;Queda de ocupante de veiculo;Anoitecer;Garoa/Chuvisco;Caminhao-trator;Ileso;1;3;5;4;3;2
Acesso irregular;Queda de ocupante de veiculo;Anoitecer;Garoa/Chuvisco;Motocicleta;Lesoes Graves;1;3;5;4;3;1
Acesso irregular;Queda de ocupante de veiculo;Plena Noite;Ceu Claro;Automovel;Ileso;13;3;5;2;1;1
Acesso irregular;Queda de ocupante de veiculo;Plena Noite;Ceu Claro;Bicicleta;Lesoes Graves;1;3;5;2;1;3
Acesso irregular;Queda de ocupante de veiculo;Plena Noite;Ceu Claro;Bicicleta;Lesoes Leves;4;3;5;2;1;3
Acesso irregular;Queda de ocupante de veiculo;Plena Noite;Ceu Claro;Bicicleta;Obito;1;3;5;2;1;3
Acesso irregular;Queda de ocupante de veiculo;Plena Noite;Ceu Claro;Caminhao;Ileso;1;3;5;2;1;2
Acesso irregular;Queda de ocupante de veiculo;Plena Noite;Ceu Claro;Caminhao;Lesoes Leves;1;3;5;2;1;2
Acesso irregular;Queda de ocupante de veiculo;Plena Noite;Ceu Claro;Caminhao-trator;Ileso;1;3;5;2;1;2
Acesso irregular;Queda de ocupante de veiculo;Plena Noite;Ceu Claro;Caminhonete;Ileso;2;3;5;2;1;2
Acesso irregular;Queda de ocupante de veiculo;Plena Noite;Ceu Claro;Ciclomotor;Lesoes Graves;2;3;5;2;1;4
Acesso irregular;Queda de ocupante de veiculo;Plena Noite;Ceu Claro;Ciclomotor;Obito;1;3;5;2;1;4
Acesso irregular;Queda de ocupante de veiculo;Plena Noite;Ceu Claro;Motocicleta;Lesoes Graves;7;3;5;2;1;1
Acesso irregular;Queda de ocupante de veiculo;Plena Noite;Ceu Claro;Motocicleta;Lesoes Leves;14;3;5;2;1;1
Acesso irregular;Queda de ocupante de veiculo;Plena Noite;Ceu Claro;Motoneta;Lesoes Graves;2;3;5;2;1;3
Acesso irregular;Queda de ocupante de veiculo;Plena Noite;Ceu Claro;Motoneta;Lesoes Leves;4;3;5;2;1;3
Acesso irregular;Queda de ocupante de veiculo;Plena Noite;Garoa/Chuvisco;Automovel;Ileso;4;3;5;2;3;1
Acesso irregular;Queda de ocupante de veiculo;Plena Noite;Garoa/Chuvisco;Bicicleta;Lesoes Leves;1;3;5;2;3;3
Acesso irregular;Queda de ocupante de veiculo;Plena Noite;Garoa/Chuvisco;Motocicleta;Ileso;1;3;5;2;3;1
Acesso irregular;Queda de ocupante de veiculo;Plena Noite;Garoa/Chuvisco;Motocicleta;Lesoes Graves;1;3;5;2;3;1
Acesso irregular;Queda de ocupante de veiculo;Plena Noite;Garoa/Chuvisco;Motocicleta;Lesoes Leves;4;3;5;2;3;1