causa_acidente;tipo_acidente;fase_dia;condicao_metereologica;tipo_veiculo;estado_fisico;count;causa_acidente_criterios;tipo_acidente_criterios;fase_dia_criterios;condicao_metereologica_criterios;tipo_veiculo_criterios
Acesso irregular;Queda de ocupante de veiculo;Plena Noite;Garoa/Chuvisco;Utilitario;Ileso;1;3;5;2;3;3
Acesso irregular;Queda de ocupante de veiculo;Plena Noite;Ignorado;Caminhao;Ileso;1;3;5;2;0;2
Acesso irregular;Queda de ocupante de veiculo;Plena Noite;Ignorado;Motocicleta;Obito;1;3;5;2;0;1
Acesso irregular;Queda de ocupante de veiculo;Plena Noite;Nublado;Automovel;Ileso;10;3;5;2;2;1
Acesso irregular;Queda de ocupante de veiculo;Plena Noite;Nublado;Automovel;Lesoes Leves;1;3;5;2;2;1
Acesso irregular;Queda de ocupante de veiculo;Plena Noite;Nublado;Bicicleta;Lesoes Graves;1;3;5;2;2;3
Acesso irregular;Queda de ocupante de veiculo;Plena Noite;Nublado;Caminhao-trator;Ileso;3;3;5;2;2;2
Acesso irregular;Queda de ocupante de veiculo;Plena Noite;Nublado;Motocicleta;Ileso;2;3;5;2;2;1
Acesso irregular;Queda de ocupante de veiculo;Plena Noite;Nublado;Motocicleta;Lesoes Graves;5;3;5;2;2;1
Acesso irregular;Queda de ocupante de veiculo;Plena Noite;Nublado;Motocicleta;Lesoes Leves;9;3;5;2;2;1
Acesso irregular;Queda de ocupante de veiculo;Plena Noite;Nublado;Motocicleta;Obito;1;3;5;2;2;1
Acesso irregular;Queda de ocupante de veiculo;Pleno dia;Ceu Claro;Automovel;Ileso;25;3;5;1;1;1
Acesso irregular;Queda de ocupante de veiculo;Pleno dia;Ceu Claro;Automovel;Lesoes Graves;2;3;5;1;1;1
Acesso irregular;Queda de ocupante de veiculo;Pleno dia;Ceu Claro;Automovel;Lesoes Leves;1;3;5;1;1;1
Acesso irregular;Queda de ocupante de veiculo;Pleno dia;Ceu Claro;Bicicleta;Lesoes Leves;8;3;5;1;1;3
Acesso irregular;Queda de ocupante de veiculo;Pleno dia;Ceu Claro;Caminhao;Ileso;9;3;5;1;1;2
Acesso irregular;Queda de ocupante de veiculo;Pleno dia;Ceu Claro;Caminhao-trator;Ileso;5;3;5;1;1;2
Acesso irregular;Queda de ocupante de veiculo;Pleno dia;Ceu Claro;Caminhonete;Ileso;7;3;5;1;1;2
Acesso irregular;Queda de ocupante de veiculo;Pleno dia;Ceu Claro;Micro-onibus;Ileso;6;3;5;1;1;4
Acesso irregular;Queda de ocupante de veiculo;Pleno dia;Ceu Claro;Motocicleta;Ileso;7;3;5;1;1;1
Acesso irregular;Queda de ocupante de veiculo;Pleno dia;Ceu Claro;Motocicleta;Lesoes Graves;25;3;5;1;1;1
Acesso irregular;Queda de ocupante de veiculo;Pleno dia;Ceu Claro;Motocicleta;Lesoes Leves;32;3;5;1;1;1
Acesso irregular;Queda de ocupante de veiculo;Pleno dia;Ceu Claro;Motocicleta;Obito;7;3;5;1;1;1
Acesso irregular;Queda de ocupante de veiculo;Pleno dia;Ceu Claro;Motoneta;Ileso;1;3;5;1;1;3
Acesso irregular;Queda de ocupante de veiculo;Pleno dia;Ceu Claro;Motoneta;Lesoes Graves;2;3;5;1;1;3
Acesso irregular;Queda de ocupante de veiculo;Pleno dia;Ceu Claro;Motoneta;Lesoes Leves;4;3;5;1;1;3
Acesso irregular;Queda de ocupante de veiculo;Pleno dia;Ceu Claro;Motoneta;Obito;1;3;5;1;1;3
Acesso irregular;Queda de ocupante de veiculo;Pleno dia;Ceu Claro;Nao Informado;Ileso;6;3;5;1;1;3
Acesso irregular;Queda de ocupante de veiculo;Pleno dia;Ceu Claro;Utilitario;Ileso;1;3;5;1;1;3
Acesso irregular;Queda de ocupante de veiculo;Pleno dia;Chuva;Automovel;Ileso;3;3;5;1;2;1
Acesso irregular;Queda de ocupante de veiculo;Pleno dia;Chuva;Caminhonete;Ileso;2;3;5;1;2;2
Acesso irregular;Queda de ocupante de veiculo;Pleno dia;Chuva;Motocicleta;Lesoes Leves;3;3;5;1;2;1
Acesso irregular;Queda de ocupante de veiculo;Pleno dia;Chuva;Motoneta;Lesoes Leves;1;3;5;1;2;3
Acesso irregular;Queda de ocupante de veiculo;Pleno dia;Garoa/Chuvisco;Motocicleta;Lesoes Leves;1;3;5;1;3;1
Acesso irregular;Queda de ocupante de veiculo;Pleno dia;Nublado;Automovel;Ileso;3;3;5;1;2;1
Acesso irregular;Queda de ocupante de veiculo;Pleno dia;Nublado;Bicicleta;Lesoes Leves;1;3;5;1;2;3
Acesso irregular;Queda de ocupante de veiculo;Pleno dia;Nublado;Caminhao;Ileso;1;3;5;1;2;2
Acesso irregular;Queda de ocupante de veiculo;Pleno dia;Nublado;Caminhonete;Ileso;3;3;5;1;2;2
Acesso irregular;Queda de ocupante de veiculo;Pleno dia;Nublado;Motocicleta;Ileso;2;3;5;1;2;1
Acesso irregular;Queda de ocupante de veiculo;Pleno dia;Nublado;Motocicleta;Lesoes Graves;2;3;5;1;2;1
Acesso irregular;Queda de ocupante de veiculo;Pleno dia;Nublado;Motocicleta;Lesoes Leves;13;3;5;1;2;1
Acesso irregular;Queda de ocupante de veiculo;Pleno dia;Nublado;Motoneta;Lesoes Leves;1;3;5;1;2;3
Acesso irregular;Queda de ocupante de veiculo;Pleno dia;Nublado;Nao Informado;Ileso;1;3;5;1;2;3
Acesso irregular;Queda de ocupante de veiculo;Pleno dia;Nublado;Utilitario;Ileso;1;3;5;1;2;3
Acesso irregular;Queda de ocupante de veiculo;Pleno dia;Sol;Automovel;Ileso;4;3;5;1;3;1
Acesso irregular;Queda de ocupante de veiculo;Pleno dia;Sol;Bicicleta;Lesoes Graves;1;3;5;1;3;3
Acesso irregular;Queda de ocupante de veiculo;Pleno dia;Sol;Caminhao;Ileso;1;3;5;1;3;2
Acesso irregular;Queda de ocupante de veiculo;Pleno dia;Sol;Motocicleta;Lesoes Graves;3;3;5;1;3;1
Acesso irregular;Queda de ocupante de veiculo;Pleno dia;Sol;Motocicleta;Lesoes Leves;3;3;5;1;3;1
Acesso irregular;Queda de ocupante de veiculo;Pleno dia;Sol;Motocicleta;Obito;1;3;5;1;3;1
Acesso irregular;Saida de leito carrocavel;Anoitecer;Ceu Claro;Motocicleta;Lesoes Leves;3;3;5;4;1;1
Acesso irregular;Saida de leito carrocavel;Anoitecer;Nublado;Automovel;Ileso;2;3;5;4;2;1
Acesso irregular;Saida de leito carrocavel;Anoitecer;Nublado;Caminhonete;Ileso;1;3;5;4;2;2
Acesso irregular;Saida de leito carrocavel;Plena Noite;Ceu Claro;Automovel;Lesoes Graves;1;3;5;2;1;1
Acesso irregular;Saida de leito carrocavel;Plena Noite;Ceu Claro;Automovel;Lesoes Leves;1;3;5;2;1;1
Acesso irregular;Saida de leito carrocavel;Plena Noite;Ceu Claro;Caminhao-trator;Lesoes Leves;1;3;5;2;1;2
Acesso irregular;Saida de leito carrocavel;Plena Noite;Ceu Claro;Motocicleta;Lesoes Graves;1;3;5;2;1;1
Acesso irregular;Saida de leito carrocavel;Plena Noite;Ceu Claro;Nao Informado;Lesoes Leves;1;3;5;2;1;3
Acesso irregular;Saida de leito carrocavel;Plena Noite;Chuva;Nao Informado;Ileso;1;3;5;2;2;3
Acesso irregular;Saida de leito carrocavel;Plena Noite;Chuva;Nao Informado;Lesoes Graves;4;3;5;2;2;3
Acesso irregular;Saida de leito carrocavel;Plena Noite;Garoa/Chuvisco;Motocicleta;Obito;2;3;5;2;3;1
Acesso irregular;Saida de leito carrocavel;Plena Noite;Nevoeiro/Neblina;Caminhao;Lesoes Leves;1;3;5;2;4;2
Acesso irregular;Saida de leito carrocavel;Plena Noite;Nublado;Automovel;Ileso;1;3;5;2;2;1
Acesso irregular;Saida de leito carrocavel;Plena Noite;Nublado;Motocicleta;Lesoes Graves;1;3;5;2;2;1
Acesso irregular;Saida de leito carrocavel;Pleno dia;Ceu Claro;Automovel;Ileso;4;3;5;1;1;1
Acesso irregular;Saida de leito carrocavel;Pleno dia;Ceu Claro;Automovel;Lesoes Graves;4;3;5;1;1;1
Acesso irregular;Saida de leito carrocavel;Pleno dia;Ceu Claro;Automovel;Lesoes Leves;12;3;5;1;1;1
Acesso irregular;Saida de leito carrocavel;Pleno dia;Ceu Claro;Caminhao;Ileso;2;3;5;1;1;2
Acesso irregular;Saida de leito carrocavel;Pleno dia;Ceu Claro;Caminhao;Lesoes Graves;1;3;5;1;1;2
Acesso irregular;Saida de leito carrocavel;Pleno dia;Ceu Claro;Caminhao;Lesoes Leves;2;3;5;1;1;2
Acesso irregular;Saida de leito carrocavel;Pleno dia;Ceu Claro;Caminhao-trator;Ileso;2;3;5;1;1;2
Acesso irregular;Saida de leito carrocavel;Pleno dia;Ceu Claro;Caminhonete;Ileso;5;3;5;1;1;2
Acesso irregular;Saida de leito carrocavel;Pleno dia;Ceu Claro;Caminhonete;Lesoes Graves;4;3;5;1;1;2
Acesso irregular;Saida de leito carrocavel;Pleno dia;Ceu Claro;Caminhonete;Lesoes Leves;3;3;5;1;1;2
Acesso irregular;Saida de leito carrocavel;Pleno dia;Ceu Claro;Motocicleta;Ileso;1;3;5;1;1;1
Acesso irregular;Saida de leito carrocavel;Pleno dia;Ceu Claro;Motocicleta;Lesoes Graves;2;3;5;1;1;1
Acesso irregular;Saida de leito carrocavel;Pleno dia;Ceu Claro;Motocicleta;Lesoes Leves;5;3;5;1;1;1
Acesso irregular;Saida de leito carrocavel;Pleno dia;Ceu Claro;Motocicleta;Obito;4;3;5;1;1;1
Acesso irregular;Saida de leito carrocavel;Pleno dia;Ceu Claro;Utilitario;Ileso;1;3;5;1;1;3
Acesso irregular;Saida de leito carrocavel;Pleno dia;Chuva;Automovel;Ileso;1;3;5;1;2;1
Acesso irregular;Saida de leito carrocavel;Pleno dia;Chuva;Caminhonete;Lesoes Leves;3;3;5;1;2;2
Acesso irregular;Saida de leito carrocavel;Pleno dia;Garoa/Chuvisco;Automovel;Lesoes Graves;1;3;5;1;3;1
Acesso irregular;Saida de leito carrocavel;Pleno dia;Garoa/Chuvisco;Automovel;Obito;3;3;5;1;3;1
Acesso irregular;Saida de leito carrocavel;Pleno dia;Garoa/Chuvisco;Nao Informado;Lesoes Leves;4;3;5;1;3;3
Acesso irregular;Saida de leito carrocavel;Pleno dia;Nublado;Automovel;Ileso;2;3;5;1;2;1
Acesso irregular;Saida de leito carrocavel;Pleno dia;Nublado;Caminhonete;Ileso;1;3;5;1;2;2
Acesso irregular;Saida de leito carrocavel;Pleno dia;Nublado;Motocicleta;Lesoes Leves;1;3;5;1;2;1
Acesso irregular;Saida de leito carrocavel;Pleno dia;Sol;Automovel;Ileso;4;3;5;1;3;1
Acesso irregular;Saida de leito carrocavel;Pleno dia;Sol;Automovel;Lesoes Graves;1;3;5;1;3;1
Acesso irregular;Saida de leito carrocavel;Pleno dia;Sol;Automovel;Lesoes Leves;2;3;5;1;3;1
Acesso irregular;Saida de leito carrocavel;Pleno dia;Sol;Caminhao-trator;Ileso;1;3;5;1;3;2
Acesso irregular;Saida de leito carrocavel;Pleno dia;Sol;Caminhonete;Ileso;2;3;5;1;3;2
Acesso irregular;Saida de leito carrocavel;Pleno dia;Sol;Caminhonete;Lesoes Leves;1;3;5;1;3;2
Acesso irregular;Tombamento;Amanhecer;Ceu Claro;Bicicleta;Lesoes Leves;1;3;5;4;1;3
Acesso irregular;Tombamento;Amanhecer;Ceu Claro;Caminhao-trator;Ileso;2;3;5;4;1;2
Acesso irregular;Tombamento;Amanhecer;Ceu Claro;Motocicleta;Lesoes Graves;1;3;5;4;1;1
Acesso irregular;Tombamento;Amanhecer;Ceu Claro;Motocicleta;Lesoes Leves;2;3;5;4;1;1
Acesso irregular;Tombamento;Amanhecer;Nublado;Motocicleta;Lesoes Graves;1;3;5;4;2;1
Acesso irregular;Tombamento;Amanhecer;Nublado;Motocicleta;Lesoes Leves;3;3;5;4;2;1
Acesso irregular;Tombamento;Anoitecer;Ceu Claro;Automovel;Ileso;5;3;5;4;1;1
Acesso irregular;Tombamento;Anoitecer;Ceu Claro;Caminhonete;Ileso;2;3;5;4;1;2
Acesso irregular;Tombamento;Anoitecer;Ceu Claro;Motocicleta;Lesoes Graves;2;3;5;4;1;1
Acesso irregular;Tombamento;Anoitecer;Ceu Claro;Motocicleta;Lesoes Leves;2;3;5;4;1;1
Acesso irregular;Tombamento;Plena Noite;Ceu Claro;Automovel;Ileso;12;3;5;2;1;1
Acesso irregular;Tombamento;Plena Noite;Ceu Claro;Automovel;Lesoes Graves;1;3;5;2;1;1
Acesso irregular;Tombamento;Plena Noite;Ceu Claro;Automovel;Lesoes Leves;1;3;5;2;1;1
Acesso irregular;Tombamento;Plena Noite;Ceu Claro;Bicicleta;Lesoes Leves;2;3;5;2;1;3
Acesso irregular;Tombamento;Plena Noite;Ceu Claro;Caminhao;Ileso;1;3;5;2;1;2
Acesso irregular;Tombamento;Plena Noite;Ceu Claro;Caminhao;Lesoes Leves;1;3;5;2;1;2
Acesso irregular;Tombamento;Plena Noite;Ceu Claro;Caminhao-trator;Ileso;1;3;5;2;1;2
Acesso irregular;Tombamento;Plena Noite;Ceu Claro;Caminhao-trator;Lesoes Leves;1;3;5;2;1;2
Acesso irregular;Tombamento;Plena Noite;Ceu Claro;Caminhonete;Ileso;1;3;5;2;1;2
Acesso irregular;Tombamento;Plena Noite;Ceu Claro;Motocicleta;Lesoes Graves;9;3;5;2;1;1
Acesso irregular;Tombamento;Plena Noite;Ceu Claro;Motocicleta;Lesoes Leves;13;3;5;2;1;1
Acesso irregular;Tombamento;Plena Noite;Ceu Claro;Motoneta;Lesoes Graves;2;3;5;2;1;3
Acesso irregular;Tombamento;Plena Noite;Ceu Claro;Motoneta;Lesoes Leves;4;3;5;2;1;3
Acesso irregular;Tombamento;Plena Noite;Ceu Claro;Nao Informado;Lesoes Leves;1;3;5;2;1;3
Acesso irregular;Tombamento;Plena Noite;Chuva;Motocicleta;Lesoes Graves;2;3;5;2;2;1
Acesso irregular;Tombamento;Plena Noite;Garoa/Chuvisco;Motocicleta;Lesoes Leves;3;3;5;2;3;1
Acesso irregular;Tombamento;Plena Noite;Garoa/Chuvisco;Motocicleta;Obito;2;3;5;2;3;1
Acesso irregular;Tombamento;Plena Noite;Garoa/Chuvisco;Utilitario;Ileso;1;3;5;2;3;3
Acesso irregular;Tombamento;Plena Noite;Nevoeiro/Neblina;Caminhao;Lesoes Leves;1;3;5;2;4;2
Acesso irregular;Tombamento;Plena Noite;Nublado;Automovel;Ileso;10;3;5;2;2;1
Acesso irregular;Tombamento;Plena Noite;Nublado;Automovel;Lesoes Leves;1;3;5;2;2;1
Acesso irregular;Tombamento;Plena Noite;Nublado;Bicicleta;Lesoes Graves;1;3;5;2;2;3
Acesso irregular;Tombamento;Plena Noite;Nublado;Caminhao-trator;Ileso;3;3;5;2;2;2
Acesso irregular;Tombamento;Plena Noite;Nublado;Motocicleta;Ileso;1;3;5;2;2;1
Acesso irregular;Tombamento;Plena Noite;Nublado;Motocicleta;Lesoes Graves;5;3;5;2;2;1
Acesso irregular;Tombamento;Plena Noite;Nublado;Motocicleta;Lesoes Leves;9;3;5;2;2;1
Acesso irregular;Tombamento;Plena Noite;Nublado;Motocicleta;Obito;1;3;5;2;2;1
Acesso irregular;Tombamento;Pleno dia;Ceu Claro;Automovel;Ileso;23;3;5;1;1;1
Acesso irregular;Tombamento;Pleno dia;Ceu Claro;Automovel;Lesoes Graves;3;3;5;1;1;1
Acesso irregular;Tombamento;Pleno dia;Ceu Claro;Automovel;Lesoes Leves;1;3;5;1;1;1
Acesso irregular;Tombamento;Pleno dia;Ceu Claro;Bicicleta;Lesoes Leves;4;3;5;1;1;3
Acesso irregular;Tombamento;Pleno dia;Ceu Claro;Caminhao;Ileso;7;3;5;1;1;2
Acesso irregular;Tombamento;Pleno dia;Ceu Claro;Caminhao;Lesoes Leves;1;3;5;1;1;2
Acesso irregular;Tombamento;Pleno dia;Ceu Claro;Caminhao-trator;Ileso;5;3;5;1;1;2
Acesso irregular;Tombamento;Pleno dia;Ceu Claro;Caminhao-trator;Lesoes Graves;2;3;5;1;1;2
Acesso irregular;Tombamento;Pleno dia;Ceu Claro;Caminhao-trator;Lesoes Leves;1;3;5;1;1;2
Acesso irregular;Tombamento;Pleno dia;Ceu Claro;Caminhonete;Ileso;4;3;5;1;1;2
Acesso irregular;Tombamento;Pleno dia;Ceu Claro;Micro-onibus;Ileso;6;3;5;1;1;4
Acesso irregular;Tombamento;Pleno dia;Ceu Claro;Motocicleta;Ileso;6;3;5;1;1;1
Acesso irregular;Tombamento;Pleno dia;Ceu Claro;Motocicleta;Lesoes Graves;14;3;5;1;1;1
Acesso irregular;Tombamento;Pleno dia;Ceu Claro;Motocicleta;Lesoes Leves;27;3;5;1;1;1
Acesso irregular;Tombamento;Pleno dia;Ceu Claro;Motocicleta;Obito;7;3;5;1;1;1
Acesso irregular;Tombamento;Pleno dia;Ceu Claro;Motoneta;Ileso;1;3;5;1;1;3
Acesso irregular;Tombamento;Pleno dia;Ceu Claro;Motoneta;Lesoes Graves;1;3;5;1;1;3
Acesso irregular;Tombamento;Pleno dia;Ceu Claro;Motoneta;Lesoes Leves;2;3;5;1;1;3
Acesso irregular;Tombamento;Pleno dia;Ceu Claro;Motoneta;Obito;1;3;5;1;1;3
Acesso irregular;Tombamento;Pleno dia;Ceu Claro;Nao Informado;Ileso;6;3;5;1;1;3
Acesso irregular;Tombamento;Pleno dia;Ceu Claro;Trator de rodas;Lesoes Leves;1;3;5;1;1;5
Acesso irregular;Tombamento;Pleno dia;Ceu Claro;Utilitario;Ileso;1;3;5;1;1;3
Acesso irregular;Tombamento;Pleno dia;Chuva;Automovel;Ileso;3;3;5;1;2;1
Acesso irregular;Tombamento;Pleno dia;Chuva;Caminhonete;Ileso;2;3;5;1;2;2
Acesso irregular;Tombamento;Pleno dia;Chuva;Motocicleta;Lesoes Leves;1;3;5;1;2;1
Acesso irregular;Tombamento;Pleno dia;Chuva;Motoneta;Lesoes Leves;1;3;5;1;2;3
Acesso irregular;Tombamento;Pleno dia;Nublado;Automovel;Ileso;3;3;5;1;2;1
Acesso irregular;Tombamento;Pleno dia;Nublado;Bicicleta;Lesoes Leves;1;3;5;1;2;3
Acesso irregular;Tombamento;Pleno dia;Nublado;Caminhao;Ileso;1;3;5;1;2;2
Acesso irregular;Tombamento;Pleno dia;Nublado;Caminhonete;Ileso;2;3;5;1;2;2
Acesso irregular;Tombamento;Pleno dia;Nublado;Motocicleta;Ileso;2;3;5;1;2;1
Acesso irregular;Tombamento;Pleno dia;Nublado;Motocicleta;Lesoes Graves;1;3;5;1;2;1
Acesso irregular;Tombamento;Pleno dia;Nublado;Motocicleta;Lesoes Leves;11;3;5;1;2;1
Acesso irregular;Tombamento;Pleno dia;Nublado;Motoneta;Lesoes Leves;1;3;5;1;2;3
Acesso irregular;Tombamento;Pleno dia;Nublado;Nao Informado;Ileso;1;3;5;1;2;3
Acesso irregular;Tombamento;Pleno dia;Nublado;Utilitario;Ileso;1;3;5;1;2;3
Acesso irregular;Tombamento;Pleno dia;Sol;Automovel;Ileso;4;3;5;1;3;1
Acesso irregular;Tombamento;Pleno dia;Sol;Bicicleta;Lesoes Graves;1;3;5;1;3;3
Acesso irregular;Tombamento;Pleno dia;Sol;Caminhao;Ileso;1;3;5;1;3;2
Acesso irregular;Tombamento;Pleno dia;Sol;Motocicleta;Lesoes Graves;3;3;5;1;3;1
Acesso irregular;Tombamento;Pleno dia;Sol;Motocicleta;Lesoes Leves;3;3;5;1;3;1
Acesso irregular;Tombamento;Pleno dia;Sol;Motocicleta;Obito;1;3;5;1;3;1
Acostamento em desnivel;Atropelamento de Pedestre;Pleno dia;Ceu Claro;Nao se aplica;Obito;1;1;4;1;1;3
Acostamento em desnivel;Capotamento;Amanhecer;Nublado;Automovel;Lesoes Graves;2;1;5;4;2;1
Acostamento em desnivel;Capotamento;Amanhecer;Nublado;Automovel;Lesoes Leves;1;1;5;4;2;1
Acostamento em desnivel;Capotamento;Plena Noite;Nublado;Caminhonete;Lesoes Graves;2;1;5;2;2;2
Acostamento em desnivel;Capotamento;Plena Noite;Nublado;Caminhonete;Lesoes Leves;3;1;5;2;2;2
Acostamento em desnivel;Capotamento;Pleno dia;Ceu Claro;Automovel;Ileso;2;1;5;1;1;1
Acostamento em desnivel;Capotamento;Pleno dia;Ceu Claro;Automovel;Lesoes Graves;1;1;5;1;1;1
Acostamento em desnivel;Capotamento;Pleno dia;Ceu Claro;Automovel;Lesoes Leves;8;1;5;1;1;1
Acostamento em desnivel;Capotamento;Pleno dia;Ceu Claro;Automovel;Obito;2;1;5;1;1;1
Acostamento em desnivel;Capotamento;Pleno dia;Ceu Claro;Caminhao;Ileso;1;1;5;1;1;2
Acostamento em desnivel;Capotamento;Pleno dia;Ceu Claro;Caminhonete;Lesoes Graves;1;1;5;1;1;2
Acostamento em desnivel;Capotamento;Pleno dia;Ceu Claro;Caminhonete;Lesoes Leves;4;1;5;1;1;2
Acostamento em desnivel;Capotamento;Pleno dia;Ceu Claro;Caminhonete;Obito;1;1;5;1;1;2
Acostamento em desnivel;Capotamento;Pleno dia;Ceu Claro;Nao Informado;Lesoes Leves;2;1;5;1;1;3
Acostamento em desnivel;Capotamento;Pleno dia;Chuva;Automovel;Ileso;1;1;5;1;2;1
Acostamento em desnivel;Capotamento;Pleno dia;Chuva;Automovel;Lesoes Leves;1;1;5;1;2;1
Acostamento em desnivel;Capotamento;Pleno dia;Chuva;Caminhao-trator;Ileso;1;1;5;1;2;2
Acostamento em desnivel;Capotamento;Pleno dia;Chuva;Caminhonete;Lesoes Leves;6;1;5;1;2;2
Acostamento em desnivel;Capotamento;Pleno dia;Nublado;Automovel;Ileso;2;1;5;1;2;1
Acostamento em desnivel;Capotamento;Pleno dia;Nublado;Automovel;Lesoes Graves;1;1;5;1;2;1
Acostamento em desnivel;Capotamento;Pleno dia;Nublado;Automovel;Lesoes Leves;1;1;5;1;2;1
Acostamento em desnivel;Capotamento;Pleno dia;Nublado;Caminhao-trator;Ileso;1;1;5;1;2;2
Acostamento em desnivel;Colisao com objeto;Plena Noite;Ceu Claro;Automovel;Ileso;1;1;5;2;1;1
Acostamento em desnivel;Colisao com objeto;Plena Noite;Ceu Claro;Automovel;Lesoes Leves;1;1;5;2;1;1
Acostamento em desnivel;Colisao com objeto;Plena Noite;Ceu Claro;Caminhao;Ileso;1;1;5;2;1;2
Acostamento em desnivel;Colisao com objeto;Plena Noite;Ceu Claro;Nao Informado;Lesoes Graves;1;1;5;2;1;3
Acostamento em desnivel;Colisao com objeto;Plena Noite;Ceu Claro;Nao Informado;Obito;1;1;5;2;1;3
Acostamento em desnivel;Colisao com objeto;Plena Noite;Chuva;Onibus;Ileso;15;1;5;2;2;3
Acostamento em desnivel;Colisao com objeto;Plena Noite;Chuva;Onibus;Lesoes Graves;20;1;5;2;2;3
Acostamento em desnivel;Colisao com objeto;Plena Noite;Chuva;Onibus;Obito;1;1;5;2;2;3
Acostamento em desnivel;Colisao com objeto;Pleno dia;Ceu Claro;Automovel;Ileso;5;1;5;1;1;1
Acostamento em desnivel;Colisao com objeto;Pleno dia;Ceu Claro;Caminhao-trator;Lesoes Leves;2;1;5;1;1;2
Acostamento em desnivel;Colisao com objeto;Pleno dia;Nublado;Automovel;Lesoes Graves;2;1;5;1;2;1
Acostamento em desnivel;Colisao com objeto;Pleno dia;Nublado;Automovel;Lesoes Leves;2;1;5;1;2;1
Acostamento em desnivel;Colisao com objeto;Pleno dia;Nublado;Caminhao-trator;Ileso;2;1;5;1;2;2
Acostamento em desnivel;Colisao com objeto;Pleno dia;Nublado;Motocicleta;Obito;1;1;5;1;2;1
Acostamento em desnivel;Colisao frontal;Pleno dia;Chuva;Caminhao-trator;Lesoes Graves;2;1;5;1;2;2
Acostamento em desnivel;Colisao frontal;Pleno dia;Chuva;Caminhao-trator;Lesoes Leves;3;1;5;1;2;2
Acostamento em desnivel;Colisao lateral mesmo sentido;Pleno dia;Nublado;Automovel;Lesoes Graves;1;1;5;1;2;1
Acostamento em desnivel;Colisao lateral mesmo sentido;Pleno dia;Nublado;Automovel;Lesoes Leves;1;1;5;1;2;1
Acostamento em desnivel;Colisao lateral mesmo sentido;Pleno dia;Nublado;Caminhao-trator;Ileso;1;1;5;1;2;2
Acostamento em desnivel;Colisao transversal;Pleno dia;Ceu Claro;Automovel;Ileso;1;1;5;1;1;1
Acostamento em desnivel;Colisao transversal;Pleno dia;Ceu Claro;Motocicleta;Lesoes Leves;2;1;5;1;1;1
Acostamento em desnivel;Colisao transversal;Pleno dia;Ceu Claro;Nao Informado;Ileso;6;1;5;1;1;3
Acostamento em desnivel;Colisao transversal;Pleno dia;Ceu Claro;Nao Informado;Lesoes Leves;1;1;5;1;1;3
Acostamento em desnivel;Colisao transversal;Pleno dia;Chuva;Caminhonete;Ileso;1;1;5;1;2;2
Acostamento em desnivel;Colisao transversal;Pleno dia;Chuva;Motocicleta;Lesoes Leves;1;1;5;1;2;1
Acostamento em desnivel;Colisao traseira;Amanhecer;Ceu Claro;Caminhao-trator;Lesoes Leves;1;1;5;4;1;2
Acostamento em desnivel;Colisao traseira;Amanhecer;Ceu Claro;Caminhonete;Lesoes Graves;1;1;5;4;1;2
Acostamento em desnivel;Colisao traseira;Amanhecer;Ceu Claro;Caminhonete;Lesoes Leves;4;1;5;4;1;2
Acostamento em desnivel;Colisao traseira;Plena Noite;Nublado;Bicicleta;Lesoes Leves;1;1;5;2;2;3
Acostamento em desnivel;Colisao traseira;Plena Noite;Nublado;Motocicleta;Lesoes Leves;1;1;5;2;2;1
Acostamento em desnivel;Colisao traseira;Pleno dia;Chuva;Caminhao-trator;Lesoes Graves;2;1;5;1;2;2
Acostamento em desnivel;Colisao traseira;Pleno dia;Chuva;Caminhao-trator;Lesoes Leves;3;1;5;1;2;2
Acostamento em desnivel;Colisao traseira;Pleno dia;Nublado;Caminhao;Ileso;1;1;5;1;2;2
Acostamento em desnivel;Colisao traseira;Pleno dia;Nublado;Utilitario;Ileso;2;1;5;1;2;3
Acostamento em desnivel;Derramamento de carga;Plena Noite;Nublado;Caminhao;Lesoes Leves;1;1;3;2;2;2
Acostamento em desnivel;Derramamento de carga;Pleno dia;Ceu Claro;Automovel;Ileso;5;1;3;1;1;1
Acostamento em desnivel;Derramamento de carga;Pleno dia;Ceu Claro;Caminhao-trator;Lesoes Leves;4;1;3;1;1;2
Acostamento em desnivel;Derramamento de carga;Pleno dia;Chuva;Caminhao-trator;Lesoes Graves;2;1;3;1;2;2
Acostamento em desnivel;Derramamento de carga;Pleno dia;Chuva;Caminhao-trator;Lesoes Leves;3;1;3;1;2;2
Acostamento em desnivel;Derramamento de carga;Pleno dia;Nublado;Caminhao-trator;Lesoes Graves;2;1;3;1;2;2
Acostamento em desnivel;Eventos atipicos;Pleno dia;Ceu Claro;Nao se aplica;Ileso;1;1;2;1;1;3
Acostamento em desnivel;Eventos atipicos;Pleno dia;Ceu Claro;Nao se aplica;Lesoes Leves;1;1;2;1;1;3
Acostamento em desnivel;Eventos atipicos;Pleno dia;Chuva;Caminhao-trator;Lesoes Graves;2;1;2;1;2;2
Acostamento em desnivel;Eventos atipicos;Pleno dia;Chuva;Caminhao-trator;Lesoes Leves;3;1;2;1;2;2
Acostamento em desnivel;Queda de ocupante de veiculo;Anoitecer;Ceu Claro;Motoneta;Lesoes Leves;1;1;5;4;1;3
Acostamento em desnivel;Queda de ocupante de veiculo;Plena Noite;Ceu Claro;Bicicleta;Lesoes Leves;2;1;5;2;1;3
Acostamento em desnivel;Queda de ocupante de veiculo;Plena Noite;Ceu Claro;Motocicleta;Lesoes Graves;1;1;5;2;1;1
Acostamento em desnivel;Queda de ocupante de veiculo;Plena Noite;Ceu Claro;Motocicleta;Lesoes Leves;4;1;5;2;1;1
Acostamento em desnivel;Queda de ocupante de veiculo;Plena Noite;Chuva;Bicicleta;Lesoes Graves;1;1;5;2;2;3
Acostamento em desnivel;Queda de ocupante de veiculo;Plena Noite;Nublado;Bicicleta;Lesoes Graves;1;1;5;2;2;3
Acostamento em desnivel;Queda de ocupante de veiculo;Plena Noite;Nublado;Bicicleta;Lesoes Leves;1;1;5;2;2;3
Acostamento em desnivel;Queda de ocupante de veiculo;Plena Noite;Nublado;Motocicleta;Ileso;1;1;5;2;2;1
Acostamento em desnivel;Queda de ocupante de veiculo;Plena Noite;Nublado;Motocicleta;Lesoes Graves;1;1;5;2;2;1
Acostamento em desnivel;Queda de ocupante de veiculo;Plena Noite;Nublado;Motocicleta;Lesoes Leves;2;1;5;2;2;1
Acostamento em desnivel;Queda de ocupante de veiculo;Pleno dia;Ceu Claro;Automovel;Ileso;1;1;5;1;1;1