causa_acidente;tipo_acidente;fase_dia;condicao_metereologica;tipo_veiculo;estado_fisico;count;causa_acidente_criterios;tipo_acidente_criterios;fase_dia_criterios;condicao_metereologica_criterios;tipo_veiculo_criterios
Afundamento ou ondulacao no pavimento;Queda de ocupante de veiculo;Pleno dia;Ceu Claro;Automovel;Ileso;1;2;5;1;1;1
Afundamento ou ondulacao no pavimento;Queda de ocupante de veiculo;Pleno dia;Ceu Claro;Bicicleta;Lesoes Graves;1;2;5;1;1;3
Afundamento ou ondulacao no pavimento;Queda de ocupante de veiculo;Pleno dia;Ceu Claro;Caminhao-trator;Ileso;1;2;5;1;1;2
Afundamento ou ondulacao no pavimento;Queda de ocupante de veiculo;Pleno dia;Ceu Claro;Caminhonete;Lesoes Graves;3;2;5;1;1;2
Afundamento ou ondulacao no pavimento;Queda de ocupante de veiculo;Pleno dia;Ceu Claro;Caminhonete;Obito;1;2;5;1;1;2
Afundamento ou ondulacao no pavimento;Queda de ocupante de veiculo;Pleno dia;Ceu Claro;Motocicleta;Ileso;1;2;5;1;1;1
Afundamento ou ondulacao no pavimento;Queda de ocupante de veiculo;Pleno dia;Ceu Claro;Motocicleta;Lesoes Graves;6;2;5;1;1;1
Afundamento ou ondulacao no pavimento;Queda de ocupante de veiculo;Pleno dia;Ceu Claro;Motocicleta;Lesoes Leves;15;2;5;1;1;1
Afundamento ou ondulacao no pavimento;Queda de ocupante de veiculo;Pleno dia;Ceu Claro;Motoneta;Ileso;1;2;5;1;1;3
Afundamento ou ondulacao no pavimento;Queda de ocupante de veiculo;Pleno dia;Ceu Claro;Motoneta;Lesoes Graves;1;2;5;1;1;3
Afundamento ou ondulacao no pavimento;Queda de ocupante de veiculo;Pleno dia;Ceu Claro;Motoneta;Lesoes Leves;1;2;5;1;1;3
Afundamento ou ondulacao no pavimento;Queda de ocupante de veiculo;Pleno dia;Ceu Claro;Nao Informado;Ileso;1;2;5;1;1;3
Afundamento ou ondulacao no pavimento;Queda de ocupante de veiculo;Pleno dia;Ceu Claro;Triciclo;Lesoes Leves;1;2;5;1;1;5
Afundamento ou ondulacao no pavimento;Queda de ocupante de veiculo;Pleno dia;Chuva;Bicicleta;Lesoes Graves;1;2;5;1;2;3
Afundamento ou ondulacao no pavimento;Queda de ocupante de veiculo;Pleno dia;Chuva;Motocicleta;Lesoes Graves;1;2;5;1;2;1
Afundamento ou ondulacao no pavimento;Queda de ocupante de veiculo;Pleno dia;Garoa/Chuvisco;Motocicleta;Lesoes Leves;1;2;5;1;3;1
Afundamento ou ondulacao no pavimento;Queda de ocupante de veiculo;Pleno dia;Nublado;Automovel;Ileso;1;2;5;1;2;1
Afundamento ou ondulacao no pavimento;Queda de ocupante de veiculo;Pleno dia;Nublado;Motocicleta;Ileso;1;2;5;1;2;1
Afundamento ou ondulacao no pavimento;Queda de ocupante de veiculo;Pleno dia;Nublado;Motocicleta;Lesoes Leves;7;2;5;1;2;1
Afundamento ou ondulacao no pavimento;Queda de ocupante de veiculo;Pleno dia;Nublado;Motoneta;Obito;1;2;5;1;2;3
Afundamento ou ondulacao no pavimento;Queda de ocupante de veiculo;Pleno dia;Sol;Motocicleta;Lesoes Leves;1;2;5;1;3;1
Afundamento ou ondulacao no pavimento;Queda de ocupante de veiculo;Pleno dia;Sol;Motoneta;Lesoes Leves;1;2;5;1;3;3
Afundamento ou ondulacao no pavimento;Saida de leito carrocavel;Anoitecer;Ceu Claro;Automovel;Lesoes Leves;1;2;5;4;1;1
Afundamento ou ondulacao no pavimento;Saida de leito carrocavel;Plena Noite;Ceu Claro;Caminhao-trator;Lesoes Graves;1;2;5;2;1;2
Afundamento ou ondulacao no pavimento;Saida de leito carrocavel;Plena Noite;Ceu Claro;Motocicleta;Lesoes Leves;1;2;5;2;1;1
Afundamento ou ondulacao no pavimento;Saida de leito carrocavel;Plena Noite;Chuva;Caminhao;Ileso;3;2;5;2;2;2
Afundamento ou ondulacao no pavimento;Saida de leito carrocavel;Plena Noite;Chuva;Caminhao;Lesoes Leves;1;2;5;2;2;2
Afundamento ou ondulacao no pavimento;Saida de leito carrocavel;Plena Noite;Garoa/Chuvisco;Caminhao-trator;Lesoes Leves;2;2;5;2;3;2
Afundamento ou ondulacao no pavimento;Saida de leito carrocavel;Plena Noite;Garoa/Chuvisco;Caminhao-trator;Obito;1;2;5;2;3;2
Afundamento ou ondulacao no pavimento;Saida de leito carrocavel;Plena Noite;Nevoeiro/Neblina;Onibus;Lesoes Leves;3;2;5;2;4;3
Afundamento ou ondulacao no pavimento;Saida de leito carrocavel;Plena Noite;Nublado;Automovel;Lesoes Leves;2;2;5;2;2;1
Afundamento ou ondulacao no pavimento;Saida de leito carrocavel;Plena Noite;Nublado;Onibus;Ileso;4;2;5;2;2;3
Afundamento ou ondulacao no pavimento;Saida de leito carrocavel;Plena Noite;Nublado;Onibus;Lesoes Leves;24;2;5;2;2;3
Afundamento ou ondulacao no pavimento;Saida de leito carrocavel;Plena Noite;Nublado;Utilitario;Ileso;3;2;5;2;2;3
Afundamento ou ondulacao no pavimento;Saida de leito carrocavel;Pleno dia;Ceu Claro;Automovel;Ileso;1;2;5;1;1;1
Afundamento ou ondulacao no pavimento;Saida de leito carrocavel;Pleno dia;Ceu Claro;Automovel;Lesoes Graves;3;2;5;1;1;1
Afundamento ou ondulacao no pavimento;Saida de leito carrocavel;Pleno dia;Ceu Claro;Automovel;Lesoes Leves;1;2;5;1;1;1
Afundamento ou ondulacao no pavimento;Saida de leito carrocavel;Pleno dia;Ceu Claro;Caminhao;Obito;1;2;5;1;1;2
Afundamento ou ondulacao no pavimento;Saida de leito carrocavel;Pleno dia;Ceu Claro;Caminhao-trator;Ileso;2;2;5;1;1;2
Afundamento ou ondulacao no pavimento;Saida de leito carrocavel;Pleno dia;Ceu Claro;Caminhao-trator;Lesoes Leves;1;2;5;1;1;2
Afundamento ou ondulacao no pavimento;Saida de leito carrocavel;Pleno dia;Ceu Claro;Caminhao-trator;Obito;1;2;5;1;1;2
Afundamento ou ondulacao no pavimento;Saida de leito carrocavel;Pleno dia;Ceu Claro;Caminhonete;Lesoes Graves;3;2;5;1;1;2
Afundamento ou ondulacao no pavimento;Saida de leito carrocavel;Pleno dia;Ceu Claro;Caminhonete;Lesoes Leves;1;2;5;1;1;2
Afundamento ou ondulacao no pavimento;Saida de leito carrocavel;Pleno dia;Ceu Claro;Caminhonete;Obito;1;2;5;1;1;2
Afundamento ou ondulacao no pavimento;Saida de leito carrocavel;Pleno dia;Ceu Claro;Motocicleta;Lesoes Graves;2;2;5;1;1;1
Afundamento ou ondulacao no pavimento;Saida de leito carrocavel;Pleno dia;Ceu Claro;Motocicleta;Lesoes Leves;2;2;5;1;1;1
Afundamento ou ondulacao no pavimento;Saida de leito carrocavel;Pleno dia;Ceu Claro;Nao Informado;Ileso;1;2;5;1;1;3
Afundamento ou ondulacao no pavimento;Saida de leito carrocavel;Pleno dia;Chuva;Automovel;Lesoes Leves;2;2;5;1;2;1
Afundamento ou ondulacao no pavimento;Saida de leito carrocavel;Pleno dia;Chuva;Caminhao-trator;Lesoes Leves;1;2;5;1;2;2
Afundamento ou ondulacao no pavimento;Saida de leito carrocavel;Pleno dia;Chuva;Caminhonete;Lesoes Graves;1;2;5;1;2;2
Afundamento ou ondulacao no pavimento;Saida de leito carrocavel;Pleno dia;Chuva;Caminhonete;Lesoes Leves;1;2;5;1;2;2
Afundamento ou ondulacao no pavimento;Saida de leito carrocavel;Pleno dia;Chuva;Caminhonete;Obito;2;2;5;1;2;2
Afundamento ou ondulacao no pavimento;Saida de leito carrocavel;Pleno dia;Garoa/Chuvisco;Automovel;Obito;1;2;5;1;3;1
Afundamento ou ondulacao no pavimento;Saida de leito carrocavel;Pleno dia;Garoa/Chuvisco;Caminhao-trator;Ileso;1;2;5;1;3;2
Afundamento ou ondulacao no pavimento;Saida de leito carrocavel;Pleno dia;Garoa/Chuvisco;Utilitario;Ileso;2;2;5;1;3;3
Afundamento ou ondulacao no pavimento;Saida de leito carrocavel;Pleno dia;Nublado;Automovel;Ileso;4;2;5;1;2;1
Afundamento ou ondulacao no pavimento;Saida de leito carrocavel;Pleno dia;Nublado;Automovel;Lesoes Leves;5;2;5;1;2;1
Afundamento ou ondulacao no pavimento;Saida de leito carrocavel;Pleno dia;Nublado;Caminhao;Ileso;1;2;5;1;2;2
Afundamento ou ondulacao no pavimento;Saida de leito carrocavel;Pleno dia;Nublado;Caminhao;Obito;1;2;5;1;2;2
Afundamento ou ondulacao no pavimento;Saida de leito carrocavel;Pleno dia;Nublado;Caminhao-trator;Lesoes Leves;1;2;5;1;2;2
Afundamento ou ondulacao no pavimento;Saida de leito carrocavel;Pleno dia;Nublado;Caminhonete;Ileso;3;2;5;1;2;2
Afundamento ou ondulacao no pavimento;Saida de leito carrocavel;Pleno dia;Nublado;Caminhonete;Lesoes Leves;1;2;5;1;2;2
Afundamento ou ondulacao no pavimento;Saida de leito carrocavel;Pleno dia;Sol;Automovel;Ileso;8;2;5;1;3;1
Afundamento ou ondulacao no pavimento;Saida de leito carrocavel;Pleno dia;Sol;Automovel;Lesoes Leves;2;2;5;1;3;1
Afundamento ou ondulacao no pavimento;Saida de leito carrocavel;Pleno dia;Sol;Caminhonete;Ileso;1;2;5;1;3;2
Afundamento ou ondulacao no pavimento;Saida de leito carrocavel;Pleno dia;Sol;Caminhonete;Lesoes Leves;1;2;5;1;3;2
Afundamento ou ondulacao no pavimento;Tombamento;Amanhecer;Ceu Claro;Motocicleta;Lesoes Graves;1;2;5;4;1;1
Afundamento ou ondulacao no pavimento;Tombamento;Amanhecer;Ceu Claro;Motocicleta;Lesoes Leves;2;2;5;4;1;1
Afundamento ou ondulacao no pavimento;Tombamento;Amanhecer;Nublado;Caminhao-trator;Lesoes Leves;1;2;5;4;2;2
Afundamento ou ondulacao no pavimento;Tombamento;Anoitecer;Ceu Claro;Motocicleta;Lesoes Leves;2;2;5;4;1;1
Afundamento ou ondulacao no pavimento;Tombamento;Plena Noite;Ceu Claro;Automovel;Ileso;6;2;5;2;1;1
Afundamento ou ondulacao no pavimento;Tombamento;Plena Noite;Ceu Claro;Bicicleta;Lesoes Leves;1;2;5;2;1;3
Afundamento ou ondulacao no pavimento;Tombamento;Plena Noite;Ceu Claro;Caminhao;Lesoes Leves;1;2;5;2;1;2
Afundamento ou ondulacao no pavimento;Tombamento;Plena Noite;Ceu Claro;Caminhao-trator;Ileso;2;2;5;2;1;2
Afundamento ou ondulacao no pavimento;Tombamento;Plena Noite;Ceu Claro;Motocicleta;Lesoes Graves;4;2;5;2;1;1
Afundamento ou ondulacao no pavimento;Tombamento;Plena Noite;Ceu Claro;Motocicleta;Lesoes Leves;12;2;5;2;1;1
Afundamento ou ondulacao no pavimento;Tombamento;Plena Noite;Ceu Claro;Motoneta;Lesoes Leves;1;2;5;2;1;3
Afundamento ou ondulacao no pavimento;Tombamento;Plena Noite;Garoa/Chuvisco;Motoneta;Lesoes Leves;1;2;5;2;3;3
Afundamento ou ondulacao no pavimento;Tombamento;Plena Noite;Ignorado;Motocicleta;Lesoes Leves;2;2;5;2;0;1
Afundamento ou ondulacao no pavimento;Tombamento;Plena Noite;Nublado;Automovel;Ileso;1;2;5;2;2;1
Afundamento ou ondulacao no pavimento;Tombamento;Plena Noite;Nublado;Automovel;Lesoes Leves;2;2;5;2;2;1
Afundamento ou ondulacao no pavimento;Tombamento;Plena Noite;Nublado;Bicicleta;Lesoes Graves;1;2;5;2;2;3
Afundamento ou ondulacao no pavimento;Tombamento;Plena Noite;Nublado;Bicicleta;Lesoes Leves;1;2;5;2;2;3
Afundamento ou ondulacao no pavimento;Tombamento;Plena Noite;Nublado;Caminhao;Lesoes Leves;1;2;5;2;2;2
Afundamento ou ondulacao no pavimento;Tombamento;Plena Noite;Nublado;Motocicleta;Lesoes Leves;3;2;5;2;2;1
Afundamento ou ondulacao no pavimento;Tombamento;Plena Noite;Nublado;Motocicleta;Obito;1;2;5;2;2;1
Afundamento ou ondulacao no pavimento;Tombamento;Plena Noite;Nublado;Onibus;Ileso;4;2;5;2;2;3
Afundamento ou ondulacao no pavimento;Tombamento;Plena Noite;Nublado;Onibus;Lesoes Leves;24;2;5;2;2;3
Afundamento ou ondulacao no pavimento;Tombamento;Pleno dia;Ceu Claro;Automovel;Ileso;1;2;5;1;1;1
Afundamento ou ondulacao no pavimento;Tombamento;Pleno dia;Ceu Claro;Automovel;Lesoes Graves;1;2;5;1;1;1
Afundamento ou ondulacao no pavimento;Tombamento;Pleno dia;Ceu Claro;Caminhao;Obito;1;2;5;1;1;2
Afundamento ou ondulacao no pavimento;Tombamento;Pleno dia;Ceu Claro;Caminhao-trator;Ileso;2;2;5;1;1;2
Afundamento ou ondulacao no pavimento;Tombamento;Pleno dia;Ceu Claro;Caminhao-trator;Lesoes Leves;3;2;5;1;1;2
Afundamento ou ondulacao no pavimento;Tombamento;Pleno dia;Ceu Claro;Caminhao-trator;Obito;2;2;5;1;1;2
Afundamento ou ondulacao no pavimento;Tombamento;Pleno dia;Ceu Claro;Caminhonete;Lesoes Graves;3;2;5;1;1;2
Afundamento ou ondulacao no pavimento;Tombamento;Pleno dia;Ceu Claro;Caminhonete;Lesoes Leves;1;2;5;1;1;2
Afundamento ou ondulacao no pavimento;Tombamento;Pleno dia;Ceu Claro;Caminhonete;Obito;1;2;5;1;1;2
Afundamento ou ondulacao no pavimento;Tombamento;Pleno dia;Ceu Claro;Motocicleta;Lesoes Leves;16;2;5;1;1;1
Afundamento ou ondulacao no pavimento;Tombamento;Pleno dia;Ceu Claro;Motoneta;Ileso;1;2;5;1;1;3
Afundamento ou ondulacao no pavimento;Tombamento;Pleno dia;Ceu Claro;Motoneta;Lesoes Leves;2;2;5;1;1;3
Afundamento ou ondulacao no pavimento;Tombamento;Pleno dia;Chuva;Bicicleta;Lesoes Graves;1;2;5;1;2;3
Afundamento ou ondulacao no pavimento;Tombamento;Pleno dia;Chuva;Caminhao;Lesoes Leves;2;2;5;1;2;2
Afundamento ou ondulacao no pavimento;Tombamento;Pleno dia;Chuva;Caminhao-trator;Lesoes Leves;1;2;5;1;2;2
Afundamento ou ondulacao no pavimento;Tombamento;Pleno dia;Chuva;Motocicleta;Lesoes Graves;1;2;5;1;2;1
Afundamento ou ondulacao no pavimento;Tombamento;Pleno dia;Nublado;Automovel;Ileso;1;2;5;1;2;1
Afundamento ou ondulacao no pavimento;Tombamento;Pleno dia;Nublado;Caminhao-trator;Lesoes Leves;2;2;5;1;2;2
Afundamento ou ondulacao no pavimento;Tombamento;Pleno dia;Nublado;Motocicleta;Ileso;1;2;5;1;2;1
Afundamento ou ondulacao no pavimento;Tombamento;Pleno dia;Nublado;Motocicleta;Lesoes Leves;6;2;5;1;2;1
Afundamento ou ondulacao no pavimento;Tombamento;Pleno dia;Nublado;Motoneta;Obito;1;2;5;1;2;3
Afundamento ou ondulacao no pavimento;Tombamento;Pleno dia;Sol;Caminhao;Ileso;2;2;5;1;3;2
Afundamento ou ondulacao no pavimento;Tombamento;Pleno dia;Sol;Motocicleta;Lesoes Leves;1;2;5;1;3;1
Animais na Pista;Atropelamento de Animal;Amanhecer;Ceu Claro;Automovel;Ileso;7;2;2;4;1;1
Animais na Pista;Atropelamento de Animal;Amanhecer;Ceu Claro;Automovel;Lesoes Leves;8;2;2;4;1;1
Animais na Pista;Atropelamento de Animal;Amanhecer;Ceu Claro;Caminhao;Ileso;1;2;2;4;1;2
Animais na Pista;Atropelamento de Animal;Amanhecer;Ceu Claro;Caminhao;Lesoes Leves;2;2;2;4;1;2
Animais na Pista;Atropelamento de Animal;Amanhecer;Ceu Claro;Caminhonete;Ileso;12;2;2;4;1;2
Animais na Pista;Atropelamento de Animal;Amanhecer;Ceu Claro;Caminhonete;Lesoes Graves;1;2;2;4;1;2
Animais na Pista;Atropelamento de Animal;Amanhecer;Ceu Claro;Caminhonete;Lesoes Leves;2;2;2;4;1;2
Animais na Pista;Atropelamento de Animal;Amanhecer;Ceu Claro;Motocicleta;Lesoes Graves;2;2;2;4;1;1
Animais na Pista;Atropelamento de Animal;Amanhecer;Ceu Claro;Motocicleta;Lesoes Leves;5;2;2;4;1;1
Animais na Pista;Atropelamento de Animal;Amanhecer;Ceu Claro;Motocicleta;Obito;3;2;2;4;1;1
Animais na Pista;Atropelamento de Animal;Amanhecer;Ceu Claro;Nao Informado;Lesoes Leves;1;2;2;4;1;3
Animais na Pista;Atropelamento de Animal;Amanhecer;Ceu Claro;Nao Informado;Obito;1;2;2;4;1;3
Animais na Pista;Atropelamento de Animal;Amanhecer;Chuva;Motocicleta;Lesoes Leves;1;2;2;4;2;1
Animais na Pista;Atropelamento de Animal;Amanhecer;Garoa/Chuvisco;Automovel;Lesoes Graves;2;2;2;4;3;1
Animais na Pista;Atropelamento de Animal;Amanhecer;Garoa/Chuvisco;Automovel;Lesoes Leves;2;2;2;4;3;1
Animais na Pista;Atropelamento de Animal;Amanhecer;Garoa/Chuvisco;Caminhonete;Ileso;2;2;2;4;3;2
Animais na Pista;Atropelamento de Animal;Amanhecer;Garoa/Chuvisco;Caminhonete;Lesoes Leves;2;2;2;4;3;2
Animais na Pista;Atropelamento de Animal;Amanhecer;Nublado;Automovel;Ileso;6;2;2;4;2;1
Animais na Pista;Atropelamento de Animal;Amanhecer;Nublado;Automovel;Lesoes Graves;1;2;2;4;2;1
Animais na Pista;Atropelamento de Animal;Amanhecer;Nublado;Automovel;Lesoes Leves;2;2;2;4;2;1
Animais na Pista;Atropelamento de Animal;Amanhecer;Nublado;Motocicleta;Lesoes Graves;1;2;2;4;2;1
Animais na Pista;Atropelamento de Animal;Anoitecer;Ceu Claro;Automovel;Ileso;1;2;2;4;1;1
Animais na Pista;Atropelamento de Animal;Anoitecer;Ceu Claro;Caminhao-trator;Ileso;1;2;2;4;1;2
Animais na Pista;Atropelamento de Animal;Anoitecer;Ceu Claro;Motocicleta;Lesoes Graves;1;2;2;4;1;1
Animais na Pista;Atropelamento de Animal;Anoitecer;Ceu Claro;Motocicleta;Lesoes Leves;3;2;2;4;1;1
Animais na Pista;Atropelamento de Animal;Anoitecer;Ceu Claro;Nao se aplica;Obito;1;2;2;4;1;3
Animais na Pista;Atropelamento de Animal;Anoitecer;Chuva;Automovel;Lesoes Leves;1;2;2;4;2;1
Animais na Pista;Atropelamento de Animal;Anoitecer;Chuva;Motocicleta;Lesoes Leves;1;2;2;4;2;1
Animais na Pista;Atropelamento de Animal;Anoitecer;Nublado;Automovel;Ileso;2;2;2;4;2;1
Animais na Pista;Atropelamento de Animal;Anoitecer;Nublado;Caminhao-trator;Ileso;1;2;2;4;2;2
Animais na Pista;Atropelamento de Animal;Anoitecer;Nublado;Motoneta;Lesoes Graves;1;2;2;4;2;3
Animais na Pista;Atropelamento de Animal;Anoitecer;Nublado;Motoneta;Lesoes Leves;2;2;2;4;2;3
Animais na Pista;Atropelamento de Animal;Anoitecer;Sol;Motocicleta;Lesoes Leves;1;2;2;4;3;1
Animais na Pista;Atropelamento de Animal;Plena Noite;Ceu Claro;Automovel;Ileso;60;2;2;2;1;1
Animais na Pista;Atropelamento de Animal;Plena Noite;Ceu Claro;Automovel;Lesoes Graves;10;2;2;2;1;1
Animais na Pista;Atropelamento de Animal;Plena Noite;Ceu Claro;Automovel;Lesoes Leves;72;2;2;2;1;1
Animais na Pista;Atropelamento de Animal;Plena Noite;Ceu Claro;Automovel;Obito;1;2;2;2;1;1
Animais na Pista;Atropelamento de Animal;Plena Noite;Ceu Claro;Caminhao;Ileso;6;2;2;2;1;2
Animais na Pista;Atropelamento de Animal;Plena Noite;Ceu Claro;Caminhao;Lesoes Graves;1;2;2;2;1;2
Animais na Pista;Atropelamento de Animal;Plena Noite;Ceu Claro;Caminhao;Lesoes Leves;4;2;2;2;1;2
Animais na Pista;Atropelamento de Animal;Plena Noite;Ceu Claro;Caminhao-trator;Ileso;3;2;2;2;1;2
Animais na Pista;Atropelamento de Animal;Plena Noite;Ceu Claro;Caminhao-trator;Lesoes Leves;2;2;2;2;1;2
Animais na Pista;Atropelamento de Animal;Plena Noite;Ceu Claro;Caminhonete;Ileso;29;2;2;2;1;2
Animais na Pista;Atropelamento de Animal;Plena Noite;Ceu Claro;Caminhonete;Lesoes Graves;2;2;2;2;1;2
Animais na Pista;Atropelamento de Animal;Plena Noite;Ceu Claro;Caminhonete;Lesoes Leves;20;2;2;2;1;2
Animais na Pista;Atropelamento de Animal;Plena Noite;Ceu Claro;Caminhonete;Obito;1;2;2;2;1;2
Animais na Pista;Atropelamento de Animal;Plena Noite;Ceu Claro;Micro-onibus;Ileso;9;2;2;2;1;4
Animais na Pista;Atropelamento de Animal;Plena Noite;Ceu Claro;Micro-onibus;Lesoes Leves;2;2;2;2;1;4
Animais na Pista;Atropelamento de Animal;Plena Noite;Ceu Claro;Motocicleta;Ileso;1;2;2;2;1;1
Animais na Pista;Atropelamento de Animal;Plena Noite;Ceu Claro;Motocicleta;Lesoes Graves;33;2;2;2;1;1
Animais na Pista;Atropelamento de Animal;Plena Noite;Ceu Claro;Motocicleta;Lesoes Leves;69;2;2;2;1;1
Animais na Pista;Atropelamento de Animal;Plena Noite;Ceu Claro;Motocicleta;Obito;10;2;2;2;1;1
Animais na Pista;Atropelamento de Animal;Plena Noite;Ceu Claro;Motoneta;Lesoes Leves;8;2;2;2;1;3
Animais na Pista;Atropelamento de Animal;Plena Noite;Ceu Claro;Nao Informado;Ileso;3;2;2;2;1;3
Animais na Pista;Atropelamento de Animal;Plena Noite;Ceu Claro;Nao Informado;Lesoes Graves;1;2;2;2;1;3
Animais na Pista;Atropelamento de Animal;Plena Noite;Ceu Claro;Nao Informado;Lesoes Leves;1;2;2;2;1;3
Animais na Pista;Atropelamento de Animal;Plena Noite;Ceu Claro;Nao se aplica;Obito;1;2;2;2;1;3
Animais na Pista;Atropelamento de Animal;Plena Noite;Ceu Claro;Onibus;Ileso;59;2;2;2;1;3
Animais na Pista;Atropelamento de Animal;Plena Noite;Ceu Claro;Onibus;Lesoes Leves;1;2;2;2;1;3
Animais na Pista;Atropelamento de Animal;Plena Noite;Ceu Claro;Utilitario;Ileso;12;2;2;2;1;3
Animais na Pista;Atropelamento de Animal;Plena Noite;Ceu Claro;Utilitario;Lesoes Leves;4;2;2;2;1;3
Animais na Pista;Atropelamento de Animal;Plena Noite;Chuva;Automovel;Ileso;12;2;2;2;2;1
Animais na Pista;Atropelamento de Animal;Plena Noite;Chuva;Automovel;Lesoes Graves;2;2;2;2;2;1
Animais na Pista;Atropelamento de Animal;Plena Noite;Chuva;Automovel;Lesoes Leves;4;2;2;2;2;1
Animais na Pista;Atropelamento de Animal;Plena Noite;Chuva;Caminhao-trator;Ileso;1;2;2;2;2;2
Animais na Pista;Atropelamento de Animal;Plena Noite;Chuva;Caminhonete;Ileso;4;2;2;2;2;2
Animais na Pista;Atropelamento de Animal;Plena Noite;Chuva;Caminhonete;Lesoes Leves;1;2;2;2;2;2
Animais na Pista;Atropelamento de Animal;Plena Noite;Chuva;Motocicleta;Lesoes Graves;1;2;2;2;2;1
Animais na Pista;Atropelamento de Animal;Plena Noite;Chuva;Motocicleta;Lesoes Leves;1;2;2;2;2;1
Animais na Pista;Atropelamento de Animal;Plena Noite;Chuva;Utilitario;Ileso;6;2;2;2;2;3
Animais na Pista;Atropelamento de Animal;Plena Noite;Garoa/Chuvisco;Automovel;Ileso;4;2;2;2;3;1
Animais na Pista;Atropelamento de Animal;Plena Noite;Garoa/Chuvisco;Automovel;Lesoes Leves;1;2;2;2;3;1
Animais na Pista;Atropelamento de Animal;Plena Noite;Garoa/Chuvisco;Motocicleta;Lesoes Graves;1;2;2;2;3;1
Animais na Pista;Atropelamento de Animal;Plena Noite;Garoa/Chuvisco;Motocicleta;Lesoes Leves;3;2;2;2;3;1
Animais na Pista;Atropelamento de Animal;Plena Noite;Ignorado;Automovel;Lesoes Leves;3;2;2;2;0;1
Animais na Pista;Atropelamento de Animal;Plena Noite;Ignorado;Caminhonete;Ileso;1;2;2;2;0;2
Animais na Pista;Atropelamento de Animal;Plena Noite;Ignorado;Motocicleta;Lesoes Graves;2;2;2;2;0;1
Animais na Pista;Atropelamento de Animal;Plena Noite;Ignorado;Motocicleta;Lesoes Leves;1;2;2;2;0;1
Animais na Pista;Atropelamento de Animal;Plena Noite;Ignorado;Motoneta;Lesoes Graves;1;2;2;2;0;3
Animais na Pista;Atropelamento de Animal;Plena Noite;Ignorado;Motoneta;Lesoes Leves;1;2;2;2;0;3
Animais na Pista;Atropelamento de Animal;Plena Noite;Nevoeiro/Neblina;Automovel;Lesoes Leves;2;2;2;2;4;1
Animais na Pista;Atropelamento de Animal;Plena Noite;Nevoeiro/Neblina;Utilitario;Ileso;3;2;2;2;4;3
Animais na Pista;Atropelamento de Animal;Plena Noite;Nublado;Automovel;Ileso;19;2;2;2;2;1
Animais na Pista;Atropelamento de Animal;Plena Noite;Nublado;Automovel;Lesoes Graves;1;2;2;2;2;1
Animais na Pista;Atropelamento de Animal;Plena Noite;Nublado;Automovel;Lesoes Leves;20;2;2;2;2;1
Animais na Pista;Atropelamento de Animal;Plena Noite;Nublado;Caminhao;Ileso;3;2;2;2;2;2
Animais na Pista;Atropelamento de Animal;Plena Noite;Nublado;Caminhao;Lesoes Leves;1;2;2;2;2;2
Animais na Pista;Atropelamento de Animal;Plena Noite;Nublado;Caminhao-trator;Ileso;1;2;2;2;2;2
Animais na Pista;Atropelamento de Animal;Plena Noite;Nublado;Caminhonete;Ileso;11;2;2;2;2;2
Animais na Pista;Atropelamento de Animal;Plena Noite;Nublado;Caminhonete;Lesoes Graves;2;2;2;2;2;2
Animais na Pista;Atropelamento de Animal;Plena Noite;Nublado;Caminhonete;Lesoes Leves;4;2;2;2;2;2
Animais na Pista;Atropelamento de Animal;Plena Noite;Nublado;Caminhonete;Obito;1;2;2;2;2;2
Animais na Pista;Atropelamento de Animal;Plena Noite;Nublado;Micro-onibus;Ileso;15;2;2;2;2;4
Animais na Pista;Atropelamento de Animal;Plena Noite;Nublado;Motocicleta;Ileso;1;2;2;2;2;1
Animais na Pista;Atropelamento de Animal;Plena Noite;Nublado;Motocicleta;Lesoes Graves;6;2;2;2;2;1
Animais na Pista;Atropelamento de Animal;Plena Noite;Nublado;Motocicleta;Lesoes Leves;14;2;2;2;2;1
Animais na Pista;Atropelamento de Animal;Plena Noite;Nublado;Motocicleta;Obito;4;2;2;2;2;1
Animais na Pista;Atropelamento de Animal;Plena Noite;Nublado;Utilitario;Ileso;3;2;2;2;2;3
Animais na Pista;Atropelamento de Animal;Plena Noite;Vento;Automovel;Ileso;2;2;2;2;5;1
Animais na Pista;Atropelamento de Animal;Pleno dia;Ceu Claro;Automovel;Ileso;11;2;2;1;1;1
Animais na Pista;Atropelamento de Animal;Pleno dia;Ceu Claro;Automovel;Lesoes Graves;1;2;2;1;1;1
Animais na Pista;Atropelamento de Animal;Pleno dia;Ceu Claro;Automovel;Lesoes Leves;9;2;2;1;1;1
Animais na Pista;Atropelamento de Animal;Pleno dia;Ceu Claro;Automovel;Obito;1;2;2;1;1;1
Animais na Pista;Atropelamento de Animal;Pleno dia;Ceu Claro;Bicicleta;Lesoes Graves;1;2;2;1;1;3
Animais na Pista;Atropelamento de Animal;Pleno dia;Ceu Claro;Caminhonete;Lesoes Leves;1;2;2;1;1;2
Animais na Pista;Atropelamento de Animal;Pleno dia;Ceu Claro;Micro-onibus;Ileso;1;2;2;1;1;4
Animais na Pista;Atropelamento de Animal;Pleno dia;Ceu Claro;Motocicleta;Ileso;1;2;2;1;1;1
Animais na Pista;Atropelamento de Animal;Pleno dia;Ceu Claro;Motocicleta;Lesoes Graves;7;2;2;1;1;1
Animais na Pista;Atropelamento de Animal;Pleno dia;Ceu Claro;Motocicleta;Lesoes Leves;31;2;2;1;1;1
Animais na Pista;Atropelamento de Animal;Pleno dia;Ceu Claro;Motoneta;Lesoes Graves;1;2;2;1;1;3