causa_acidente;tipo_acidente;fase_dia;condicao_metereologica;tipo_veiculo;estado_fisico;count;causa_acidente_criterios;tipo_acidente_criterios;fase_dia_criterios;condicao_metereologica_criterios;tipo_veiculo_criterios
Animais na Pista;Atropelamento de Animal;Pleno dia;Ceu Claro;Nao Informado;Ileso;1;2;2;1;1;3
Animais na Pista;Atropelamento de Animal;Pleno dia;Ceu Claro;Utilitario;Lesoes Leves;1;2;2;1;1;3
Animais na Pista;Atropelamento de Animal;Pleno dia;Nublado;Automovel;Ileso;1;2;2;1;2;1
Animais na Pista;Atropelamento de Animal;Pleno dia;Nublado;Automovel;Lesoes Leves;1;2;2;1;2;1
Animais na Pista;Atropelamento de Animal;Pleno dia;Nublado;Caminhonete;Ileso;6;2;2;1;2;2
Animais na Pista;Atropelamento de Animal;Pleno dia;Nublado;Motocicleta;Lesoes Graves;1;2;2;1;2;1
Animais na Pista;Atropelamento de Animal;Pleno dia;Nublado;Motocicleta;Lesoes Leves;4;2;2;1;2;1
Animais na Pista;Atropelamento de Animal;Pleno dia;Nublado;Nao Informado;Ileso;1;2;2;1;2;3
Animais na Pista;Atropelamento de Animal;Pleno dia;Nublado;Nao Informado;Lesoes Leves;1;2;2;1;2;3
Animais na Pista;Atropelamento de Animal;Pleno dia;Nublado;Utilitario;Ileso;3;2;2;1;2;3
Animais na Pista;Atropelamento de Animal;Pleno dia;Sol;Caminhonete;Ileso;1;2;2;1;3;2
Animais na Pista;Atropelamento de Animal;Pleno dia;Sol;Caminhonete;Lesoes Leves;1;2;2;1;3;2
Animais na Pista;Atropelamento de Animal;Pleno dia;Sol;Motocicleta;Lesoes Graves;1;2;2;1;3;1
Animais na Pista;Atropelamento de Animal;Pleno dia;Sol;Motocicleta;Lesoes Leves;2;2;2;1;3;1
Animais na Pista;Atropelamento de Animal;Pleno dia;Sol;Nao se aplica;Lesoes Graves;1;2;2;1;3;3
Animais na Pista;Atropelamento de Pedestre;Amanhecer;Nublado;Motocicleta;Lesoes Leves;2;2;4;4;2;1
Animais na Pista;Atropelamento de Pedestre;Amanhecer;Nublado;Motoneta;Obito;1;2;4;4;2;3
Animais na Pista;Capotamento;Amanhecer;Ceu Claro;Automovel;Ileso;1;2;5;4;1;1
Animais na Pista;Capotamento;Amanhecer;Ceu Claro;Automovel;Lesoes Leves;1;2;5;4;1;1
Animais na Pista;Capotamento;Amanhecer;Ceu Claro;Caminhonete;Lesoes Leves;1;2;5;4;1;2
Animais na Pista;Capotamento;Amanhecer;Ceu Claro;Nao Informado;Lesoes Leves;1;2;5;4;1;3
Animais na Pista;Capotamento;Amanhecer;Ceu Claro;Nao Informado;Obito;1;2;5;4;1;3
Animais na Pista;Capotamento;Anoitecer;Ceu Claro;Automovel;Ileso;2;2;5;4;1;1
Animais na Pista;Capotamento;Anoitecer;Ceu Claro;Automovel;Lesoes Leves;2;2;5;4;1;1
Animais na Pista;Capotamento;Anoitecer;Nublado;Caminhonete;Lesoes Leves;1;2;5;4;2;2
Animais na Pista;Capotamento;Plena Noite;Ceu Claro;Automovel;Ileso;16;2;5;2;1;1
Animais na Pista;Capotamento;Plena Noite;Ceu Claro;Automovel;Lesoes Graves;4;2;5;2;1;1
Animais na Pista;Capotamento;Plena Noite;Ceu Claro;Automovel;Lesoes Leves;15;2;5;2;1;1
Animais na Pista;Capotamento;Plena Noite;Ceu Claro;Automovel;Obito;1;2;5;2;1;1
Animais na Pista;Capotamento;Plena Noite;Ceu Claro;Caminhao-trator;Ileso;1;2;5;2;1;2
Animais na Pista;Capotamento;Plena Noite;Ceu Claro;Caminhonete;Lesoes Leves;2;2;5;2;1;2
Animais na Pista;Capotamento;Plena Noite;Ceu Claro;Motoneta;Lesoes Graves;1;2;5;2;1;3
Animais na Pista;Capotamento;Plena Noite;Garoa/Chuvisco;Automovel;Lesoes Leves;2;2;5;2;3;1
Animais na Pista;Capotamento;Plena Noite;Nevoeiro/Neblina;Automovel;Lesoes Leves;2;2;5;2;4;1
Animais na Pista;Capotamento;Plena Noite;Nublado;Automovel;Lesoes Leves;12;2;5;2;2;1
Animais na Pista;Capotamento;Plena Noite;Nublado;Caminhonete;Lesoes Graves;1;2;5;2;2;2
Animais na Pista;Capotamento;Plena Noite;Nublado;Caminhonete;Lesoes Leves;2;2;5;2;2;2
Animais na Pista;Capotamento;Plena Noite;Nublado;Caminhonete;Obito;1;2;5;2;2;2
Animais na Pista;Capotamento;Pleno dia;Ceu Claro;Automovel;Ileso;2;2;5;1;1;1
Animais na Pista;Capotamento;Pleno dia;Ceu Claro;Automovel;Lesoes Graves;1;2;5;1;1;1
Animais na Pista;Capotamento;Pleno dia;Ceu Claro;Automovel;Lesoes Leves;14;2;5;1;1;1
Animais na Pista;Capotamento;Pleno dia;Ceu Claro;Automovel;Obito;1;2;5;1;1;1
Animais na Pista;Capotamento;Pleno dia;Ceu Claro;Caminhonete;Ileso;5;2;5;1;1;2
Animais na Pista;Capotamento;Pleno dia;Ceu Claro;Caminhonete;Lesoes Graves;1;2;5;1;1;2
Animais na Pista;Capotamento;Pleno dia;Ceu Claro;Caminhonete;Lesoes Leves;2;2;5;1;1;2
Animais na Pista;Capotamento;Pleno dia;Ceu Claro;Nao Informado;Ileso;1;2;5;1;1;3
Animais na Pista;Capotamento;Pleno dia;Chuva;Automovel;Lesoes Leves;1;2;5;1;2;1
Animais na Pista;Capotamento;Pleno dia;Chuva;Caminhao;Lesoes Leves;1;2;5;1;2;2
Animais na Pista;Capotamento;Pleno dia;Chuva;Motocicleta;Obito;1;2;5;1;2;1
Animais na Pista;Capotamento;Pleno dia;Sol;Automovel;Lesoes Graves;1;2;5;1;3;1
Animais na Pista;Capotamento;Pleno dia;Sol;Automovel;Lesoes Leves;1;2;5;1;3;1
Animais na Pista;Capotamento;Pleno dia;Sol;Caminhonete;Ileso;1;2;5;1;3;2
Animais na Pista;Capotamento;Pleno dia;Sol;Caminhonete;Lesoes Leves;3;2;5;1;3;2
Animais na Pista;Colisao com objeto;Amanhecer;Ceu Claro;Automovel;Ileso;2;2;5;4;1;1
Animais na Pista;Colisao com objeto;Amanhecer;Ceu Claro;Automovel;Lesoes Leves;3;2;5;4;1;1
Animais na Pista;Colisao com objeto;Amanhecer;Ceu Claro;Motocicleta;Lesoes Graves;1;2;5;4;1;1
Animais na Pista;Colisao com objeto;Anoitecer;Nublado;Automovel;Lesoes Leves;3;2;5;4;2;1
Animais na Pista;Colisao com objeto;Plena Noite;Ceu Claro;Automovel;Ileso;1;2;5;2;1;1
Animais na Pista;Colisao com objeto;Plena Noite;Ceu Claro;Automovel;Lesoes Graves;1;2;5;2;1;1
Animais na Pista;Colisao com objeto;Plena Noite;Ceu Claro;Automovel;Lesoes Leves;5;2;5;2;1;1
Animais na Pista;Colisao com objeto;Plena Noite;Ceu Claro;Caminhao-trator;Ileso;1;2;5;2;1;2
Animais na Pista;Colisao com objeto;Plena Noite;Ceu Claro;Caminhao-trator;Lesoes Leves;1;2;5;2;1;2
Animais na Pista;Colisao com objeto;Plena Noite;Ceu Claro;Caminhonete;Ileso;1;2;5;2;1;2
Animais na Pista;Colisao com objeto;Plena Noite;Ceu Claro;Motocicleta;Lesoes Graves;1;2;5;2;1;1
Animais na Pista;Colisao com objeto;Plena Noite;Ceu Claro;Motocicleta;Lesoes Leves;2;2;5;2;1;1
Animais na Pista;Colisao com objeto;Plena Noite;Ceu Claro;Motoneta;Lesoes Graves;1;2;5;2;1;3
Animais na Pista;Colisao com objeto;Plena Noite;Chuva;Utilitario;Lesoes Leves;1;2;5;2;2;3
Animais na Pista;Colisao com objeto;Plena Noite;Ignorado;Utilitario;Ileso;2;2;5;2;0;3
Animais na Pista;Colisao com objeto;Plena Noite;Nublado;Automovel;Lesoes Leves;8;2;5;2;2;1
Animais na Pista;Colisao com objeto;Plena Noite;Nublado;Caminhonete;Obito;1;2;5;2;2;2
Animais na Pista;Colisao com objeto;Plena Noite;Nublado;Motocicleta;Lesoes Graves;1;2;5;2;2;1
Animais na Pista;Colisao com objeto;Pleno dia;Ceu Claro;Automovel;Ileso;2;2;5;1;1;1
Animais na Pista;Colisao com objeto;Pleno dia;Ceu Claro;Automovel;Lesoes Leves;1;2;5;1;1;1
Animais na Pista;Colisao com objeto;Pleno dia;Ceu Claro;Caminhonete;Ileso;3;2;5;1;1;2
Animais na Pista;Colisao com objeto;Pleno dia;Ceu Claro;Caminhonete;Lesoes Graves;1;2;5;1;1;2
Animais na Pista;Colisao com objeto;Pleno dia;Ceu Claro;Caminhonete;Lesoes Leves;2;2;5;1;1;2
Animais na Pista;Colisao com objeto;Pleno dia;Ceu Claro;Utilitario;Ileso;1;2;5;1;1;3
Animais na Pista;Colisao com objeto;Pleno dia;Garoa/Chuvisco;Caminhonete;Ileso;2;2;5;1;3;2
Animais na Pista;Colisao com objeto;Pleno dia;Sol;Automovel;Lesoes Graves;1;2;5;1;3;1
Animais na Pista;Colisao com objeto;Pleno dia;Sol;Automovel;Lesoes Leves;1;2;5;1;3;1
Animais na Pista;Colisao com objeto;Pleno dia;Sol;Caminhonete;Lesoes Leves;1;2;5;1;3;2
Animais na Pista;Colisao frontal;Amanhecer;Ceu Claro;Bicicleta;Lesoes Graves;1;2;5;4;1;3
Animais na Pista;Colisao frontal;Amanhecer;Ceu Claro;Motocicleta;Lesoes Leves;2;2;5;4;1;1
Animais na Pista;Colisao frontal;Plena Noite;Ceu Claro;Automovel;Lesoes Graves;1;2;5;2;1;1
Animais na Pista;Colisao frontal;Plena Noite;Ceu Claro;Automovel;Lesoes Leves;5;2;5;2;1;1
Animais na Pista;Colisao frontal;Plena Noite;Ceu Claro;Automovel;Obito;1;2;5;2;1;1
Animais na Pista;Colisao frontal;Plena Noite;Ceu Claro;Caminhao;Lesoes Graves;1;2;5;2;1;2
Animais na Pista;Colisao frontal;Plena Noite;Ceu Claro;Caminhao;Lesoes Leves;1;2;5;2;1;2
Animais na Pista;Colisao frontal;Plena Noite;Ceu Claro;Caminhao-trator;Lesoes Leves;1;2;5;2;1;2
Animais na Pista;Colisao frontal;Plena Noite;Ceu Claro;Caminhonete;Ileso;1;2;5;2;1;2
Animais na Pista;Colisao frontal;Plena Noite;Ceu Claro;Caminhonete;Lesoes Graves;1;2;5;2;1;2
Animais na Pista;Colisao frontal;Plena Noite;Ceu Claro;Caminhonete;Lesoes Leves;1;2;5;2;1;2
Animais na Pista;Colisao frontal;Plena Noite;Ceu Claro;Caminhonete;Obito;1;2;5;2;1;2
Animais na Pista;Colisao frontal;Plena Noite;Ceu Claro;Motocicleta;Lesoes Graves;1;2;5;2;1;1
Animais na Pista;Colisao frontal;Plena Noite;Chuva;Motocicleta;Lesoes Graves;1;2;5;2;2;1
Animais na Pista;Colisao frontal;Plena Noite;Nublado;Automovel;Lesoes Leves;3;2;5;2;2;1
Animais na Pista;Colisao frontal;Plena Noite;Nublado;Caminhonete;Lesoes Leves;1;2;5;2;2;2
Animais na Pista;Colisao frontal;Pleno dia;Chuva;Automovel;Lesoes Leves;1;2;5;1;2;1
Animais na Pista;Colisao frontal;Pleno dia;Chuva;Motocicleta;Obito;1;2;5;1;2;1
Animais na Pista;Colisao lateral mesmo sentido;Plena Noite;Ceu Claro;Automovel;Ileso;5;2;5;2;1;1
Animais na Pista;Colisao lateral mesmo sentido;Plena Noite;Ceu Claro;Bicicleta;Lesoes Leves;1;2;5;2;1;3
Animais na Pista;Colisao lateral mesmo sentido;Plena Noite;Ceu Claro;Caminhonete;Lesoes Leves;1;2;5;2;1;2
Animais na Pista;Colisao lateral mesmo sentido;Plena Noite;Ceu Claro;Motocicleta;Lesoes Graves;1;2;5;2;1;1
Animais na Pista;Colisao lateral mesmo sentido;Plena Noite;Ceu Claro;Motocicleta;Lesoes Leves;6;2;5;2;1;1
Animais na Pista;Colisao lateral mesmo sentido;Pleno dia;Ceu Claro;Automovel;Ileso;3;2;5;1;1;1
Animais na Pista;Colisao lateral mesmo sentido;Pleno dia;Ceu Claro;Bicicleta;Lesoes Graves;1;2;5;1;1;3
Animais na Pista;Colisao lateral mesmo sentido;Pleno dia;Ceu Claro;Caminhao-trator;Ileso;2;2;5;1;1;2
Animais na Pista;Colisao lateral mesmo sentido;Pleno dia;Ceu Claro;Micro-onibus;Ileso;1;2;5;1;1;4
Animais na Pista;Colisao lateral mesmo sentido;Pleno dia;Ceu Claro;Motocicleta;Ileso;1;2;5;1;1;1
Animais na Pista;Colisao lateral mesmo sentido;Pleno dia;Ceu Claro;Motocicleta;Lesoes Leves;2;2;5;1;1;1
Animais na Pista;Colisao lateral sentido oposto;Plena Noite;Ceu Claro;Automovel;Ileso;2;2;4;2;1;1
Animais na Pista;Colisao lateral sentido oposto;Plena Noite;Ceu Claro;Automovel;Lesoes Leves;1;2;4;2;1;1
Animais na Pista;Colisao lateral sentido oposto;Plena Noite;Ceu Claro;Motocicleta;Obito;1;2;4;2;1;1
Animais na Pista;Colisao transversal;Plena Noite;Ceu Claro;Automovel;Lesoes Leves;1;2;5;2;1;1
Animais na Pista;Colisao transversal;Plena Noite;Ceu Claro;Caminhao;Ileso;1;2;5;2;1;2
Animais na Pista;Colisao transversal;Plena Noite;Ceu Claro;Caminhonete;Ileso;3;2;5;2;1;2
Animais na Pista;Colisao transversal;Plena Noite;Ceu Claro;Motocicleta;Lesoes Leves;1;2;5;2;1;1
Animais na Pista;Colisao transversal;Plena Noite;Ceu Claro;Onibus;Ileso;1;2;5;2;1;3
Animais na Pista;Colisao transversal;Plena Noite;Nublado;Caminhonete;Ileso;3;2;5;2;2;2
Animais na Pista;Colisao transversal;Plena Noite;Nublado;Caminhonete;Lesoes Graves;1;2;5;2;2;2
Animais na Pista;Colisao transversal;Plena Noite;Nublado;Motocicleta;Lesoes Leves;1;2;5;2;2;1
Animais na Pista;Colisao traseira;Amanhecer;Ceu Claro;Automovel;Ileso;1;2;5;4;1;1
Animais na Pista;Colisao traseira;Amanhecer;Ceu Claro;Motocicleta;Lesoes Leves;1;2;5;4;1;1
Animais na Pista;Colisao traseira;Plena Noite;Ceu Claro;Automovel;Ileso;2;2;5;2;1;1
Animais na Pista;Colisao traseira;Plena Noite;Ceu Claro;Caminhonete;Ileso;1;2;5;2;1;2
Animais na Pista;Colisao traseira;Plena Noite;Ceu Claro;Motocicleta;Lesoes Graves;1;2;5;2;1;1
Animais na Pista;Colisao traseira;Plena Noite;Ceu Claro;Motocicleta;Lesoes Leves;3;2;5;2;1;1
Animais na Pista;Colisao traseira;Plena Noite;Chuva;Automovel;Ileso;1;2;5;2;2;1
Animais na Pista;Colisao traseira;Plena Noite;Chuva;Motocicleta;Lesoes Graves;1;2;5;2;2;1
Animais na Pista;Colisao traseira;Pleno dia;Ceu Claro;Automovel;Ileso;3;2;5;1;1;1
Animais na Pista;Colisao traseira;Pleno dia;Ceu Claro;Automovel;Lesoes Leves;3;2;5;1;1;1
Animais na Pista;Colisao traseira;Pleno dia;Ceu Claro;Caminhao;Ileso;4;2;5;1;1;2
Animais na Pista;Colisao traseira;Pleno dia;Ceu Claro;Caminhonete;Lesoes Graves;1;2;5;1;1;2
Animais na Pista;Colisao traseira;Pleno dia;Ceu Claro;Motocicleta;Lesoes Leves;5;2;5;1;1;1
Animais na Pista;Colisao traseira;Pleno dia;Ceu Claro;Nao Informado;Ileso;1;2;5;1;1;3
Animais na Pista;Colisao traseira;Pleno dia;Chuva;Caminhonete;Ileso;1;2;5;1;2;2
Animais na Pista;Colisao traseira;Pleno dia;Chuva;Motocicleta;Lesoes Leves;1;2;5;1;2;1
Animais na Pista;Colisao traseira;Pleno dia;Nublado;Automovel;Ileso;6;2;5;1;2;1
Animais na Pista;Colisao traseira;Pleno dia;Nublado;Automovel;Lesoes Graves;1;2;5;1;2;1
Animais na Pista;Derramamento de carga;Amanhecer;Ceu Claro;Nao Informado;Lesoes Leves;1;2;3;4;1;3
Animais na Pista;Derramamento de carga;Amanhecer;Ceu Claro;Nao Informado;Obito;1;2;3;4;1;3
Animais na Pista;Derramamento de carga;Plena Noite;Ignorado;Caminhao;Lesoes Leves;1;2;3;2;0;2
Animais na Pista;Engavetamento;Pleno dia;Ceu Claro;Automovel;Ileso;4;2;3;1;1;1
Animais na Pista;Engavetamento;Pleno dia;Ceu Claro;Caminhao-trator;Ileso;1;2;3;1;1;2
Animais na Pista;Engavetamento;Pleno dia;Ceu Claro;Motocicleta;Ileso;1;2;3;1;1;1
Animais na Pista;Engavetamento;Pleno dia;Ceu Claro;Motocicleta;Lesoes Leves;1;2;3;1;1;1
Animais na Pista;Engavetamento;Pleno dia;Nublado;Caminhao;Ileso;2;2;3;1;2;2
Animais na Pista;Engavetamento;Pleno dia;Nublado;Caminhonete;Ileso;1;2;3;1;2;2
Animais na Pista;Engavetamento;Pleno dia;Nublado;Caminhonete;Lesoes Leves;3;2;3;1;2;2
Animais na Pista;Engavetamento;Pleno dia;Nublado;Onibus;Ileso;2;2;3;1;2;3
Animais na Pista;Eventos atipicos;Plena Noite;Ceu Claro;Caminhonete;Lesoes Leves;1;2;2;2;1;2
Animais na Pista;Incendio;Plena Noite;Ceu Claro;Caminhao;Ileso;1;2;2;2;1;2
Animais na Pista;Incendio;Plena Noite;Garoa/Chuvisco;Caminhonete;Ileso;1;2;2;2;3;2
Animais na Pista;Queda de ocupante de veiculo;Amanhecer;Ceu Claro;Automovel;Ileso;1;2;5;4;1;1
Animais na Pista;Queda de ocupante de veiculo;Amanhecer;Ceu Claro;Motocicleta;Lesoes Graves;1;2;5;4;1;1
Animais na Pista;Queda de ocupante de veiculo;Amanhecer;Ceu Claro;Motocicleta;Lesoes Leves;5;2;5;4;1;1
Animais na Pista;Queda de ocupante de veiculo;Amanhecer;Ceu Claro;Motocicleta;Obito;1;2;5;4;1;1
Animais na Pista;Queda de ocupante de veiculo;Amanhecer;Garoa/Chuvisco;Motocicleta;Lesoes Leves;1;2;5;4;3;1
Animais na Pista;Queda de ocupante de veiculo;Amanhecer;Nublado;Motocicleta;Lesoes Graves;1;2;5;4;2;1
Animais na Pista;Queda de ocupante de veiculo;Amanhecer;Nublado;Motocicleta;Lesoes Leves;4;2;5;4;2;1
Animais na Pista;Queda de ocupante de veiculo;Amanhecer;Nublado;Motoneta;Obito;2;2;5;4;2;3
Animais na Pista;Queda de ocupante de veiculo;Anoitecer;Ceu Claro;Caminhao-trator;Ileso;1;2;5;4;1;2
Animais na Pista;Queda de ocupante de veiculo;Anoitecer;Ceu Claro;Motocicleta;Lesoes Graves;1;2;5;4;1;1
Animais na Pista;Queda de ocupante de veiculo;Anoitecer;Ceu Claro;Motocicleta;Lesoes Leves;4;2;5;4;1;1
Animais na Pista;Queda de ocupante de veiculo;Anoitecer;Nublado;Motocicleta;Lesoes Leves;2;2;5;4;2;1
Animais na Pista;Queda de ocupante de veiculo;Anoitecer;Nublado;Motoneta;Lesoes Graves;1;2;5;4;2;3
Animais na Pista;Queda de ocupante de veiculo;Anoitecer;Nublado;Motoneta;Lesoes Leves;2;2;5;4;2;3
Animais na Pista;Queda de ocupante de veiculo;Anoitecer;Sol;Motocicleta;Lesoes Leves;1;2;5;4;3;1
Animais na Pista;Queda de ocupante de veiculo;Plena Noite;Ceu Claro;Automovel;Ileso;2;2;5;2;1;1
Animais na Pista;Queda de ocupante de veiculo;Plena Noite;Ceu Claro;Automovel;Lesoes Graves;2;2;5;2;1;1
Animais na Pista;Queda de ocupante de veiculo;Plena Noite;Ceu Claro;Automovel;Obito;1;2;5;2;1;1
Animais na Pista;Queda de ocupante de veiculo;Plena Noite;Ceu Claro;Ciclomotor;Lesoes Graves;1;2;5;2;1;4
Animais na Pista;Queda de ocupante de veiculo;Plena Noite;Ceu Claro;Motocicleta;Ileso;1;2;5;2;1;1
Animais na Pista;Queda de ocupante de veiculo;Plena Noite;Ceu Claro;Motocicleta;Lesoes Graves;20;2;5;2;1;1
Animais na Pista;Queda de ocupante de veiculo;Plena Noite;Ceu Claro;Motocicleta;Lesoes Leves;56;2;5;2;1;1
Animais na Pista;Queda de ocupante de veiculo;Plena Noite;Ceu Claro;Motocicleta;Obito;9;2;5;2;1;1
Animais na Pista;Queda de ocupante de veiculo;Plena Noite;Ceu Claro;Motoneta;Lesoes Leves;4;2;5;2;1;3
Animais na Pista;Queda de ocupante de veiculo;Plena Noite;Ceu Claro;Onibus;Ileso;1;2;5;2;1;3
Animais na Pista;Queda de ocupante de veiculo;Plena Noite;Chuva;Automovel;Ileso;1;2;5;2;2;1
Animais na Pista;Queda de ocupante de veiculo;Plena Noite;Chuva;Motocicleta;Ileso;1;2;5;2;2;1
Animais na Pista;Queda de ocupante de veiculo;Plena Noite;Chuva;Motocicleta;Lesoes Graves;1;2;5;2;2;1
Animais na Pista;Queda de ocupante de veiculo;Plena Noite;Chuva;Motocicleta;Lesoes Leves;1;2;5;2;2;1
Animais na Pista;Queda de ocupante de veiculo;Plena Noite;Garoa/Chuvisco;Motocicleta;Lesoes Leves;3;2;5;2;3;1
Animais na Pista;Queda de ocupante de veiculo;Plena Noite;Ignorado;Motocicleta;Lesoes Graves;1;2;5;2;0;1
Animais na Pista;Queda de ocupante de veiculo;Plena Noite;Ignorado;Motocicleta;Lesoes Leves;1;2;5;2;0;1
Animais na Pista;Queda de ocupante de veiculo;Plena Noite;Ignorado;Motoneta;Lesoes Graves;1;2;5;2;0;3
Animais na Pista;Queda de ocupante de veiculo;Plena Noite;Nublado;Caminhonete;Ileso;3;2;5;2;2;2
Animais na Pista;Queda de ocupante de veiculo;Plena Noite;Nublado;Caminhonete;Lesoes Graves;1;2;5;2;2;2
Animais na Pista;Queda de ocupante de veiculo;Plena Noite;Nublado;Motocicleta;Lesoes Graves;7;2;5;2;2;1
Animais na Pista;Queda de ocupante de veiculo;Plena Noite;Nublado;Motocicleta;Lesoes Leves;12;2;5;2;2;1
Animais na Pista;Queda de ocupante de veiculo;Plena Noite;Nublado;Motocicleta;Obito;2;2;5;2;2;1
Animais na Pista;Queda de ocupante de veiculo;Plena Noite;Nublado;Motoneta;Lesoes Graves;1;2;5;2;2;3
Animais na Pista;Queda de ocupante de veiculo;Pleno dia;Ceu Claro;Automovel;Ileso;2;2;5;1;1;1
Animais na Pista;Queda de ocupante de veiculo;Pleno dia;Ceu Claro;Automovel;Obito;1;2;5;1;1;1
Animais na Pista;Queda de ocupante de veiculo;Pleno dia;Ceu Claro;Bicicleta;Lesoes Graves;1;2;5;1;1;3
Animais na Pista;Queda de ocupante de veiculo;Pleno dia;Ceu Claro;Caminhao-trator;Ileso;1;2;5;1;1;2
Animais na Pista;Queda de ocupante de veiculo;Pleno dia;Ceu Claro;Motocicleta;Ileso;2;2;5;1;1;1
Animais na Pista;Queda de ocupante de veiculo;Pleno dia;Ceu Claro;Motocicleta;Lesoes Graves;2;2;5;1;1;1
Animais na Pista;Queda de ocupante de veiculo;Pleno dia;Ceu Claro;Motocicleta;Lesoes Leves;25;2;5;1;1;1
Animais na Pista;Queda de ocupante de veiculo;Pleno dia;Chuva;Automovel;Lesoes Leves;1;2;5;1;2;1
Animais na Pista;Queda de ocupante de veiculo;Pleno dia;Chuva;Motocicleta;Obito;1;2;5;1;2;1
Animais na Pista;Queda de ocupante de veiculo;Pleno dia;Chuva;Motoneta;Lesoes Leves;1;2;5;1;2;3
Animais na Pista;Queda de ocupante de veiculo;Pleno dia;Nublado;Bicicleta;Lesoes Leves;2;2;5;1;2;3
Animais na Pista;Queda de ocupante de veiculo;Pleno dia;Nublado;Motocicleta;Lesoes Graves;2;2;5;1;2;1
Animais na Pista;Queda de ocupante de veiculo;Pleno dia;Nublado;Motocicleta;Lesoes Leves;6;2;5;1;2;1
Animais na Pista;Queda de ocupante de veiculo;Pleno dia;Nublado;Motoneta;Lesoes Leves;1;2;5;1;2;3
Animais na Pista;Queda de ocupante de veiculo;Pleno dia;Sol;Motocicleta;Lesoes Graves;1;2;5;1;3;1
Animais na Pista;Queda de ocupante de veiculo;Pleno dia;Sol;Motocicleta;Lesoes Leves;1;2;5;1;3;1
Animais na Pista;Saida de leito carrocavel;Amanhecer;Ceu Claro;Automovel;Ileso;2;2;5;4;1;1
Animais na Pista;Saida de leito carrocavel;Amanhecer;Ceu Claro;Automovel;Lesoes Leves;1;2;5;4;1;1
Animais na Pista;Saida de leito carrocavel;Amanhecer;Ceu Claro;Caminhonete;Ileso;6;2;5;4;1;2
Animais na Pista;Saida de leito carrocavel;Amanhecer;Ceu Claro;Caminhonete;Lesoes Leves;2;2;5;4;1;2
Animais na Pista;Saida de leito carrocavel;Anoitecer;Nublado;Automovel;Lesoes Leves;3;2;5;4;2;1
Animais na Pista;Saida de leito carrocavel;Anoitecer;Nublado;Motocicleta;Lesoes Graves;1;2;5;4;2;1
Animais na Pista;Saida de leito carrocavel;Anoitecer;Nublado;Motocicleta;Lesoes Leves;1;2;5;4;2;1
Animais na Pista;Saida de leito carrocavel;Plena Noite;Ceu Claro;Automovel;Ileso;18;2;5;2;1;1
Animais na Pista;Saida de leito carrocavel;Plena Noite;Ceu Claro;Automovel;Lesoes Graves;5;2;5;2;1;1
Animais na Pista;Saida de leito carrocavel;Plena Noite;Ceu Claro;Automovel;Lesoes Leves;19;2;5;2;1;1
Animais na Pista;Saida de leito carrocavel;Plena Noite;Ceu Claro;Automovel;Obito;1;2;5;2;1;1
Animais na Pista;Saida de leito carrocavel;Plena Noite;Ceu Claro;Caminhao;Ileso;2;2;5;2;1;2
Animais na Pista;Saida de leito carrocavel;Plena Noite;Ceu Claro;Caminhao;Lesoes Leves;2;2;5;2;1;2
Animais na Pista;Saida de leito carrocavel;Plena Noite;Ceu Claro;Caminhao-trator;Ileso;1;2;5;2;1;2
Animais na Pista;Saida de leito carrocavel;Plena Noite;Ceu Claro;Caminhonete;Ileso;1;2;5;2;1;2
Animais na Pista;Saida de leito carrocavel;Plena Noite;Ceu Claro;Caminhonete;Lesoes Graves;1;2;5;2;1;2
Animais na Pista;Saida de leito carrocavel;Plena Noite;Ceu Claro;Caminhonete;Lesoes Leves;3;2;5;2;1;2
Animais na Pista;Saida de leito carrocavel;Plena Noite;Ceu Claro;Motocicleta;Lesoes Graves;2;2;5;2;1;1
Animais na Pista;Saida de leito carrocavel;Plena Noite;Ceu Claro;Motocicleta;Lesoes Leves;4;2;5;2;1;1
Animais na Pista;Saida de leito carrocavel;Plena Noite;Ceu Claro;Motoneta;Lesoes Leves;1;2;5;2;1;3
Animais na Pista;Saida de leito carrocavel;Plena Noite;Ceu Claro;Utilitario;Ileso;1;2;5;2;1;3
Animais na Pista;Saida de leito carrocavel;Plena Noite;Ceu Claro;Utilitario;Lesoes Leves;1;2;5;2;1;3
Animais na Pista;Saida de leito carrocavel;Plena Noite;Chuva;Automovel;Lesoes Graves;1;2;5;2;2;1
Animais na Pista;Saida de leito carrocavel;Plena Noite;Chuva;Automovel;Lesoes Leves;1;2;5;2;2;1
Animais na Pista;Saida de leito carrocavel;Plena Noite;Chuva;Utilitario;Lesoes Leves;1;2;5;2;2;3
Animais na Pista;Saida de leito carrocavel;Plena Noite;Garoa/Chuvisco;Automovel;Lesoes Leves;2;2;5;2;3;1
Animais na Pista;Saida de leito carrocavel;Plena Noite;Garoa/Chuvisco;Caminhonete;Ileso;1;2;5;2;3;2
Animais na Pista;Saida de leito carrocavel;Plena Noite;Ignorado;Caminhao;Lesoes Leves;1;2;5;2;0;2
Animais na Pista;Saida de leito carrocavel;Plena Noite;Ignorado;Utilitario;Ileso;2;2;5;2;0;3
Animais na Pista;Saida de leito carrocavel;Plena Noite;Nevoeiro/Neblina;Automovel;Lesoes Leves;2;2;5;2;4;1
Animais na Pista;Saida de leito carrocavel;Plena Noite;Nublado;Automovel;Ileso;3;2;5;2;2;1
Animais na Pista;Saida de leito carrocavel;Plena Noite;Nublado;Automovel;Lesoes Graves;1;2;5;2;2;1
Animais na Pista;Saida de leito carrocavel;Plena Noite;Nublado;Automovel;Lesoes Leves;17;2;5;2;2;1
Animais na Pista;Saida de leito carrocavel;Plena Noite;Nublado;Caminhonete;Ileso;4;2;5;2;2;2
Animais na Pista;Saida de leito carrocavel;Plena Noite;Nublado;Caminhonete;Lesoes Graves;2;2;5;2;2;2
Animais na Pista;Saida de leito carrocavel;Plena Noite;Nublado;Caminhonete;Lesoes Leves;4;2;5;2;2;2
Animais na Pista;Saida de leito carrocavel;Plena Noite;Nublado;Caminhonete;Obito;1;2;5;2;2;2
Animais na Pista;Saida de leito carrocavel;Plena Noite;Nublado;Motocicleta;Lesoes Leves;2;2;5;2;2;1
Animais na Pista;Saida de leito carrocavel;Pleno dia;Ceu Claro;Automovel;Lesoes Leves;6;2;5;1;1;1