causa_acidente;tipo_acidente;fase_dia;condicao_metereologica;tipo_veiculo;estado_fisico;count;causa_acidente_criterios;tipo_acidente_criterios;fase_dia_criterios;condicao_metereologica_criterios;tipo_veiculo_criterios
Animais na Pista;Saida de leito carrocavel;Pleno dia;Ceu Claro;Automovel;Obito;1;2;5;1;1;1
Animais na Pista;Saida de leito carrocavel;Pleno dia;Ceu Claro;Caminhonete;Ileso;2;2;5;1;1;2
Animais na Pista;Saida de leito carrocavel;Pleno dia;Ceu Claro;Caminhonete;Lesoes Leves;3;2;5;1;1;2
Animais na Pista;Saida de leito carrocavel;Pleno dia;Ceu Claro;Caminhonete;Obito;1;2;5;1;1;2
Animais na Pista;Saida de leito carrocavel;Pleno dia;Chuva;Automovel;Lesoes Leves;1;2;5;1;2;1
Animais na Pista;Saida de leito carrocavel;Pleno dia;Chuva;Caminhao;Lesoes Leves;1;2;5;1;2;2
Animais na Pista;Saida de leito carrocavel;Pleno dia;Chuva;Motocicleta;Obito;1;2;5;1;2;1
Animais na Pista;Saida de leito carrocavel;Pleno dia;Garoa/Chuvisco;Automovel;Lesoes Leves;2;2;5;1;3;1
Animais na Pista;Saida de leito carrocavel;Pleno dia;Nublado;Automovel;Ileso;6;2;5;1;2;1
Animais na Pista;Saida de leito carrocavel;Pleno dia;Nublado;Automovel;Lesoes Graves;1;2;5;1;2;1
Animais na Pista;Saida de leito carrocavel;Pleno dia;Nublado;Caminhao-trator;Lesoes Leves;2;2;5;1;2;2
Animais na Pista;Saida de leito carrocavel;Pleno dia;Sol;Caminhao-trator;Ileso;1;2;5;1;3;2
Animais na Pista;Saida de leito carrocavel;Pleno dia;Sol;Caminhonete;Ileso;1;2;5;1;3;2
Animais na Pista;Saida de leito carrocavel;Pleno dia;Sol;Caminhonete;Lesoes Leves;3;2;5;1;3;2
Animais na Pista;Tombamento;Amanhecer;Ceu Claro;Automovel;Ileso;1;2;5;4;1;1
Animais na Pista;Tombamento;Amanhecer;Ceu Claro;Caminhonete;Ileso;5;2;5;4;1;2
Animais na Pista;Tombamento;Amanhecer;Ceu Claro;Caminhonete;Lesoes Leves;1;2;5;4;1;2
Animais na Pista;Tombamento;Amanhecer;Ceu Claro;Motocicleta;Lesoes Graves;1;2;5;4;1;1
Animais na Pista;Tombamento;Amanhecer;Ceu Claro;Motocicleta;Lesoes Leves;5;2;5;4;1;1
Animais na Pista;Tombamento;Amanhecer;Ceu Claro;Motocicleta;Obito;1;2;5;4;1;1
Animais na Pista;Tombamento;Amanhecer;Nublado;Motocicleta;Lesoes Graves;1;2;5;4;2;1
Animais na Pista;Tombamento;Amanhecer;Nublado;Motocicleta;Lesoes Leves;4;2;5;4;2;1
Animais na Pista;Tombamento;Amanhecer;Nublado;Motoneta;Obito;2;2;5;4;2;3
Animais na Pista;Tombamento;Anoitecer;Ceu Claro;Motocicleta;Lesoes Leves;2;2;5;4;1;1
Animais na Pista;Tombamento;Anoitecer;Nublado;Motoneta;Lesoes Leves;1;2;5;4;2;3
Animais na Pista;Tombamento;Anoitecer;Sol;Motocicleta;Lesoes Leves;1;2;5;4;3;1
Animais na Pista;Tombamento;Plena Noite;Ceu Claro;Automovel;Ileso;1;2;5;2;1;1
Animais na Pista;Tombamento;Plena Noite;Ceu Claro;Caminhao;Ileso;1;2;5;2;1;2
Animais na Pista;Tombamento;Plena Noite;Ceu Claro;Caminhonete;Lesoes Leves;1;2;5;2;1;2
Animais na Pista;Tombamento;Plena Noite;Ceu Claro;Motocicleta;Lesoes Graves;18;2;5;2;1;1
Animais na Pista;Tombamento;Plena Noite;Ceu Claro;Motocicleta;Lesoes Leves;44;2;5;2;1;1
Animais na Pista;Tombamento;Plena Noite;Ceu Claro;Motocicleta;Obito;7;2;5;2;1;1
Animais na Pista;Tombamento;Plena Noite;Ceu Claro;Motoneta;Lesoes Graves;1;2;5;2;1;3
Animais na Pista;Tombamento;Plena Noite;Ceu Claro;Motoneta;Lesoes Leves;2;2;5;2;1;3
Animais na Pista;Tombamento;Plena Noite;Ceu Claro;Onibus;Ileso;1;2;5;2;1;3
Animais na Pista;Tombamento;Plena Noite;Garoa/Chuvisco;Motocicleta;Lesoes Leves;4;2;5;2;3;1
Animais na Pista;Tombamento;Plena Noite;Ignorado;Caminhao;Lesoes Leves;1;2;5;2;0;2
Animais na Pista;Tombamento;Plena Noite;Ignorado;Motocicleta;Lesoes Graves;1;2;5;2;0;1
Animais na Pista;Tombamento;Plena Noite;Ignorado;Motoneta;Lesoes Graves;1;2;5;2;0;3
Animais na Pista;Tombamento;Plena Noite;Nublado;Automovel;Lesoes Leves;1;2;5;2;2;1
Animais na Pista;Tombamento;Plena Noite;Nublado;Caminhonete;Ileso;3;2;5;2;2;2
Animais na Pista;Tombamento;Plena Noite;Nublado;Caminhonete;Lesoes Graves;1;2;5;2;2;2
Animais na Pista;Tombamento;Plena Noite;Nublado;Motocicleta;Lesoes Graves;5;2;5;2;2;1
Animais na Pista;Tombamento;Plena Noite;Nublado;Motocicleta;Lesoes Leves;15;2;5;2;2;1
Animais na Pista;Tombamento;Plena Noite;Nublado;Motocicleta;Obito;2;2;5;2;2;1
Animais na Pista;Tombamento;Plena Noite;Nublado;Motoneta;Lesoes Graves;1;2;5;2;2;3
Animais na Pista;Tombamento;Pleno dia;Ceu Claro;Automovel;Ileso;1;2;5;1;1;1
Animais na Pista;Tombamento;Pleno dia;Ceu Claro;Automovel;Lesoes Leves;3;2;5;1;1;1
Animais na Pista;Tombamento;Pleno dia;Ceu Claro;Caminhonete;Ileso;3;2;5;1;1;2
Animais na Pista;Tombamento;Pleno dia;Ceu Claro;Caminhonete;Lesoes Leves;3;2;5;1;1;2
Animais na Pista;Tombamento;Pleno dia;Ceu Claro;Motocicleta;Ileso;1;2;5;1;1;1
Animais na Pista;Tombamento;Pleno dia;Ceu Claro;Motocicleta;Lesoes Graves;2;2;5;1;1;1
Animais na Pista;Tombamento;Pleno dia;Ceu Claro;Motocicleta;Lesoes Leves;25;2;5;1;1;1
Animais na Pista;Tombamento;Pleno dia;Ceu Claro;Motoneta;Lesoes Graves;1;2;5;1;1;3
Animais na Pista;Tombamento;Pleno dia;Ceu Claro;Utilitario;Lesoes Leves;1;2;5;1;1;3
Animais na Pista;Tombamento;Pleno dia;Chuva;Caminhonete;Ileso;1;2;5;1;2;2
Animais na Pista;Tombamento;Pleno dia;Chuva;Caminhonete;Lesoes Leves;1;2;5;1;2;2
Animais na Pista;Tombamento;Pleno dia;Chuva;Motoneta;Lesoes Leves;1;2;5;1;2;3
Animais na Pista;Tombamento;Pleno dia;Nublado;Motocicleta;Lesoes Leves;6;2;5;1;2;1
Animais na Pista;Tombamento;Pleno dia;Nublado;Motoneta;Lesoes Leves;1;2;5;1;2;3
Animais na Pista;Tombamento;Pleno dia;Sol;Motocicleta;Lesoes Graves;1;2;5;1;3;1
Animais na Pista;Tombamento;Pleno dia;Sol;Motocicleta;Lesoes Leves;2;2;5;1;3;1
Area urbana sem a presenca de local apropriado para a travessia de pedestres;Atropelamento de Pedestre;Amanhecer;Nublado;Motocicleta;Lesoes Leves;1;1;4;4;2;1
Area urbana sem a presenca de local apropriado para a travessia de pedestres;Atropelamento de Pedestre;Amanhecer;Nublado;Nao se aplica;Lesoes Graves;1;1;4;4;2;3
Area urbana sem a presenca de local apropriado para a travessia de pedestres;Atropelamento de Pedestre;Anoitecer;Ceu Claro;Caminhao;Ileso;1;1;4;4;1;2
Area urbana sem a presenca de local apropriado para a travessia de pedestres;Atropelamento de Pedestre;Anoitecer;Ceu Claro;Motocicleta;Lesoes Leves;2;1;4;4;1;1
Area urbana sem a presenca de local apropriado para a travessia de pedestres;Atropelamento de Pedestre;Anoitecer;Ceu Claro;Nao se aplica;Lesoes Graves;1;1;4;4;1;3
Area urbana sem a presenca de local apropriado para a travessia de pedestres;Atropelamento de Pedestre;Anoitecer;Ceu Claro;Nao se aplica;Lesoes Leves;1;1;4;4;1;3
Area urbana sem a presenca de local apropriado para a travessia de pedestres;Atropelamento de Pedestre;Anoitecer;Ceu Claro;Nao se aplica;Obito;1;1;4;4;1;3
Area urbana sem a presenca de local apropriado para a travessia de pedestres;Atropelamento de Pedestre;Anoitecer;Chuva;Automovel;Ileso;2;1;4;4;2;1
Area urbana sem a presenca de local apropriado para a travessia de pedestres;Atropelamento de Pedestre;Anoitecer;Chuva;Nao se aplica;Lesoes Graves;1;1;4;4;2;3
Area urbana sem a presenca de local apropriado para a travessia de pedestres;Atropelamento de Pedestre;Plena Noite;Ceu Claro;Automovel;Ileso;14;1;4;2;1;1
Area urbana sem a presenca de local apropriado para a travessia de pedestres;Atropelamento de Pedestre;Plena Noite;Ceu Claro;Automovel;Lesoes Leves;3;1;4;2;1;1
Area urbana sem a presenca de local apropriado para a travessia de pedestres;Atropelamento de Pedestre;Plena Noite;Ceu Claro;Caminhao;Ileso;1;1;4;2;1;2
Area urbana sem a presenca de local apropriado para a travessia de pedestres;Atropelamento de Pedestre;Plena Noite;Ceu Claro;Caminhonete;Ileso;3;1;4;2;1;2
Area urbana sem a presenca de local apropriado para a travessia de pedestres;Atropelamento de Pedestre;Plena Noite;Ceu Claro;Motocicleta;Lesoes Graves;2;1;4;2;1;1
Area urbana sem a presenca de local apropriado para a travessia de pedestres;Atropelamento de Pedestre;Plena Noite;Ceu Claro;Nao se aplica;Lesoes Graves;9;1;4;2;1;3
Area urbana sem a presenca de local apropriado para a travessia de pedestres;Atropelamento de Pedestre;Plena Noite;Ceu Claro;Nao se aplica;Lesoes Leves;4;1;4;2;1;3
Area urbana sem a presenca de local apropriado para a travessia de pedestres;Atropelamento de Pedestre;Plena Noite;Ceu Claro;Nao se aplica;Obito;8;1;4;2;1;3
Area urbana sem a presenca de local apropriado para a travessia de pedestres;Atropelamento de Pedestre;Plena Noite;Ceu Claro;Onibus;Ileso;4;1;4;2;1;3
Area urbana sem a presenca de local apropriado para a travessia de pedestres;Atropelamento de Pedestre;Plena Noite;Nublado;Automovel;Ileso;5;1;4;2;2;1
Area urbana sem a presenca de local apropriado para a travessia de pedestres;Atropelamento de Pedestre;Plena Noite;Nublado;Caminhao-trator;Ileso;1;1;4;2;2;2
Area urbana sem a presenca de local apropriado para a travessia de pedestres;Atropelamento de Pedestre;Plena Noite;Nublado;Motocicleta;Lesoes Leves;2;1;4;2;2;1
Area urbana sem a presenca de local apropriado para a travessia de pedestres;Atropelamento de Pedestre;Plena Noite;Nublado;Nao se aplica;Lesoes Graves;1;1;4;2;2;3
Area urbana sem a presenca de local apropriado para a travessia de pedestres;Atropelamento de Pedestre;Plena Noite;Nublado;Nao se aplica;Obito;4;1;4;2;2;3
Area urbana sem a presenca de local apropriado para a travessia de pedestres;Atropelamento de Pedestre;Pleno dia;Ceu Claro;Automovel;Ileso;3;1;4;1;1;1
Area urbana sem a presenca de local apropriado para a travessia de pedestres;Atropelamento de Pedestre;Pleno dia;Ceu Claro;Caminhao-trator;Ileso;1;1;4;1;1;2
Area urbana sem a presenca de local apropriado para a travessia de pedestres;Atropelamento de Pedestre;Pleno dia;Ceu Claro;Caminhonete;Ileso;4;1;4;1;1;2
Area urbana sem a presenca de local apropriado para a travessia de pedestres;Atropelamento de Pedestre;Pleno dia;Ceu Claro;Motocicleta;Ileso;1;1;4;1;1;1
Area urbana sem a presenca de local apropriado para a travessia de pedestres;Atropelamento de Pedestre;Pleno dia;Ceu Claro;Motocicleta;Lesoes Graves;1;1;4;1;1;1
Area urbana sem a presenca de local apropriado para a travessia de pedestres;Atropelamento de Pedestre;Pleno dia;Ceu Claro;Motocicleta;Lesoes Leves;2;1;4;1;1;1
Area urbana sem a presenca de local apropriado para a travessia de pedestres;Atropelamento de Pedestre;Pleno dia;Ceu Claro;Nao se aplica;Lesoes Graves;2;1;4;1;1;3
Area urbana sem a presenca de local apropriado para a travessia de pedestres;Atropelamento de Pedestre;Pleno dia;Ceu Claro;Nao se aplica;Lesoes Leves;1;1;4;1;1;3
Area urbana sem a presenca de local apropriado para a travessia de pedestres;Atropelamento de Pedestre;Pleno dia;Ceu Claro;Nao se aplica;Obito;4;1;4;1;1;3
Area urbana sem a presenca de local apropriado para a travessia de pedestres;Atropelamento de Pedestre;Pleno dia;Chuva;Automovel;Ileso;1;1;4;1;2;1
Area urbana sem a presenca de local apropriado para a travessia de pedestres;Atropelamento de Pedestre;Pleno dia;Chuva;Caminhao;Ileso;1;1;4;1;2;2
Area urbana sem a presenca de local apropriado para a travessia de pedestres;Atropelamento de Pedestre;Pleno dia;Chuva;Nao se aplica;Lesoes Graves;1;1;4;1;2;3
Area urbana sem a presenca de local apropriado para a travessia de pedestres;Atropelamento de Pedestre;Pleno dia;Chuva;Nao se aplica;Lesoes Leves;1;1;4;1;2;3
Area urbana sem a presenca de local apropriado para a travessia de pedestres;Atropelamento de Pedestre;Pleno dia;Nublado;Motocicleta;Obito;1;1;4;1;2;1
Area urbana sem a presenca de local apropriado para a travessia de pedestres;Atropelamento de Pedestre;Pleno dia;Nublado;Motoneta;Lesoes Leves;1;1;4;1;2;3
Area urbana sem a presenca de local apropriado para a travessia de pedestres;Atropelamento de Pedestre;Pleno dia;Nublado;Nao se aplica;Lesoes Graves;1;1;4;1;2;3
Area urbana sem a presenca de local apropriado para a travessia de pedestres;Atropelamento de Pedestre;Pleno dia;Nublado;Nao se aplica;Lesoes Leves;1;1;4;1;2;3
Area urbana sem a presenca de local apropriado para a travessia de pedestres;Atropelamento de Pedestre;Pleno dia;Nublado;Nao se aplica;Obito;1;1;4;1;2;3
Area urbana sem a presenca de local apropriado para a travessia de pedestres;Atropelamento de Pedestre;Pleno dia;Nublado;Utilitario;Ileso;1;1;4;1;2;3
Area urbana sem a presenca de local apropriado para a travessia de pedestres;Atropelamento de Pedestre;Pleno dia;Sol;Motocicleta;Ileso;1;1;4;1;3;1
Area urbana sem a presenca de local apropriado para a travessia de pedestres;Atropelamento de Pedestre;Pleno dia;Sol;Motocicleta;Lesoes Leves;1;1;4;1;3;1
Area urbana sem a presenca de local apropriado para a travessia de pedestres;Atropelamento de Pedestre;Pleno dia;Sol;Nao se aplica;Lesoes Graves;2;1;4;1;3;3
Area urbana sem a presenca de local apropriado para a travessia de pedestres;Atropelamento de Pedestre;Pleno dia;Sol;Nao se aplica;Lesoes Leves;1;1;4;1;3;3
Area urbana sem a presenca de local apropriado para a travessia de pedestres;Atropelamento de Pedestre;Pleno dia;Sol;Nao se aplica;Obito;1;1;4;1;3;3
Area urbana sem a presenca de local apropriado para a travessia de pedestres;Colisao com objeto;Plena Noite;Ceu Claro;Automovel;Lesoes Leves;1;1;5;2;1;1
Area urbana sem a presenca de local apropriado para a travessia de pedestres;Colisao com objeto;Plena Noite;Ceu Claro;Nao se aplica;Ileso;1;1;5;2;1;3
Area urbana sem a presenca de local apropriado para a travessia de pedestres;Colisao com objeto;Plena Noite;Nublado;Automovel;Ileso;1;1;5;2;2;1
Area urbana sem a presenca de local apropriado para a travessia de pedestres;Colisao com objeto;Plena Noite;Nublado;Nao se aplica;Obito;1;1;5;2;2;3
Area urbana sem a presenca de local apropriado para a travessia de pedestres;Colisao lateral sentido oposto;Pleno dia;Ceu Claro;Automovel;Ileso;1;1;4;1;1;1
Area urbana sem a presenca de local apropriado para a travessia de pedestres;Colisao lateral sentido oposto;Pleno dia;Ceu Claro;Bicicleta;Lesoes Leves;1;1;4;1;1;3
Area urbana sem a presenca de local apropriado para a travessia de pedestres;Colisao transversal;Plena Noite;Ceu Claro;Automovel;Ileso;4;1;5;2;1;1
Area urbana sem a presenca de local apropriado para a travessia de pedestres;Colisao transversal;Plena Noite;Ceu Claro;Bicicleta;Lesoes Graves;1;1;5;2;1;3
Area urbana sem a presenca de local apropriado para a travessia de pedestres;Colisao transversal;Plena Noite;Ceu Claro;Bicicleta;Obito;2;1;5;2;1;3
Area urbana sem a presenca de local apropriado para a travessia de pedestres;Colisao transversal;Plena Noite;Ceu Claro;Motocicleta;Lesoes Leves;1;1;5;2;1;1
Area urbana sem a presenca de local apropriado para a travessia de pedestres;Colisao transversal;Pleno dia;Ceu Claro;Bicicleta;Lesoes Graves;2;1;5;1;1;3
Area urbana sem a presenca de local apropriado para a travessia de pedestres;Colisao transversal;Pleno dia;Ceu Claro;Caminhao;Ileso;1;1;5;1;1;2
Area urbana sem a presenca de local apropriado para a travessia de pedestres;Colisao transversal;Pleno dia;Ceu Claro;Motocicleta;Lesoes Graves;1;1;5;1;1;1
Area urbana sem a presenca de local apropriado para a travessia de pedestres;Colisao transversal;Pleno dia;Ceu Claro;Nao se aplica;Lesoes Graves;1;1;5;1;1;3
Area urbana sem a presenca de local apropriado para a travessia de pedestres;Colisao traseira;Anoitecer;Chuva;Automovel;Ileso;2;1;5;4;2;1
Area urbana sem a presenca de local apropriado para a travessia de pedestres;Colisao traseira;Anoitecer;Chuva;Nao se aplica;Lesoes Graves;1;1;5;4;2;3
Area urbana sem a presenca de local apropriado para a travessia de pedestres;Colisao traseira;Plena Noite;Ceu Claro;Motocicleta;Lesoes Leves;1;1;5;2;1;1
Area urbana sem a presenca de local apropriado para a travessia de pedestres;Colisao traseira;Pleno dia;Ceu Claro;Automovel;Ileso;2;1;5;1;1;1
Area urbana sem a presenca de local apropriado para a travessia de pedestres;Colisao traseira;Pleno dia;Ceu Claro;Motocicleta;Ileso;1;1;5;1;1;1
Area urbana sem a presenca de local apropriado para a travessia de pedestres;Colisao traseira;Pleno dia;Ceu Claro;Nao se aplica;Lesoes Leves;1;1;5;1;1;3
Area urbana sem a presenca de local apropriado para a travessia de pedestres;Queda de ocupante de veiculo;Amanhecer;Nublado;Motocicleta;Lesoes Leves;1;1;5;4;2;1
Area urbana sem a presenca de local apropriado para a travessia de pedestres;Queda de ocupante de veiculo;Amanhecer;Nublado;Nao se aplica;Lesoes Graves;1;1;5;4;2;3
Area urbana sem a presenca de local apropriado para a travessia de pedestres;Queda de ocupante de veiculo;Anoitecer;Ceu Claro;Motocicleta;Lesoes Leves;1;1;5;4;1;1
Area urbana sem a presenca de local apropriado para a travessia de pedestres;Queda de ocupante de veiculo;Anoitecer;Ceu Claro;Nao se aplica;Lesoes Graves;1;1;5;4;1;3
Area urbana sem a presenca de local apropriado para a travessia de pedestres;Queda de ocupante de veiculo;Plena Noite;Ceu Claro;Automovel;Ileso;4;1;5;2;1;1
Area urbana sem a presenca de local apropriado para a travessia de pedestres;Queda de ocupante de veiculo;Plena Noite;Ceu Claro;Bicicleta;Lesoes Graves;1;1;5;2;1;3
Area urbana sem a presenca de local apropriado para a travessia de pedestres;Queda de ocupante de veiculo;Plena Noite;Ceu Claro;Bicicleta;Obito;2;1;5;2;1;3
Area urbana sem a presenca de local apropriado para a travessia de pedestres;Queda de ocupante de veiculo;Plena Noite;Ceu Claro;Motocicleta;Lesoes Graves;2;1;5;2;1;1
Area urbana sem a presenca de local apropriado para a travessia de pedestres;Queda de ocupante de veiculo;Plena Noite;Ceu Claro;Motocicleta;Lesoes Leves;2;1;5;2;1;1
Area urbana sem a presenca de local apropriado para a travessia de pedestres;Queda de ocupante de veiculo;Plena Noite;Ceu Claro;Nao se aplica;Lesoes Graves;2;1;5;2;1;3
Area urbana sem a presenca de local apropriado para a travessia de pedestres;Queda de ocupante de veiculo;Pleno dia;Ceu Claro;Automovel;Ileso;1;1;5;1;1;1
Area urbana sem a presenca de local apropriado para a travessia de pedestres;Queda de ocupante de veiculo;Pleno dia;Ceu Claro;Bicicleta;Lesoes Graves;1;1;5;1;1;3
Area urbana sem a presenca de local apropriado para a travessia de pedestres;Queda de ocupante de veiculo;Pleno dia;Ceu Claro;Bicicleta;Lesoes Leves;1;1;5;1;1;3
Area urbana sem a presenca de local apropriado para a travessia de pedestres;Queda de ocupante de veiculo;Pleno dia;Ceu Claro;Motocicleta;Lesoes Graves;2;1;5;1;1;1
Area urbana sem a presenca de local apropriado para a travessia de pedestres;Queda de ocupante de veiculo;Pleno dia;Ceu Claro;Motocicleta;Lesoes Leves;2;1;5;1;1;1
Area urbana sem a presenca de local apropriado para a travessia de pedestres;Queda de ocupante de veiculo;Pleno dia;Ceu Claro;Nao se aplica;Lesoes Graves;2;1;5;1;1;3
Area urbana sem a presenca de local apropriado para a travessia de pedestres;Queda de ocupante de veiculo;Pleno dia;Ceu Claro;Nao se aplica;Obito;1;1;5;1;1;3
Area urbana sem a presenca de local apropriado para a travessia de pedestres;Queda de ocupante de veiculo;Pleno dia;Nublado;Motocicleta;Obito;1;1;5;1;2;1
Area urbana sem a presenca de local apropriado para a travessia de pedestres;Queda de ocupante de veiculo;Pleno dia;Nublado;Motoneta;Lesoes Leves;1;1;5;1;2;3
Area urbana sem a presenca de local apropriado para a travessia de pedestres;Queda de ocupante de veiculo;Pleno dia;Nublado;Nao se aplica;Lesoes Graves;1;1;5;1;2;3
Area urbana sem a presenca de local apropriado para a travessia de pedestres;Queda de ocupante de veiculo;Pleno dia;Nublado;Nao se aplica;Obito;1;1;5;1;2;3
Area urbana sem a presenca de local apropriado para a travessia de pedestres;Queda de ocupante de veiculo;Pleno dia;Sol;Motocicleta;Ileso;1;1;5;1;3;1
Area urbana sem a presenca de local apropriado para a travessia de pedestres;Queda de ocupante de veiculo;Pleno dia;Sol;Motocicleta;Lesoes Leves;1;1;5;1;3;1
Area urbana sem a presenca de local apropriado para a travessia de pedestres;Queda de ocupante de veiculo;Pleno dia;Sol;Nao se aplica;Lesoes Leves;1;1;5;1;3;3
Area urbana sem a presenca de local apropriado para a travessia de pedestres;Queda de ocupante de veiculo;Pleno dia;Sol;Nao se aplica;Obito;1;1;5;1;3;3
Area urbana sem a presenca de local apropriado para a travessia de pedestres;Saida de leito carrocavel;Plena Noite;Ceu Claro;Caminhonete;Ileso;1;1;5;2;1;2
Area urbana sem a presenca de local apropriado para a travessia de pedestres;Saida de leito carrocavel;Plena Noite;Ceu Claro;Nao se aplica;Obito;1;1;5;2;1;3
Area urbana sem a presenca de local apropriado para a travessia de pedestres;Tombamento;Anoitecer;Ceu Claro;Motocicleta;Lesoes Leves;2;1;5;4;1;1
Area urbana sem a presenca de local apropriado para a travessia de pedestres;Tombamento;Anoitecer;Ceu Claro;Nao se aplica;Lesoes Graves;1;1;5;4;1;3
Area urbana sem a presenca de local apropriado para a travessia de pedestres;Tombamento;Anoitecer;Ceu Claro;Nao se aplica;Obito;1;1;5;4;1;3
Area urbana sem a presenca de local apropriado para a travessia de pedestres;Tombamento;Plena Noite;Ceu Claro;Bicicleta;Lesoes Graves;1;1;5;2;1;3
Area urbana sem a presenca de local apropriado para a travessia de pedestres;Tombamento;Plena Noite;Ceu Claro;Motocicleta;Lesoes Graves;1;1;5;2;1;1
Area urbana sem a presenca de local apropriado para a travessia de pedestres;Tombamento;Plena Noite;Ceu Claro;Motocicleta;Lesoes Leves;2;1;5;2;1;1
Area urbana sem a presenca de local apropriado para a travessia de pedestres;Tombamento;Plena Noite;Ceu Claro;Nao se aplica;Lesoes Graves;1;1;5;2;1;3
Area urbana sem a presenca de local apropriado para a travessia de pedestres;Tombamento;Plena Noite;Nublado;Automovel;Ileso;2;1;5;2;2;1
Area urbana sem a presenca de local apropriado para a travessia de pedestres;Tombamento;Plena Noite;Nublado;Motocicleta;Lesoes Leves;2;1;5;2;2;1
Area urbana sem a presenca de local apropriado para a travessia de pedestres;Tombamento;Plena Noite;Nublado;Nao se aplica;Obito;1;1;5;2;2;3
Area urbana sem a presenca de local apropriado para a travessia de pedestres;Tombamento;Pleno dia;Ceu Claro;Automovel;Ileso;3;1;5;1;1;1
Area urbana sem a presenca de local apropriado para a travessia de pedestres;Tombamento;Pleno dia;Ceu Claro;Bicicleta;Lesoes Leves;1;1;5;1;1;3
Area urbana sem a presenca de local apropriado para a travessia de pedestres;Tombamento;Pleno dia;Ceu Claro;Motocicleta;Ileso;1;1;5;1;1;1
Area urbana sem a presenca de local apropriado para a travessia de pedestres;Tombamento;Pleno dia;Ceu Claro;Motocicleta;Lesoes Graves;1;1;5;1;1;1
Area urbana sem a presenca de local apropriado para a travessia de pedestres;Tombamento;Pleno dia;Ceu Claro;Motocicleta;Lesoes Leves;1;1;5;1;1;1
Area urbana sem a presenca de local apropriado para a travessia de pedestres;Tombamento;Pleno dia;Ceu Claro;Nao se aplica;Lesoes Graves;1;1;5;1;1;3
Area urbana sem a presenca de local apropriado para a travessia de pedestres;Tombamento;Pleno dia;Ceu Claro;Nao se aplica;Lesoes Leves;1;1;5;1;1;3
Area urbana sem a presenca de local apropriado para a travessia de pedestres;Tombamento;Pleno dia;Ceu Claro;Nao se aplica;Obito;1;1;5;1;1;3
Area urbana sem a presenca de local apropriado para a travessia de pedestres;Tombamento;Pleno dia;Nublado;Motocicleta;Obito;1;1;5;1;2;1
Area urbana sem a presenca de local apropriado para a travessia de pedestres;Tombamento;Pleno dia;Nublado;Motoneta;Lesoes Leves;1;1;5;1;2;3
Area urbana sem a presenca de local apropriado para a travessia de pedestres;Tombamento;Pleno dia;Nublado;Nao se aplica;Lesoes Graves;1;1;5;1;2;3