causa_acidente;tipo_acidente;fase_dia;condicao_metereologica;tipo_veiculo;estado_fisico;count;causa_acidente_criterios;tipo_acidente_criterios;fase_dia_criterios;condicao_metereologica_criterios;tipo_veiculo_criterios
Area urbana sem a presenca de local apropriado para a travessia de pedestres;Tombamento;Pleno dia;Nublado;Nao se aplica;Obito;1;1;5;1;2;3
Area urbana sem a presenca de local apropriado para a travessia de pedestres;Tombamento;Pleno dia;Sol;Motocicleta;Ileso;1;1;5;1;3;1
Area urbana sem a presenca de local apropriado para a travessia de pedestres;Tombamento;Pleno dia;Sol;Motocicleta;Lesoes Leves;1;1;5;1;3;1
Area urbana sem a presenca de local apropriado para a travessia de pedestres;Tombamento;Pleno dia;Sol;Nao se aplica;Lesoes Leves;1;1;5;1;3;3
Area urbana sem a presenca de local apropriado para a travessia de pedestres;Tombamento;Pleno dia;Sol;Nao se aplica;Obito;1;1;5;1;3;3
Ausencia de reacao do condutor;Atropelamento de Animal;Amanhecer;Ceu Claro;Automovel;Lesoes Leves;1;5;2;4;1;1
Ausencia de reacao do condutor;Atropelamento de Animal;Amanhecer;Ceu Claro;Motocicleta;Lesoes Leves;1;5;2;4;1;1
Ausencia de reacao do condutor;Atropelamento de Animal;Amanhecer;Ceu Claro;Motocicleta;Obito;1;5;2;4;1;1
Ausencia de reacao do condutor;Atropelamento de Animal;Anoitecer;Nublado;Motoneta;Lesoes Graves;1;5;2;4;2;3
Ausencia de reacao do condutor;Atropelamento de Animal;Anoitecer;Nublado;Motoneta;Lesoes Leves;1;5;2;4;2;3
Ausencia de reacao do condutor;Atropelamento de Animal;Plena Noite;Ceu Claro;Automovel;Ileso;9;5;2;2;1;1
Ausencia de reacao do condutor;Atropelamento de Animal;Plena Noite;Ceu Claro;Caminhonete;Ileso;7;5;2;2;1;2
Ausencia de reacao do condutor;Atropelamento de Animal;Plena Noite;Ceu Claro;Caminhonete;Lesoes Leves;2;5;2;2;1;2
Ausencia de reacao do condutor;Atropelamento de Animal;Plena Noite;Ceu Claro;Motocicleta;Lesoes Graves;4;5;2;2;1;1
Ausencia de reacao do condutor;Atropelamento de Animal;Plena Noite;Ceu Claro;Motocicleta;Lesoes Leves;7;5;2;2;1;1
Ausencia de reacao do condutor;Atropelamento de Animal;Plena Noite;Ceu Claro;Motocicleta;Obito;3;5;2;2;1;1
Ausencia de reacao do condutor;Atropelamento de Animal;Plena Noite;Ceu Claro;Nao Informado;Ileso;2;5;2;2;1;3
Ausencia de reacao do condutor;Atropelamento de Animal;Plena Noite;Ceu Claro;Nao se aplica;Lesoes Leves;2;5;2;2;1;3
Ausencia de reacao do condutor;Atropelamento de Animal;Plena Noite;Ignorado;Motoneta;Lesoes Graves;1;5;2;2;0;3
Ausencia de reacao do condutor;Atropelamento de Animal;Plena Noite;Nevoeiro/Neblina;Automovel;Lesoes Leves;2;5;2;2;4;1
Ausencia de reacao do condutor;Atropelamento de Animal;Plena Noite;Nublado;Automovel;Lesoes Leves;5;5;2;2;2;1
Ausencia de reacao do condutor;Atropelamento de Animal;Plena Noite;Nublado;Caminhonete;Ileso;1;5;2;2;2;2
Ausencia de reacao do condutor;Atropelamento de Animal;Plena Noite;Nublado;Caminhonete;Lesoes Leves;2;5;2;2;2;2
Ausencia de reacao do condutor;Atropelamento de Animal;Plena Noite;Nublado;Motocicleta;Obito;2;5;2;2;2;1
Ausencia de reacao do condutor;Atropelamento de Animal;Pleno dia;Ceu Claro;Automovel;Ileso;1;5;2;1;1;1
Ausencia de reacao do condutor;Atropelamento de Animal;Pleno dia;Ceu Claro;Automovel;Lesoes Leves;5;5;2;1;1;1
Ausencia de reacao do condutor;Atropelamento de Animal;Pleno dia;Ceu Claro;Motocicleta;Lesoes Graves;1;5;2;1;1;1
Ausencia de reacao do condutor;Atropelamento de Animal;Pleno dia;Ceu Claro;Motocicleta;Lesoes Leves;3;5;2;1;1;1
Ausencia de reacao do condutor;Atropelamento de Animal;Pleno dia;Ignorado;Nao se aplica;Lesoes Leves;1;5;2;1;0;3
Ausencia de reacao do condutor;Atropelamento de Animal;Pleno dia;Nublado;Nao Informado;Ileso;1;5;2;1;2;3
Ausencia de reacao do condutor;Atropelamento de Animal;Pleno dia;Nublado;Nao Informado;Lesoes Leves;1;5;2;1;2;3
Ausencia de reacao do condutor;Atropelamento de Animal;Pleno dia;Nublado;Utilitario;Ileso;2;5;2;1;2;3
Ausencia de reacao do condutor;Atropelamento de Pedestre;Amanhecer;Ceu Claro;Automovel;Ileso;1;5;4;4;1;1
Ausencia de reacao do condutor;Atropelamento de Pedestre;Amanhecer;Ceu Claro;Automovel;Lesoes Leves;1;5;4;4;1;1
Ausencia de reacao do condutor;Atropelamento de Pedestre;Amanhecer;Ceu Claro;Caminhao;Ileso;1;5;4;4;1;2
Ausencia de reacao do condutor;Atropelamento de Pedestre;Amanhecer;Ceu Claro;Motocicleta;Ileso;1;5;4;4;1;1
Ausencia de reacao do condutor;Atropelamento de Pedestre;Amanhecer;Ceu Claro;Motocicleta;Lesoes Leves;1;5;4;4;1;1
Ausencia de reacao do condutor;Atropelamento de Pedestre;Amanhecer;Ceu Claro;Motocicleta;Obito;2;5;4;4;1;1
Ausencia de reacao do condutor;Atropelamento de Pedestre;Amanhecer;Ceu Claro;Nao se aplica;Lesoes Graves;1;5;4;4;1;3
Ausencia de reacao do condutor;Atropelamento de Pedestre;Amanhecer;Ceu Claro;Nao se aplica;Lesoes Leves;4;5;4;4;1;3
Ausencia de reacao do condutor;Atropelamento de Pedestre;Amanhecer;Ceu Claro;Nao se aplica;Obito;2;5;4;4;1;3
Ausencia de reacao do condutor;Atropelamento de Pedestre;Amanhecer;Chuva;Caminhao-trator;Ileso;1;5;4;4;2;2
Ausencia de reacao do condutor;Atropelamento de Pedestre;Amanhecer;Chuva;Motocicleta;Lesoes Leves;1;5;4;4;2;1
Ausencia de reacao do condutor;Atropelamento de Pedestre;Amanhecer;Chuva;Nao se aplica;Lesoes Graves;1;5;4;4;2;3
Ausencia de reacao do condutor;Atropelamento de Pedestre;Amanhecer;Chuva;Nao se aplica;Obito;1;5;4;4;2;3
Ausencia de reacao do condutor;Atropelamento de Pedestre;Amanhecer;Nublado;Caminhao;Ileso;2;5;4;4;2;2
Ausencia de reacao do condutor;Atropelamento de Pedestre;Amanhecer;Nublado;Caminhao;Lesoes Leves;1;5;4;4;2;2
Ausencia de reacao do condutor;Atropelamento de Pedestre;Amanhecer;Nublado;Caminhonete;Ileso;2;5;4;4;2;2
Ausencia de reacao do condutor;Atropelamento de Pedestre;Amanhecer;Nublado;Motocicleta;Ileso;1;5;4;4;2;1
Ausencia de reacao do condutor;Atropelamento de Pedestre;Amanhecer;Nublado;Nao se aplica;Lesoes Graves;1;5;4;4;2;3
Ausencia de reacao do condutor;Atropelamento de Pedestre;Amanhecer;Nublado;Nao se aplica;Lesoes Leves;2;5;4;4;2;3
Ausencia de reacao do condutor;Atropelamento de Pedestre;Anoitecer;Ceu Claro;Motocicleta;Lesoes Leves;1;5;4;4;1;1
Ausencia de reacao do condutor;Atropelamento de Pedestre;Anoitecer;Ceu Claro;Nao se aplica;Lesoes Graves;1;5;4;4;1;3
Ausencia de reacao do condutor;Atropelamento de Pedestre;Anoitecer;Ceu Claro;Nao se aplica;Obito;1;5;4;4;1;3
Ausencia de reacao do condutor;Atropelamento de Pedestre;Anoitecer;Chuva;Bicicleta;Lesoes Graves;1;5;4;4;2;3
Ausencia de reacao do condutor;Atropelamento de Pedestre;Anoitecer;Chuva;Motocicleta;Lesoes Graves;1;5;4;4;2;1
Ausencia de reacao do condutor;Atropelamento de Pedestre;Anoitecer;Garoa/Chuvisco;Automovel;Ileso;1;5;4;4;3;1
Ausencia de reacao do condutor;Atropelamento de Pedestre;Anoitecer;Garoa/Chuvisco;Nao se aplica;Lesoes Leves;2;5;4;4;3;3
Ausencia de reacao do condutor;Atropelamento de Pedestre;Anoitecer;Garoa/Chuvisco;Nao se aplica;Obito;1;5;4;4;3;3
Ausencia de reacao do condutor;Atropelamento de Pedestre;Plena Noite;Ceu Claro;Automovel;Ileso;27;5;4;2;1;1
Ausencia de reacao do condutor;Atropelamento de Pedestre;Plena Noite;Ceu Claro;Automovel;Lesoes Graves;3;5;4;2;1;1
Ausencia de reacao do condutor;Atropelamento de Pedestre;Plena Noite;Ceu Claro;Automovel;Lesoes Leves;6;5;4;2;1;1
Ausencia de reacao do condutor;Atropelamento de Pedestre;Plena Noite;Ceu Claro;Bicicleta;Lesoes Graves;1;5;4;2;1;3
Ausencia de reacao do condutor;Atropelamento de Pedestre;Plena Noite;Ceu Claro;Bicicleta;Obito;1;5;4;2;1;3
Ausencia de reacao do condutor;Atropelamento de Pedestre;Plena Noite;Ceu Claro;Caminhao;Ileso;3;5;4;2;1;2
Ausencia de reacao do condutor;Atropelamento de Pedestre;Plena Noite;Ceu Claro;Caminhao;Lesoes Graves;1;5;4;2;1;2
Ausencia de reacao do condutor;Atropelamento de Pedestre;Plena Noite;Ceu Claro;Caminhao-trator;Ileso;2;5;4;2;1;2
Ausencia de reacao do condutor;Atropelamento de Pedestre;Plena Noite;Ceu Claro;Caminhao-trator;Lesoes Leves;1;5;4;2;1;2
Ausencia de reacao do condutor;Atropelamento de Pedestre;Plena Noite;Ceu Claro;Caminhao-trator;Obito;1;5;4;2;1;2
Ausencia de reacao do condutor;Atropelamento de Pedestre;Plena Noite;Ceu Claro;Caminhonete;Ileso;5;5;4;2;1;2
Ausencia de reacao do condutor;Atropelamento de Pedestre;Plena Noite;Ceu Claro;Micro-onibus;Ileso;1;5;4;2;1;4
Ausencia de reacao do condutor;Atropelamento de Pedestre;Plena Noite;Ceu Claro;Motocicleta;Ileso;1;5;4;2;1;1
Ausencia de reacao do condutor;Atropelamento de Pedestre;Plena Noite;Ceu Claro;Motocicleta;Lesoes Graves;1;5;4;2;1;1
Ausencia de reacao do condutor;Atropelamento de Pedestre;Plena Noite;Ceu Claro;Motocicleta;Lesoes Leves;7;5;4;2;1;1
Ausencia de reacao do condutor;Atropelamento de Pedestre;Plena Noite;Ceu Claro;Motocicleta;Obito;1;5;4;2;1;1
Ausencia de reacao do condutor;Atropelamento de Pedestre;Plena Noite;Ceu Claro;Motoneta;Obito;2;5;4;2;1;3
Ausencia de reacao do condutor;Atropelamento de Pedestre;Plena Noite;Ceu Claro;Nao Informado;Ileso;1;5;4;2;1;3
Ausencia de reacao do condutor;Atropelamento de Pedestre;Plena Noite;Ceu Claro;Nao se aplica;Lesoes Graves;13;5;4;2;1;3
Ausencia de reacao do condutor;Atropelamento de Pedestre;Plena Noite;Ceu Claro;Nao se aplica;Lesoes Leves;16;5;4;2;1;3
Ausencia de reacao do condutor;Atropelamento de Pedestre;Plena Noite;Ceu Claro;Nao se aplica;Obito;17;5;4;2;1;3
Ausencia de reacao do condutor;Atropelamento de Pedestre;Plena Noite;Ceu Claro;Onibus;Ileso;4;5;4;2;1;3
Ausencia de reacao do condutor;Atropelamento de Pedestre;Plena Noite;Chuva;Automovel;Ileso;3;5;4;2;2;1
Ausencia de reacao do condutor;Atropelamento de Pedestre;Plena Noite;Chuva;Automovel;Lesoes Graves;2;5;4;2;2;1
Ausencia de reacao do condutor;Atropelamento de Pedestre;Plena Noite;Chuva;Automovel;Lesoes Leves;1;5;4;2;2;1
Ausencia de reacao do condutor;Atropelamento de Pedestre;Plena Noite;Chuva;Automovel;Obito;2;5;4;2;2;1
Ausencia de reacao do condutor;Atropelamento de Pedestre;Plena Noite;Chuva;Motocicleta;Ileso;1;5;4;2;2;1
Ausencia de reacao do condutor;Atropelamento de Pedestre;Plena Noite;Chuva;Motocicleta;Lesoes Leves;2;5;4;2;2;1
Ausencia de reacao do condutor;Atropelamento de Pedestre;Plena Noite;Chuva;Nao se aplica;Lesoes Graves;4;5;4;2;2;3
Ausencia de reacao do condutor;Atropelamento de Pedestre;Plena Noite;Chuva;Nao se aplica;Lesoes Leves;1;5;4;2;2;3
Ausencia de reacao do condutor;Atropelamento de Pedestre;Plena Noite;Chuva;Nao se aplica;Obito;2;5;4;2;2;3
Ausencia de reacao do condutor;Atropelamento de Pedestre;Plena Noite;Garoa/Chuvisco;Automovel;Ileso;2;5;4;2;3;1
Ausencia de reacao do condutor;Atropelamento de Pedestre;Plena Noite;Garoa/Chuvisco;Nao se aplica;Lesoes Graves;1;5;4;2;3;3
Ausencia de reacao do condutor;Atropelamento de Pedestre;Plena Noite;Garoa/Chuvisco;Nao se aplica;Lesoes Leves;1;5;4;2;3;3
Ausencia de reacao do condutor;Atropelamento de Pedestre;Plena Noite;Ignorado;Automovel;Ileso;1;5;4;2;0;1
Ausencia de reacao do condutor;Atropelamento de Pedestre;Plena Noite;Ignorado;Caminhonete;Ileso;1;5;4;2;0;2
Ausencia de reacao do condutor;Atropelamento de Pedestre;Plena Noite;Ignorado;Motocicleta;Lesoes Graves;1;5;4;2;0;1
Ausencia de reacao do condutor;Atropelamento de Pedestre;Plena Noite;Ignorado;Motocicleta;Obito;1;5;4;2;0;1
Ausencia de reacao do condutor;Atropelamento de Pedestre;Plena Noite;Ignorado;Nao se aplica;Obito;4;5;4;2;0;3
Ausencia de reacao do condutor;Atropelamento de Pedestre;Plena Noite;Nublado;Automovel;Ileso;6;5;4;2;2;1
Ausencia de reacao do condutor;Atropelamento de Pedestre;Plena Noite;Nublado;Bicicleta;Obito;1;5;4;2;2;3
Ausencia de reacao do condutor;Atropelamento de Pedestre;Plena Noite;Nublado;Caminhao;Ileso;1;5;4;2;2;2
Ausencia de reacao do condutor;Atropelamento de Pedestre;Plena Noite;Nublado;Caminhao-trator;Ileso;2;5;4;2;2;2
Ausencia de reacao do condutor;Atropelamento de Pedestre;Plena Noite;Nublado;Caminhonete;Ileso;2;5;4;2;2;2
Ausencia de reacao do condutor;Atropelamento de Pedestre;Plena Noite;Nublado;Caminhonete;Lesoes Leves;3;5;4;2;2;2
Ausencia de reacao do condutor;Atropelamento de Pedestre;Plena Noite;Nublado;Motocicleta;Lesoes Graves;1;5;4;2;2;1
Ausencia de reacao do condutor;Atropelamento de Pedestre;Plena Noite;Nublado;Motocicleta;Lesoes Leves;1;5;4;2;2;1
Ausencia de reacao do condutor;Atropelamento de Pedestre;Plena Noite;Nublado;Nao se aplica;Lesoes Graves;4;5;4;2;2;3
Ausencia de reacao do condutor;Atropelamento de Pedestre;Plena Noite;Nublado;Nao se aplica;Lesoes Leves;3;5;4;2;2;3
Ausencia de reacao do condutor;Atropelamento de Pedestre;Plena Noite;Nublado;Nao se aplica;Obito;8;5;4;2;2;3
Ausencia de reacao do condutor;Atropelamento de Pedestre;Pleno dia;Ceu Claro;Automovel;Ileso;10;5;4;1;1;1
Ausencia de reacao do condutor;Atropelamento de Pedestre;Pleno dia;Ceu Claro;Automovel;Obito;1;5;4;1;1;1
Ausencia de reacao do condutor;Atropelamento de Pedestre;Pleno dia;Ceu Claro;Bicicleta;Lesoes Graves;1;5;4;1;1;3
Ausencia de reacao do condutor;Atropelamento de Pedestre;Pleno dia;Ceu Claro;Bicicleta;Lesoes Leves;1;5;4;1;1;3
Ausencia de reacao do condutor;Atropelamento de Pedestre;Pleno dia;Ceu Claro;Caminhao-trator;Ileso;3;5;4;1;1;2
Ausencia de reacao do condutor;Atropelamento de Pedestre;Pleno dia;Ceu Claro;Caminhao-trator;Obito;1;5;4;1;1;2
Ausencia de reacao do condutor;Atropelamento de Pedestre;Pleno dia;Ceu Claro;Caminhonete;Ileso;6;5;4;1;1;2
Ausencia de reacao do condutor;Atropelamento de Pedestre;Pleno dia;Ceu Claro;Caminhonete;Lesoes Graves;1;5;4;1;1;2
Ausencia de reacao do condutor;Atropelamento de Pedestre;Pleno dia;Ceu Claro;Caminhonete;Lesoes Leves;1;5;4;1;1;2
Ausencia de reacao do condutor;Atropelamento de Pedestre;Pleno dia;Ceu Claro;Caminhonete;Obito;1;5;4;1;1;2
Ausencia de reacao do condutor;Atropelamento de Pedestre;Pleno dia;Ceu Claro;Motocicleta;Ileso;1;5;4;1;1;1
Ausencia de reacao do condutor;Atropelamento de Pedestre;Pleno dia;Ceu Claro;Motocicleta;Lesoes Graves;2;5;4;1;1;1
Ausencia de reacao do condutor;Atropelamento de Pedestre;Pleno dia;Ceu Claro;Motocicleta;Lesoes Leves;1;5;4;1;1;1
Ausencia de reacao do condutor;Atropelamento de Pedestre;Pleno dia;Ceu Claro;Motoneta;Lesoes Graves;1;5;4;1;1;3
Ausencia de reacao do condutor;Atropelamento de Pedestre;Pleno dia;Ceu Claro;Motoneta;Lesoes Leves;2;5;4;1;1;3
Ausencia de reacao do condutor;Atropelamento de Pedestre;Pleno dia;Ceu Claro;Nao se aplica;Lesoes Graves;11;5;4;1;1;3
Ausencia de reacao do condutor;Atropelamento de Pedestre;Pleno dia;Ceu Claro;Nao se aplica;Lesoes Leves;11;5;4;1;1;3
Ausencia de reacao do condutor;Atropelamento de Pedestre;Pleno dia;Ceu Claro;Nao se aplica;Obito;2;5;4;1;1;3
Ausencia de reacao do condutor;Atropelamento de Pedestre;Pleno dia;Ceu Claro;Onibus;Ileso;2;5;4;1;1;3
Ausencia de reacao do condutor;Atropelamento de Pedestre;Pleno dia;Chuva;Automovel;Ileso;6;5;4;1;2;1
Ausencia de reacao do condutor;Atropelamento de Pedestre;Pleno dia;Chuva;Automovel;Lesoes Graves;3;5;4;1;2;1
Ausencia de reacao do condutor;Atropelamento de Pedestre;Pleno dia;Chuva;Automovel;Lesoes Leves;3;5;4;1;2;1
Ausencia de reacao do condutor;Atropelamento de Pedestre;Pleno dia;Chuva;Motoneta;Lesoes Graves;1;5;4;1;2;3
Ausencia de reacao do condutor;Atropelamento de Pedestre;Pleno dia;Chuva;Nao se aplica;Lesoes Graves;5;5;4;1;2;3
Ausencia de reacao do condutor;Atropelamento de Pedestre;Pleno dia;Garoa/Chuvisco;Automovel;Ileso;5;5;4;1;3;1
Ausencia de reacao do condutor;Atropelamento de Pedestre;Pleno dia;Garoa/Chuvisco;Automovel;Lesoes Leves;2;5;4;1;3;1
Ausencia de reacao do condutor;Atropelamento de Pedestre;Pleno dia;Garoa/Chuvisco;Nao Informado;Ileso;2;5;4;1;3;3
Ausencia de reacao do condutor;Atropelamento de Pedestre;Pleno dia;Garoa/Chuvisco;Nao se aplica;Obito;1;5;4;1;3;3
Ausencia de reacao do condutor;Atropelamento de Pedestre;Pleno dia;Nublado;Automovel;Ileso;1;5;4;1;2;1
Ausencia de reacao do condutor;Atropelamento de Pedestre;Pleno dia;Nublado;Motocicleta;Lesoes Leves;1;5;4;1;2;1
Ausencia de reacao do condutor;Atropelamento de Pedestre;Pleno dia;Nublado;Motocicleta;Obito;2;5;4;1;2;1
Ausencia de reacao do condutor;Atropelamento de Pedestre;Pleno dia;Nublado;Nao se aplica;Lesoes Graves;2;5;4;1;2;3
Ausencia de reacao do condutor;Atropelamento de Pedestre;Pleno dia;Nublado;Nao se aplica;Lesoes Leves;2;5;4;1;2;3
Ausencia de reacao do condutor;Atropelamento de Pedestre;Pleno dia;Sol;Automovel;Ileso;1;5;4;1;3;1
Ausencia de reacao do condutor;Atropelamento de Pedestre;Pleno dia;Sol;Bicicleta;Obito;1;5;4;1;3;3
Ausencia de reacao do condutor;Atropelamento de Pedestre;Pleno dia;Sol;Caminhao;Ileso;1;5;4;1;3;2
Ausencia de reacao do condutor;Atropelamento de Pedestre;Pleno dia;Sol;Caminhonete;Ileso;1;5;4;1;3;2
Ausencia de reacao do condutor;Atropelamento de Pedestre;Pleno dia;Sol;Nao se aplica;Lesoes Graves;1;5;4;1;3;3
Ausencia de reacao do condutor;Atropelamento de Pedestre;Pleno dia;Sol;Nao se aplica;Lesoes Leves;2;5;4;1;3;3
Ausencia de reacao do condutor;Atropelamento de Pedestre;Pleno dia;Sol;Onibus;Ileso;1;5;4;1;3;3
Ausencia de reacao do condutor;Capotamento;Amanhecer;Ceu Claro;Automovel;Ileso;2;5;5;4;1;1
Ausencia de reacao do condutor;Capotamento;Amanhecer;Ceu Claro;Automovel;Lesoes Leves;10;5;5;4;1;1
Ausencia de reacao do condutor;Capotamento;Amanhecer;Ceu Claro;Automovel;Obito;1;5;5;4;1;1
Ausencia de reacao do condutor;Capotamento;Amanhecer;Ceu Claro;Caminhao;Lesoes Leves;1;5;5;4;1;2
Ausencia de reacao do condutor;Capotamento;Amanhecer;Ceu Claro;Caminhao-trator;Lesoes Graves;1;5;5;4;1;2
Ausencia de reacao do condutor;Capotamento;Amanhecer;Ceu Claro;Caminhonete;Lesoes Graves;1;5;5;4;1;2
Ausencia de reacao do condutor;Capotamento;Amanhecer;Ceu Claro;Caminhonete;Lesoes Leves;1;5;5;4;1;2
Ausencia de reacao do condutor;Capotamento;Amanhecer;Ceu Claro;Nao Informado;Ileso;1;5;5;4;1;3
Ausencia de reacao do condutor;Capotamento;Amanhecer;Ceu Claro;Nao Informado;Lesoes Leves;5;5;5;4;1;3
Ausencia de reacao do condutor;Capotamento;Amanhecer;Ceu Claro;Utilitario;Ileso;2;5;5;4;1;3
Ausencia de reacao do condutor;Capotamento;Amanhecer;Chuva;Automovel;Ileso;1;5;5;4;2;1
Ausencia de reacao do condutor;Capotamento;Amanhecer;Chuva;Automovel;Lesoes Leves;4;5;5;4;2;1
Ausencia de reacao do condutor;Capotamento;Amanhecer;Chuva;Caminhonete;Ileso;4;5;5;4;2;2
Ausencia de reacao do condutor;Capotamento;Amanhecer;Nublado;Automovel;Ileso;1;5;5;4;2;1
Ausencia de reacao do condutor;Capotamento;Amanhecer;Nublado;Automovel;Lesoes Leves;7;5;5;4;2;1
Ausencia de reacao do condutor;Capotamento;Amanhecer;Nublado;Automovel;Obito;1;5;5;4;2;1
Ausencia de reacao do condutor;Capotamento;Amanhecer;Nublado;Caminhao-trator;Lesoes Leves;1;5;5;4;2;2
Ausencia de reacao do condutor;Capotamento;Amanhecer;Nublado;Caminhonete;Lesoes Leves;3;5;5;4;2;2
Ausencia de reacao do condutor;Capotamento;Amanhecer;Nublado;Onibus;Ileso;1;5;5;4;2;3
Ausencia de reacao do condutor;Capotamento;Anoitecer;Ceu Claro;Automovel;Ileso;4;5;5;4;1;1
Ausencia de reacao do condutor;Capotamento;Anoitecer;Ceu Claro;Automovel;Lesoes Graves;4;5;5;4;1;1
Ausencia de reacao do condutor;Capotamento;Anoitecer;Ceu Claro;Automovel;Lesoes Leves;9;5;5;4;1;1
Ausencia de reacao do condutor;Capotamento;Anoitecer;Ceu Claro;Caminhao-trator;Ileso;1;5;5;4;1;2
Ausencia de reacao do condutor;Capotamento;Anoitecer;Ceu Claro;Caminhonete;Lesoes Leves;1;5;5;4;1;2
Ausencia de reacao do condutor;Capotamento;Anoitecer;Ceu Claro;Caminhonete;Obito;2;5;5;4;1;2
Ausencia de reacao do condutor;Capotamento;Anoitecer;Ceu Claro;Micro-onibus;Ileso;2;5;5;4;1;4
Ausencia de reacao do condutor;Capotamento;Anoitecer;Ceu Claro;Micro-onibus;Lesoes Leves;2;5;5;4;1;4
Ausencia de reacao do condutor;Capotamento;Anoitecer;Ceu Claro;Motocicleta;Lesoes Leves;1;5;5;4;1;1
Ausencia de reacao do condutor;Capotamento;Anoitecer;Ceu Claro;Motocicleta;Obito;1;5;5;4;1;1
Ausencia de reacao do condutor;Capotamento;Anoitecer;Ceu Claro;Utilitario;Ileso;1;5;5;4;1;3
Ausencia de reacao do condutor;Capotamento;Anoitecer;Chuva;Automovel;Lesoes Graves;4;5;5;4;2;1
Ausencia de reacao do condutor;Capotamento;Anoitecer;Chuva;Automovel;Lesoes Leves;3;5;5;4;2;1
Ausencia de reacao do condutor;Capotamento;Anoitecer;Chuva;Caminhao;Ileso;1;5;5;4;2;2
Ausencia de reacao do condutor;Capotamento;Anoitecer;Chuva;Caminhonete;Lesoes Graves;3;5;5;4;2;2
Ausencia de reacao do condutor;Capotamento;Anoitecer;Chuva;Caminhonete;Lesoes Leves;2;5;5;4;2;2
Ausencia de reacao do condutor;Capotamento;Anoitecer;Chuva;Micro-onibus;Ileso;1;5;5;4;2;4
Ausencia de reacao do condutor;Capotamento;Anoitecer;Chuva;Micro-onibus;Lesoes Graves;5;5;5;4;2;4
Ausencia de reacao do condutor;Capotamento;Anoitecer;Chuva;Micro-onibus;Lesoes Leves;2;5;5;4;2;4
Ausencia de reacao do condutor;Capotamento;Anoitecer;Chuva;Micro-onibus;Obito;4;5;5;4;2;4
Ausencia de reacao do condutor;Capotamento;Anoitecer;Chuva;Motocicleta;Obito;1;5;5;4;2;1
Ausencia de reacao do condutor;Capotamento;Anoitecer;Nublado;Automovel;Ileso;1;5;5;4;2;1
Ausencia de reacao do condutor;Capotamento;Anoitecer;Nublado;Automovel;Lesoes Leves;3;5;5;4;2;1
Ausencia de reacao do condutor;Capotamento;Anoitecer;Nublado;Caminhao;Lesoes Leves;2;5;5;4;2;2
Ausencia de reacao do condutor;Capotamento;Anoitecer;Nublado;Caminhonete;Ileso;2;5;5;4;2;2
Ausencia de reacao do condutor;Capotamento;Anoitecer;Nublado;Caminhonete;Lesoes Graves;1;5;5;4;2;2
Ausencia de reacao do condutor;Capotamento;Anoitecer;Nublado;Caminhonete;Obito;1;5;5;4;2;2
Ausencia de reacao do condutor;Capotamento;Plena Noite;Ceu Claro;Automovel;Ileso;31;5;5;2;1;1
Ausencia de reacao do condutor;Capotamento;Plena Noite;Ceu Claro;Automovel;Lesoes Graves;15;5;5;2;1;1
Ausencia de reacao do condutor;Capotamento;Plena Noite;Ceu Claro;Automovel;Lesoes Leves;50;5;5;2;1;1
Ausencia de reacao do condutor;Capotamento;Plena Noite;Ceu Claro;Automovel;Obito;9;5;5;2;1;1
Ausencia de reacao do condutor;Capotamento;Plena Noite;Ceu Claro;Caminhao;Ileso;2;5;5;2;1;2
Ausencia de reacao do condutor;Capotamento;Plena Noite;Ceu Claro;Caminhao;Lesoes Graves;1;5;5;2;1;2
Ausencia de reacao do condutor;Capotamento;Plena Noite;Ceu Claro;Caminhao;Lesoes Leves;3;5;5;2;1;2
Ausencia de reacao do condutor;Capotamento;Plena Noite;Ceu Claro;Caminhao-trator;Obito;1;5;5;2;1;2
Ausencia de reacao do condutor;Capotamento;Plena Noite;Ceu Claro;Caminhonete;Ileso;2;5;5;2;1;2
Ausencia de reacao do condutor;Capotamento;Plena Noite;Ceu Claro;Caminhonete;Lesoes Graves;4;5;5;2;1;2
Ausencia de reacao do condutor;Capotamento;Plena Noite;Ceu Claro;Caminhonete;Lesoes Leves;8;5;5;2;1;2
Ausencia de reacao do condutor;Capotamento;Plena Noite;Ceu Claro;Caminhonete;Obito;1;5;5;2;1;2
Ausencia de reacao do condutor;Capotamento;Plena Noite;Ceu Claro;Motocicleta;Ileso;1;5;5;2;1;1
Ausencia de reacao do condutor;Capotamento;Plena Noite;Ceu Claro;Motocicleta;Lesoes Graves;2;5;5;2;1;1
Ausencia de reacao do condutor;Capotamento;Plena Noite;Ceu Claro;Nao Informado;Ileso;2;5;5;2;1;3
Ausencia de reacao do condutor;Capotamento;Plena Noite;Ceu Claro;Nao Informado;Lesoes Leves;3;5;5;2;1;3
Ausencia de reacao do condutor;Capotamento;Plena Noite;Ceu Claro;Utilitario;Lesoes Graves;4;5;5;2;1;3
Ausencia de reacao do condutor;Capotamento;Plena Noite;Ceu Claro;Utilitario;Lesoes Leves;1;5;5;2;1;3
Ausencia de reacao do condutor;Capotamento;Plena Noite;Chuva;Automovel;Ileso;16;5;5;2;2;1
Ausencia de reacao do condutor;Capotamento;Plena Noite;Chuva;Automovel;Lesoes Graves;9;5;5;2;2;1