causa_acidente;tipo_acidente;fase_dia;condicao_metereologica;tipo_veiculo;estado_fisico;count;causa_acidente_criterios;tipo_acidente_criterios;fase_dia_criterios;condicao_metereologica_criterios;tipo_veiculo_criterios
Ausencia de reacao do condutor;Capotamento;Plena Noite;Chuva;Automovel;Lesoes Leves;11;5;5;2;2;1
Ausencia de reacao do condutor;Capotamento;Plena Noite;Chuva;Automovel;Obito;3;5;5;2;2;1
Ausencia de reacao do condutor;Capotamento;Plena Noite;Chuva;Caminhao;Lesoes Leves;3;5;5;2;2;2
Ausencia de reacao do condutor;Capotamento;Plena Noite;Chuva;Caminhao-trator;Obito;1;5;5;2;2;2
Ausencia de reacao do condutor;Capotamento;Plena Noite;Chuva;Caminhonete;Lesoes Graves;2;5;5;2;2;2
Ausencia de reacao do condutor;Capotamento;Plena Noite;Chuva;Nao Informado;Lesoes Graves;3;5;5;2;2;3
Ausencia de reacao do condutor;Capotamento;Plena Noite;Chuva;Nao Informado;Obito;3;5;5;2;2;3
Ausencia de reacao do condutor;Capotamento;Plena Noite;Garoa/Chuvisco;Automovel;Ileso;2;5;5;2;3;1
Ausencia de reacao do condutor;Capotamento;Plena Noite;Garoa/Chuvisco;Automovel;Lesoes Graves;3;5;5;2;3;1
Ausencia de reacao do condutor;Capotamento;Plena Noite;Garoa/Chuvisco;Automovel;Lesoes Leves;6;5;5;2;3;1
Ausencia de reacao do condutor;Capotamento;Plena Noite;Garoa/Chuvisco;Caminhao;Obito;1;5;5;2;3;2
Ausencia de reacao do condutor;Capotamento;Plena Noite;Garoa/Chuvisco;Nao Informado;Lesoes Leves;1;5;5;2;3;3
Ausencia de reacao do condutor;Capotamento;Plena Noite;Ignorado;Automovel;Ileso;1;5;5;2;0;1
Ausencia de reacao do condutor;Capotamento;Plena Noite;Ignorado;Automovel;Lesoes Graves;1;5;5;2;0;1
Ausencia de reacao do condutor;Capotamento;Plena Noite;Ignorado;Automovel;Lesoes Leves;2;5;5;2;0;1
Ausencia de reacao do condutor;Capotamento;Plena Noite;Ignorado;Automovel;Obito;1;5;5;2;0;1
Ausencia de reacao do condutor;Capotamento;Plena Noite;Nevoeiro/Neblina;Automovel;Lesoes Leves;1;5;5;2;4;1
Ausencia de reacao do condutor;Capotamento;Plena Noite;Nublado;Automovel;Ileso;13;5;5;2;2;1
Ausencia de reacao do condutor;Capotamento;Plena Noite;Nublado;Automovel;Lesoes Graves;11;5;5;2;2;1
Ausencia de reacao do condutor;Capotamento;Plena Noite;Nublado;Automovel;Lesoes Leves;12;5;5;2;2;1
Ausencia de reacao do condutor;Capotamento;Plena Noite;Nublado;Caminhao;Lesoes Graves;1;5;5;2;2;2
Ausencia de reacao do condutor;Capotamento;Plena Noite;Nublado;Caminhao;Lesoes Leves;2;5;5;2;2;2
Ausencia de reacao do condutor;Capotamento;Plena Noite;Nublado;Caminhao-trator;Ileso;5;5;5;2;2;2
Ausencia de reacao do condutor;Capotamento;Plena Noite;Nublado;Caminhao-trator;Lesoes Graves;1;5;5;2;2;2
Ausencia de reacao do condutor;Capotamento;Plena Noite;Nublado;Caminhao-trator;Lesoes Leves;2;5;5;2;2;2
Ausencia de reacao do condutor;Capotamento;Plena Noite;Nublado;Caminhonete;Ileso;1;5;5;2;2;2
Ausencia de reacao do condutor;Capotamento;Plena Noite;Nublado;Caminhonete;Lesoes Graves;11;5;5;2;2;2
Ausencia de reacao do condutor;Capotamento;Plena Noite;Nublado;Caminhonete;Lesoes Leves;7;5;5;2;2;2
Ausencia de reacao do condutor;Capotamento;Plena Noite;Nublado;Nao Informado;Ileso;2;5;5;2;2;3
Ausencia de reacao do condutor;Capotamento;Plena Noite;Nublado;Nao Informado;Lesoes Leves;9;5;5;2;2;3
Ausencia de reacao do condutor;Capotamento;Plena Noite;Nublado;Utilitario;Ileso;4;5;5;2;2;3
Ausencia de reacao do condutor;Capotamento;Plena Noite;Nublado;Utilitario;Lesoes Leves;1;5;5;2;2;3
Ausencia de reacao do condutor;Capotamento;Pleno dia;Ceu Claro;Automovel;Ileso;50;5;5;1;1;1
Ausencia de reacao do condutor;Capotamento;Pleno dia;Ceu Claro;Automovel;Lesoes Graves;32;5;5;1;1;1
Ausencia de reacao do condutor;Capotamento;Pleno dia;Ceu Claro;Automovel;Lesoes Leves;100;5;5;1;1;1
Ausencia de reacao do condutor;Capotamento;Pleno dia;Ceu Claro;Automovel;Obito;8;5;5;1;1;1
Ausencia de reacao do condutor;Capotamento;Pleno dia;Ceu Claro;Caminhao;Ileso;3;5;5;1;1;2
Ausencia de reacao do condutor;Capotamento;Pleno dia;Ceu Claro;Caminhao;Lesoes Leves;1;5;5;1;1;2
Ausencia de reacao do condutor;Capotamento;Pleno dia;Ceu Claro;Caminhao;Obito;1;5;5;1;1;2
Ausencia de reacao do condutor;Capotamento;Pleno dia;Ceu Claro;Caminhao-trator;Ileso;6;5;5;1;1;2
Ausencia de reacao do condutor;Capotamento;Pleno dia;Ceu Claro;Caminhao-trator;Lesoes Graves;2;5;5;1;1;2
Ausencia de reacao do condutor;Capotamento;Pleno dia;Ceu Claro;Caminhao-trator;Lesoes Leves;3;5;5;1;1;2
Ausencia de reacao do condutor;Capotamento;Pleno dia;Ceu Claro;Caminhao-trator;Obito;2;5;5;1;1;2
Ausencia de reacao do condutor;Capotamento;Pleno dia;Ceu Claro;Caminhonete;Ileso;13;5;5;1;1;2
Ausencia de reacao do condutor;Capotamento;Pleno dia;Ceu Claro;Caminhonete;Lesoes Graves;6;5;5;1;1;2
Ausencia de reacao do condutor;Capotamento;Pleno dia;Ceu Claro;Caminhonete;Lesoes Leves;9;5;5;1;1;2
Ausencia de reacao do condutor;Capotamento;Pleno dia;Ceu Claro;Caminhonete;Obito;2;5;5;1;1;2
Ausencia de reacao do condutor;Capotamento;Pleno dia;Ceu Claro;Motocicleta;Lesoes Leves;2;5;5;1;1;1
Ausencia de reacao do condutor;Capotamento;Pleno dia;Ceu Claro;Nao Informado;Ileso;1;5;5;1;1;3
Ausencia de reacao do condutor;Capotamento;Pleno dia;Ceu Claro;Nao Informado;Lesoes Graves;2;5;5;1;1;3
Ausencia de reacao do condutor;Capotamento;Pleno dia;Ceu Claro;Nao Informado;Lesoes Leves;4;5;5;1;1;3
Ausencia de reacao do condutor;Capotamento;Pleno dia;Ceu Claro;Utilitario;Ileso;1;5;5;1;1;3
Ausencia de reacao do condutor;Capotamento;Pleno dia;Chuva;Automovel;Ileso;12;5;5;1;2;1
Ausencia de reacao do condutor;Capotamento;Pleno dia;Chuva;Automovel;Lesoes Graves;3;5;5;1;2;1
Ausencia de reacao do condutor;Capotamento;Pleno dia;Chuva;Automovel;Lesoes Leves;36;5;5;1;2;1
Ausencia de reacao do condutor;Capotamento;Pleno dia;Chuva;Caminhao;Ileso;1;5;5;1;2;2
Ausencia de reacao do condutor;Capotamento;Pleno dia;Chuva;Caminhao-trator;Lesoes Leves;1;5;5;1;2;2
Ausencia de reacao do condutor;Capotamento;Pleno dia;Chuva;Caminhonete;Ileso;1;5;5;1;2;2
Ausencia de reacao do condutor;Capotamento;Pleno dia;Chuva;Caminhonete;Lesoes Leves;16;5;5;1;2;2
Ausencia de reacao do condutor;Capotamento;Pleno dia;Chuva;Caminhonete;Obito;1;5;5;1;2;2
Ausencia de reacao do condutor;Capotamento;Pleno dia;Chuva;Nao Informado;Ileso;1;5;5;1;2;3
Ausencia de reacao do condutor;Capotamento;Pleno dia;Chuva;Nao Informado;Lesoes Leves;3;5;5;1;2;3
Ausencia de reacao do condutor;Capotamento;Pleno dia;Chuva;Utilitario;Ileso;1;5;5;1;2;3
Ausencia de reacao do condutor;Capotamento;Pleno dia;Chuva;Utilitario;Lesoes Leves;1;5;5;1;2;3
Ausencia de reacao do condutor;Capotamento;Pleno dia;Garoa/Chuvisco;Automovel;Ileso;2;5;5;1;3;1
Ausencia de reacao do condutor;Capotamento;Pleno dia;Garoa/Chuvisco;Automovel;Lesoes Graves;1;5;5;1;3;1
Ausencia de reacao do condutor;Capotamento;Pleno dia;Garoa/Chuvisco;Automovel;Lesoes Leves;11;5;5;1;3;1
Ausencia de reacao do condutor;Capotamento;Pleno dia;Garoa/Chuvisco;Automovel;Obito;1;5;5;1;3;1
Ausencia de reacao do condutor;Capotamento;Pleno dia;Garoa/Chuvisco;Caminhao;Lesoes Graves;1;5;5;1;3;2
Ausencia de reacao do condutor;Capotamento;Pleno dia;Garoa/Chuvisco;Caminhao-trator;Ileso;1;5;5;1;3;2
Ausencia de reacao do condutor;Capotamento;Pleno dia;Garoa/Chuvisco;Caminhonete;Lesoes Leves;1;5;5;1;3;2
Ausencia de reacao do condutor;Capotamento;Pleno dia;Nevoeiro/Neblina;Automovel;Lesoes Leves;1;5;5;1;4;1
Ausencia de reacao do condutor;Capotamento;Pleno dia;Nublado;Automovel;Ileso;12;5;5;1;2;1
Ausencia de reacao do condutor;Capotamento;Pleno dia;Nublado;Automovel;Lesoes Graves;4;5;5;1;2;1
Ausencia de reacao do condutor;Capotamento;Pleno dia;Nublado;Automovel;Lesoes Leves;28;5;5;1;2;1
Ausencia de reacao do condutor;Capotamento;Pleno dia;Nublado;Automovel;Obito;6;5;5;1;2;1
Ausencia de reacao do condutor;Capotamento;Pleno dia;Nublado;Caminhao;Ileso;2;5;5;1;2;2
Ausencia de reacao do condutor;Capotamento;Pleno dia;Nublado;Caminhao;Lesoes Leves;2;5;5;1;2;2
Ausencia de reacao do condutor;Capotamento;Pleno dia;Nublado;Caminhao-trator;Ileso;2;5;5;1;2;2
Ausencia de reacao do condutor;Capotamento;Pleno dia;Nublado;Caminhao-trator;Lesoes Leves;1;5;5;1;2;2
Ausencia de reacao do condutor;Capotamento;Pleno dia;Nublado;Caminhonete;Lesoes Leves;3;5;5;1;2;2
Ausencia de reacao do condutor;Capotamento;Pleno dia;Nublado;Nao Informado;Lesoes Leves;2;5;5;1;2;3
Ausencia de reacao do condutor;Capotamento;Pleno dia;Sol;Automovel;Ileso;13;5;5;1;3;1
Ausencia de reacao do condutor;Capotamento;Pleno dia;Sol;Automovel;Lesoes Graves;1;5;5;1;3;1
Ausencia de reacao do condutor;Capotamento;Pleno dia;Sol;Automovel;Lesoes Leves;13;5;5;1;3;1
Ausencia de reacao do condutor;Capotamento;Pleno dia;Sol;Caminhao;Ileso;1;5;5;1;3;2
Ausencia de reacao do condutor;Capotamento;Pleno dia;Sol;Caminhao-trator;Ileso;1;5;5;1;3;2
Ausencia de reacao do condutor;Capotamento;Pleno dia;Sol;Caminhonete;Ileso;1;5;5;1;3;2
Ausencia de reacao do condutor;Capotamento;Pleno dia;Sol;Caminhonete;Lesoes Graves;2;5;5;1;3;2
Ausencia de reacao do condutor;Capotamento;Pleno dia;Sol;Caminhonete;Lesoes Leves;4;5;5;1;3;2
Ausencia de reacao do condutor;Capotamento;Pleno dia;Sol;Nao Informado;Ileso;1;5;5;1;3;3
Ausencia de reacao do condutor;Capotamento;Pleno dia;Sol;Nao Informado;Lesoes Leves;1;5;5;1;3;3
Ausencia de reacao do condutor;Colisao com objeto;Amanhecer;Ceu Claro;Automovel;Ileso;7;5;5;4;1;1
Ausencia de reacao do condutor;Colisao com objeto;Amanhecer;Ceu Claro;Automovel;Lesoes Graves;2;5;5;4;1;1
Ausencia de reacao do condutor;Colisao com objeto;Amanhecer;Ceu Claro;Automovel;Lesoes Leves;12;5;5;4;1;1
Ausencia de reacao do condutor;Colisao com objeto;Amanhecer;Ceu Claro;Automovel;Obito;1;5;5;4;1;1
Ausencia de reacao do condutor;Colisao com objeto;Amanhecer;Ceu Claro;Caminhao;Ileso;2;5;5;4;1;2
Ausencia de reacao do condutor;Colisao com objeto;Amanhecer;Ceu Claro;Caminhao;Lesoes Graves;1;5;5;4;1;2
Ausencia de reacao do condutor;Colisao com objeto;Amanhecer;Ceu Claro;Caminhao;Obito;1;5;5;4;1;2
Ausencia de reacao do condutor;Colisao com objeto;Amanhecer;Ceu Claro;Caminhao-trator;Ileso;2;5;5;4;1;2
Ausencia de reacao do condutor;Colisao com objeto;Amanhecer;Ceu Claro;Caminhao-trator;Lesoes Leves;1;5;5;4;1;2
Ausencia de reacao do condutor;Colisao com objeto;Amanhecer;Ceu Claro;Caminhao-trator;Obito;1;5;5;4;1;2
Ausencia de reacao do condutor;Colisao com objeto;Amanhecer;Ceu Claro;Caminhonete;Ileso;3;5;5;4;1;2
Ausencia de reacao do condutor;Colisao com objeto;Amanhecer;Ceu Claro;Caminhonete;Lesoes Graves;2;5;5;4;1;2
Ausencia de reacao do condutor;Colisao com objeto;Amanhecer;Ceu Claro;Caminhonete;Lesoes Leves;3;5;5;4;1;2
Ausencia de reacao do condutor;Colisao com objeto;Amanhecer;Ceu Claro;Caminhonete;Obito;1;5;5;4;1;2
Ausencia de reacao do condutor;Colisao com objeto;Amanhecer;Ceu Claro;Motocicleta;Lesoes Graves;3;5;5;4;1;1
Ausencia de reacao do condutor;Colisao com objeto;Amanhecer;Ceu Claro;Motocicleta;Lesoes Leves;6;5;5;4;1;1
Ausencia de reacao do condutor;Colisao com objeto;Amanhecer;Ceu Claro;Motocicleta;Obito;3;5;5;4;1;1
Ausencia de reacao do condutor;Colisao com objeto;Amanhecer;Ceu Claro;Nao Informado;Ileso;1;5;5;4;1;3
Ausencia de reacao do condutor;Colisao com objeto;Amanhecer;Ceu Claro;Nao Informado;Lesoes Leves;5;5;5;4;1;3
Ausencia de reacao do condutor;Colisao com objeto;Amanhecer;Ceu Claro;Nao se aplica;Ileso;1;5;5;4;1;3
Ausencia de reacao do condutor;Colisao com objeto;Amanhecer;Ceu Claro;Onibus;Ileso;31;5;5;4;1;3
Ausencia de reacao do condutor;Colisao com objeto;Amanhecer;Ceu Claro;Onibus;Lesoes Graves;5;5;5;4;1;3
Ausencia de reacao do condutor;Colisao com objeto;Amanhecer;Ceu Claro;Onibus;Lesoes Leves;1;5;5;4;1;3
Ausencia de reacao do condutor;Colisao com objeto;Amanhecer;Ceu Claro;Utilitario;Ileso;2;5;5;4;1;3
Ausencia de reacao do condutor;Colisao com objeto;Amanhecer;Chuva;Automovel;Ileso;3;5;5;4;2;1
Ausencia de reacao do condutor;Colisao com objeto;Amanhecer;Chuva;Caminhonete;Ileso;2;5;5;4;2;2
Ausencia de reacao do condutor;Colisao com objeto;Amanhecer;Chuva;Motocicleta;Lesoes Graves;3;5;5;4;2;1
Ausencia de reacao do condutor;Colisao com objeto;Amanhecer;Chuva;Motocicleta;Lesoes Leves;2;5;5;4;2;1
Ausencia de reacao do condutor;Colisao com objeto;Amanhecer;Chuva;Motocicleta;Obito;1;5;5;4;2;1
Ausencia de reacao do condutor;Colisao com objeto;Amanhecer;Chuva;Nao Informado;Ileso;1;5;5;4;2;3
Ausencia de reacao do condutor;Colisao com objeto;Amanhecer;Garoa/Chuvisco;Automovel;Lesoes Leves;1;5;5;4;3;1
Ausencia de reacao do condutor;Colisao com objeto;Amanhecer;Garoa/Chuvisco;Motocicleta;Lesoes Graves;1;5;5;4;3;1
Ausencia de reacao do condutor;Colisao com objeto;Amanhecer;Nevoeiro/Neblina;Automovel;Ileso;2;5;5;4;4;1
Ausencia de reacao do condutor;Colisao com objeto;Amanhecer;Nevoeiro/Neblina;Automovel;Lesoes Leves;3;5;5;4;4;1
Ausencia de reacao do condutor;Colisao com objeto;Amanhecer;Nevoeiro/Neblina;Motocicleta;Lesoes Graves;1;5;5;4;4;1
Ausencia de reacao do condutor;Colisao com objeto;Amanhecer;Nevoeiro/Neblina;Motocicleta;Lesoes Leves;1;5;5;4;4;1
Ausencia de reacao do condutor;Colisao com objeto;Amanhecer;Nublado;Automovel;Ileso;1;5;5;4;2;1
Ausencia de reacao do condutor;Colisao com objeto;Amanhecer;Nublado;Automovel;Lesoes Leves;7;5;5;4;2;1
Ausencia de reacao do condutor;Colisao com objeto;Amanhecer;Nublado;Caminhao;Ileso;1;5;5;4;2;2
Ausencia de reacao do condutor;Colisao com objeto;Amanhecer;Nublado;Caminhao;Lesoes Leves;1;5;5;4;2;2
Ausencia de reacao do condutor;Colisao com objeto;Amanhecer;Nublado;Caminhao-trator;Lesoes Leves;1;5;5;4;2;2
Ausencia de reacao do condutor;Colisao com objeto;Amanhecer;Nublado;Caminhonete;Ileso;2;5;5;4;2;2
Ausencia de reacao do condutor;Colisao com objeto;Amanhecer;Nublado;Caminhonete;Lesoes Leves;1;5;5;4;2;2
Ausencia de reacao do condutor;Colisao com objeto;Amanhecer;Sol;Motocicleta;Lesoes Graves;1;5;5;4;3;1
Ausencia de reacao do condutor;Colisao com objeto;Anoitecer;Ceu Claro;Automovel;Ileso;6;5;5;4;1;1
Ausencia de reacao do condutor;Colisao com objeto;Anoitecer;Ceu Claro;Automovel;Lesoes Graves;3;5;5;4;1;1
Ausencia de reacao do condutor;Colisao com objeto;Anoitecer;Ceu Claro;Automovel;Lesoes Leves;20;5;5;4;1;1
Ausencia de reacao do condutor;Colisao com objeto;Anoitecer;Ceu Claro;Automovel;Obito;1;5;5;4;1;1
Ausencia de reacao do condutor;Colisao com objeto;Anoitecer;Ceu Claro;Caminhao;Ileso;1;5;5;4;1;2
Ausencia de reacao do condutor;Colisao com objeto;Anoitecer;Ceu Claro;Caminhao-trator;Ileso;1;5;5;4;1;2
Ausencia de reacao do condutor;Colisao com objeto;Anoitecer;Ceu Claro;Caminhonete;Ileso;3;5;5;4;1;2
Ausencia de reacao do condutor;Colisao com objeto;Anoitecer;Ceu Claro;Caminhonete;Lesoes Leves;1;5;5;4;1;2
Ausencia de reacao do condutor;Colisao com objeto;Anoitecer;Ceu Claro;Motocicleta;Ileso;1;5;5;4;1;1
Ausencia de reacao do condutor;Colisao com objeto;Anoitecer;Ceu Claro;Motocicleta;Lesoes Graves;1;5;5;4;1;1
Ausencia de reacao do condutor;Colisao com objeto;Anoitecer;Ceu Claro;Motocicleta;Lesoes Leves;3;5;5;4;1;1
Ausencia de reacao do condutor;Colisao com objeto;Anoitecer;Ceu Claro;Motocicleta;Obito;2;5;5;4;1;1
Ausencia de reacao do condutor;Colisao com objeto;Anoitecer;Chuva;Automovel;Ileso;4;5;5;4;2;1
Ausencia de reacao do condutor;Colisao com objeto;Anoitecer;Chuva;Automovel;Lesoes Graves;3;5;5;4;2;1
Ausencia de reacao do condutor;Colisao com objeto;Anoitecer;Chuva;Automovel;Lesoes Leves;9;5;5;4;2;1
Ausencia de reacao do condutor;Colisao com objeto;Anoitecer;Chuva;Caminhonete;Lesoes Graves;6;5;5;4;2;2
Ausencia de reacao do condutor;Colisao com objeto;Anoitecer;Chuva;Caminhonete;Lesoes Leves;2;5;5;4;2;2
Ausencia de reacao do condutor;Colisao com objeto;Anoitecer;Chuva;Motocicleta;Lesoes Leves;1;5;5;4;2;1
Ausencia de reacao do condutor;Colisao com objeto;Anoitecer;Garoa/Chuvisco;Motocicleta;Lesoes Graves;1;5;5;4;3;1
Ausencia de reacao do condutor;Colisao com objeto;Anoitecer;Nublado;Automovel;Ileso;4;5;5;4;2;1
Ausencia de reacao do condutor;Colisao com objeto;Anoitecer;Nublado;Caminhao;Lesoes Leves;2;5;5;4;2;2
Ausencia de reacao do condutor;Colisao com objeto;Anoitecer;Nublado;Motocicleta;Lesoes Graves;1;5;5;4;2;1
Ausencia de reacao do condutor;Colisao com objeto;Anoitecer;Nublado;Motocicleta;Lesoes Leves;2;5;5;4;2;1
Ausencia de reacao do condutor;Colisao com objeto;Plena Noite;Ceu Claro;Automovel;Ileso;67;5;5;2;1;1
Ausencia de reacao do condutor;Colisao com objeto;Plena Noite;Ceu Claro;Automovel;Lesoes Graves;29;5;5;2;1;1
Ausencia de reacao do condutor;Colisao com objeto;Plena Noite;Ceu Claro;Automovel;Lesoes Leves;76;5;5;2;1;1
Ausencia de reacao do condutor;Colisao com objeto;Plena Noite;Ceu Claro;Automovel;Obito;9;5;5;2;1;1
Ausencia de reacao do condutor;Colisao com objeto;Plena Noite;Ceu Claro;Caminhao;Ileso;9;5;5;2;1;2
Ausencia de reacao do condutor;Colisao com objeto;Plena Noite;Ceu Claro;Caminhao;Lesoes Graves;1;5;5;2;1;2
Ausencia de reacao do condutor;Colisao com objeto;Plena Noite;Ceu Claro;Caminhao;Lesoes Leves;1;5;5;2;1;2
Ausencia de reacao do condutor;Colisao com objeto;Plena Noite;Ceu Claro;Caminhao;Obito;1;5;5;2;1;2
Ausencia de reacao do condutor;Colisao com objeto;Plena Noite;Ceu Claro;Caminhao-trator;Ileso;13;5;5;2;1;2
Ausencia de reacao do condutor;Colisao com objeto;Plena Noite;Ceu Claro;Caminhao-trator;Lesoes Graves;4;5;5;2;1;2
Ausencia de reacao do condutor;Colisao com objeto;Plena Noite;Ceu Claro;Caminhao-trator;Lesoes Leves;7;5;5;2;1;2
Ausencia de reacao do condutor;Colisao com objeto;Plena Noite;Ceu Claro;Caminhao-trator;Obito;2;5;5;2;1;2
Ausencia de reacao do condutor;Colisao com objeto;Plena Noite;Ceu Claro;Caminhonete;Ileso;11;5;5;2;1;2
Ausencia de reacao do condutor;Colisao com objeto;Plena Noite;Ceu Claro;Caminhonete;Lesoes Graves;1;5;5;2;1;2
Ausencia de reacao do condutor;Colisao com objeto;Plena Noite;Ceu Claro;Caminhonete;Lesoes Leves;8;5;5;2;1;2
Ausencia de reacao do condutor;Colisao com objeto;Plena Noite;Ceu Claro;Micro-onibus;Lesoes Leves;1;5;5;2;1;4
Ausencia de reacao do condutor;Colisao com objeto;Plena Noite;Ceu Claro;Motocicleta;Ileso;2;5;5;2;1;1
Ausencia de reacao do condutor;Colisao com objeto;Plena Noite;Ceu Claro;Motocicleta;Lesoes Graves;19;5;5;2;1;1
Ausencia de reacao do condutor;Colisao com objeto;Plena Noite;Ceu Claro;Motocicleta;Lesoes Leves;17;5;5;2;1;1
Ausencia de reacao do condutor;Colisao com objeto;Plena Noite;Ceu Claro;Motocicleta;Obito;7;5;5;2;1;1
Ausencia de reacao do condutor;Colisao com objeto;Plena Noite;Ceu Claro;Motoneta;Lesoes Leves;2;5;5;2;1;3
Ausencia de reacao do condutor;Colisao com objeto;Plena Noite;Ceu Claro;Nao Informado;Ileso;6;5;5;2;1;3
Ausencia de reacao do condutor;Colisao com objeto;Plena Noite;Ceu Claro;Nao Informado;Lesoes Leves;3;5;5;2;1;3
Ausencia de reacao do condutor;Colisao com objeto;Plena Noite;Ceu Claro;Nao se aplica;Ileso;1;5;5;2;1;3
Ausencia de reacao do condutor;Colisao com objeto;Plena Noite;Ceu Claro;Nao se aplica;Lesoes Graves;2;5;5;2;1;3
Ausencia de reacao do condutor;Colisao com objeto;Plena Noite;Ceu Claro;Nao se aplica;Lesoes Leves;2;5;5;2;1;3
Ausencia de reacao do condutor;Colisao com objeto;Plena Noite;Ceu Claro;Onibus;Ileso;12;5;5;2;1;3
Ausencia de reacao do condutor;Colisao com objeto;Plena Noite;Ceu Claro;Onibus;Lesoes Graves;4;5;5;2;1;3
Ausencia de reacao do condutor;Colisao com objeto;Plena Noite;Ceu Claro;Onibus;Lesoes Leves;14;5;5;2;1;3
Ausencia de reacao do condutor;Colisao com objeto;Plena Noite;Ceu Claro;Utilitario;Ileso;3;5;5;2;1;3
Ausencia de reacao do condutor;Colisao com objeto;Plena Noite;Ceu Claro;Utilitario;Lesoes Leves;2;5;5;2;1;3
Ausencia de reacao do condutor;Colisao com objeto;Plena Noite;Chuva;Automovel;Ileso;13;5;5;2;2;1
Ausencia de reacao do condutor;Colisao com objeto;Plena Noite;Chuva;Automovel;Lesoes Graves;12;5;5;2;2;1
Ausencia de reacao do condutor;Colisao com objeto;Plena Noite;Chuva;Automovel;Lesoes Leves;18;5;5;2;2;1
Ausencia de reacao do condutor;Colisao com objeto;Plena Noite;Chuva;Automovel;Obito;2;5;5;2;2;1
Ausencia de reacao do condutor;Colisao com objeto;Plena Noite;Chuva;Caminhao;Ileso;3;5;5;2;2;2
Ausencia de reacao do condutor;Colisao com objeto;Plena Noite;Chuva;Caminhao;Lesoes Leves;2;5;5;2;2;2
Ausencia de reacao do condutor;Colisao com objeto;Plena Noite;Chuva;Caminhao;Obito;2;5;5;2;2;2
Ausencia de reacao do condutor;Colisao com objeto;Plena Noite;Chuva;Caminhao-trator;Ileso;3;5;5;2;2;2
Ausencia de reacao do condutor;Colisao com objeto;Plena Noite;Chuva;Caminhao-trator;Lesoes Leves;1;5;5;2;2;2
Ausencia de reacao do condutor;Colisao com objeto;Plena Noite;Chuva;Caminhonete;Ileso;2;5;5;2;2;2
Ausencia de reacao do condutor;Colisao com objeto;Plena Noite;Chuva;Caminhonete;Lesoes Graves;3;5;5;2;2;2
Ausencia de reacao do condutor;Colisao com objeto;Plena Noite;Chuva;Caminhonete;Lesoes Leves;8;5;5;2;2;2
Ausencia de reacao do condutor;Colisao com objeto;Plena Noite;Chuva;Motocicleta;Ileso;1;5;5;2;2;1
Ausencia de reacao do condutor;Colisao com objeto;Plena Noite;Chuva;Motocicleta;Lesoes Graves;2;5;5;2;2;1
Ausencia de reacao do condutor;Colisao com objeto;Plena Noite;Chuva;Motocicleta;Lesoes Leves;2;5;5;2;2;1
Ausencia de reacao do condutor;Colisao com objeto;Plena Noite;Chuva;Motocicleta;Obito;3;5;5;2;2;1
Ausencia de reacao do condutor;Colisao com objeto;Plena Noite;Chuva;Nao Informado;Ileso;1;5;5;2;2;3
Ausencia de reacao do condutor;Colisao com objeto;Plena Noite;Chuva;Nao Informado;Lesoes Graves;3;5;5;2;2;3
Ausencia de reacao do condutor;Colisao com objeto;Plena Noite;Chuva;Nao Informado;Obito;3;5;5;2;2;3
Ausencia de reacao do condutor;Colisao com objeto;Plena Noite;Chuva;Onibus;Ileso;16;5;5;2;2;3
Ausencia de reacao do condutor;Colisao com objeto;Plena Noite;Chuva;Onibus;Lesoes Graves;20;5;5;2;2;3
Ausencia de reacao do condutor;Colisao com objeto;Plena Noite;Chuva;Onibus;Obito;1;5;5;2;2;3
Ausencia de reacao do condutor;Colisao com objeto;Plena Noite;Garoa/Chuvisco;Automovel;Ileso;4;5;5;2;3;1
Ausencia de reacao do condutor;Colisao com objeto;Plena Noite;Garoa/Chuvisco;Automovel;Lesoes Graves;4;5;5;2;3;1
Ausencia de reacao do condutor;Colisao com objeto;Plena Noite;Garoa/Chuvisco;Automovel;Lesoes Leves;10;5;5;2;3;1
Ausencia de reacao do condutor;Colisao com objeto;Plena Noite;Garoa/Chuvisco;Caminhao;Lesoes Leves;1;5;5;2;3;2
Ausencia de reacao do condutor;Colisao com objeto;Plena Noite;Garoa/Chuvisco;Caminhao-trator;Ileso;1;5;5;2;3;2
Ausencia de reacao do condutor;Colisao com objeto;Plena Noite;Garoa/Chuvisco;Caminhao-trator;Lesoes Leves;1;5;5;2;3;2
Ausencia de reacao do condutor;Colisao com objeto;Plena Noite;Garoa/Chuvisco;Caminhonete;Lesoes Graves;2;5;5;2;3;2
Ausencia de reacao do condutor;Colisao com objeto;Plena Noite;Garoa/Chuvisco;Caminhonete;Lesoes Leves;1;5;5;2;3;2
Ausencia de reacao do condutor;Colisao com objeto;Plena Noite;Garoa/Chuvisco;Caminhonete;Obito;1;5;5;2;3;2
Ausencia de reacao do condutor;Colisao com objeto;Plena Noite;Garoa/Chuvisco;Micro-onibus;Lesoes Leves;1;5;5;2;3;4
Ausencia de reacao do condutor;Colisao com objeto;Plena Noite;Garoa/Chuvisco;Motocicleta;Lesoes Graves;1;5;5;2;3;1
Ausencia de reacao do condutor;Colisao com objeto;Plena Noite;Garoa/Chuvisco;Nao Informado;Lesoes Leves;1;5;5;2;3;3
Ausencia de reacao do condutor;Colisao com objeto;Plena Noite;Garoa/Chuvisco;Onibus;Ileso;4;5;5;2;3;3
Ausencia de reacao do condutor;Colisao com objeto;Plena Noite;Ignorado;Automovel;Ileso;1;5;5;2;0;1
Ausencia de reacao do condutor;Colisao com objeto;Plena Noite;Ignorado;Automovel;Lesoes Leves;1;5;5;2;0;1