causa_acidente;tipo_acidente;fase_dia;condicao_metereologica;tipo_veiculo;estado_fisico;count;causa_acidente_criterios;tipo_acidente_criterios;fase_dia_criterios;condicao_metereologica_criterios;tipo_veiculo_criterios
Ausencia de reacao do condutor;Colisao com objeto;Plena Noite;Ignorado;Automovel;Obito;1;5;5;2;0;1
Ausencia de reacao do condutor;Colisao com objeto;Plena Noite;Ignorado;Caminhao;Ileso;1;5;5;2;0;2
Ausencia de reacao do condutor;Colisao com objeto;Plena Noite;Ignorado;Caminhao;Lesoes Leves;3;5;5;2;0;2
Ausencia de reacao do condutor;Colisao com objeto;Plena Noite;Nevoeiro/Neblina;Automovel;Ileso;1;5;5;2;4;1
Ausencia de reacao do condutor;Colisao com objeto;Plena Noite;Nevoeiro/Neblina;Caminhao;Lesoes Graves;1;5;5;2;4;2
Ausencia de reacao do condutor;Colisao com objeto;Plena Noite;Nevoeiro/Neblina;Caminhao-trator;Lesoes Leves;1;5;5;2;4;2
Ausencia de reacao do condutor;Colisao com objeto;Plena Noite;Nevoeiro/Neblina;Caminhao-trator;Obito;1;5;5;2;4;2
Ausencia de reacao do condutor;Colisao com objeto;Plena Noite;Nublado;Automovel;Ileso;31;5;5;2;2;1
Ausencia de reacao do condutor;Colisao com objeto;Plena Noite;Nublado;Automovel;Lesoes Graves;5;5;5;2;2;1
Ausencia de reacao do condutor;Colisao com objeto;Plena Noite;Nublado;Automovel;Lesoes Leves;12;5;5;2;2;1
Ausencia de reacao do condutor;Colisao com objeto;Plena Noite;Nublado;Automovel;Obito;1;5;5;2;2;1
Ausencia de reacao do condutor;Colisao com objeto;Plena Noite;Nublado;Caminhao;Lesoes Graves;1;5;5;2;2;2
Ausencia de reacao do condutor;Colisao com objeto;Plena Noite;Nublado;Caminhao-trator;Ileso;1;5;5;2;2;2
Ausencia de reacao do condutor;Colisao com objeto;Plena Noite;Nublado;Caminhao-trator;Lesoes Leves;2;5;5;2;2;2
Ausencia de reacao do condutor;Colisao com objeto;Plena Noite;Nublado;Caminhonete;Ileso;5;5;5;2;2;2
Ausencia de reacao do condutor;Colisao com objeto;Plena Noite;Nublado;Caminhonete;Lesoes Leves;2;5;5;2;2;2
Ausencia de reacao do condutor;Colisao com objeto;Plena Noite;Nublado;Motocicleta;Lesoes Graves;7;5;5;2;2;1
Ausencia de reacao do condutor;Colisao com objeto;Plena Noite;Nublado;Motocicleta;Lesoes Leves;6;5;5;2;2;1
Ausencia de reacao do condutor;Colisao com objeto;Plena Noite;Nublado;Motocicleta;Obito;4;5;5;2;2;1
Ausencia de reacao do condutor;Colisao com objeto;Plena Noite;Nublado;Motoneta;Lesoes Graves;2;5;5;2;2;3
Ausencia de reacao do condutor;Colisao com objeto;Plena Noite;Nublado;Nao Informado;Ileso;2;5;5;2;2;3
Ausencia de reacao do condutor;Colisao com objeto;Plena Noite;Nublado;Nao Informado;Lesoes Leves;5;5;5;2;2;3
Ausencia de reacao do condutor;Colisao com objeto;Plena Noite;Nublado;Nao se aplica;Ileso;2;5;5;2;2;3
Ausencia de reacao do condutor;Colisao com objeto;Plena Noite;Nublado;Nao se aplica;Obito;1;5;5;2;2;3
Ausencia de reacao do condutor;Colisao com objeto;Plena Noite;Nublado;Utilitario;Ileso;4;5;5;2;2;3
Ausencia de reacao do condutor;Colisao com objeto;Pleno dia;Ceu Claro;Automovel;Ileso;58;5;5;1;1;1
Ausencia de reacao do condutor;Colisao com objeto;Pleno dia;Ceu Claro;Automovel;Lesoes Graves;37;5;5;1;1;1
Ausencia de reacao do condutor;Colisao com objeto;Pleno dia;Ceu Claro;Automovel;Lesoes Leves;91;5;5;1;1;1
Ausencia de reacao do condutor;Colisao com objeto;Pleno dia;Ceu Claro;Automovel;Obito;6;5;5;1;1;1
Ausencia de reacao do condutor;Colisao com objeto;Pleno dia;Ceu Claro;Bicicleta;Lesoes Leves;1;5;5;1;1;3
Ausencia de reacao do condutor;Colisao com objeto;Pleno dia;Ceu Claro;Caminhao;Ileso;12;5;5;1;1;2
Ausencia de reacao do condutor;Colisao com objeto;Pleno dia;Ceu Claro;Caminhao;Lesoes Graves;2;5;5;1;1;2
Ausencia de reacao do condutor;Colisao com objeto;Pleno dia;Ceu Claro;Caminhao;Lesoes Leves;9;5;5;1;1;2
Ausencia de reacao do condutor;Colisao com objeto;Pleno dia;Ceu Claro;Caminhao-trator;Ileso;27;5;5;1;1;2
Ausencia de reacao do condutor;Colisao com objeto;Pleno dia;Ceu Claro;Caminhao-trator;Lesoes Graves;2;5;5;1;1;2
Ausencia de reacao do condutor;Colisao com objeto;Pleno dia;Ceu Claro;Caminhao-trator;Lesoes Leves;9;5;5;1;1;2
Ausencia de reacao do condutor;Colisao com objeto;Pleno dia;Ceu Claro;Caminhao-trator;Obito;4;5;5;1;1;2
Ausencia de reacao do condutor;Colisao com objeto;Pleno dia;Ceu Claro;Caminhonete;Ileso;19;5;5;1;1;2
Ausencia de reacao do condutor;Colisao com objeto;Pleno dia;Ceu Claro;Caminhonete;Lesoes Graves;6;5;5;1;1;2
Ausencia de reacao do condutor;Colisao com objeto;Pleno dia;Ceu Claro;Caminhonete;Lesoes Leves;15;5;5;1;1;2
Ausencia de reacao do condutor;Colisao com objeto;Pleno dia;Ceu Claro;Caminhonete;Obito;2;5;5;1;1;2
Ausencia de reacao do condutor;Colisao com objeto;Pleno dia;Ceu Claro;Motocicleta;Ileso;1;5;5;1;1;1
Ausencia de reacao do condutor;Colisao com objeto;Pleno dia;Ceu Claro;Motocicleta;Lesoes Graves;15;5;5;1;1;1
Ausencia de reacao do condutor;Colisao com objeto;Pleno dia;Ceu Claro;Motocicleta;Lesoes Leves;23;5;5;1;1;1
Ausencia de reacao do condutor;Colisao com objeto;Pleno dia;Ceu Claro;Motocicleta;Obito;5;5;5;1;1;1
Ausencia de reacao do condutor;Colisao com objeto;Pleno dia;Ceu Claro;Motoneta;Lesoes Graves;1;5;5;1;1;3
Ausencia de reacao do condutor;Colisao com objeto;Pleno dia;Ceu Claro;Motoneta;Lesoes Leves;1;5;5;1;1;3
Ausencia de reacao do condutor;Colisao com objeto;Pleno dia;Ceu Claro;Nao Informado;Ileso;5;5;5;1;1;3
Ausencia de reacao do condutor;Colisao com objeto;Pleno dia;Ceu Claro;Nao Informado;Lesoes Graves;1;5;5;1;1;3
Ausencia de reacao do condutor;Colisao com objeto;Pleno dia;Ceu Claro;Nao Informado;Lesoes Leves;3;5;5;1;1;3
Ausencia de reacao do condutor;Colisao com objeto;Pleno dia;Ceu Claro;Nao Informado;Obito;1;5;5;1;1;3
Ausencia de reacao do condutor;Colisao com objeto;Pleno dia;Ceu Claro;Nao se aplica;Ileso;1;5;5;1;1;3
Ausencia de reacao do condutor;Colisao com objeto;Pleno dia;Ceu Claro;Nao se aplica;Lesoes Graves;2;5;5;1;1;3
Ausencia de reacao do condutor;Colisao com objeto;Pleno dia;Ceu Claro;Nao se aplica;Obito;1;5;5;1;1;3
Ausencia de reacao do condutor;Colisao com objeto;Pleno dia;Ceu Claro;Onibus;Ileso;22;5;5;1;1;3
Ausencia de reacao do condutor;Colisao com objeto;Pleno dia;Ceu Claro;Onibus;Lesoes Graves;5;5;5;1;1;3
Ausencia de reacao do condutor;Colisao com objeto;Pleno dia;Ceu Claro;Onibus;Lesoes Leves;22;5;5;1;1;3
Ausencia de reacao do condutor;Colisao com objeto;Pleno dia;Ceu Claro;Onibus;Obito;1;5;5;1;1;3
Ausencia de reacao do condutor;Colisao com objeto;Pleno dia;Ceu Claro;Utilitario;Ileso;3;5;5;1;1;3
Ausencia de reacao do condutor;Colisao com objeto;Pleno dia;Ceu Claro;Utilitario;Lesoes Leves;1;5;5;1;1;3
Ausencia de reacao do condutor;Colisao com objeto;Pleno dia;Ceu Claro;Utilitario;Obito;1;5;5;1;1;3
Ausencia de reacao do condutor;Colisao com objeto;Pleno dia;Chuva;Automovel;Ileso;18;5;5;1;2;1
Ausencia de reacao do condutor;Colisao com objeto;Pleno dia;Chuva;Automovel;Lesoes Graves;7;5;5;1;2;1
Ausencia de reacao do condutor;Colisao com objeto;Pleno dia;Chuva;Automovel;Lesoes Leves;37;5;5;1;2;1
Ausencia de reacao do condutor;Colisao com objeto;Pleno dia;Chuva;Caminhao;Ileso;2;5;5;1;2;2
Ausencia de reacao do condutor;Colisao com objeto;Pleno dia;Chuva;Caminhao;Lesoes Leves;6;5;5;1;2;2
Ausencia de reacao do condutor;Colisao com objeto;Pleno dia;Chuva;Caminhao;Obito;2;5;5;1;2;2
Ausencia de reacao do condutor;Colisao com objeto;Pleno dia;Chuva;Caminhao-trator;Ileso;2;5;5;1;2;2
Ausencia de reacao do condutor;Colisao com objeto;Pleno dia;Chuva;Caminhao-trator;Lesoes Leves;3;5;5;1;2;2
Ausencia de reacao do condutor;Colisao com objeto;Pleno dia;Chuva;Caminhonete;Ileso;2;5;5;1;2;2
Ausencia de reacao do condutor;Colisao com objeto;Pleno dia;Chuva;Caminhonete;Lesoes Graves;2;5;5;1;2;2
Ausencia de reacao do condutor;Colisao com objeto;Pleno dia;Chuva;Caminhonete;Lesoes Leves;15;5;5;1;2;2
Ausencia de reacao do condutor;Colisao com objeto;Pleno dia;Chuva;Caminhonete;Obito;3;5;5;1;2;2
Ausencia de reacao do condutor;Colisao com objeto;Pleno dia;Chuva;Motocicleta;Lesoes Graves;2;5;5;1;2;1
Ausencia de reacao do condutor;Colisao com objeto;Pleno dia;Chuva;Motocicleta;Lesoes Leves;2;5;5;1;2;1
Ausencia de reacao do condutor;Colisao com objeto;Pleno dia;Chuva;Nao Informado;Ileso;3;5;5;1;2;3
Ausencia de reacao do condutor;Colisao com objeto;Pleno dia;Chuva;Nao Informado;Lesoes Leves;4;5;5;1;2;3
Ausencia de reacao do condutor;Colisao com objeto;Pleno dia;Chuva;Onibus;Ileso;1;5;5;1;2;3
Ausencia de reacao do condutor;Colisao com objeto;Pleno dia;Chuva;Onibus;Lesoes Leves;1;5;5;1;2;3
Ausencia de reacao do condutor;Colisao com objeto;Pleno dia;Chuva;Utilitario;Ileso;1;5;5;1;2;3
Ausencia de reacao do condutor;Colisao com objeto;Pleno dia;Chuva;Utilitario;Lesoes Leves;2;5;5;1;2;3
Ausencia de reacao do condutor;Colisao com objeto;Pleno dia;Garoa/Chuvisco;Automovel;Ileso;18;5;5;1;3;1
Ausencia de reacao do condutor;Colisao com objeto;Pleno dia;Garoa/Chuvisco;Automovel;Lesoes Graves;1;5;5;1;3;1
Ausencia de reacao do condutor;Colisao com objeto;Pleno dia;Garoa/Chuvisco;Automovel;Lesoes Leves;5;5;5;1;3;1
Ausencia de reacao do condutor;Colisao com objeto;Pleno dia;Garoa/Chuvisco;Automovel;Obito;1;5;5;1;3;1
Ausencia de reacao do condutor;Colisao com objeto;Pleno dia;Garoa/Chuvisco;Caminhao;Ileso;1;5;5;1;3;2
Ausencia de reacao do condutor;Colisao com objeto;Pleno dia;Garoa/Chuvisco;Caminhao-trator;Ileso;1;5;5;1;3;2
Ausencia de reacao do condutor;Colisao com objeto;Pleno dia;Garoa/Chuvisco;Caminhao-trator;Lesoes Graves;1;5;5;1;3;2
Ausencia de reacao do condutor;Colisao com objeto;Pleno dia;Garoa/Chuvisco;Caminhao-trator;Lesoes Leves;2;5;5;1;3;2
Ausencia de reacao do condutor;Colisao com objeto;Pleno dia;Garoa/Chuvisco;Caminhao-trator;Obito;1;5;5;1;3;2
Ausencia de reacao do condutor;Colisao com objeto;Pleno dia;Garoa/Chuvisco;Caminhonete;Ileso;1;5;5;1;3;2
Ausencia de reacao do condutor;Colisao com objeto;Pleno dia;Garoa/Chuvisco;Nao Informado;Lesoes Leves;3;5;5;1;3;3
Ausencia de reacao do condutor;Colisao com objeto;Pleno dia;Ignorado;Automovel;Lesoes Leves;1;5;5;1;0;1
Ausencia de reacao do condutor;Colisao com objeto;Pleno dia;Nevoeiro/Neblina;Caminhao;Lesoes Leves;1;5;5;1;4;2
Ausencia de reacao do condutor;Colisao com objeto;Pleno dia;Nublado;Automovel;Ileso;17;5;5;1;2;1
Ausencia de reacao do condutor;Colisao com objeto;Pleno dia;Nublado;Automovel;Lesoes Graves;4;5;5;1;2;1
Ausencia de reacao do condutor;Colisao com objeto;Pleno dia;Nublado;Automovel;Lesoes Leves;38;5;5;1;2;1
Ausencia de reacao do condutor;Colisao com objeto;Pleno dia;Nublado;Automovel;Obito;3;5;5;1;2;1
Ausencia de reacao do condutor;Colisao com objeto;Pleno dia;Nublado;Caminhao;Ileso;6;5;5;1;2;2
Ausencia de reacao do condutor;Colisao com objeto;Pleno dia;Nublado;Caminhao;Lesoes Graves;1;5;5;1;2;2
Ausencia de reacao do condutor;Colisao com objeto;Pleno dia;Nublado;Caminhao;Lesoes Leves;8;5;5;1;2;2
Ausencia de reacao do condutor;Colisao com objeto;Pleno dia;Nublado;Caminhao;Obito;2;5;5;1;2;2
Ausencia de reacao do condutor;Colisao com objeto;Pleno dia;Nublado;Caminhao-trator;Ileso;10;5;5;1;2;2
Ausencia de reacao do condutor;Colisao com objeto;Pleno dia;Nublado;Caminhao-trator;Lesoes Leves;4;5;5;1;2;2
Ausencia de reacao do condutor;Colisao com objeto;Pleno dia;Nublado;Caminhonete;Ileso;4;5;5;1;2;2
Ausencia de reacao do condutor;Colisao com objeto;Pleno dia;Nublado;Caminhonete;Lesoes Graves;2;5;5;1;2;2
Ausencia de reacao do condutor;Colisao com objeto;Pleno dia;Nublado;Caminhonete;Lesoes Leves;5;5;5;1;2;2
Ausencia de reacao do condutor;Colisao com objeto;Pleno dia;Nublado;Caminhonete;Obito;2;5;5;1;2;2
Ausencia de reacao do condutor;Colisao com objeto;Pleno dia;Nublado;Ciclomotor;Lesoes Graves;1;5;5;1;2;4
Ausencia de reacao do condutor;Colisao com objeto;Pleno dia;Nublado;Motocicleta;Lesoes Graves;5;5;5;1;2;1
Ausencia de reacao do condutor;Colisao com objeto;Pleno dia;Nublado;Motocicleta;Lesoes Leves;9;5;5;1;2;1
Ausencia de reacao do condutor;Colisao com objeto;Pleno dia;Nublado;Motocicleta;Obito;2;5;5;1;2;1
Ausencia de reacao do condutor;Colisao com objeto;Pleno dia;Nublado;Motoneta;Lesoes Leves;3;5;5;1;2;3
Ausencia de reacao do condutor;Colisao com objeto;Pleno dia;Nublado;Nao Informado;Ileso;2;5;5;1;2;3
Ausencia de reacao do condutor;Colisao com objeto;Pleno dia;Nublado;Utilitario;Ileso;3;5;5;1;2;3
Ausencia de reacao do condutor;Colisao com objeto;Pleno dia;Nublado;Utilitario;Lesoes Graves;2;5;5;1;2;3
Ausencia de reacao do condutor;Colisao com objeto;Pleno dia;Nublado;Utilitario;Lesoes Leves;4;5;5;1;2;3
Ausencia de reacao do condutor;Colisao com objeto;Pleno dia;Sol;Automovel;Ileso;17;5;5;1;3;1
Ausencia de reacao do condutor;Colisao com objeto;Pleno dia;Sol;Automovel;Lesoes Graves;1;5;5;1;3;1
Ausencia de reacao do condutor;Colisao com objeto;Pleno dia;Sol;Automovel;Lesoes Leves;21;5;5;1;3;1
Ausencia de reacao do condutor;Colisao com objeto;Pleno dia;Sol;Automovel;Obito;1;5;5;1;3;1
Ausencia de reacao do condutor;Colisao com objeto;Pleno dia;Sol;Bicicleta;Lesoes Leves;5;5;5;1;3;3
Ausencia de reacao do condutor;Colisao com objeto;Pleno dia;Sol;Caminhao;Ileso;7;5;5;1;3;2
Ausencia de reacao do condutor;Colisao com objeto;Pleno dia;Sol;Caminhao;Lesoes Graves;3;5;5;1;3;2
Ausencia de reacao do condutor;Colisao com objeto;Pleno dia;Sol;Caminhao;Lesoes Leves;3;5;5;1;3;2
Ausencia de reacao do condutor;Colisao com objeto;Pleno dia;Sol;Caminhao;Obito;2;5;5;1;3;2
Ausencia de reacao do condutor;Colisao com objeto;Pleno dia;Sol;Caminhao-trator;Ileso;9;5;5;1;3;2
Ausencia de reacao do condutor;Colisao com objeto;Pleno dia;Sol;Caminhao-trator;Lesoes Graves;1;5;5;1;3;2
Ausencia de reacao do condutor;Colisao com objeto;Pleno dia;Sol;Caminhao-trator;Lesoes Leves;2;5;5;1;3;2
Ausencia de reacao do condutor;Colisao com objeto;Pleno dia;Sol;Caminhonete;Ileso;6;5;5;1;3;2
Ausencia de reacao do condutor;Colisao com objeto;Pleno dia;Sol;Caminhonete;Lesoes Graves;1;5;5;1;3;2
Ausencia de reacao do condutor;Colisao com objeto;Pleno dia;Sol;Caminhonete;Lesoes Leves;7;5;5;1;3;2
Ausencia de reacao do condutor;Colisao com objeto;Pleno dia;Sol;Caminhonete;Obito;2;5;5;1;3;2
Ausencia de reacao do condutor;Colisao com objeto;Pleno dia;Sol;Motocicleta;Lesoes Leves;5;5;5;1;3;1
Ausencia de reacao do condutor;Colisao com objeto;Pleno dia;Sol;Motocicleta;Obito;2;5;5;1;3;1
Ausencia de reacao do condutor;Colisao com objeto;Pleno dia;Sol;Motoneta;Lesoes Leves;1;5;5;1;3;3
Ausencia de reacao do condutor;Colisao com objeto;Pleno dia;Sol;Nao Informado;Ileso;1;5;5;1;3;3
Ausencia de reacao do condutor;Colisao com objeto;Pleno dia;Sol;Nao Informado;Lesoes Graves;5;5;5;1;3;3
Ausencia de reacao do condutor;Colisao com objeto;Pleno dia;Sol;Nao Informado;Lesoes Leves;4;5;5;1;3;3
Ausencia de reacao do condutor;Colisao com objeto;Pleno dia;Sol;Nao Informado;Obito;2;5;5;1;3;3
Ausencia de reacao do condutor;Colisao com objeto;Pleno dia;Sol;Nao se aplica;Lesoes Graves;1;5;5;1;3;3
Ausencia de reacao do condutor;Colisao com objeto;Pleno dia;Sol;Nao se aplica;Lesoes Leves;1;5;5;1;3;3
Ausencia de reacao do condutor;Colisao frontal;Amanhecer;Ceu Claro;Automovel;Ileso;9;5;5;4;1;1
Ausencia de reacao do condutor;Colisao frontal;Amanhecer;Ceu Claro;Automovel;Lesoes Graves;4;5;5;4;1;1
Ausencia de reacao do condutor;Colisao frontal;Amanhecer;Ceu Claro;Automovel;Lesoes Leves;16;5;5;4;1;1
Ausencia de reacao do condutor;Colisao frontal;Amanhecer;Ceu Claro;Automovel;Obito;2;5;5;4;1;1
Ausencia de reacao do condutor;Colisao frontal;Amanhecer;Ceu Claro;Bicicleta;Obito;1;5;5;4;1;3
Ausencia de reacao do condutor;Colisao frontal;Amanhecer;Ceu Claro;Caminhao;Ileso;1;5;5;4;1;2
Ausencia de reacao do condutor;Colisao frontal;Amanhecer;Ceu Claro;Caminhao;Lesoes Leves;3;5;5;4;1;2
Ausencia de reacao do condutor;Colisao frontal;Amanhecer;Ceu Claro;Caminhao-trator;Ileso;4;5;5;4;1;2
Ausencia de reacao do condutor;Colisao frontal;Amanhecer;Ceu Claro;Caminhao-trator;Lesoes Graves;1;5;5;4;1;2
Ausencia de reacao do condutor;Colisao frontal;Amanhecer;Ceu Claro;Caminhao-trator;Lesoes Leves;2;5;5;4;1;2
Ausencia de reacao do condutor;Colisao frontal;Amanhecer;Ceu Claro;Caminhao-trator;Obito;2;5;5;4;1;2
Ausencia de reacao do condutor;Colisao frontal;Amanhecer;Ceu Claro;Caminhonete;Ileso;5;5;5;4;1;2
Ausencia de reacao do condutor;Colisao frontal;Amanhecer;Ceu Claro;Caminhonete;Lesoes Graves;1;5;5;4;1;2
Ausencia de reacao do condutor;Colisao frontal;Amanhecer;Ceu Claro;Caminhonete;Lesoes Leves;2;5;5;4;1;2
Ausencia de reacao do condutor;Colisao frontal;Amanhecer;Ceu Claro;Motocicleta;Obito;2;5;5;4;1;1
Ausencia de reacao do condutor;Colisao frontal;Amanhecer;Ceu Claro;Nao Informado;Ileso;1;5;5;4;1;3
Ausencia de reacao do condutor;Colisao frontal;Amanhecer;Ceu Claro;Nao Informado;Lesoes Graves;2;5;5;4;1;3
Ausencia de reacao do condutor;Colisao frontal;Amanhecer;Chuva;Automovel;Lesoes Leves;1;5;5;4;2;1
Ausencia de reacao do condutor;Colisao frontal;Amanhecer;Chuva;Caminhao-trator;Ileso;1;5;5;4;2;2
Ausencia de reacao do condutor;Colisao frontal;Amanhecer;Chuva;Caminhonete;Ileso;4;5;5;4;2;2
Ausencia de reacao do condutor;Colisao frontal;Amanhecer;Chuva;Caminhonete;Lesoes Graves;2;5;5;4;2;2
Ausencia de reacao do condutor;Colisao frontal;Amanhecer;Garoa/Chuvisco;Automovel;Lesoes Graves;6;5;5;4;3;1
Ausencia de reacao do condutor;Colisao frontal;Amanhecer;Garoa/Chuvisco;Automovel;Obito;2;5;5;4;3;1
Ausencia de reacao do condutor;Colisao frontal;Amanhecer;Garoa/Chuvisco;Caminhonete;Ileso;1;5;5;4;3;2
Ausencia de reacao do condutor;Colisao frontal;Amanhecer;Garoa/Chuvisco;Nao Informado;Lesoes Leves;2;5;5;4;3;3
Ausencia de reacao do condutor;Colisao frontal;Amanhecer;Nevoeiro/Neblina;Automovel;Lesoes Graves;2;5;5;4;4;1
Ausencia de reacao do condutor;Colisao frontal;Amanhecer;Nevoeiro/Neblina;Automovel;Lesoes Leves;2;5;5;4;4;1
Ausencia de reacao do condutor;Colisao frontal;Amanhecer;Nevoeiro/Neblina;Automovel;Obito;2;5;5;4;4;1
Ausencia de reacao do condutor;Colisao frontal;Amanhecer;Nevoeiro/Neblina;Caminhao-trator;Ileso;2;5;5;4;4;2
Ausencia de reacao do condutor;Colisao frontal;Amanhecer;Nevoeiro/Neblina;Caminhonete;Ileso;3;5;5;4;4;2
Ausencia de reacao do condutor;Colisao frontal;Amanhecer;Nevoeiro/Neblina;Caminhonete;Lesoes Leves;1;5;5;4;4;2
Ausencia de reacao do condutor;Colisao frontal;Amanhecer;Nublado;Automovel;Lesoes Leves;3;5;5;4;2;1
Ausencia de reacao do condutor;Colisao frontal;Amanhecer;Nublado;Caminhao-trator;Ileso;2;5;5;4;2;2
Ausencia de reacao do condutor;Colisao frontal;Amanhecer;Nublado;Caminhonete;Obito;1;5;5;4;2;2
Ausencia de reacao do condutor;Colisao frontal;Amanhecer;Nublado;Motocicleta;Lesoes Leves;1;5;5;4;2;1
Ausencia de reacao do condutor;Colisao frontal;Anoitecer;Ceu Claro;Automovel;Ileso;4;5;5;4;1;1
Ausencia de reacao do condutor;Colisao frontal;Anoitecer;Ceu Claro;Automovel;Lesoes Graves;4;5;5;4;1;1
Ausencia de reacao do condutor;Colisao frontal;Anoitecer;Ceu Claro;Automovel;Lesoes Leves;8;5;5;4;1;1
Ausencia de reacao do condutor;Colisao frontal;Anoitecer;Ceu Claro;Bicicleta;Ileso;1;5;5;4;1;3
Ausencia de reacao do condutor;Colisao frontal;Anoitecer;Ceu Claro;Bicicleta;Lesoes Leves;1;5;5;4;1;3
Ausencia de reacao do condutor;Colisao frontal;Anoitecer;Ceu Claro;Caminhao-trator;Ileso;1;5;5;4;1;2
Ausencia de reacao do condutor;Colisao frontal;Anoitecer;Ceu Claro;Caminhonete;Ileso;1;5;5;4;1;2
Ausencia de reacao do condutor;Colisao frontal;Anoitecer;Ceu Claro;Caminhonete;Lesoes Graves;1;5;5;4;1;2
Ausencia de reacao do condutor;Colisao frontal;Anoitecer;Ceu Claro;Motocicleta;Lesoes Graves;3;5;5;4;1;1
Ausencia de reacao do condutor;Colisao frontal;Anoitecer;Ceu Claro;Motocicleta;Obito;2;5;5;4;1;1
Ausencia de reacao do condutor;Colisao frontal;Anoitecer;Ceu Claro;Nao Informado;Ileso;2;5;5;4;1;3
Ausencia de reacao do condutor;Colisao frontal;Anoitecer;Ceu Claro;Nao Informado;Obito;1;5;5;4;1;3
Ausencia de reacao do condutor;Colisao frontal;Anoitecer;Ceu Claro;Utilitario;Ileso;1;5;5;4;1;3
Ausencia de reacao do condutor;Colisao frontal;Anoitecer;Chuva;Automovel;Ileso;4;5;5;4;2;1
Ausencia de reacao do condutor;Colisao frontal;Anoitecer;Chuva;Automovel;Lesoes Graves;9;5;5;4;2;1
Ausencia de reacao do condutor;Colisao frontal;Anoitecer;Chuva;Automovel;Lesoes Leves;1;5;5;4;2;1
Ausencia de reacao do condutor;Colisao frontal;Anoitecer;Chuva;Caminhao;Ileso;2;5;5;4;2;2
Ausencia de reacao do condutor;Colisao frontal;Anoitecer;Chuva;Caminhao;Lesoes Leves;1;5;5;4;2;2
Ausencia de reacao do condutor;Colisao frontal;Anoitecer;Chuva;Caminhonete;Lesoes Graves;1;5;5;4;2;2
Ausencia de reacao do condutor;Colisao frontal;Anoitecer;Chuva;Micro-onibus;Ileso;1;5;5;4;2;4
Ausencia de reacao do condutor;Colisao frontal;Anoitecer;Chuva;Micro-onibus;Lesoes Graves;5;5;5;4;2;4
Ausencia de reacao do condutor;Colisao frontal;Anoitecer;Chuva;Micro-onibus;Lesoes Leves;2;5;5;4;2;4
Ausencia de reacao do condutor;Colisao frontal;Anoitecer;Chuva;Micro-onibus;Obito;4;5;5;4;2;4
Ausencia de reacao do condutor;Colisao frontal;Anoitecer;Chuva;Motocicleta;Lesoes Graves;1;5;5;4;2;1
Ausencia de reacao do condutor;Colisao frontal;Anoitecer;Chuva;Motoneta;Lesoes Graves;1;5;5;4;2;3
Ausencia de reacao do condutor;Colisao frontal;Anoitecer;Garoa/Chuvisco;Automovel;Ileso;1;5;5;4;3;1
Ausencia de reacao do condutor;Colisao frontal;Anoitecer;Garoa/Chuvisco;Automovel;Lesoes Graves;1;5;5;4;3;1
Ausencia de reacao do condutor;Colisao frontal;Anoitecer;Garoa/Chuvisco;Automovel;Lesoes Leves;1;5;5;4;3;1
Ausencia de reacao do condutor;Colisao frontal;Anoitecer;Garoa/Chuvisco;Caminhao;Ileso;1;5;5;4;3;2
Ausencia de reacao do condutor;Colisao frontal;Anoitecer;Garoa/Chuvisco;Caminhao;Obito;1;5;5;4;3;2
Ausencia de reacao do condutor;Colisao frontal;Anoitecer;Garoa/Chuvisco;Caminhao-trator;Ileso;1;5;5;4;3;2
Ausencia de reacao do condutor;Colisao frontal;Anoitecer;Garoa/Chuvisco;Caminhao-trator;Lesoes Graves;1;5;5;4;3;2
Ausencia de reacao do condutor;Colisao frontal;Anoitecer;Garoa/Chuvisco;Utilitario;Ileso;2;5;5;4;3;3
Ausencia de reacao do condutor;Colisao frontal;Anoitecer;Nublado;Automovel;Ileso;1;5;5;4;2;1
Ausencia de reacao do condutor;Colisao frontal;Anoitecer;Nublado;Caminhonete;Ileso;2;5;5;4;2;2
Ausencia de reacao do condutor;Colisao frontal;Plena Noite;Ceu Claro;Automovel;Ileso;13;5;5;2;1;1
Ausencia de reacao do condutor;Colisao frontal;Plena Noite;Ceu Claro;Automovel;Lesoes Graves;17;5;5;2;1;1
Ausencia de reacao do condutor;Colisao frontal;Plena Noite;Ceu Claro;Automovel;Lesoes Leves;17;5;5;2;1;1
Ausencia de reacao do condutor;Colisao frontal;Plena Noite;Ceu Claro;Automovel;Obito;11;5;5;2;1;1
Ausencia de reacao do condutor;Colisao frontal;Plena Noite;Ceu Claro;Bicicleta;Obito;1;5;5;2;1;3
Ausencia de reacao do condutor;Colisao frontal;Plena Noite;Ceu Claro;Caminhao;Ileso;8;5;5;2;1;2
Ausencia de reacao do condutor;Colisao frontal;Plena Noite;Ceu Claro;Caminhao;Lesoes Leves;4;5;5;2;1;2
Ausencia de reacao do condutor;Colisao frontal;Plena Noite;Ceu Claro;Caminhao-trator;Ileso;8;5;5;2;1;2
Ausencia de reacao do condutor;Colisao frontal;Plena Noite;Ceu Claro;Caminhao-trator;Lesoes Leves;3;5;5;2;1;2
Ausencia de reacao do condutor;Colisao frontal;Plena Noite;Ceu Claro;Caminhao-trator;Obito;1;5;5;2;1;2
Ausencia de reacao do condutor;Colisao frontal;Plena Noite;Ceu Claro;Caminhonete;Ileso;10;5;5;2;1;2
Ausencia de reacao do condutor;Colisao frontal;Plena Noite;Ceu Claro;Caminhonete;Lesoes Graves;2;5;5;2;1;2