causa_acidente;tipo_acidente;fase_dia;condicao_metereologica;tipo_veiculo;estado_fisico;count;causa_acidente_criterios;tipo_acidente_criterios;fase_dia_criterios;condicao_metereologica_criterios;tipo_veiculo_criterios
Ausencia de reacao do condutor;Colisao frontal;Plena Noite;Ceu Claro;Caminhonete;Lesoes Leves;4;5;5;2;1;2
Ausencia de reacao do condutor;Colisao frontal;Plena Noite;Ceu Claro;Caminhonete;Obito;6;5;5;2;1;2
Ausencia de reacao do condutor;Colisao frontal;Plena Noite;Ceu Claro;Motocicleta;Lesoes Graves;6;5;5;2;1;1
Ausencia de reacao do condutor;Colisao frontal;Plena Noite;Ceu Claro;Motocicleta;Lesoes Leves;4;5;5;2;1;1
Ausencia de reacao do condutor;Colisao frontal;Plena Noite;Ceu Claro;Motocicleta;Obito;10;5;5;2;1;1
Ausencia de reacao do condutor;Colisao frontal;Plena Noite;Ceu Claro;Motoneta;Lesoes Graves;1;5;5;2;1;3
Ausencia de reacao do condutor;Colisao frontal;Plena Noite;Ceu Claro;Motoneta;Lesoes Leves;3;5;5;2;1;3
Ausencia de reacao do condutor;Colisao frontal;Plena Noite;Ceu Claro;Motoneta;Obito;2;5;5;2;1;3
Ausencia de reacao do condutor;Colisao frontal;Plena Noite;Ceu Claro;Nao Informado;Ileso;2;5;5;2;1;3
Ausencia de reacao do condutor;Colisao frontal;Plena Noite;Ceu Claro;Onibus;Ileso;7;5;5;2;1;3
Ausencia de reacao do condutor;Colisao frontal;Plena Noite;Chuva;Automovel;Ileso;10;5;5;2;2;1
Ausencia de reacao do condutor;Colisao frontal;Plena Noite;Chuva;Automovel;Lesoes Graves;7;5;5;2;2;1
Ausencia de reacao do condutor;Colisao frontal;Plena Noite;Chuva;Automovel;Lesoes Leves;5;5;5;2;2;1
Ausencia de reacao do condutor;Colisao frontal;Plena Noite;Chuva;Automovel;Obito;4;5;5;2;2;1
Ausencia de reacao do condutor;Colisao frontal;Plena Noite;Chuva;Caminhao;Ileso;4;5;5;2;2;2
Ausencia de reacao do condutor;Colisao frontal;Plena Noite;Chuva;Caminhao;Lesoes Leves;1;5;5;2;2;2
Ausencia de reacao do condutor;Colisao frontal;Plena Noite;Chuva;Caminhao-trator;Ileso;3;5;5;2;2;2
Ausencia de reacao do condutor;Colisao frontal;Plena Noite;Chuva;Caminhao-trator;Obito;1;5;5;2;2;2
Ausencia de reacao do condutor;Colisao frontal;Plena Noite;Chuva;Motocicleta;Lesoes Graves;2;5;5;2;2;1
Ausencia de reacao do condutor;Colisao frontal;Plena Noite;Chuva;Motocicleta;Lesoes Leves;1;5;5;2;2;1
Ausencia de reacao do condutor;Colisao frontal;Plena Noite;Chuva;Motocicleta;Obito;2;5;5;2;2;1
Ausencia de reacao do condutor;Colisao frontal;Plena Noite;Chuva;Motoneta;Lesoes Leves;1;5;5;2;2;3
Ausencia de reacao do condutor;Colisao frontal;Plena Noite;Chuva;Nao Informado;Ileso;1;5;5;2;2;3
Ausencia de reacao do condutor;Colisao frontal;Plena Noite;Chuva;Nao Informado;Lesoes Graves;1;5;5;2;2;3
Ausencia de reacao do condutor;Colisao frontal;Plena Noite;Chuva;Nao Informado;Obito;3;5;5;2;2;3
Ausencia de reacao do condutor;Colisao frontal;Plena Noite;Chuva;Onibus;Ileso;1;5;5;2;2;3
Ausencia de reacao do condutor;Colisao frontal;Plena Noite;Garoa/Chuvisco;Automovel;Ileso;2;5;5;2;3;1
Ausencia de reacao do condutor;Colisao frontal;Plena Noite;Garoa/Chuvisco;Automovel;Lesoes Graves;4;5;5;2;3;1
Ausencia de reacao do condutor;Colisao frontal;Plena Noite;Garoa/Chuvisco;Automovel;Lesoes Leves;4;5;5;2;3;1
Ausencia de reacao do condutor;Colisao frontal;Plena Noite;Garoa/Chuvisco;Automovel;Obito;1;5;5;2;3;1
Ausencia de reacao do condutor;Colisao frontal;Plena Noite;Garoa/Chuvisco;Caminhao;Ileso;1;5;5;2;3;2
Ausencia de reacao do condutor;Colisao frontal;Plena Noite;Garoa/Chuvisco;Caminhao;Lesoes Leves;1;5;5;2;3;2
Ausencia de reacao do condutor;Colisao frontal;Plena Noite;Garoa/Chuvisco;Caminhonete;Ileso;1;5;5;2;3;2
Ausencia de reacao do condutor;Colisao frontal;Plena Noite;Garoa/Chuvisco;Caminhonete;Obito;1;5;5;2;3;2
Ausencia de reacao do condutor;Colisao frontal;Plena Noite;Garoa/Chuvisco;Micro-onibus;Ileso;9;5;5;2;3;4
Ausencia de reacao do condutor;Colisao frontal;Plena Noite;Garoa/Chuvisco;Micro-onibus;Lesoes Leves;1;5;5;2;3;4
Ausencia de reacao do condutor;Colisao frontal;Plena Noite;Garoa/Chuvisco;Motocicleta;Ileso;1;5;5;2;3;1
Ausencia de reacao do condutor;Colisao frontal;Plena Noite;Garoa/Chuvisco;Motocicleta;Lesoes Graves;1;5;5;2;3;1
Ausencia de reacao do condutor;Colisao frontal;Plena Noite;Garoa/Chuvisco;Motocicleta;Lesoes Leves;1;5;5;2;3;1
Ausencia de reacao do condutor;Colisao frontal;Plena Noite;Garoa/Chuvisco;Nao Informado;Ileso;1;5;5;2;3;3
Ausencia de reacao do condutor;Colisao frontal;Plena Noite;Ignorado;Caminhonete;Ileso;1;5;5;2;0;2
Ausencia de reacao do condutor;Colisao frontal;Plena Noite;Ignorado;Motocicleta;Obito;1;5;5;2;0;1
Ausencia de reacao do condutor;Colisao frontal;Plena Noite;Nublado;Automovel;Ileso;9;5;5;2;2;1
Ausencia de reacao do condutor;Colisao frontal;Plena Noite;Nublado;Automovel;Lesoes Graves;9;5;5;2;2;1
Ausencia de reacao do condutor;Colisao frontal;Plena Noite;Nublado;Automovel;Lesoes Leves;4;5;5;2;2;1
Ausencia de reacao do condutor;Colisao frontal;Plena Noite;Nublado;Automovel;Obito;6;5;5;2;2;1
Ausencia de reacao do condutor;Colisao frontal;Plena Noite;Nublado;Bicicleta;Lesoes Graves;1;5;5;2;2;3
Ausencia de reacao do condutor;Colisao frontal;Plena Noite;Nublado;Bicicleta;Lesoes Leves;1;5;5;2;2;3
Ausencia de reacao do condutor;Colisao frontal;Plena Noite;Nublado;Caminhao;Ileso;3;5;5;2;2;2
Ausencia de reacao do condutor;Colisao frontal;Plena Noite;Nublado;Caminhao;Lesoes Graves;1;5;5;2;2;2
Ausencia de reacao do condutor;Colisao frontal;Plena Noite;Nublado;Caminhao;Lesoes Leves;2;5;5;2;2;2
Ausencia de reacao do condutor;Colisao frontal;Plena Noite;Nublado;Caminhao-trator;Ileso;6;5;5;2;2;2
Ausencia de reacao do condutor;Colisao frontal;Plena Noite;Nublado;Caminhao-trator;Lesoes Leves;2;5;5;2;2;2
Ausencia de reacao do condutor;Colisao frontal;Plena Noite;Nublado;Caminhonete;Lesoes Graves;9;5;5;2;2;2
Ausencia de reacao do condutor;Colisao frontal;Plena Noite;Nublado;Caminhonete;Obito;1;5;5;2;2;2
Ausencia de reacao do condutor;Colisao frontal;Plena Noite;Nublado;Motocicleta;Lesoes Graves;3;5;5;2;2;1
Ausencia de reacao do condutor;Colisao frontal;Plena Noite;Nublado;Motocicleta;Lesoes Leves;1;5;5;2;2;1
Ausencia de reacao do condutor;Colisao frontal;Plena Noite;Nublado;Motocicleta;Obito;3;5;5;2;2;1
Ausencia de reacao do condutor;Colisao frontal;Plena Noite;Nublado;Motoneta;Lesoes Graves;2;5;5;2;2;3
Ausencia de reacao do condutor;Colisao frontal;Plena Noite;Nublado;Motoneta;Lesoes Leves;1;5;5;2;2;3
Ausencia de reacao do condutor;Colisao frontal;Plena Noite;Nublado;Nao Informado;Ileso;4;5;5;2;2;3
Ausencia de reacao do condutor;Colisao frontal;Plena Noite;Nublado;Nao Informado;Lesoes Leves;4;5;5;2;2;3
Ausencia de reacao do condutor;Colisao frontal;Plena Noite;Nublado;Onibus;Ileso;36;5;5;2;2;3
Ausencia de reacao do condutor;Colisao frontal;Plena Noite;Nublado;Onibus;Lesoes Leves;2;5;5;2;2;3
Ausencia de reacao do condutor;Colisao frontal;Plena Noite;Nublado;Utilitario;Obito;1;5;5;2;2;3
Ausencia de reacao do condutor;Colisao frontal;Pleno dia;Ceu Claro;Automovel;Ileso;17;5;5;1;1;1
Ausencia de reacao do condutor;Colisao frontal;Pleno dia;Ceu Claro;Automovel;Lesoes Graves;16;5;5;1;1;1
Ausencia de reacao do condutor;Colisao frontal;Pleno dia;Ceu Claro;Automovel;Lesoes Leves;25;5;5;1;1;1
Ausencia de reacao do condutor;Colisao frontal;Pleno dia;Ceu Claro;Automovel;Obito;24;5;5;1;1;1
Ausencia de reacao do condutor;Colisao frontal;Pleno dia;Ceu Claro;Bicicleta;Lesoes Graves;3;5;5;1;1;3
Ausencia de reacao do condutor;Colisao frontal;Pleno dia;Ceu Claro;Bicicleta;Lesoes Leves;1;5;5;1;1;3
Ausencia de reacao do condutor;Colisao frontal;Pleno dia;Ceu Claro;Bicicleta;Obito;1;5;5;1;1;3
Ausencia de reacao do condutor;Colisao frontal;Pleno dia;Ceu Claro;Caminhao;Ileso;10;5;5;1;1;2
Ausencia de reacao do condutor;Colisao frontal;Pleno dia;Ceu Claro;Caminhao;Lesoes Graves;1;5;5;1;1;2
Ausencia de reacao do condutor;Colisao frontal;Pleno dia;Ceu Claro;Caminhao;Lesoes Leves;6;5;5;1;1;2
Ausencia de reacao do condutor;Colisao frontal;Pleno dia;Ceu Claro;Caminhao;Obito;1;5;5;1;1;2
Ausencia de reacao do condutor;Colisao frontal;Pleno dia;Ceu Claro;Caminhao-trator;Ileso;28;5;5;1;1;2
Ausencia de reacao do condutor;Colisao frontal;Pleno dia;Ceu Claro;Caminhao-trator;Lesoes Graves;6;5;5;1;1;2
Ausencia de reacao do condutor;Colisao frontal;Pleno dia;Ceu Claro;Caminhao-trator;Lesoes Leves;9;5;5;1;1;2
Ausencia de reacao do condutor;Colisao frontal;Pleno dia;Ceu Claro;Caminhao-trator;Obito;2;5;5;1;1;2
Ausencia de reacao do condutor;Colisao frontal;Pleno dia;Ceu Claro;Caminhonete;Ileso;14;5;5;1;1;2
Ausencia de reacao do condutor;Colisao frontal;Pleno dia;Ceu Claro;Caminhonete;Lesoes Graves;8;5;5;1;1;2
Ausencia de reacao do condutor;Colisao frontal;Pleno dia;Ceu Claro;Caminhonete;Lesoes Leves;6;5;5;1;1;2
Ausencia de reacao do condutor;Colisao frontal;Pleno dia;Ceu Claro;Ciclomotor;Lesoes Leves;1;5;5;1;1;4
Ausencia de reacao do condutor;Colisao frontal;Pleno dia;Ceu Claro;Motocicleta;Ileso;2;5;5;1;1;1
Ausencia de reacao do condutor;Colisao frontal;Pleno dia;Ceu Claro;Motocicleta;Lesoes Graves;3;5;5;1;1;1
Ausencia de reacao do condutor;Colisao frontal;Pleno dia;Ceu Claro;Motocicleta;Lesoes Leves;4;5;5;1;1;1
Ausencia de reacao do condutor;Colisao frontal;Pleno dia;Ceu Claro;Motocicleta;Obito;6;5;5;1;1;1
Ausencia de reacao do condutor;Colisao frontal;Pleno dia;Ceu Claro;Motoneta;Lesoes Graves;3;5;5;1;1;3
Ausencia de reacao do condutor;Colisao frontal;Pleno dia;Ceu Claro;Motoneta;Lesoes Leves;2;5;5;1;1;3
Ausencia de reacao do condutor;Colisao frontal;Pleno dia;Ceu Claro;Nao Informado;Ileso;2;5;5;1;1;3
Ausencia de reacao do condutor;Colisao frontal;Pleno dia;Ceu Claro;Nao Informado;Lesoes Graves;5;5;5;1;1;3
Ausencia de reacao do condutor;Colisao frontal;Pleno dia;Ceu Claro;Nao Informado;Lesoes Leves;6;5;5;1;1;3
Ausencia de reacao do condutor;Colisao frontal;Pleno dia;Ceu Claro;Nao Informado;Obito;2;5;5;1;1;3
Ausencia de reacao do condutor;Colisao frontal;Pleno dia;Ceu Claro;Onibus;Ileso;18;5;5;1;1;3
Ausencia de reacao do condutor;Colisao frontal;Pleno dia;Ceu Claro;Onibus;Lesoes Graves;5;5;5;1;1;3
Ausencia de reacao do condutor;Colisao frontal;Pleno dia;Ceu Claro;Onibus;Lesoes Leves;31;5;5;1;1;3
Ausencia de reacao do condutor;Colisao frontal;Pleno dia;Ceu Claro;Onibus;Obito;1;5;5;1;1;3
Ausencia de reacao do condutor;Colisao frontal;Pleno dia;Ceu Claro;Reboque;Ileso;1;5;5;1;1;5
Ausencia de reacao do condutor;Colisao frontal;Pleno dia;Ceu Claro;Utilitario;Lesoes Leves;1;5;5;1;1;3
Ausencia de reacao do condutor;Colisao frontal;Pleno dia;Ceu Claro;Utilitario;Obito;1;5;5;1;1;3
Ausencia de reacao do condutor;Colisao frontal;Pleno dia;Chuva;Automovel;Ileso;2;5;5;1;2;1
Ausencia de reacao do condutor;Colisao frontal;Pleno dia;Chuva;Automovel;Lesoes Graves;8;5;5;1;2;1
Ausencia de reacao do condutor;Colisao frontal;Pleno dia;Chuva;Automovel;Lesoes Leves;2;5;5;1;2;1
Ausencia de reacao do condutor;Colisao frontal;Pleno dia;Chuva;Automovel;Obito;9;5;5;1;2;1
Ausencia de reacao do condutor;Colisao frontal;Pleno dia;Chuva;Caminhao;Ileso;1;5;5;1;2;2
Ausencia de reacao do condutor;Colisao frontal;Pleno dia;Chuva;Caminhao;Lesoes Graves;3;5;5;1;2;2
Ausencia de reacao do condutor;Colisao frontal;Pleno dia;Chuva;Caminhao;Lesoes Leves;3;5;5;1;2;2
Ausencia de reacao do condutor;Colisao frontal;Pleno dia;Chuva;Caminhao-trator;Ileso;7;5;5;1;2;2
Ausencia de reacao do condutor;Colisao frontal;Pleno dia;Chuva;Caminhao-trator;Lesoes Graves;1;5;5;1;2;2
Ausencia de reacao do condutor;Colisao frontal;Pleno dia;Chuva;Caminhao-trator;Lesoes Leves;3;5;5;1;2;2
Ausencia de reacao do condutor;Colisao frontal;Pleno dia;Chuva;Caminhonete;Ileso;1;5;5;1;2;2
Ausencia de reacao do condutor;Colisao frontal;Pleno dia;Chuva;Caminhonete;Lesoes Graves;1;5;5;1;2;2
Ausencia de reacao do condutor;Colisao frontal;Pleno dia;Chuva;Utilitario;Lesoes Leves;2;5;5;1;2;3
Ausencia de reacao do condutor;Colisao frontal;Pleno dia;Garoa/Chuvisco;Automovel;Ileso;8;5;5;1;3;1
Ausencia de reacao do condutor;Colisao frontal;Pleno dia;Garoa/Chuvisco;Automovel;Lesoes Graves;7;5;5;1;3;1
Ausencia de reacao do condutor;Colisao frontal;Pleno dia;Garoa/Chuvisco;Automovel;Lesoes Leves;2;5;5;1;3;1
Ausencia de reacao do condutor;Colisao frontal;Pleno dia;Garoa/Chuvisco;Caminhao;Ileso;4;5;5;1;3;2
Ausencia de reacao do condutor;Colisao frontal;Pleno dia;Garoa/Chuvisco;Caminhao-trator;Lesoes Graves;1;5;5;1;3;2
Ausencia de reacao do condutor;Colisao frontal;Pleno dia;Garoa/Chuvisco;Caminhao-trator;Obito;1;5;5;1;3;2
Ausencia de reacao do condutor;Colisao frontal;Pleno dia;Garoa/Chuvisco;Caminhonete;Ileso;1;5;5;1;3;2
Ausencia de reacao do condutor;Colisao frontal;Pleno dia;Nublado;Automovel;Ileso;6;5;5;1;2;1
Ausencia de reacao do condutor;Colisao frontal;Pleno dia;Nublado;Automovel;Lesoes Leves;6;5;5;1;2;1
Ausencia de reacao do condutor;Colisao frontal;Pleno dia;Nublado;Automovel;Obito;1;5;5;1;2;1
Ausencia de reacao do condutor;Colisao frontal;Pleno dia;Nublado;Caminhao;Ileso;5;5;5;1;2;2
Ausencia de reacao do condutor;Colisao frontal;Pleno dia;Nublado;Caminhao;Lesoes Graves;1;5;5;1;2;2
Ausencia de reacao do condutor;Colisao frontal;Pleno dia;Nublado;Caminhao;Lesoes Leves;2;5;5;1;2;2
Ausencia de reacao do condutor;Colisao frontal;Pleno dia;Nublado;Caminhao-trator;Ileso;2;5;5;1;2;2
Ausencia de reacao do condutor;Colisao frontal;Pleno dia;Nublado;Caminhonete;Lesoes Graves;2;5;5;1;2;2
Ausencia de reacao do condutor;Colisao frontal;Pleno dia;Nublado;Caminhonete;Lesoes Leves;1;5;5;1;2;2
Ausencia de reacao do condutor;Colisao frontal;Pleno dia;Nublado;Caminhonete;Obito;1;5;5;1;2;2
Ausencia de reacao do condutor;Colisao frontal;Pleno dia;Nublado;Motocicleta;Lesoes Graves;1;5;5;1;2;1
Ausencia de reacao do condutor;Colisao frontal;Pleno dia;Nublado;Motocicleta;Lesoes Leves;2;5;5;1;2;1
Ausencia de reacao do condutor;Colisao frontal;Pleno dia;Nublado;Onibus;Lesoes Leves;1;5;5;1;2;3
Ausencia de reacao do condutor;Colisao frontal;Pleno dia;Sol;Automovel;Ileso;2;5;5;1;3;1
Ausencia de reacao do condutor;Colisao frontal;Pleno dia;Sol;Automovel;Lesoes Graves;2;5;5;1;3;1
Ausencia de reacao do condutor;Colisao frontal;Pleno dia;Sol;Automovel;Lesoes Leves;5;5;5;1;3;1
Ausencia de reacao do condutor;Colisao frontal;Pleno dia;Sol;Bicicleta;Lesoes Leves;1;5;5;1;3;3
Ausencia de reacao do condutor;Colisao frontal;Pleno dia;Sol;Caminhao;Ileso;4;5;5;1;3;2
Ausencia de reacao do condutor;Colisao frontal;Pleno dia;Sol;Caminhao;Lesoes Graves;3;5;5;1;3;2
Ausencia de reacao do condutor;Colisao frontal;Pleno dia;Sol;Caminhao;Obito;1;5;5;1;3;2
Ausencia de reacao do condutor;Colisao frontal;Pleno dia;Sol;Caminhao-trator;Ileso;2;5;5;1;3;2
Ausencia de reacao do condutor;Colisao frontal;Pleno dia;Sol;Caminhao-trator;Lesoes Leves;2;5;5;1;3;2
Ausencia de reacao do condutor;Colisao frontal;Pleno dia;Sol;Caminhonete;Lesoes Leves;2;5;5;1;3;2
Ausencia de reacao do condutor;Colisao frontal;Pleno dia;Sol;Caminhonete;Obito;2;5;5;1;3;2
Ausencia de reacao do condutor;Colisao frontal;Pleno dia;Sol;Motocicleta;Lesoes Leves;2;5;5;1;3;1
Ausencia de reacao do condutor;Colisao frontal;Pleno dia;Sol;Nao Informado;Lesoes Graves;4;5;5;1;3;3
Ausencia de reacao do condutor;Colisao frontal;Pleno dia;Sol;Nao Informado;Lesoes Leves;2;5;5;1;3;3
Ausencia de reacao do condutor;Colisao frontal;Pleno dia;Sol;Nao Informado;Obito;3;5;5;1;3;3
Ausencia de reacao do condutor;Colisao lateral mesmo sentido;Amanhecer;Ceu Claro;Automovel;Ileso;2;5;5;4;1;1
Ausencia de reacao do condutor;Colisao lateral mesmo sentido;Amanhecer;Ceu Claro;Automovel;Lesoes Leves;1;5;5;4;1;1
Ausencia de reacao do condutor;Colisao lateral mesmo sentido;Amanhecer;Ceu Claro;Caminhao;Ileso;1;5;5;4;1;2
Ausencia de reacao do condutor;Colisao lateral mesmo sentido;Amanhecer;Ceu Claro;Caminhao-trator;Lesoes Leves;1;5;5;4;1;2
Ausencia de reacao do condutor;Colisao lateral mesmo sentido;Amanhecer;Ceu Claro;Motocicleta;Lesoes Leves;5;5;5;4;1;1
Ausencia de reacao do condutor;Colisao lateral mesmo sentido;Amanhecer;Ceu Claro;Motocicleta;Obito;1;5;5;4;1;1
Ausencia de reacao do condutor;Colisao lateral mesmo sentido;Amanhecer;Ceu Claro;Nao Informado;Ileso;1;5;5;4;1;3
Ausencia de reacao do condutor;Colisao lateral mesmo sentido;Amanhecer;Ceu Claro;Nao se aplica;Lesoes Leves;1;5;5;4;1;3
Ausencia de reacao do condutor;Colisao lateral mesmo sentido;Amanhecer;Chuva;Automovel;Ileso;2;5;5;4;2;1
Ausencia de reacao do condutor;Colisao lateral mesmo sentido;Amanhecer;Chuva;Automovel;Lesoes Leves;2;5;5;4;2;1
Ausencia de reacao do condutor;Colisao lateral mesmo sentido;Amanhecer;Nublado;Caminhao-trator;Ileso;1;5;5;4;2;2
Ausencia de reacao do condutor;Colisao lateral mesmo sentido;Amanhecer;Nublado;Caminhonete;Ileso;1;5;5;4;2;2
Ausencia de reacao do condutor;Colisao lateral mesmo sentido;Amanhecer;Nublado;Motocicleta;Lesoes Leves;3;5;5;4;2;1
Ausencia de reacao do condutor;Colisao lateral mesmo sentido;Anoitecer;Ceu Claro;Automovel;Ileso;17;5;5;4;1;1
Ausencia de reacao do condutor;Colisao lateral mesmo sentido;Anoitecer;Ceu Claro;Automovel;Lesoes Graves;6;5;5;4;1;1
Ausencia de reacao do condutor;Colisao lateral mesmo sentido;Anoitecer;Ceu Claro;Automovel;Lesoes Leves;6;5;5;4;1;1
Ausencia de reacao do condutor;Colisao lateral mesmo sentido;Anoitecer;Ceu Claro;Caminhao;Ileso;2;5;5;4;1;2
Ausencia de reacao do condutor;Colisao lateral mesmo sentido;Anoitecer;Ceu Claro;Caminhao-trator;Ileso;5;5;5;4;1;2
Ausencia de reacao do condutor;Colisao lateral mesmo sentido;Anoitecer;Ceu Claro;Caminhonete;Ileso;3;5;5;4;1;2
Ausencia de reacao do condutor;Colisao lateral mesmo sentido;Anoitecer;Ceu Claro;Motocicleta;Ileso;2;5;5;4;1;1
Ausencia de reacao do condutor;Colisao lateral mesmo sentido;Anoitecer;Ceu Claro;Motocicleta;Lesoes Graves;1;5;5;4;1;1
Ausencia de reacao do condutor;Colisao lateral mesmo sentido;Anoitecer;Ceu Claro;Motocicleta;Lesoes Leves;13;5;5;4;1;1
Ausencia de reacao do condutor;Colisao lateral mesmo sentido;Anoitecer;Ceu Claro;Motoneta;Lesoes Leves;1;5;5;4;1;3
Ausencia de reacao do condutor;Colisao lateral mesmo sentido;Anoitecer;Ceu Claro;Utilitario;Ileso;1;5;5;4;1;3
Ausencia de reacao do condutor;Colisao lateral mesmo sentido;Anoitecer;Garoa/Chuvisco;Automovel;Ileso;1;5;5;4;3;1
Ausencia de reacao do condutor;Colisao lateral mesmo sentido;Anoitecer;Garoa/Chuvisco;Caminhonete;Ileso;1;5;5;4;3;2
Ausencia de reacao do condutor;Colisao lateral mesmo sentido;Anoitecer;Garoa/Chuvisco;Motocicleta;Lesoes Graves;1;5;5;4;3;1
Ausencia de reacao do condutor;Colisao lateral mesmo sentido;Anoitecer;Garoa/Chuvisco;Motocicleta;Lesoes Leves;1;5;5;4;3;1
Ausencia de reacao do condutor;Colisao lateral mesmo sentido;Anoitecer;Ignorado;Automovel;Ileso;1;5;5;4;0;1
Ausencia de reacao do condutor;Colisao lateral mesmo sentido;Anoitecer;Ignorado;Caminhao;Ileso;2;5;5;4;0;2
Ausencia de reacao do condutor;Colisao lateral mesmo sentido;Anoitecer;Ignorado;Caminhao;Lesoes Leves;1;5;5;4;0;2
Ausencia de reacao do condutor;Colisao lateral mesmo sentido;Anoitecer;Ignorado;Caminhao-trator;Ileso;1;5;5;4;0;2
Ausencia de reacao do condutor;Colisao lateral mesmo sentido;Anoitecer;Ignorado;Motocicleta;Lesoes Leves;1;5;5;4;0;1
Ausencia de reacao do condutor;Colisao lateral mesmo sentido;Anoitecer;Nublado;Automovel;Ileso;7;5;5;4;2;1
Ausencia de reacao do condutor;Colisao lateral mesmo sentido;Anoitecer;Nublado;Automovel;Lesoes Leves;3;5;5;4;2;1
Ausencia de reacao do condutor;Colisao lateral mesmo sentido;Anoitecer;Nublado;Motocicleta;Lesoes Leves;3;5;5;4;2;1
Ausencia de reacao do condutor;Colisao lateral mesmo sentido;Anoitecer;Sol;Automovel;Ileso;1;5;5;4;3;1
Ausencia de reacao do condutor;Colisao lateral mesmo sentido;Anoitecer;Sol;Bicicleta;Lesoes Leves;1;5;5;4;3;3
Ausencia de reacao do condutor;Colisao lateral mesmo sentido;Anoitecer;Sol;Motocicleta;Lesoes Leves;2;5;5;4;3;1
Ausencia de reacao do condutor;Colisao lateral mesmo sentido;Plena Noite;Ceu Claro;Automovel;Ileso;54;5;5;2;1;1
Ausencia de reacao do condutor;Colisao lateral mesmo sentido;Plena Noite;Ceu Claro;Automovel;Lesoes Graves;1;5;5;2;1;1
Ausencia de reacao do condutor;Colisao lateral mesmo sentido;Plena Noite;Ceu Claro;Automovel;Lesoes Leves;11;5;5;2;1;1
Ausencia de reacao do condutor;Colisao lateral mesmo sentido;Plena Noite;Ceu Claro;Bicicleta;Lesoes Graves;1;5;5;2;1;3
Ausencia de reacao do condutor;Colisao lateral mesmo sentido;Plena Noite;Ceu Claro;Bicicleta;Lesoes Leves;1;5;5;2;1;3
Ausencia de reacao do condutor;Colisao lateral mesmo sentido;Plena Noite;Ceu Claro;Caminhao;Ileso;3;5;5;2;1;2
Ausencia de reacao do condutor;Colisao lateral mesmo sentido;Plena Noite;Ceu Claro;Caminhao-trator;Ileso;12;5;5;2;1;2
Ausencia de reacao do condutor;Colisao lateral mesmo sentido;Plena Noite;Ceu Claro;Caminhonete;Ileso;1;5;5;2;1;2
Ausencia de reacao do condutor;Colisao lateral mesmo sentido;Plena Noite;Ceu Claro;Caminhonete;Lesoes Leves;1;5;5;2;1;2
Ausencia de reacao do condutor;Colisao lateral mesmo sentido;Plena Noite;Ceu Claro;Micro-onibus;Ileso;1;5;5;2;1;4
Ausencia de reacao do condutor;Colisao lateral mesmo sentido;Plena Noite;Ceu Claro;Motocicleta;Ileso;5;5;5;2;1;1
Ausencia de reacao do condutor;Colisao lateral mesmo sentido;Plena Noite;Ceu Claro;Motocicleta;Lesoes Graves;9;5;5;2;1;1
Ausencia de reacao do condutor;Colisao lateral mesmo sentido;Plena Noite;Ceu Claro;Motocicleta;Lesoes Leves;39;5;5;2;1;1
Ausencia de reacao do condutor;Colisao lateral mesmo sentido;Plena Noite;Ceu Claro;Motocicleta;Obito;2;5;5;2;1;1
Ausencia de reacao do condutor;Colisao lateral mesmo sentido;Plena Noite;Ceu Claro;Motoneta;Lesoes Leves;2;5;5;2;1;3
Ausencia de reacao do condutor;Colisao lateral mesmo sentido;Plena Noite;Ceu Claro;Nao Informado;Ileso;4;5;5;2;1;3
Ausencia de reacao do condutor;Colisao lateral mesmo sentido;Plena Noite;Ceu Claro;Onibus;Ileso;3;5;5;2;1;3
Ausencia de reacao do condutor;Colisao lateral mesmo sentido;Plena Noite;Ceu Claro;Onibus;Lesoes Leves;1;5;5;2;1;3
Ausencia de reacao do condutor;Colisao lateral mesmo sentido;Plena Noite;Ceu Claro;Utilitario;Ileso;2;5;5;2;1;3
Ausencia de reacao do condutor;Colisao lateral mesmo sentido;Plena Noite;Chuva;Automovel;Ileso;15;5;5;2;2;1
Ausencia de reacao do condutor;Colisao lateral mesmo sentido;Plena Noite;Chuva;Automovel;Lesoes Leves;3;5;5;2;2;1
Ausencia de reacao do condutor;Colisao lateral mesmo sentido;Plena Noite;Chuva;Caminhao;Lesoes Leves;3;5;5;2;2;2
Ausencia de reacao do condutor;Colisao lateral mesmo sentido;Plena Noite;Chuva;Caminhao-trator;Ileso;3;5;5;2;2;2
Ausencia de reacao do condutor;Colisao lateral mesmo sentido;Plena Noite;Chuva;Caminhonete;Ileso;1;5;5;2;2;2
Ausencia de reacao do condutor;Colisao lateral mesmo sentido;Plena Noite;Chuva;Motocicleta;Ileso;1;5;5;2;2;1
Ausencia de reacao do condutor;Colisao lateral mesmo sentido;Plena Noite;Chuva;Motocicleta;Lesoes Graves;1;5;5;2;2;1
Ausencia de reacao do condutor;Colisao lateral mesmo sentido;Plena Noite;Chuva;Motocicleta;Lesoes Leves;2;5;5;2;2;1
Ausencia de reacao do condutor;Colisao lateral mesmo sentido;Plena Noite;Chuva;Nao Informado;Ileso;1;5;5;2;2;3
Ausencia de reacao do condutor;Colisao lateral mesmo sentido;Plena Noite;Chuva;Utilitario;Ileso;2;5;5;2;2;3
Ausencia de reacao do condutor;Colisao lateral mesmo sentido;Plena Noite;Chuva;Utilitario;Lesoes Graves;1;5;5;2;2;3
Ausencia de reacao do condutor;Colisao lateral mesmo sentido;Plena Noite;Garoa/Chuvisco;Automovel;Ileso;8;5;5;2;3;1
Ausencia de reacao do condutor;Colisao lateral mesmo sentido;Plena Noite;Garoa/Chuvisco;Automovel;Lesoes Leves;1;5;5;2;3;1