causa_acidente;tipo_acidente;fase_dia;condicao_metereologica;tipo_veiculo;estado_fisico;count;causa_acidente_criterios;tipo_acidente_criterios;fase_dia_criterios;condicao_metereologica_criterios;tipo_veiculo_criterios
Ausencia de reacao do condutor;Colisao lateral sentido oposto;Pleno dia;Garoa/Chuvisco;Caminhao-trator;Ileso;2;5;4;1;3;2
Ausencia de reacao do condutor;Colisao lateral sentido oposto;Pleno dia;Nublado;Automovel;Ileso;4;5;4;1;2;1
Ausencia de reacao do condutor;Colisao lateral sentido oposto;Pleno dia;Nublado;Automovel;Lesoes Leves;5;5;4;1;2;1
Ausencia de reacao do condutor;Colisao lateral sentido oposto;Pleno dia;Nublado;Caminhao;Ileso;1;5;4;1;2;2
Ausencia de reacao do condutor;Colisao lateral sentido oposto;Pleno dia;Nublado;Caminhao;Lesoes Graves;2;5;4;1;2;2
Ausencia de reacao do condutor;Colisao lateral sentido oposto;Pleno dia;Nublado;Caminhao-trator;Ileso;7;5;4;1;2;2
Ausencia de reacao do condutor;Colisao lateral sentido oposto;Pleno dia;Nublado;Caminhonete;Ileso;1;5;4;1;2;2
Ausencia de reacao do condutor;Colisao lateral sentido oposto;Pleno dia;Nublado;Micro-onibus;Ileso;3;5;4;1;2;4
Ausencia de reacao do condutor;Colisao lateral sentido oposto;Pleno dia;Nublado;Micro-onibus;Lesoes Leves;1;5;4;1;2;4
Ausencia de reacao do condutor;Colisao lateral sentido oposto;Pleno dia;Nublado;Motocicleta;Lesoes Graves;2;5;4;1;2;1
Ausencia de reacao do condutor;Colisao lateral sentido oposto;Pleno dia;Nublado;Nao Informado;Lesoes Leves;5;5;4;1;2;3
Ausencia de reacao do condutor;Colisao lateral sentido oposto;Pleno dia;Nublado;Nao Informado;Obito;1;5;4;1;2;3
Ausencia de reacao do condutor;Colisao lateral sentido oposto;Pleno dia;Sol;Automovel;Lesoes Graves;1;5;4;1;3;1
Ausencia de reacao do condutor;Colisao lateral sentido oposto;Pleno dia;Sol;Automovel;Lesoes Leves;1;5;4;1;3;1
Ausencia de reacao do condutor;Colisao lateral sentido oposto;Pleno dia;Sol;Caminhao-trator;Ileso;1;5;4;1;3;2
Ausencia de reacao do condutor;Colisao lateral sentido oposto;Pleno dia;Sol;Caminhonete;Ileso;2;5;4;1;3;2
Ausencia de reacao do condutor;Colisao lateral sentido oposto;Pleno dia;Sol;Motocicleta;Lesoes Leves;1;5;4;1;3;1
Ausencia de reacao do condutor;Colisao transversal;Amanhecer;Ceu Claro;Automovel;Ileso;1;5;5;4;1;1
Ausencia de reacao do condutor;Colisao transversal;Amanhecer;Ceu Claro;Automovel;Lesoes Leves;2;5;5;4;1;1
Ausencia de reacao do condutor;Colisao transversal;Amanhecer;Ceu Claro;Caminhonete;Ileso;1;5;5;4;1;2
Ausencia de reacao do condutor;Colisao transversal;Amanhecer;Ceu Claro;Motocicleta;Lesoes Leves;2;5;5;4;1;1
Ausencia de reacao do condutor;Colisao transversal;Amanhecer;Ceu Claro;Motocicleta;Obito;1;5;5;4;1;1
Ausencia de reacao do condutor;Colisao transversal;Amanhecer;Ceu Claro;Nao Informado;Ileso;1;5;5;4;1;3
Ausencia de reacao do condutor;Colisao transversal;Amanhecer;Ceu Claro;Nao Informado;Lesoes Leves;1;5;5;4;1;3
Ausencia de reacao do condutor;Colisao transversal;Amanhecer;Ceu Claro;Nao Informado;Obito;1;5;5;4;1;3
Ausencia de reacao do condutor;Colisao transversal;Amanhecer;Ceu Claro;Onibus;Ileso;1;5;5;4;1;3
Ausencia de reacao do condutor;Colisao transversal;Amanhecer;Chuva;Caminhonete;Ileso;1;5;5;4;2;2
Ausencia de reacao do condutor;Colisao transversal;Amanhecer;Chuva;Micro-onibus;Ileso;1;5;5;4;2;4
Ausencia de reacao do condutor;Colisao transversal;Amanhecer;Chuva;Micro-onibus;Lesoes Leves;1;5;5;4;2;4
Ausencia de reacao do condutor;Colisao transversal;Amanhecer;Nevoeiro/Neblina;Automovel;Lesoes Leves;1;5;5;4;4;1
Ausencia de reacao do condutor;Colisao transversal;Amanhecer;Nevoeiro/Neblina;Caminhao-trator;Ileso;1;5;5;4;4;2
Ausencia de reacao do condutor;Colisao transversal;Anoitecer;Ceu Claro;Automovel;Ileso;11;5;5;4;1;1
Ausencia de reacao do condutor;Colisao transversal;Anoitecer;Ceu Claro;Automovel;Lesoes Graves;1;5;5;4;1;1
Ausencia de reacao do condutor;Colisao transversal;Anoitecer;Ceu Claro;Automovel;Lesoes Leves;4;5;5;4;1;1
Ausencia de reacao do condutor;Colisao transversal;Anoitecer;Ceu Claro;Bicicleta;Lesoes Leves;1;5;5;4;1;3
Ausencia de reacao do condutor;Colisao transversal;Anoitecer;Ceu Claro;Bicicleta;Obito;1;5;5;4;1;3
Ausencia de reacao do condutor;Colisao transversal;Anoitecer;Ceu Claro;Caminhao-trator;Ileso;2;5;5;4;1;2
Ausencia de reacao do condutor;Colisao transversal;Anoitecer;Ceu Claro;Motocicleta;Ileso;2;5;5;4;1;1
Ausencia de reacao do condutor;Colisao transversal;Anoitecer;Ceu Claro;Motocicleta;Lesoes Leves;4;5;5;4;1;1
Ausencia de reacao do condutor;Colisao transversal;Anoitecer;Ceu Claro;Motocicleta;Obito;1;5;5;4;1;1
Ausencia de reacao do condutor;Colisao transversal;Anoitecer;Ceu Claro;Motoneta;Lesoes Leves;1;5;5;4;1;3
Ausencia de reacao do condutor;Colisao transversal;Anoitecer;Ceu Claro;Utilitario;Lesoes Leves;1;5;5;4;1;3
Ausencia de reacao do condutor;Colisao transversal;Anoitecer;Chuva;Automovel;Ileso;2;5;5;4;2;1
Ausencia de reacao do condutor;Colisao transversal;Anoitecer;Chuva;Caminhao;Lesoes Leves;1;5;5;4;2;2
Ausencia de reacao do condutor;Colisao transversal;Anoitecer;Chuva;Caminhao-trator;Ileso;1;5;5;4;2;2
Ausencia de reacao do condutor;Colisao transversal;Anoitecer;Chuva;Caminhonete;Ileso;1;5;5;4;2;2
Ausencia de reacao do condutor;Colisao transversal;Anoitecer;Chuva;Caminhonete;Lesoes Graves;1;5;5;4;2;2
Ausencia de reacao do condutor;Colisao transversal;Anoitecer;Chuva;Caminhonete;Lesoes Leves;1;5;5;4;2;2
Ausencia de reacao do condutor;Colisao transversal;Anoitecer;Chuva;Motocicleta;Lesoes Graves;1;5;5;4;2;1
Ausencia de reacao do condutor;Colisao transversal;Anoitecer;Chuva;Motocicleta;Lesoes Leves;1;5;5;4;2;1
Ausencia de reacao do condutor;Colisao transversal;Anoitecer;Chuva;Motoneta;Lesoes Graves;1;5;5;4;2;3
Ausencia de reacao do condutor;Colisao transversal;Anoitecer;Garoa/Chuvisco;Caminhonete;Ileso;2;5;5;4;3;2
Ausencia de reacao do condutor;Colisao transversal;Anoitecer;Ignorado;Automovel;Ileso;1;5;5;4;0;1
Ausencia de reacao do condutor;Colisao transversal;Anoitecer;Ignorado;Motocicleta;Lesoes Leves;1;5;5;4;0;1
Ausencia de reacao do condutor;Colisao transversal;Anoitecer;Nublado;Automovel;Ileso;1;5;5;4;2;1
Ausencia de reacao do condutor;Colisao transversal;Anoitecer;Nublado;Caminhonete;Ileso;1;5;5;4;2;2
Ausencia de reacao do condutor;Colisao transversal;Anoitecer;Nublado;Motocicleta;Lesoes Leves;2;5;5;4;2;1
Ausencia de reacao do condutor;Colisao transversal;Plena Noite;Ceu Claro;Automovel;Ileso;45;5;5;2;1;1
Ausencia de reacao do condutor;Colisao transversal;Plena Noite;Ceu Claro;Automovel;Lesoes Graves;2;5;5;2;1;1
Ausencia de reacao do condutor;Colisao transversal;Plena Noite;Ceu Claro;Automovel;Lesoes Leves;13;5;5;2;1;1
Ausencia de reacao do condutor;Colisao transversal;Plena Noite;Ceu Claro;Automovel;Obito;3;5;5;2;1;1
Ausencia de reacao do condutor;Colisao transversal;Plena Noite;Ceu Claro;Bicicleta;Lesoes Graves;1;5;5;2;1;3
Ausencia de reacao do condutor;Colisao transversal;Plena Noite;Ceu Claro;Bicicleta;Lesoes Leves;2;5;5;2;1;3
Ausencia de reacao do condutor;Colisao transversal;Plena Noite;Ceu Claro;Bicicleta;Obito;3;5;5;2;1;3
Ausencia de reacao do condutor;Colisao transversal;Plena Noite;Ceu Claro;Caminhao;Ileso;6;5;5;2;1;2
Ausencia de reacao do condutor;Colisao transversal;Plena Noite;Ceu Claro;Caminhao-trator;Ileso;9;5;5;2;1;2
Ausencia de reacao do condutor;Colisao transversal;Plena Noite;Ceu Claro;Caminhonete;Ileso;10;5;5;2;1;2
Ausencia de reacao do condutor;Colisao transversal;Plena Noite;Ceu Claro;Caminhonete;Lesoes Leves;1;5;5;2;1;2
Ausencia de reacao do condutor;Colisao transversal;Plena Noite;Ceu Claro;Ciclomotor;Lesoes Graves;1;5;5;2;1;4
Ausencia de reacao do condutor;Colisao transversal;Plena Noite;Ceu Claro;Motocicleta;Ileso;1;5;5;2;1;1
Ausencia de reacao do condutor;Colisao transversal;Plena Noite;Ceu Claro;Motocicleta;Lesoes Graves;10;5;5;2;1;1
Ausencia de reacao do condutor;Colisao transversal;Plena Noite;Ceu Claro;Motocicleta;Lesoes Leves;22;5;5;2;1;1
Ausencia de reacao do condutor;Colisao transversal;Plena Noite;Ceu Claro;Motocicleta;Obito;6;5;5;2;1;1
Ausencia de reacao do condutor;Colisao transversal;Plena Noite;Ceu Claro;Motoneta;Lesoes Graves;3;5;5;2;1;3
Ausencia de reacao do condutor;Colisao transversal;Plena Noite;Ceu Claro;Motoneta;Lesoes Leves;2;5;5;2;1;3
Ausencia de reacao do condutor;Colisao transversal;Plena Noite;Ceu Claro;Nao Informado;Ileso;2;5;5;2;1;3
Ausencia de reacao do condutor;Colisao transversal;Plena Noite;Ceu Claro;Utilitario;Lesoes Leves;1;5;5;2;1;3
Ausencia de reacao do condutor;Colisao transversal;Plena Noite;Chuva;Automovel;Ileso;5;5;5;2;2;1
Ausencia de reacao do condutor;Colisao transversal;Plena Noite;Chuva;Automovel;Lesoes Leves;7;5;5;2;2;1
Ausencia de reacao do condutor;Colisao transversal;Plena Noite;Chuva;Bicicleta;Lesoes Graves;1;5;5;2;2;3
Ausencia de reacao do condutor;Colisao transversal;Plena Noite;Chuva;Caminhao-trator;Ileso;3;5;5;2;2;2
Ausencia de reacao do condutor;Colisao transversal;Plena Noite;Chuva;Caminhao-trator;Lesoes Leves;1;5;5;2;2;2
Ausencia de reacao do condutor;Colisao transversal;Plena Noite;Chuva;Caminhonete;Lesoes Leves;1;5;5;2;2;2
Ausencia de reacao do condutor;Colisao transversal;Plena Noite;Chuva;Motocicleta;Lesoes Graves;2;5;5;2;2;1
Ausencia de reacao do condutor;Colisao transversal;Plena Noite;Chuva;Motocicleta;Lesoes Leves;3;5;5;2;2;1
Ausencia de reacao do condutor;Colisao transversal;Plena Noite;Chuva;Motocicleta;Obito;1;5;5;2;2;1
Ausencia de reacao do condutor;Colisao transversal;Plena Noite;Garoa/Chuvisco;Caminhao;Lesoes Leves;1;5;5;2;3;2
Ausencia de reacao do condutor;Colisao transversal;Plena Noite;Garoa/Chuvisco;Caminhao-trator;Ileso;1;5;5;2;3;2
Ausencia de reacao do condutor;Colisao transversal;Plena Noite;Garoa/Chuvisco;Caminhonete;Obito;1;5;5;2;3;2
Ausencia de reacao do condutor;Colisao transversal;Plena Noite;Garoa/Chuvisco;Micro-onibus;Lesoes Leves;1;5;5;2;3;4
Ausencia de reacao do condutor;Colisao transversal;Plena Noite;Garoa/Chuvisco;Motocicleta;Lesoes Leves;1;5;5;2;3;1
Ausencia de reacao do condutor;Colisao transversal;Plena Noite;Ignorado;Automovel;Ileso;1;5;5;2;0;1
Ausencia de reacao do condutor;Colisao transversal;Plena Noite;Ignorado;Automovel;Lesoes Graves;1;5;5;2;0;1
Ausencia de reacao do condutor;Colisao transversal;Plena Noite;Ignorado;Automovel;Lesoes Leves;1;5;5;2;0;1
Ausencia de reacao do condutor;Colisao transversal;Plena Noite;Ignorado;Motocicleta;Lesoes Graves;1;5;5;2;0;1
Ausencia de reacao do condutor;Colisao transversal;Plena Noite;Nublado;Automovel;Ileso;17;5;5;2;2;1
Ausencia de reacao do condutor;Colisao transversal;Plena Noite;Nublado;Automovel;Lesoes Leves;3;5;5;2;2;1
Ausencia de reacao do condutor;Colisao transversal;Plena Noite;Nublado;Bicicleta;Lesoes Leves;1;5;5;2;2;3
Ausencia de reacao do condutor;Colisao transversal;Plena Noite;Nublado;Caminhao-trator;Ileso;2;5;5;2;2;2
Ausencia de reacao do condutor;Colisao transversal;Plena Noite;Nublado;Caminhonete;Ileso;2;5;5;2;2;2
Ausencia de reacao do condutor;Colisao transversal;Plena Noite;Nublado;Motocicleta;Ileso;1;5;5;2;2;1
Ausencia de reacao do condutor;Colisao transversal;Plena Noite;Nublado;Motocicleta;Lesoes Graves;9;5;5;2;2;1
Ausencia de reacao do condutor;Colisao transversal;Plena Noite;Nublado;Motocicleta;Lesoes Leves;6;5;5;2;2;1
Ausencia de reacao do condutor;Colisao transversal;Plena Noite;Nublado;Motocicleta;Obito;3;5;5;2;2;1
Ausencia de reacao do condutor;Colisao transversal;Plena Noite;Nublado;Nao Informado;Ileso;2;5;5;2;2;3
Ausencia de reacao do condutor;Colisao transversal;Pleno dia;Ceu Claro;Automovel;Ileso;93;5;5;1;1;1
Ausencia de reacao do condutor;Colisao transversal;Pleno dia;Ceu Claro;Automovel;Lesoes Graves;10;5;5;1;1;1
Ausencia de reacao do condutor;Colisao transversal;Pleno dia;Ceu Claro;Automovel;Lesoes Leves;30;5;5;1;1;1
Ausencia de reacao do condutor;Colisao transversal;Pleno dia;Ceu Claro;Automovel;Obito;1;5;5;1;1;1
Ausencia de reacao do condutor;Colisao transversal;Pleno dia;Ceu Claro;Bicicleta;Lesoes Graves;2;5;5;1;1;3
Ausencia de reacao do condutor;Colisao transversal;Pleno dia;Ceu Claro;Bicicleta;Lesoes Leves;9;5;5;1;1;3
Ausencia de reacao do condutor;Colisao transversal;Pleno dia;Ceu Claro;Bicicleta;Obito;1;5;5;1;1;3
Ausencia de reacao do condutor;Colisao transversal;Pleno dia;Ceu Claro;Caminhao;Ileso;14;5;5;1;1;2
Ausencia de reacao do condutor;Colisao transversal;Pleno dia;Ceu Claro;Caminhao-trator;Ileso;14;5;5;1;1;2
Ausencia de reacao do condutor;Colisao transversal;Pleno dia;Ceu Claro;Caminhao-trator;Lesoes Graves;1;5;5;1;1;2
Ausencia de reacao do condutor;Colisao transversal;Pleno dia;Ceu Claro;Caminhao-trator;Obito;1;5;5;1;1;2
Ausencia de reacao do condutor;Colisao transversal;Pleno dia;Ceu Claro;Caminhonete;Ileso;28;5;5;1;1;2
Ausencia de reacao do condutor;Colisao transversal;Pleno dia;Ceu Claro;Caminhonete;Lesoes Leves;7;5;5;1;1;2
Ausencia de reacao do condutor;Colisao transversal;Pleno dia;Ceu Claro;Micro-onibus;Ileso;3;5;5;1;1;4
Ausencia de reacao do condutor;Colisao transversal;Pleno dia;Ceu Claro;Motocicleta;Ileso;8;5;5;1;1;1
Ausencia de reacao do condutor;Colisao transversal;Pleno dia;Ceu Claro;Motocicleta;Lesoes Graves;42;5;5;1;1;1
Ausencia de reacao do condutor;Colisao transversal;Pleno dia;Ceu Claro;Motocicleta;Lesoes Leves;48;5;5;1;1;1
Ausencia de reacao do condutor;Colisao transversal;Pleno dia;Ceu Claro;Motocicleta;Obito;4;5;5;1;1;1
Ausencia de reacao do condutor;Colisao transversal;Pleno dia;Ceu Claro;Motoneta;Ileso;2;5;5;1;1;3
Ausencia de reacao do condutor;Colisao transversal;Pleno dia;Ceu Claro;Motoneta;Lesoes Graves;3;5;5;1;1;3
Ausencia de reacao do condutor;Colisao transversal;Pleno dia;Ceu Claro;Motoneta;Lesoes Leves;5;5;5;1;1;3
Ausencia de reacao do condutor;Colisao transversal;Pleno dia;Ceu Claro;Nao Informado;Ileso;12;5;5;1;1;3
Ausencia de reacao do condutor;Colisao transversal;Pleno dia;Ceu Claro;Nao Informado;Lesoes Leves;8;5;5;1;1;3
Ausencia de reacao do condutor;Colisao transversal;Pleno dia;Ceu Claro;Nao se aplica;Obito;1;5;5;1;1;3
Ausencia de reacao do condutor;Colisao transversal;Pleno dia;Ceu Claro;Onibus;Ileso;4;5;5;1;1;3
Ausencia de reacao do condutor;Colisao transversal;Pleno dia;Ceu Claro;Utilitario;Ileso;8;5;5;1;1;3
Ausencia de reacao do condutor;Colisao transversal;Pleno dia;Chuva;Automovel;Ileso;5;5;5;1;2;1
Ausencia de reacao do condutor;Colisao transversal;Pleno dia;Chuva;Automovel;Lesoes Graves;1;5;5;1;2;1
Ausencia de reacao do condutor;Colisao transversal;Pleno dia;Chuva;Automovel;Lesoes Leves;1;5;5;1;2;1
Ausencia de reacao do condutor;Colisao transversal;Pleno dia;Chuva;Caminhao;Ileso;2;5;5;1;2;2
Ausencia de reacao do condutor;Colisao transversal;Pleno dia;Chuva;Caminhao;Lesoes Graves;1;5;5;1;2;2
Ausencia de reacao do condutor;Colisao transversal;Pleno dia;Chuva;Caminhao-trator;Ileso;2;5;5;1;2;2
Ausencia de reacao do condutor;Colisao transversal;Pleno dia;Chuva;Caminhonete;Ileso;1;5;5;1;2;2
Ausencia de reacao do condutor;Colisao transversal;Pleno dia;Chuva;Motocicleta;Lesoes Leves;2;5;5;1;2;1
Ausencia de reacao do condutor;Colisao transversal;Pleno dia;Chuva;Motoneta;Lesoes Leves;1;5;5;1;2;3
Ausencia de reacao do condutor;Colisao transversal;Pleno dia;Chuva;Nao Informado;Ileso;4;5;5;1;2;3
Ausencia de reacao do condutor;Colisao transversal;Pleno dia;Garoa/Chuvisco;Automovel;Ileso;6;5;5;1;3;1
Ausencia de reacao do condutor;Colisao transversal;Pleno dia;Garoa/Chuvisco;Automovel;Lesoes Graves;2;5;5;1;3;1
Ausencia de reacao do condutor;Colisao transversal;Pleno dia;Garoa/Chuvisco;Automovel;Lesoes Leves;9;5;5;1;3;1
Ausencia de reacao do condutor;Colisao transversal;Pleno dia;Garoa/Chuvisco;Automovel;Obito;1;5;5;1;3;1
Ausencia de reacao do condutor;Colisao transversal;Pleno dia;Garoa/Chuvisco;Caminhao;Ileso;1;5;5;1;3;2
Ausencia de reacao do condutor;Colisao transversal;Pleno dia;Garoa/Chuvisco;Caminhao-trator;Ileso;1;5;5;1;3;2
Ausencia de reacao do condutor;Colisao transversal;Pleno dia;Garoa/Chuvisco;Caminhonete;Ileso;1;5;5;1;3;2
Ausencia de reacao do condutor;Colisao transversal;Pleno dia;Garoa/Chuvisco;Motocicleta;Lesoes Graves;1;5;5;1;3;1
Ausencia de reacao do condutor;Colisao transversal;Pleno dia;Nevoeiro/Neblina;Caminhao-trator;Ileso;1;5;5;1;4;2
Ausencia de reacao do condutor;Colisao transversal;Pleno dia;Nevoeiro/Neblina;Caminhao-trator;Lesoes Graves;1;5;5;1;4;2
Ausencia de reacao do condutor;Colisao transversal;Pleno dia;Nublado;Automovel;Ileso;20;5;5;1;2;1
Ausencia de reacao do condutor;Colisao transversal;Pleno dia;Nublado;Automovel;Lesoes Graves;1;5;5;1;2;1
Ausencia de reacao do condutor;Colisao transversal;Pleno dia;Nublado;Automovel;Lesoes Leves;2;5;5;1;2;1
Ausencia de reacao do condutor;Colisao transversal;Pleno dia;Nublado;Bicicleta;Lesoes Graves;1;5;5;1;2;3
Ausencia de reacao do condutor;Colisao transversal;Pleno dia;Nublado;Caminhao;Ileso;2;5;5;1;2;2
Ausencia de reacao do condutor;Colisao transversal;Pleno dia;Nublado;Caminhao-trator;Ileso;4;5;5;1;2;2
Ausencia de reacao do condutor;Colisao transversal;Pleno dia;Nublado;Caminhonete;Ileso;6;5;5;1;2;2
Ausencia de reacao do condutor;Colisao transversal;Pleno dia;Nublado;Caminhonete;Lesoes Leves;1;5;5;1;2;2
Ausencia de reacao do condutor;Colisao transversal;Pleno dia;Nublado;Motocicleta;Ileso;1;5;5;1;2;1
Ausencia de reacao do condutor;Colisao transversal;Pleno dia;Nublado;Motocicleta;Lesoes Graves;4;5;5;1;2;1
Ausencia de reacao do condutor;Colisao transversal;Pleno dia;Nublado;Motocicleta;Lesoes Leves;13;5;5;1;2;1
Ausencia de reacao do condutor;Colisao transversal;Pleno dia;Nublado;Motocicleta;Obito;2;5;5;1;2;1
Ausencia de reacao do condutor;Colisao transversal;Pleno dia;Nublado;Motoneta;Lesoes Graves;1;5;5;1;2;3
Ausencia de reacao do condutor;Colisao transversal;Pleno dia;Nublado;Motoneta;Lesoes Leves;1;5;5;1;2;3
Ausencia de reacao do condutor;Colisao transversal;Pleno dia;Nublado;Nao Informado;Ileso;3;5;5;1;2;3
Ausencia de reacao do condutor;Colisao transversal;Pleno dia;Nublado;Nao Informado;Lesoes Graves;1;5;5;1;2;3
Ausencia de reacao do condutor;Colisao transversal;Pleno dia;Nublado;Nao Informado;Lesoes Leves;2;5;5;1;2;3
Ausencia de reacao do condutor;Colisao transversal;Pleno dia;Nublado;Nao Informado;Obito;1;5;5;1;2;3
Ausencia de reacao do condutor;Colisao transversal;Pleno dia;Nublado;Onibus;Ileso;1;5;5;1;2;3
Ausencia de reacao do condutor;Colisao transversal;Pleno dia;Sol;Automovel;Ileso;4;5;5;1;3;1
Ausencia de reacao do condutor;Colisao transversal;Pleno dia;Sol;Automovel;Lesoes Graves;3;5;5;1;3;1
Ausencia de reacao do condutor;Colisao transversal;Pleno dia;Sol;Automovel;Lesoes Leves;1;5;5;1;3;1
Ausencia de reacao do condutor;Colisao transversal;Pleno dia;Sol;Automovel;Obito;1;5;5;1;3;1
Ausencia de reacao do condutor;Colisao transversal;Pleno dia;Sol;Bicicleta;Lesoes Leves;2;5;5;1;3;3
Ausencia de reacao do condutor;Colisao transversal;Pleno dia;Sol;Bicicleta;Obito;1;5;5;1;3;3
Ausencia de reacao do condutor;Colisao transversal;Pleno dia;Sol;Caminhao;Ileso;4;5;5;1;3;2
Ausencia de reacao do condutor;Colisao transversal;Pleno dia;Sol;Caminhao-trator;Ileso;1;5;5;1;3;2
Ausencia de reacao do condutor;Colisao transversal;Pleno dia;Sol;Caminhao-trator;Lesoes Leves;1;5;5;1;3;2
Ausencia de reacao do condutor;Colisao transversal;Pleno dia;Sol;Motocicleta;Ileso;1;5;5;1;3;1
Ausencia de reacao do condutor;Colisao transversal;Pleno dia;Sol;Motocicleta;Lesoes Graves;3;5;5;1;3;1
Ausencia de reacao do condutor;Colisao transversal;Pleno dia;Sol;Motocicleta;Lesoes Leves;4;5;5;1;3;1
Ausencia de reacao do condutor;Colisao transversal;Pleno dia;Sol;Motocicleta;Obito;1;5;5;1;3;1
Ausencia de reacao do condutor;Colisao transversal;Pleno dia;Sol;Motoneta;Lesoes Leves;1;5;5;1;3;3
Ausencia de reacao do condutor;Colisao transversal;Pleno dia;Sol;Nao Informado;Ileso;1;5;5;1;3;3
Ausencia de reacao do condutor;Colisao transversal;Pleno dia;Sol;Nao Informado;Lesoes Graves;3;5;5;1;3;3
Ausencia de reacao do condutor;Colisao transversal;Pleno dia;Sol;Nao Informado;Lesoes Leves;2;5;5;1;3;3
Ausencia de reacao do condutor;Colisao transversal;Pleno dia;Sol;Nao Informado;Obito;2;5;5;1;3;3
Ausencia de reacao do condutor;Colisao traseira;Amanhecer;Ceu Claro;Automovel;Ileso;25;5;5;4;1;1
Ausencia de reacao do condutor;Colisao traseira;Amanhecer;Ceu Claro;Automovel;Lesoes Graves;3;5;5;4;1;1
Ausencia de reacao do condutor;Colisao traseira;Amanhecer;Ceu Claro;Automovel;Lesoes Leves;10;5;5;4;1;1
Ausencia de reacao do condutor;Colisao traseira;Amanhecer;Ceu Claro;Bicicleta;Obito;1;5;5;4;1;3
Ausencia de reacao do condutor;Colisao traseira;Amanhecer;Ceu Claro;Caminhao;Ileso;12;5;5;4;1;2
Ausencia de reacao do condutor;Colisao traseira;Amanhecer;Ceu Claro;Caminhao;Lesoes Graves;5;5;5;4;1;2
Ausencia de reacao do condutor;Colisao traseira;Amanhecer;Ceu Claro;Caminhao;Lesoes Leves;3;5;5;4;1;2
Ausencia de reacao do condutor;Colisao traseira;Amanhecer;Ceu Claro;Caminhao;Obito;1;5;5;4;1;2
Ausencia de reacao do condutor;Colisao traseira;Amanhecer;Ceu Claro;Caminhao-trator;Ileso;10;5;5;4;1;2
Ausencia de reacao do condutor;Colisao traseira;Amanhecer;Ceu Claro;Caminhao-trator;Lesoes Graves;1;5;5;4;1;2
Ausencia de reacao do condutor;Colisao traseira;Amanhecer;Ceu Claro;Caminhao-trator;Lesoes Leves;2;5;5;4;1;2
Ausencia de reacao do condutor;Colisao traseira;Amanhecer;Ceu Claro;Caminhonete;Ileso;3;5;5;4;1;2
Ausencia de reacao do condutor;Colisao traseira;Amanhecer;Ceu Claro;Caminhonete;Lesoes Graves;1;5;5;4;1;2
Ausencia de reacao do condutor;Colisao traseira;Amanhecer;Ceu Claro;Caminhonete;Lesoes Leves;5;5;5;4;1;2
Ausencia de reacao do condutor;Colisao traseira;Amanhecer;Ceu Claro;Micro-onibus;Ileso;18;5;5;4;1;4
Ausencia de reacao do condutor;Colisao traseira;Amanhecer;Ceu Claro;Motocicleta;Ileso;1;5;5;4;1;1
Ausencia de reacao do condutor;Colisao traseira;Amanhecer;Ceu Claro;Motocicleta;Lesoes Graves;4;5;5;4;1;1
Ausencia de reacao do condutor;Colisao traseira;Amanhecer;Ceu Claro;Motocicleta;Lesoes Leves;8;5;5;4;1;1
Ausencia de reacao do condutor;Colisao traseira;Amanhecer;Ceu Claro;Motocicleta;Obito;2;5;5;4;1;1
Ausencia de reacao do condutor;Colisao traseira;Amanhecer;Ceu Claro;Motoneta;Lesoes Leves;1;5;5;4;1;3
Ausencia de reacao do condutor;Colisao traseira;Amanhecer;Ceu Claro;Nao Informado;Ileso;3;5;5;4;1;3
Ausencia de reacao do condutor;Colisao traseira;Amanhecer;Ceu Claro;Nao Informado;Lesoes Graves;2;5;5;4;1;3
Ausencia de reacao do condutor;Colisao traseira;Amanhecer;Ceu Claro;Nao Informado;Lesoes Leves;1;5;5;4;1;3
Ausencia de reacao do condutor;Colisao traseira;Amanhecer;Ceu Claro;Nao se aplica;Lesoes Leves;1;5;5;4;1;3
Ausencia de reacao do condutor;Colisao traseira;Amanhecer;Ceu Claro;Onibus;Ileso;34;5;5;4;1;3
Ausencia de reacao do condutor;Colisao traseira;Amanhecer;Ceu Claro;Onibus;Lesoes Graves;7;5;5;4;1;3
Ausencia de reacao do condutor;Colisao traseira;Amanhecer;Ceu Claro;Onibus;Lesoes Leves;9;5;5;4;1;3
Ausencia de reacao do condutor;Colisao traseira;Amanhecer;Ceu Claro;Trator de rodas;Ileso;1;5;5;4;1;5
Ausencia de reacao do condutor;Colisao traseira;Amanhecer;Ceu Claro;Utilitario;Ileso;1;5;5;4;1;3
Ausencia de reacao do condutor;Colisao traseira;Amanhecer;Chuva;Automovel;Ileso;3;5;5;4;2;1
Ausencia de reacao do condutor;Colisao traseira;Amanhecer;Chuva;Automovel;Lesoes Leves;5;5;5;4;2;1
Ausencia de reacao do condutor;Colisao traseira;Amanhecer;Chuva;Caminhao;Lesoes Leves;3;5;5;4;2;2