causa_acidente;tipo_acidente;fase_dia;condicao_metereologica;tipo_veiculo;estado_fisico;count;causa_acidente_criterios;tipo_acidente_criterios;fase_dia_criterios;condicao_metereologica_criterios;tipo_veiculo_criterios
Ausencia de reacao do condutor;Colisao traseira;Pleno dia;Ceu Claro;Motocicleta;Lesoes Leves;186;5;5;1;1;1
Ausencia de reacao do condutor;Colisao traseira;Pleno dia;Ceu Claro;Motocicleta;Obito;9;5;5;1;1;1
Ausencia de reacao do condutor;Colisao traseira;Pleno dia;Ceu Claro;Motoneta;Ileso;1;5;5;1;1;3
Ausencia de reacao do condutor;Colisao traseira;Pleno dia;Ceu Claro;Motoneta;Lesoes Graves;7;5;5;1;1;3
Ausencia de reacao do condutor;Colisao traseira;Pleno dia;Ceu Claro;Motoneta;Lesoes Leves;16;5;5;1;1;3
Ausencia de reacao do condutor;Colisao traseira;Pleno dia;Ceu Claro;Motoneta;Obito;1;5;5;1;1;3
Ausencia de reacao do condutor;Colisao traseira;Pleno dia;Ceu Claro;Nao Informado;Ileso;27;5;5;1;1;3
Ausencia de reacao do condutor;Colisao traseira;Pleno dia;Ceu Claro;Nao Informado;Lesoes Leves;2;5;5;1;1;3
Ausencia de reacao do condutor;Colisao traseira;Pleno dia;Ceu Claro;Onibus;Ileso;34;5;5;1;1;3
Ausencia de reacao do condutor;Colisao traseira;Pleno dia;Ceu Claro;Onibus;Lesoes Graves;8;5;5;1;1;3
Ausencia de reacao do condutor;Colisao traseira;Pleno dia;Ceu Claro;Onibus;Lesoes Leves;33;5;5;1;1;3
Ausencia de reacao do condutor;Colisao traseira;Pleno dia;Ceu Claro;Onibus;Obito;1;5;5;1;1;3
Ausencia de reacao do condutor;Colisao traseira;Pleno dia;Ceu Claro;Outros;Ileso;1;5;5;1;1;5
Ausencia de reacao do condutor;Colisao traseira;Pleno dia;Ceu Claro;Reboque;Ileso;1;5;5;1;1;5
Ausencia de reacao do condutor;Colisao traseira;Pleno dia;Ceu Claro;Trator de rodas;Ileso;2;5;5;1;1;5
Ausencia de reacao do condutor;Colisao traseira;Pleno dia;Ceu Claro;Utilitario;Ileso;16;5;5;1;1;3
Ausencia de reacao do condutor;Colisao traseira;Pleno dia;Ceu Claro;Utilitario;Lesoes Leves;9;5;5;1;1;3
Ausencia de reacao do condutor;Colisao traseira;Pleno dia;Ceu Claro;Utilitario;Obito;1;5;5;1;1;3
Ausencia de reacao do condutor;Colisao traseira;Pleno dia;Chuva;Automovel;Ileso;49;5;5;1;2;1
Ausencia de reacao do condutor;Colisao traseira;Pleno dia;Chuva;Automovel;Lesoes Graves;2;5;5;1;2;1
Ausencia de reacao do condutor;Colisao traseira;Pleno dia;Chuva;Automovel;Lesoes Leves;19;5;5;1;2;1
Ausencia de reacao do condutor;Colisao traseira;Pleno dia;Chuva;Bicicleta;Lesoes Leves;1;5;5;1;2;3
Ausencia de reacao do condutor;Colisao traseira;Pleno dia;Chuva;Caminhao;Ileso;8;5;5;1;2;2
Ausencia de reacao do condutor;Colisao traseira;Pleno dia;Chuva;Caminhao;Lesoes Leves;1;5;5;1;2;2
Ausencia de reacao do condutor;Colisao traseira;Pleno dia;Chuva;Caminhao;Obito;1;5;5;1;2;2
Ausencia de reacao do condutor;Colisao traseira;Pleno dia;Chuva;Caminhao-trator;Ileso;12;5;5;1;2;2
Ausencia de reacao do condutor;Colisao traseira;Pleno dia;Chuva;Caminhao-trator;Lesoes Leves;3;5;5;1;2;2
Ausencia de reacao do condutor;Colisao traseira;Pleno dia;Chuva;Caminhonete;Ileso;11;5;5;1;2;2
Ausencia de reacao do condutor;Colisao traseira;Pleno dia;Chuva;Caminhonete;Lesoes Graves;1;5;5;1;2;2
Ausencia de reacao do condutor;Colisao traseira;Pleno dia;Chuva;Caminhonete;Lesoes Leves;4;5;5;1;2;2
Ausencia de reacao do condutor;Colisao traseira;Pleno dia;Chuva;Motocicleta;Lesoes Graves;1;5;5;1;2;1
Ausencia de reacao do condutor;Colisao traseira;Pleno dia;Chuva;Motocicleta;Lesoes Leves;6;5;5;1;2;1
Ausencia de reacao do condutor;Colisao traseira;Pleno dia;Chuva;Motoneta;Lesoes Leves;1;5;5;1;2;3
Ausencia de reacao do condutor;Colisao traseira;Pleno dia;Chuva;Nao Informado;Ileso;2;5;5;1;2;3
Ausencia de reacao do condutor;Colisao traseira;Pleno dia;Chuva;Nao Informado;Lesoes Leves;1;5;5;1;2;3
Ausencia de reacao do condutor;Colisao traseira;Pleno dia;Chuva;Nao se aplica;Lesoes Graves;1;5;5;1;2;3
Ausencia de reacao do condutor;Colisao traseira;Pleno dia;Chuva;Utilitario;Ileso;8;5;5;1;2;3
Ausencia de reacao do condutor;Colisao traseira;Pleno dia;Chuva;Utilitario;Lesoes Leves;6;5;5;1;2;3
Ausencia de reacao do condutor;Colisao traseira;Pleno dia;Garoa/Chuvisco;Automovel;Ileso;29;5;5;1;3;1
Ausencia de reacao do condutor;Colisao traseira;Pleno dia;Garoa/Chuvisco;Automovel;Lesoes Graves;6;5;5;1;3;1
Ausencia de reacao do condutor;Colisao traseira;Pleno dia;Garoa/Chuvisco;Automovel;Lesoes Leves;8;5;5;1;3;1
Ausencia de reacao do condutor;Colisao traseira;Pleno dia;Garoa/Chuvisco;Caminhao;Ileso;7;5;5;1;3;2
Ausencia de reacao do condutor;Colisao traseira;Pleno dia;Garoa/Chuvisco;Caminhao;Lesoes Graves;1;5;5;1;3;2
Ausencia de reacao do condutor;Colisao traseira;Pleno dia;Garoa/Chuvisco;Caminhao;Lesoes Leves;2;5;5;1;3;2
Ausencia de reacao do condutor;Colisao traseira;Pleno dia;Garoa/Chuvisco;Caminhao-trator;Ileso;8;5;5;1;3;2
Ausencia de reacao do condutor;Colisao traseira;Pleno dia;Garoa/Chuvisco;Caminhonete;Ileso;2;5;5;1;3;2
Ausencia de reacao do condutor;Colisao traseira;Pleno dia;Garoa/Chuvisco;Motocicleta;Ileso;1;5;5;1;3;1
Ausencia de reacao do condutor;Colisao traseira;Pleno dia;Garoa/Chuvisco;Motocicleta;Lesoes Graves;1;5;5;1;3;1
Ausencia de reacao do condutor;Colisao traseira;Pleno dia;Garoa/Chuvisco;Motocicleta;Lesoes Leves;5;5;5;1;3;1
Ausencia de reacao do condutor;Colisao traseira;Pleno dia;Garoa/Chuvisco;Motoneta;Lesoes Graves;1;5;5;1;3;3
Ausencia de reacao do condutor;Colisao traseira;Pleno dia;Garoa/Chuvisco;Nao Informado;Ileso;2;5;5;1;3;3
Ausencia de reacao do condutor;Colisao traseira;Pleno dia;Garoa/Chuvisco;Nao Informado;Lesoes Leves;3;5;5;1;3;3
Ausencia de reacao do condutor;Colisao traseira;Pleno dia;Garoa/Chuvisco;Utilitario;Ileso;2;5;5;1;3;3
Ausencia de reacao do condutor;Colisao traseira;Pleno dia;Garoa/Chuvisco;Utilitario;Lesoes Leves;2;5;5;1;3;3
Ausencia de reacao do condutor;Colisao traseira;Pleno dia;Ignorado;Caminhao-trator;Ileso;1;5;5;1;0;2
Ausencia de reacao do condutor;Colisao traseira;Pleno dia;Ignorado;Motocicleta;Lesoes Leves;1;5;5;1;0;1
Ausencia de reacao do condutor;Colisao traseira;Pleno dia;Nublado;Automovel;Ileso;78;5;5;1;2;1
Ausencia de reacao do condutor;Colisao traseira;Pleno dia;Nublado;Automovel;Lesoes Graves;2;5;5;1;2;1
Ausencia de reacao do condutor;Colisao traseira;Pleno dia;Nublado;Automovel;Lesoes Leves;30;5;5;1;2;1
Ausencia de reacao do condutor;Colisao traseira;Pleno dia;Nublado;Automovel;Obito;6;5;5;1;2;1
Ausencia de reacao do condutor;Colisao traseira;Pleno dia;Nublado;Bicicleta;Lesoes Graves;1;5;5;1;2;3
Ausencia de reacao do condutor;Colisao traseira;Pleno dia;Nublado;Bicicleta;Lesoes Leves;3;5;5;1;2;3
Ausencia de reacao do condutor;Colisao traseira;Pleno dia;Nublado;Caminhao;Ileso;21;5;5;1;2;2
Ausencia de reacao do condutor;Colisao traseira;Pleno dia;Nublado;Caminhao;Lesoes Graves;2;5;5;1;2;2
Ausencia de reacao do condutor;Colisao traseira;Pleno dia;Nublado;Caminhao;Lesoes Leves;7;5;5;1;2;2
Ausencia de reacao do condutor;Colisao traseira;Pleno dia;Nublado;Caminhao-trator;Ileso;12;5;5;1;2;2
Ausencia de reacao do condutor;Colisao traseira;Pleno dia;Nublado;Caminhao-trator;Lesoes Leves;3;5;5;1;2;2
Ausencia de reacao do condutor;Colisao traseira;Pleno dia;Nublado;Caminhonete;Ileso;35;5;5;1;2;2
Ausencia de reacao do condutor;Colisao traseira;Pleno dia;Nublado;Caminhonete;Lesoes Leves;5;5;5;1;2;2
Ausencia de reacao do condutor;Colisao traseira;Pleno dia;Nublado;Micro-onibus;Ileso;1;5;5;1;2;4
Ausencia de reacao do condutor;Colisao traseira;Pleno dia;Nublado;Motocicleta;Ileso;3;5;5;1;2;1
Ausencia de reacao do condutor;Colisao traseira;Pleno dia;Nublado;Motocicleta;Lesoes Graves;17;5;5;1;2;1
Ausencia de reacao do condutor;Colisao traseira;Pleno dia;Nublado;Motocicleta;Lesoes Leves;50;5;5;1;2;1
Ausencia de reacao do condutor;Colisao traseira;Pleno dia;Nublado;Motocicleta;Obito;2;5;5;1;2;1
Ausencia de reacao do condutor;Colisao traseira;Pleno dia;Nublado;Motoneta;Ileso;1;5;5;1;2;3
Ausencia de reacao do condutor;Colisao traseira;Pleno dia;Nublado;Motoneta;Lesoes Graves;3;5;5;1;2;3
Ausencia de reacao do condutor;Colisao traseira;Pleno dia;Nublado;Motoneta;Lesoes Leves;2;5;5;1;2;3
Ausencia de reacao do condutor;Colisao traseira;Pleno dia;Nublado;Motoneta;Obito;1;5;5;1;2;3
Ausencia de reacao do condutor;Colisao traseira;Pleno dia;Nublado;Nao Informado;Ileso;2;5;5;1;2;3
Ausencia de reacao do condutor;Colisao traseira;Pleno dia;Nublado;Nao Informado;Lesoes Leves;3;5;5;1;2;3
Ausencia de reacao do condutor;Colisao traseira;Pleno dia;Nublado;Triciclo;Lesoes Graves;1;5;5;1;2;5
Ausencia de reacao do condutor;Colisao traseira;Pleno dia;Nublado;Utilitario;Ileso;4;5;5;1;2;3
Ausencia de reacao do condutor;Colisao traseira;Pleno dia;Sol;Automovel;Ileso;82;5;5;1;3;1
Ausencia de reacao do condutor;Colisao traseira;Pleno dia;Sol;Automovel;Lesoes Graves;1;5;5;1;3;1
Ausencia de reacao do condutor;Colisao traseira;Pleno dia;Sol;Automovel;Lesoes Leves;31;5;5;1;3;1
Ausencia de reacao do condutor;Colisao traseira;Pleno dia;Sol;Bicicleta;Lesoes Graves;1;5;5;1;3;3
Ausencia de reacao do condutor;Colisao traseira;Pleno dia;Sol;Caminhao;Ileso;8;5;5;1;3;2
Ausencia de reacao do condutor;Colisao traseira;Pleno dia;Sol;Caminhao;Lesoes Graves;1;5;5;1;3;2
Ausencia de reacao do condutor;Colisao traseira;Pleno dia;Sol;Caminhao;Lesoes Leves;3;5;5;1;3;2
Ausencia de reacao do condutor;Colisao traseira;Pleno dia;Sol;Caminhao-trator;Ileso;15;5;5;1;3;2
Ausencia de reacao do condutor;Colisao traseira;Pleno dia;Sol;Caminhao-trator;Lesoes Leves;1;5;5;1;3;2
Ausencia de reacao do condutor;Colisao traseira;Pleno dia;Sol;Caminhonete;Ileso;20;5;5;1;3;2
Ausencia de reacao do condutor;Colisao traseira;Pleno dia;Sol;Caminhonete;Lesoes Graves;2;5;5;1;3;2
Ausencia de reacao do condutor;Colisao traseira;Pleno dia;Sol;Caminhonete;Lesoes Leves;4;5;5;1;3;2
Ausencia de reacao do condutor;Colisao traseira;Pleno dia;Sol;Ciclomotor;Lesoes Leves;1;5;5;1;3;4
Ausencia de reacao do condutor;Colisao traseira;Pleno dia;Sol;Micro-onibus;Ileso;1;5;5;1;3;4
Ausencia de reacao do condutor;Colisao traseira;Pleno dia;Sol;Motocicleta;Ileso;4;5;5;1;3;1
Ausencia de reacao do condutor;Colisao traseira;Pleno dia;Sol;Motocicleta;Lesoes Graves;15;5;5;1;3;1
Ausencia de reacao do condutor;Colisao traseira;Pleno dia;Sol;Motocicleta;Lesoes Leves;36;5;5;1;3;1
Ausencia de reacao do condutor;Colisao traseira;Pleno dia;Sol;Motoneta;Lesoes Leves;1;5;5;1;3;3
Ausencia de reacao do condutor;Colisao traseira;Pleno dia;Sol;Nao Informado;Ileso;6;5;5;1;3;3
Ausencia de reacao do condutor;Colisao traseira;Pleno dia;Sol;Nao Informado;Lesoes Leves;1;5;5;1;3;3
Ausencia de reacao do condutor;Colisao traseira;Pleno dia;Sol;Onibus;Ileso;3;5;5;1;3;3
Ausencia de reacao do condutor;Colisao traseira;Pleno dia;Sol;Utilitario;Ileso;2;5;5;1;3;3
Ausencia de reacao do condutor;Derramamento de carga;Amanhecer;Ceu Claro;Caminhao;Ileso;1;5;3;4;1;2
Ausencia de reacao do condutor;Derramamento de carga;Amanhecer;Ceu Claro;Caminhao;Lesoes Leves;1;5;3;4;1;2
Ausencia de reacao do condutor;Derramamento de carga;Amanhecer;Ceu Claro;Caminhao;Obito;2;5;3;4;1;2
Ausencia de reacao do condutor;Derramamento de carga;Amanhecer;Ceu Claro;Caminhao-trator;Ileso;1;5;3;4;1;2
Ausencia de reacao do condutor;Derramamento de carga;Amanhecer;Ceu Claro;Caminhao-trator;Lesoes Graves;1;5;3;4;1;2
Ausencia de reacao do condutor;Derramamento de carga;Amanhecer;Ceu Claro;Caminhao-trator;Obito;3;5;3;4;1;2
Ausencia de reacao do condutor;Derramamento de carga;Amanhecer;Nublado;Caminhao-trator;Lesoes Leves;1;5;3;4;2;2
Ausencia de reacao do condutor;Derramamento de carga;Plena Noite;Ceu Claro;Automovel;Obito;1;5;3;2;1;1
Ausencia de reacao do condutor;Derramamento de carga;Plena Noite;Ceu Claro;Caminhao;Ileso;2;5;3;2;1;2
Ausencia de reacao do condutor;Derramamento de carga;Plena Noite;Ceu Claro;Caminhao;Lesoes Leves;1;5;3;2;1;2
Ausencia de reacao do condutor;Derramamento de carga;Plena Noite;Ceu Claro;Caminhao-trator;Ileso;5;5;3;2;1;2
Ausencia de reacao do condutor;Derramamento de carga;Plena Noite;Ceu Claro;Caminhao-trator;Lesoes Graves;1;5;3;2;1;2
Ausencia de reacao do condutor;Derramamento de carga;Plena Noite;Ceu Claro;Caminhao-trator;Lesoes Leves;7;5;3;2;1;2
Ausencia de reacao do condutor;Derramamento de carga;Plena Noite;Ceu Claro;Caminhao-trator;Obito;1;5;3;2;1;2
Ausencia de reacao do condutor;Derramamento de carga;Plena Noite;Chuva;Caminhao-trator;Lesoes Leves;2;5;3;2;2;2
Ausencia de reacao do condutor;Derramamento de carga;Plena Noite;Chuva;Caminhao-trator;Obito;1;5;3;2;2;2
Ausencia de reacao do condutor;Derramamento de carga;Plena Noite;Ignorado;Caminhao-trator;Lesoes Leves;1;5;3;2;0;2
Ausencia de reacao do condutor;Derramamento de carga;Plena Noite;Nublado;Caminhao;Lesoes Graves;1;5;3;2;2;2
Ausencia de reacao do condutor;Derramamento de carga;Plena Noite;Nublado;Caminhao;Lesoes Leves;1;5;3;2;2;2
Ausencia de reacao do condutor;Derramamento de carga;Plena Noite;Nublado;Caminhao-trator;Ileso;3;5;3;2;2;2
Ausencia de reacao do condutor;Derramamento de carga;Plena Noite;Nublado;Caminhao-trator;Lesoes Graves;2;5;3;2;2;2
Ausencia de reacao do condutor;Derramamento de carga;Plena Noite;Nublado;Caminhao-trator;Lesoes Leves;5;5;3;2;2;2
Ausencia de reacao do condutor;Derramamento de carga;Pleno dia;Ceu Claro;Automovel;Ileso;5;5;3;1;1;1
Ausencia de reacao do condutor;Derramamento de carga;Pleno dia;Ceu Claro;Caminhao;Ileso;3;5;3;1;1;2
Ausencia de reacao do condutor;Derramamento de carga;Pleno dia;Ceu Claro;Caminhao;Lesoes Graves;1;5;3;1;1;2
Ausencia de reacao do condutor;Derramamento de carga;Pleno dia;Ceu Claro;Caminhao;Lesoes Leves;1;5;3;1;1;2
Ausencia de reacao do condutor;Derramamento de carga;Pleno dia;Ceu Claro;Caminhao;Obito;3;5;3;1;1;2
Ausencia de reacao do condutor;Derramamento de carga;Pleno dia;Ceu Claro;Caminhao-trator;Ileso;4;5;3;1;1;2
Ausencia de reacao do condutor;Derramamento de carga;Pleno dia;Ceu Claro;Caminhao-trator;Lesoes Graves;7;5;3;1;1;2
Ausencia de reacao do condutor;Derramamento de carga;Pleno dia;Ceu Claro;Caminhao-trator;Lesoes Leves;10;5;3;1;1;2
Ausencia de reacao do condutor;Derramamento de carga;Pleno dia;Ceu Claro;Caminhao-trator;Obito;2;5;3;1;1;2
Ausencia de reacao do condutor;Derramamento de carga;Pleno dia;Ceu Claro;Onibus;Ileso;19;5;3;1;1;3
Ausencia de reacao do condutor;Derramamento de carga;Pleno dia;Ceu Claro;Onibus;Lesoes Graves;5;5;3;1;1;3
Ausencia de reacao do condutor;Derramamento de carga;Pleno dia;Ceu Claro;Onibus;Lesoes Leves;18;5;3;1;1;3
Ausencia de reacao do condutor;Derramamento de carga;Pleno dia;Ceu Claro;Onibus;Obito;1;5;3;1;1;3
Ausencia de reacao do condutor;Derramamento de carga;Pleno dia;Ceu Claro;Trator de esteira;Ileso;1;5;3;1;1;5
Ausencia de reacao do condutor;Derramamento de carga;Pleno dia;Chuva;Automovel;Obito;1;5;3;1;2;1
Ausencia de reacao do condutor;Derramamento de carga;Pleno dia;Chuva;Caminhao;Lesoes Leves;4;5;3;1;2;2
Ausencia de reacao do condutor;Derramamento de carga;Pleno dia;Chuva;Caminhao-trator;Lesoes Graves;1;5;3;1;2;2
Ausencia de reacao do condutor;Derramamento de carga;Pleno dia;Chuva;Caminhao-trator;Lesoes Leves;1;5;3;1;2;2
Ausencia de reacao do condutor;Derramamento de carga;Pleno dia;Nublado;Caminhao;Lesoes Graves;1;5;3;1;2;2
Ausencia de reacao do condutor;Derramamento de carga;Pleno dia;Nublado;Caminhao-trator;Ileso;5;5;3;1;2;2
Ausencia de reacao do condutor;Derramamento de carga;Pleno dia;Nublado;Caminhao-trator;Lesoes Graves;1;5;3;1;2;2
Ausencia de reacao do condutor;Derramamento de carga;Pleno dia;Nublado;Caminhao-trator;Lesoes Leves;3;5;3;1;2;2
Ausencia de reacao do condutor;Derramamento de carga;Pleno dia;Nublado;Caminhao-trator;Obito;1;5;3;1;2;2
Ausencia de reacao do condutor;Derramamento de carga;Pleno dia;Sol;Automovel;Lesoes Leves;3;5;3;1;3;1
Ausencia de reacao do condutor;Derramamento de carga;Pleno dia;Sol;Caminhao;Lesoes Graves;1;5;3;1;3;2
Ausencia de reacao do condutor;Derramamento de carga;Pleno dia;Sol;Caminhao;Obito;2;5;3;1;3;2
Ausencia de reacao do condutor;Derramamento de carga;Pleno dia;Sol;Caminhao-trator;Ileso;2;5;3;1;3;2
Ausencia de reacao do condutor;Derramamento de carga;Pleno dia;Sol;Caminhao-trator;Lesoes Graves;2;5;3;1;3;2
Ausencia de reacao do condutor;Derramamento de carga;Pleno dia;Sol;Caminhao-trator;Lesoes Leves;2;5;3;1;3;2
Ausencia de reacao do condutor;Engavetamento;Amanhecer;Chuva;Automovel;Ileso;1;5;3;4;2;1
Ausencia de reacao do condutor;Engavetamento;Amanhecer;Chuva;Automovel;Lesoes Leves;1;5;3;4;2;1
Ausencia de reacao do condutor;Engavetamento;Amanhecer;Chuva;Caminhao;Ileso;4;5;3;4;2;2
Ausencia de reacao do condutor;Engavetamento;Amanhecer;Chuva;Caminhao;Lesoes Leves;1;5;3;4;2;2
Ausencia de reacao do condutor;Engavetamento;Amanhecer;Chuva;Micro-onibus;Ileso;1;5;3;4;2;4
Ausencia de reacao do condutor;Engavetamento;Amanhecer;Nevoeiro/Neblina;Automovel;Ileso;1;5;3;4;4;1
Ausencia de reacao do condutor;Engavetamento;Amanhecer;Nevoeiro/Neblina;Motocicleta;Lesoes Graves;1;5;3;4;4;1
Ausencia de reacao do condutor;Engavetamento;Amanhecer;Nevoeiro/Neblina;Motocicleta;Lesoes Leves;2;5;3;4;4;1
Ausencia de reacao do condutor;Engavetamento;Amanhecer;Nublado;Automovel;Ileso;1;5;3;4;2;1
Ausencia de reacao do condutor;Engavetamento;Amanhecer;Nublado;Automovel;Lesoes Graves;1;5;3;4;2;1
Ausencia de reacao do condutor;Engavetamento;Amanhecer;Nublado;Automovel;Lesoes Leves;5;5;3;4;2;1
Ausencia de reacao do condutor;Engavetamento;Amanhecer;Nublado;Caminhao;Ileso;1;5;3;4;2;2
Ausencia de reacao do condutor;Engavetamento;Anoitecer;Ceu Claro;Automovel;Ileso;4;5;3;4;1;1
Ausencia de reacao do condutor;Engavetamento;Anoitecer;Ceu Claro;Automovel;Lesoes Leves;2;5;3;4;1;1
Ausencia de reacao do condutor;Engavetamento;Anoitecer;Ceu Claro;Caminhao;Ileso;1;5;3;4;1;2
Ausencia de reacao do condutor;Engavetamento;Anoitecer;Ceu Claro;Caminhao-trator;Ileso;1;5;3;4;1;2
Ausencia de reacao do condutor;Engavetamento;Anoitecer;Ceu Claro;Caminhonete;Ileso;2;5;3;4;1;2
Ausencia de reacao do condutor;Engavetamento;Anoitecer;Ceu Claro;Caminhonete;Lesoes Leves;2;5;3;4;1;2
Ausencia de reacao do condutor;Engavetamento;Anoitecer;Garoa/Chuvisco;Automovel;Ileso;1;5;3;4;3;1
Ausencia de reacao do condutor;Engavetamento;Anoitecer;Garoa/Chuvisco;Automovel;Lesoes Leves;1;5;3;4;3;1
Ausencia de reacao do condutor;Engavetamento;Anoitecer;Garoa/Chuvisco;Caminhonete;Ileso;1;5;3;4;3;2
Ausencia de reacao do condutor;Engavetamento;Anoitecer;Nublado;Automovel;Ileso;3;5;3;4;2;1
Ausencia de reacao do condutor;Engavetamento;Plena Noite;Ceu Claro;Automovel;Ileso;24;5;3;2;1;1
Ausencia de reacao do condutor;Engavetamento;Plena Noite;Ceu Claro;Automovel;Lesoes Leves;9;5;3;2;1;1
Ausencia de reacao do condutor;Engavetamento;Plena Noite;Ceu Claro;Caminhao;Ileso;5;5;3;2;1;2
Ausencia de reacao do condutor;Engavetamento;Plena Noite;Ceu Claro;Caminhao;Lesoes Graves;1;5;3;2;1;2
Ausencia de reacao do condutor;Engavetamento;Plena Noite;Ceu Claro;Caminhao;Lesoes Leves;1;5;3;2;1;2
Ausencia de reacao do condutor;Engavetamento;Plena Noite;Ceu Claro;Caminhao-trator;Ileso;2;5;3;2;1;2
Ausencia de reacao do condutor;Engavetamento;Plena Noite;Ceu Claro;Caminhonete;Ileso;1;5;3;2;1;2
Ausencia de reacao do condutor;Engavetamento;Plena Noite;Ceu Claro;Caminhonete;Lesoes Leves;1;5;3;2;1;2
Ausencia de reacao do condutor;Engavetamento;Plena Noite;Ceu Claro;Micro-onibus;Lesoes Leves;1;5;3;2;1;4
Ausencia de reacao do condutor;Engavetamento;Plena Noite;Ceu Claro;Nao Informado;Ileso;1;5;3;2;1;3
Ausencia de reacao do condutor;Engavetamento;Plena Noite;Chuva;Automovel;Ileso;4;5;3;2;2;1
Ausencia de reacao do condutor;Engavetamento;Plena Noite;Chuva;Automovel;Lesoes Leves;2;5;3;2;2;1
Ausencia de reacao do condutor;Engavetamento;Plena Noite;Chuva;Automovel;Obito;2;5;3;2;2;1
Ausencia de reacao do condutor;Engavetamento;Plena Noite;Garoa/Chuvisco;Automovel;Ileso;5;5;3;2;3;1
Ausencia de reacao do condutor;Engavetamento;Plena Noite;Garoa/Chuvisco;Automovel;Lesoes Leves;1;5;3;2;3;1
Ausencia de reacao do condutor;Engavetamento;Plena Noite;Garoa/Chuvisco;Nao Informado;Lesoes Leves;1;5;3;2;3;3
Ausencia de reacao do condutor;Engavetamento;Pleno dia;Ceu Claro;Automovel;Ileso;89;5;3;1;1;1
Ausencia de reacao do condutor;Engavetamento;Pleno dia;Ceu Claro;Automovel;Lesoes Graves;5;5;3;1;1;1
Ausencia de reacao do condutor;Engavetamento;Pleno dia;Ceu Claro;Automovel;Lesoes Leves;30;5;3;1;1;1
Ausencia de reacao do condutor;Engavetamento;Pleno dia;Ceu Claro;Automovel;Obito;4;5;3;1;1;1
Ausencia de reacao do condutor;Engavetamento;Pleno dia;Ceu Claro;Caminhao;Ileso;12;5;3;1;1;2
Ausencia de reacao do condutor;Engavetamento;Pleno dia;Ceu Claro;Caminhao;Lesoes Leves;1;5;3;1;1;2
Ausencia de reacao do condutor;Engavetamento;Pleno dia;Ceu Claro;Caminhao-trator;Ileso;10;5;3;1;1;2
Ausencia de reacao do condutor;Engavetamento;Pleno dia;Ceu Claro;Caminhao-trator;Obito;1;5;3;1;1;2
Ausencia de reacao do condutor;Engavetamento;Pleno dia;Ceu Claro;Caminhonete;Ileso;45;5;3;1;1;2
Ausencia de reacao do condutor;Engavetamento;Pleno dia;Ceu Claro;Caminhonete;Lesoes Graves;1;5;3;1;1;2
Ausencia de reacao do condutor;Engavetamento;Pleno dia;Ceu Claro;Caminhonete;Lesoes Leves;9;5;3;1;1;2
Ausencia de reacao do condutor;Engavetamento;Pleno dia;Ceu Claro;Caminhonete;Obito;1;5;3;1;1;2
Ausencia de reacao do condutor;Engavetamento;Pleno dia;Ceu Claro;Micro-onibus;Obito;1;5;3;1;1;4
Ausencia de reacao do condutor;Engavetamento;Pleno dia;Ceu Claro;Motocicleta;Ileso;3;5;3;1;1;1
Ausencia de reacao do condutor;Engavetamento;Pleno dia;Ceu Claro;Motocicleta;Lesoes Graves;1;5;3;1;1;1
Ausencia de reacao do condutor;Engavetamento;Pleno dia;Ceu Claro;Motocicleta;Lesoes Leves;8;5;3;1;1;1
Ausencia de reacao do condutor;Engavetamento;Pleno dia;Ceu Claro;Nao Informado;Ileso;12;5;3;1;1;3
Ausencia de reacao do condutor;Engavetamento;Pleno dia;Ceu Claro;Nao Informado;Lesoes Leves;2;5;3;1;1;3
Ausencia de reacao do condutor;Engavetamento;Pleno dia;Ceu Claro;Onibus;Ileso;1;5;3;1;1;3
Ausencia de reacao do condutor;Engavetamento;Pleno dia;Ceu Claro;Outros;Ileso;1;5;3;1;1;5
Ausencia de reacao do condutor;Engavetamento;Pleno dia;Ceu Claro;Utilitario;Ileso;1;5;3;1;1;3
Ausencia de reacao do condutor;Engavetamento;Pleno dia;Chuva;Automovel;Ileso;18;5;3;1;2;1
Ausencia de reacao do condutor;Engavetamento;Pleno dia;Chuva;Automovel;Lesoes Leves;5;5;3;1;2;1
Ausencia de reacao do condutor;Engavetamento;Pleno dia;Chuva;Caminhao;Ileso;5;5;3;1;2;2
Ausencia de reacao do condutor;Engavetamento;Pleno dia;Chuva;Caminhao;Lesoes Leves;2;5;3;1;2;2
Ausencia de reacao do condutor;Engavetamento;Pleno dia;Chuva;Caminhao-trator;Ileso;5;5;3;1;2;2
Ausencia de reacao do condutor;Engavetamento;Pleno dia;Chuva;Caminhonete;Ileso;5;5;3;1;2;2
Ausencia de reacao do condutor;Engavetamento;Pleno dia;Chuva;Caminhonete;Lesoes Leves;1;5;3;1;2;2
Ausencia de reacao do condutor;Engavetamento;Pleno dia;Chuva;Nao Informado;Ileso;1;5;3;1;2;3
Ausencia de reacao do condutor;Engavetamento;Pleno dia;Chuva;Utilitario;Ileso;1;5;3;1;2;3
Ausencia de reacao do condutor;Engavetamento;Pleno dia;Ignorado;Caminhao;Ileso;2;5;3;1;0;2
Ausencia de reacao do condutor;Engavetamento;Pleno dia;Ignorado;Caminhao;Lesoes Leves;1;5;3;1;0;2
Ausencia de reacao do condutor;Engavetamento;Pleno dia;Ignorado;Caminhao-trator;Ileso;1;5;3;1;0;2
Ausencia de reacao do condutor;Engavetamento;Pleno dia;Ignorado;Caminhao-trator;Lesoes Leves;1;5;3;1;0;2
Ausencia de reacao do condutor;Engavetamento;Pleno dia;Ignorado;Caminhao-trator;Obito;1;5;3;1;0;2