causa_acidente;tipo_acidente;fase_dia;condicao_metereologica;tipo_veiculo;estado_fisico;count;causa_acidente_criterios;tipo_acidente_criterios;fase_dia_criterios;condicao_metereologica_criterios;tipo_veiculo_criterios
Ausencia de reacao do condutor;Engavetamento;Pleno dia;Nublado;Automovel;Ileso;15;5;3;1;2;1
Ausencia de reacao do condutor;Engavetamento;Pleno dia;Nublado;Automovel;Lesoes Leves;5;5;3;1;2;1
Ausencia de reacao do condutor;Engavetamento;Pleno dia;Nublado;Caminhonete;Ileso;2;5;3;1;2;2
Ausencia de reacao do condutor;Engavetamento;Pleno dia;Nublado;Motocicleta;Ileso;2;5;3;1;2;1
Ausencia de reacao do condutor;Engavetamento;Pleno dia;Nublado;Motocicleta;Lesoes Leves;4;5;3;1;2;1
Ausencia de reacao do condutor;Engavetamento;Pleno dia;Nublado;Nao Informado;Ileso;1;5;3;1;2;3
Ausencia de reacao do condutor;Engavetamento;Pleno dia;Sol;Automovel;Ileso;33;5;3;1;3;1
Ausencia de reacao do condutor;Engavetamento;Pleno dia;Sol;Automovel;Lesoes Leves;17;5;3;1;3;1
Ausencia de reacao do condutor;Engavetamento;Pleno dia;Sol;Caminhao;Ileso;7;5;3;1;3;2
Ausencia de reacao do condutor;Engavetamento;Pleno dia;Sol;Caminhao;Lesoes Graves;1;5;3;1;3;2
Ausencia de reacao do condutor;Engavetamento;Pleno dia;Sol;Caminhao;Lesoes Leves;2;5;3;1;3;2
Ausencia de reacao do condutor;Engavetamento;Pleno dia;Sol;Caminhao;Obito;1;5;3;1;3;2
Ausencia de reacao do condutor;Engavetamento;Pleno dia;Sol;Caminhao-trator;Ileso;2;5;3;1;3;2
Ausencia de reacao do condutor;Engavetamento;Pleno dia;Sol;Caminhao-trator;Lesoes Leves;2;5;3;1;3;2
Ausencia de reacao do condutor;Engavetamento;Pleno dia;Sol;Caminhonete;Ileso;7;5;3;1;3;2
Ausencia de reacao do condutor;Engavetamento;Pleno dia;Sol;Caminhonete;Lesoes Leves;1;5;3;1;3;2
Ausencia de reacao do condutor;Engavetamento;Pleno dia;Sol;Nao Informado;Ileso;2;5;3;1;3;3
Ausencia de reacao do condutor;Engavetamento;Pleno dia;Sol;Onibus;Ileso;1;5;3;1;3;3
Ausencia de reacao do condutor;Engavetamento;Pleno dia;Sol;Utilitario;Ileso;1;5;3;1;3;3
Ausencia de reacao do condutor;Eventos atipicos;Amanhecer;Chuva;Automovel;Ileso;4;5;2;4;2;1
Ausencia de reacao do condutor;Eventos atipicos;Amanhecer;Chuva;Caminhonete;Ileso;4;5;2;4;2;2
Ausencia de reacao do condutor;Eventos atipicos;Amanhecer;Chuva;Motocicleta;Lesoes Graves;6;5;2;4;2;1
Ausencia de reacao do condutor;Eventos atipicos;Amanhecer;Chuva;Motocicleta;Lesoes Leves;4;5;2;4;2;1
Ausencia de reacao do condutor;Eventos atipicos;Amanhecer;Chuva;Motocicleta;Obito;2;5;2;4;2;1
Ausencia de reacao do condutor;Eventos atipicos;Anoitecer;Ceu Claro;Motocicleta;Obito;1;5;2;4;1;1
Ausencia de reacao do condutor;Eventos atipicos;Plena Noite;Ceu Claro;Automovel;Ileso;1;5;2;2;1;1
Ausencia de reacao do condutor;Eventos atipicos;Plena Noite;Ceu Claro;Caminhao-trator;Lesoes Leves;1;5;2;2;1;2
Ausencia de reacao do condutor;Eventos atipicos;Plena Noite;Ceu Claro;Caminhonete;Lesoes Leves;1;5;2;2;1;2
Ausencia de reacao do condutor;Eventos atipicos;Plena Noite;Ceu Claro;Motocicleta;Ileso;1;5;2;2;1;1
Ausencia de reacao do condutor;Eventos atipicos;Plena Noite;Ceu Claro;Motocicleta;Lesoes Graves;1;5;2;2;1;1
Ausencia de reacao do condutor;Eventos atipicos;Plena Noite;Ceu Claro;Nao se aplica;Lesoes Graves;1;5;2;2;1;3
Ausencia de reacao do condutor;Eventos atipicos;Plena Noite;Chuva;Automovel;Lesoes Leves;1;5;2;2;2;1
Ausencia de reacao do condutor;Eventos atipicos;Plena Noite;Garoa/Chuvisco;Bicicleta;Obito;1;5;2;2;3;3
Ausencia de reacao do condutor;Eventos atipicos;Plena Noite;Ignorado;Bicicleta;Obito;1;5;2;2;0;3
Ausencia de reacao do condutor;Eventos atipicos;Plena Noite;Ignorado;Caminhonete;Ileso;1;5;2;2;0;2
Ausencia de reacao do condutor;Eventos atipicos;Plena Noite;Nublado;Automovel;Obito;1;5;2;2;2;1
Ausencia de reacao do condutor;Eventos atipicos;Plena Noite;Nublado;Bicicleta;Lesoes Leves;1;5;2;2;2;3
Ausencia de reacao do condutor;Eventos atipicos;Pleno dia;Ceu Claro;Automovel;Ileso;3;5;2;1;1;1
Ausencia de reacao do condutor;Eventos atipicos;Pleno dia;Ceu Claro;Automovel;Lesoes Graves;1;5;2;1;1;1
Ausencia de reacao do condutor;Eventos atipicos;Pleno dia;Ceu Claro;Automovel;Lesoes Leves;1;5;2;1;1;1
Ausencia de reacao do condutor;Eventos atipicos;Pleno dia;Ceu Claro;Automovel;Obito;1;5;2;1;1;1
Ausencia de reacao do condutor;Eventos atipicos;Pleno dia;Ceu Claro;Caminhao-trator;Ileso;3;5;2;1;1;2
Ausencia de reacao do condutor;Eventos atipicos;Pleno dia;Ceu Claro;Caminhonete;Ileso;2;5;2;1;1;2
Ausencia de reacao do condutor;Eventos atipicos;Pleno dia;Ceu Claro;Caminhonete;Lesoes Graves;2;5;2;1;1;2
Ausencia de reacao do condutor;Eventos atipicos;Pleno dia;Ceu Claro;Motocicleta;Lesoes Graves;2;5;2;1;1;1
Ausencia de reacao do condutor;Eventos atipicos;Pleno dia;Ceu Claro;Motocicleta;Lesoes Leves;1;5;2;1;1;1
Ausencia de reacao do condutor;Eventos atipicos;Pleno dia;Ceu Claro;Nao se aplica;Lesoes Leves;1;5;2;1;1;3
Ausencia de reacao do condutor;Eventos atipicos;Pleno dia;Chuva;Automovel;Lesoes Graves;2;5;2;1;2;1
Ausencia de reacao do condutor;Eventos atipicos;Pleno dia;Chuva;Caminhao-trator;Ileso;1;5;2;1;2;2
Ausencia de reacao do condutor;Eventos atipicos;Pleno dia;Garoa/Chuvisco;Motoneta;Lesoes Leves;1;5;2;1;3;3
Ausencia de reacao do condutor;Eventos atipicos;Pleno dia;Nublado;Motocicleta;Lesoes Leves;1;5;2;1;2;1
Ausencia de reacao do condutor;Eventos atipicos;Pleno dia;Sol;Caminhao-trator;Ileso;2;5;2;1;3;2
Ausencia de reacao do condutor;Eventos atipicos;Pleno dia;Sol;Caminhao-trator;Lesoes Graves;1;5;2;1;3;2
Ausencia de reacao do condutor;Incendio;Amanhecer;Ceu Claro;Automovel;Ileso;2;5;2;4;1;1
Ausencia de reacao do condutor;Incendio;Amanhecer;Ceu Claro;Caminhao-trator;Ileso;1;5;2;4;1;2
Ausencia de reacao do condutor;Incendio;Amanhecer;Ceu Claro;Caminhao-trator;Lesoes Leves;1;5;2;4;1;2
Ausencia de reacao do condutor;Incendio;Amanhecer;Ceu Claro;Caminhao-trator;Obito;2;5;2;4;1;2
Ausencia de reacao do condutor;Incendio;Anoitecer;Ceu Claro;Automovel;Lesoes Leves;4;5;2;4;1;1
Ausencia de reacao do condutor;Incendio;Plena Noite;Ceu Claro;Automovel;Ileso;1;5;2;2;1;1
Ausencia de reacao do condutor;Incendio;Plena Noite;Ceu Claro;Automovel;Lesoes Leves;1;5;2;2;1;1
Ausencia de reacao do condutor;Incendio;Plena Noite;Ceu Claro;Caminhao;Ileso;2;5;2;2;1;2
Ausencia de reacao do condutor;Incendio;Plena Noite;Ceu Claro;Caminhao;Lesoes Leves;1;5;2;2;1;2
Ausencia de reacao do condutor;Incendio;Plena Noite;Ceu Claro;Caminhao;Obito;1;5;2;2;1;2
Ausencia de reacao do condutor;Incendio;Plena Noite;Ceu Claro;Caminhao-trator;Ileso;2;5;2;2;1;2
Ausencia de reacao do condutor;Incendio;Plena Noite;Ceu Claro;Caminhao-trator;Lesoes Graves;1;5;2;2;1;2
Ausencia de reacao do condutor;Incendio;Plena Noite;Ceu Claro;Caminhao-trator;Obito;1;5;2;2;1;2
Ausencia de reacao do condutor;Incendio;Plena Noite;Ceu Claro;Caminhonete;Lesoes Leves;1;5;2;2;1;2
Ausencia de reacao do condutor;Incendio;Plena Noite;Ceu Claro;Motocicleta;Lesoes Graves;1;5;2;2;1;1
Ausencia de reacao do condutor;Incendio;Plena Noite;Ceu Claro;Motocicleta;Obito;1;5;2;2;1;1
Ausencia de reacao do condutor;Incendio;Plena Noite;Chuva;Caminhao-trator;Lesoes Leves;1;5;2;2;2;2
Ausencia de reacao do condutor;Incendio;Plena Noite;Chuva;Caminhao-trator;Obito;1;5;2;2;2;2
Ausencia de reacao do condutor;Incendio;Plena Noite;Chuva;Caminhonete;Ileso;1;5;2;2;2;2
Ausencia de reacao do condutor;Incendio;Plena Noite;Garoa/Chuvisco;Automovel;Lesoes Leves;3;5;2;2;3;1
Ausencia de reacao do condutor;Incendio;Plena Noite;Nublado;Automovel;Ileso;2;5;2;2;2;1
Ausencia de reacao do condutor;Incendio;Plena Noite;Nublado;Automovel;Lesoes Leves;1;5;2;2;2;1
Ausencia de reacao do condutor;Incendio;Plena Noite;Nublado;Caminhao;Obito;1;5;2;2;2;2
Ausencia de reacao do condutor;Incendio;Plena Noite;Nublado;Caminhao-trator;Ileso;2;5;2;2;2;2
Ausencia de reacao do condutor;Incendio;Plena Noite;Nublado;Caminhao-trator;Lesoes Graves;1;5;2;2;2;2
Ausencia de reacao do condutor;Incendio;Plena Noite;Nublado;Caminhao-trator;Lesoes Leves;2;5;2;2;2;2
Ausencia de reacao do condutor;Incendio;Plena Noite;Nublado;Motocicleta;Obito;1;5;2;2;2;1
Ausencia de reacao do condutor;Incendio;Plena Noite;Nublado;Nao Informado;Lesoes Leves;3;5;2;2;2;3
Ausencia de reacao do condutor;Incendio;Pleno dia;Ceu Claro;Automovel;Lesoes Leves;6;5;2;1;1;1
Ausencia de reacao do condutor;Incendio;Pleno dia;Ceu Claro;Caminhao;Ileso;1;5;2;1;1;2
Ausencia de reacao do condutor;Incendio;Pleno dia;Ceu Claro;Caminhao-trator;Ileso;4;5;2;1;1;2
Ausencia de reacao do condutor;Incendio;Pleno dia;Ceu Claro;Caminhao-trator;Lesoes Graves;2;5;2;1;1;2
Ausencia de reacao do condutor;Incendio;Pleno dia;Ceu Claro;Caminhao-trator;Lesoes Leves;1;5;2;1;1;2
Ausencia de reacao do condutor;Incendio;Pleno dia;Ceu Claro;Caminhao-trator;Obito;1;5;2;1;1;2
Ausencia de reacao do condutor;Incendio;Pleno dia;Ceu Claro;Caminhonete;Ileso;3;5;2;1;1;2
Ausencia de reacao do condutor;Incendio;Pleno dia;Ceu Claro;Motocicleta;Obito;1;5;2;1;1;1
Ausencia de reacao do condutor;Incendio;Pleno dia;Ceu Claro;Nao Informado;Ileso;3;5;2;1;1;3
Ausencia de reacao do condutor;Incendio;Pleno dia;Chuva;Automovel;Ileso;1;5;2;1;2;1
Ausencia de reacao do condutor;Incendio;Pleno dia;Chuva;Automovel;Obito;1;5;2;1;2;1
Ausencia de reacao do condutor;Incendio;Pleno dia;Chuva;Caminhao;Lesoes Leves;1;5;2;1;2;2
Ausencia de reacao do condutor;Incendio;Pleno dia;Chuva;Caminhonete;Ileso;1;5;2;1;2;2
Ausencia de reacao do condutor;Incendio;Pleno dia;Nublado;Automovel;Ileso;5;5;2;1;2;1
Ausencia de reacao do condutor;Incendio;Pleno dia;Nublado;Caminhao;Ileso;1;5;2;1;2;2
Ausencia de reacao do condutor;Incendio;Pleno dia;Nublado;Caminhao;Lesoes Leves;1;5;2;1;2;2
Ausencia de reacao do condutor;Incendio;Pleno dia;Nublado;Caminhao-trator;Ileso;1;5;2;1;2;2
Ausencia de reacao do condutor;Incendio;Pleno dia;Nublado;Caminhao-trator;Lesoes Graves;1;5;2;1;2;2
Ausencia de reacao do condutor;Incendio;Pleno dia;Nublado;Caminhao-trator;Obito;1;5;2;1;2;2
Ausencia de reacao do condutor;Incendio;Pleno dia;Nublado;Caminhonete;Ileso;1;5;2;1;2;2
Ausencia de reacao do condutor;Incendio;Pleno dia;Nublado;Motocicleta;Lesoes Leves;1;5;2;1;2;1
Ausencia de reacao do condutor;Incendio;Pleno dia;Sol;Caminhao-trator;Ileso;2;5;2;1;3;2
Ausencia de reacao do condutor;Incendio;Pleno dia;Sol;Caminhao-trator;Lesoes Graves;1;5;2;1;3;2
Ausencia de reacao do condutor;Incendio;Pleno dia;Sol;Caminhao-trator;Lesoes Leves;4;5;2;1;3;2
Ausencia de reacao do condutor;Queda de ocupante de veiculo;Amanhecer;Ceu Claro;Automovel;Ileso;3;5;5;4;1;1
Ausencia de reacao do condutor;Queda de ocupante de veiculo;Amanhecer;Ceu Claro;Bicicleta;Obito;1;5;5;4;1;3
Ausencia de reacao do condutor;Queda de ocupante de veiculo;Amanhecer;Ceu Claro;Caminhao;Ileso;7;5;5;4;1;2
Ausencia de reacao do condutor;Queda de ocupante de veiculo;Amanhecer;Ceu Claro;Caminhao;Lesoes Leves;1;5;5;4;1;2
Ausencia de reacao do condutor;Queda de ocupante de veiculo;Amanhecer;Ceu Claro;Caminhao;Obito;1;5;5;4;1;2
Ausencia de reacao do condutor;Queda de ocupante de veiculo;Amanhecer;Ceu Claro;Caminhao-trator;Ileso;2;5;5;4;1;2
Ausencia de reacao do condutor;Queda de ocupante de veiculo;Amanhecer;Ceu Claro;Caminhonete;Ileso;4;5;5;4;1;2
Ausencia de reacao do condutor;Queda de ocupante de veiculo;Amanhecer;Ceu Claro;Caminhonete;Lesoes Graves;1;5;5;4;1;2
Ausencia de reacao do condutor;Queda de ocupante de veiculo;Amanhecer;Ceu Claro;Motocicleta;Lesoes Graves;8;5;5;4;1;1
Ausencia de reacao do condutor;Queda de ocupante de veiculo;Amanhecer;Ceu Claro;Motocicleta;Lesoes Leves;24;5;5;4;1;1
Ausencia de reacao do condutor;Queda de ocupante de veiculo;Amanhecer;Ceu Claro;Motocicleta;Obito;8;5;5;4;1;1
Ausencia de reacao do condutor;Queda de ocupante de veiculo;Amanhecer;Ceu Claro;Motoneta;Lesoes Graves;2;5;5;4;1;3
Ausencia de reacao do condutor;Queda de ocupante de veiculo;Amanhecer;Ceu Claro;Motoneta;Lesoes Leves;3;5;5;4;1;3
Ausencia de reacao do condutor;Queda de ocupante de veiculo;Amanhecer;Ceu Claro;Nao Informado;Ileso;1;5;5;4;1;3
Ausencia de reacao do condutor;Queda de ocupante de veiculo;Amanhecer;Ceu Claro;Nao se aplica;Ileso;1;5;5;4;1;3
Ausencia de reacao do condutor;Queda de ocupante de veiculo;Amanhecer;Ceu Claro;Nao se aplica;Lesoes Leves;1;5;5;4;1;3
Ausencia de reacao do condutor;Queda de ocupante de veiculo;Amanhecer;Ceu Claro;Onibus;Ileso;1;5;5;4;1;3
Ausencia de reacao do condutor;Queda de ocupante de veiculo;Amanhecer;Chuva;Automovel;Ileso;6;5;5;4;2;1
Ausencia de reacao do condutor;Queda de ocupante de veiculo;Amanhecer;Chuva;Caminhonete;Ileso;6;5;5;4;2;2
Ausencia de reacao do condutor;Queda de ocupante de veiculo;Amanhecer;Chuva;Motocicleta;Lesoes Graves;9;5;5;4;2;1
Ausencia de reacao do condutor;Queda de ocupante de veiculo;Amanhecer;Chuva;Motocicleta;Lesoes Leves;6;5;5;4;2;1
Ausencia de reacao do condutor;Queda de ocupante de veiculo;Amanhecer;Chuva;Motocicleta;Obito;3;5;5;4;2;1
Ausencia de reacao do condutor;Queda de ocupante de veiculo;Amanhecer;Garoa/Chuvisco;Motocicleta;Lesoes Graves;1;5;5;4;3;1
Ausencia de reacao do condutor;Queda de ocupante de veiculo;Amanhecer;Garoa/Chuvisco;Motocicleta;Lesoes Leves;1;5;5;4;3;1
Ausencia de reacao do condutor;Queda de ocupante de veiculo;Amanhecer;Ignorado;Motocicleta;Lesoes Leves;3;5;5;4;0;1
Ausencia de reacao do condutor;Queda de ocupante de veiculo;Amanhecer;Ignorado;Motocicleta;Obito;1;5;5;4;0;1
Ausencia de reacao do condutor;Queda de ocupante de veiculo;Amanhecer;Nevoeiro/Neblina;Automovel;Ileso;2;5;5;4;4;1
Ausencia de reacao do condutor;Queda de ocupante de veiculo;Amanhecer;Nevoeiro/Neblina;Motocicleta;Lesoes Graves;2;5;5;4;4;1
Ausencia de reacao do condutor;Queda de ocupante de veiculo;Amanhecer;Nevoeiro/Neblina;Motocicleta;Lesoes Leves;3;5;5;4;4;1
Ausencia de reacao do condutor;Queda de ocupante de veiculo;Amanhecer;Nublado;Automovel;Ileso;1;5;5;4;2;1
Ausencia de reacao do condutor;Queda de ocupante de veiculo;Amanhecer;Nublado;Automovel;Lesoes Leves;1;5;5;4;2;1
Ausencia de reacao do condutor;Queda de ocupante de veiculo;Amanhecer;Nublado;Bicicleta;Ileso;1;5;5;4;2;3
Ausencia de reacao do condutor;Queda de ocupante de veiculo;Amanhecer;Nublado;Bicicleta;Lesoes Leves;1;5;5;4;2;3
Ausencia de reacao do condutor;Queda de ocupante de veiculo;Amanhecer;Nublado;Caminhao;Ileso;1;5;5;4;2;2
Ausencia de reacao do condutor;Queda de ocupante de veiculo;Amanhecer;Nublado;Caminhao-trator;Ileso;1;5;5;4;2;2
Ausencia de reacao do condutor;Queda de ocupante de veiculo;Amanhecer;Nublado;Caminhonete;Lesoes Leves;1;5;5;4;2;2
Ausencia de reacao do condutor;Queda de ocupante de veiculo;Amanhecer;Nublado;Motocicleta;Ileso;1;5;5;4;2;1
Ausencia de reacao do condutor;Queda de ocupante de veiculo;Amanhecer;Nublado;Motocicleta;Lesoes Leves;5;5;5;4;2;1
Ausencia de reacao do condutor;Queda de ocupante de veiculo;Amanhecer;Nublado;Motoneta;Lesoes Graves;2;5;5;4;2;3
Ausencia de reacao do condutor;Queda de ocupante de veiculo;Amanhecer;Nublado;Motoneta;Lesoes Leves;1;5;5;4;2;3
Ausencia de reacao do condutor;Queda de ocupante de veiculo;Amanhecer;Nublado;Nao se aplica;Lesoes Leves;2;5;5;4;2;3
Ausencia de reacao do condutor;Queda de ocupante de veiculo;Amanhecer;Sol;Motocicleta;Lesoes Graves;1;5;5;4;3;1
Ausencia de reacao do condutor;Queda de ocupante de veiculo;Amanhecer;Vento;Motocicleta;Lesoes Leves;1;5;5;4;5;1
Ausencia de reacao do condutor;Queda de ocupante de veiculo;Anoitecer;Ceu Claro;Automovel;Ileso;23;5;5;4;1;1
Ausencia de reacao do condutor;Queda de ocupante de veiculo;Anoitecer;Ceu Claro;Automovel;Lesoes Graves;1;5;5;4;1;1
Ausencia de reacao do condutor;Queda de ocupante de veiculo;Anoitecer;Ceu Claro;Automovel;Lesoes Leves;2;5;5;4;1;1
Ausencia de reacao do condutor;Queda de ocupante de veiculo;Anoitecer;Ceu Claro;Bicicleta;Ileso;1;5;5;4;1;3
Ausencia de reacao do condutor;Queda de ocupante de veiculo;Anoitecer;Ceu Claro;Bicicleta;Lesoes Leves;2;5;5;4;1;3
Ausencia de reacao do condutor;Queda de ocupante de veiculo;Anoitecer;Ceu Claro;Caminhao;Ileso;1;5;5;4;1;2
Ausencia de reacao do condutor;Queda de ocupante de veiculo;Anoitecer;Ceu Claro;Caminhao-trator;Ileso;1;5;5;4;1;2
Ausencia de reacao do condutor;Queda de ocupante de veiculo;Anoitecer;Ceu Claro;Caminhonete;Ileso;3;5;5;4;1;2
Ausencia de reacao do condutor;Queda de ocupante de veiculo;Anoitecer;Ceu Claro;Motocicleta;Ileso;5;5;5;4;1;1
Ausencia de reacao do condutor;Queda de ocupante de veiculo;Anoitecer;Ceu Claro;Motocicleta;Lesoes Graves;11;5;5;4;1;1
Ausencia de reacao do condutor;Queda de ocupante de veiculo;Anoitecer;Ceu Claro;Motocicleta;Lesoes Leves;40;5;5;4;1;1
Ausencia de reacao do condutor;Queda de ocupante de veiculo;Anoitecer;Ceu Claro;Motocicleta;Obito;5;5;5;4;1;1
Ausencia de reacao do condutor;Queda de ocupante de veiculo;Anoitecer;Ceu Claro;Motoneta;Lesoes Leves;4;5;5;4;1;3
Ausencia de reacao do condutor;Queda de ocupante de veiculo;Anoitecer;Ceu Claro;Nao Informado;Ileso;2;5;5;4;1;3
Ausencia de reacao do condutor;Queda de ocupante de veiculo;Anoitecer;Ceu Claro;Nao se aplica;Lesoes Graves;1;5;5;4;1;3
Ausencia de reacao do condutor;Queda de ocupante de veiculo;Anoitecer;Chuva;Automovel;Ileso;5;5;5;4;2;1
Ausencia de reacao do condutor;Queda de ocupante de veiculo;Anoitecer;Chuva;Bicicleta;Lesoes Graves;1;5;5;4;2;3
Ausencia de reacao do condutor;Queda de ocupante de veiculo;Anoitecer;Chuva;Caminhao;Lesoes Leves;1;5;5;4;2;2
Ausencia de reacao do condutor;Queda de ocupante de veiculo;Anoitecer;Chuva;Caminhonete;Lesoes Graves;1;5;5;4;2;2
Ausencia de reacao do condutor;Queda de ocupante de veiculo;Anoitecer;Chuva;Motocicleta;Lesoes Graves;4;5;5;4;2;1
Ausencia de reacao do condutor;Queda de ocupante de veiculo;Anoitecer;Chuva;Motocicleta;Lesoes Leves;4;5;5;4;2;1
Ausencia de reacao do condutor;Queda de ocupante de veiculo;Anoitecer;Chuva;Motocicleta;Obito;1;5;5;4;2;1
Ausencia de reacao do condutor;Queda de ocupante de veiculo;Anoitecer;Chuva;Motoneta;Lesoes Graves;1;5;5;4;2;3
Ausencia de reacao do condutor;Queda de ocupante de veiculo;Anoitecer;Chuva;Motoneta;Lesoes Leves;1;5;5;4;2;3
Ausencia de reacao do condutor;Queda de ocupante de veiculo;Anoitecer;Garoa/Chuvisco;Automovel;Ileso;1;5;5;4;3;1
Ausencia de reacao do condutor;Queda de ocupante de veiculo;Anoitecer;Garoa/Chuvisco;Motocicleta;Lesoes Graves;2;5;5;4;3;1
Ausencia de reacao do condutor;Queda de ocupante de veiculo;Anoitecer;Ignorado;Automovel;Ileso;1;5;5;4;0;1
Ausencia de reacao do condutor;Queda de ocupante de veiculo;Anoitecer;Ignorado;Motocicleta;Lesoes Graves;1;5;5;4;0;1
Ausencia de reacao do condutor;Queda de ocupante de veiculo;Anoitecer;Ignorado;Motocicleta;Lesoes Leves;1;5;5;4;0;1
Ausencia de reacao do condutor;Queda de ocupante de veiculo;Anoitecer;Nublado;Automovel;Ileso;2;5;5;4;2;1
Ausencia de reacao do condutor;Queda de ocupante de veiculo;Anoitecer;Nublado;Caminhonete;Ileso;2;5;5;4;2;2
Ausencia de reacao do condutor;Queda de ocupante de veiculo;Anoitecer;Nublado;Motocicleta;Ileso;1;5;5;4;2;1
Ausencia de reacao do condutor;Queda de ocupante de veiculo;Anoitecer;Nublado;Motocicleta;Lesoes Graves;1;5;5;4;2;1
Ausencia de reacao do condutor;Queda de ocupante de veiculo;Anoitecer;Nublado;Motocicleta;Lesoes Leves;12;5;5;4;2;1
Ausencia de reacao do condutor;Queda de ocupante de veiculo;Anoitecer;Nublado;Motoneta;Lesoes Graves;1;5;5;4;2;3
Ausencia de reacao do condutor;Queda de ocupante de veiculo;Anoitecer;Nublado;Motoneta;Lesoes Leves;1;5;5;4;2;3
Ausencia de reacao do condutor;Queda de ocupante de veiculo;Anoitecer;Nublado;Utilitario;Lesoes Leves;1;5;5;4;2;3
Ausencia de reacao do condutor;Queda de ocupante de veiculo;Plena Noite;Ceu Claro;Automovel;Ileso;69;5;5;2;1;1
Ausencia de reacao do condutor;Queda de ocupante de veiculo;Plena Noite;Ceu Claro;Automovel;Lesoes Graves;3;5;5;2;1;1
Ausencia de reacao do condutor;Queda de ocupante de veiculo;Plena Noite;Ceu Claro;Automovel;Obito;1;5;5;2;1;1
Ausencia de reacao do condutor;Queda de ocupante de veiculo;Plena Noite;Ceu Claro;Bicicleta;Lesoes Graves;5;5;5;2;1;3
Ausencia de reacao do condutor;Queda de ocupante de veiculo;Plena Noite;Ceu Claro;Bicicleta;Lesoes Leves;4;5;5;2;1;3
Ausencia de reacao do condutor;Queda de ocupante de veiculo;Plena Noite;Ceu Claro;Bicicleta;Obito;7;5;5;2;1;3
Ausencia de reacao do condutor;Queda de ocupante de veiculo;Plena Noite;Ceu Claro;Caminhao;Ileso;11;5;5;2;1;2
Ausencia de reacao do condutor;Queda de ocupante de veiculo;Plena Noite;Ceu Claro;Caminhao;Lesoes Graves;1;5;5;2;1;2
Ausencia de reacao do condutor;Queda de ocupante de veiculo;Plena Noite;Ceu Claro;Caminhao-trator;Ileso;10;5;5;2;1;2
Ausencia de reacao do condutor;Queda de ocupante de veiculo;Plena Noite;Ceu Claro;Caminhao-trator;Obito;1;5;5;2;1;2
Ausencia de reacao do condutor;Queda de ocupante de veiculo;Plena Noite;Ceu Claro;Caminhonete;Ileso;28;5;5;2;1;2
Ausencia de reacao do condutor;Queda de ocupante de veiculo;Plena Noite;Ceu Claro;Ciclomotor;Lesoes Graves;1;5;5;2;1;4
Ausencia de reacao do condutor;Queda de ocupante de veiculo;Plena Noite;Ceu Claro;Motocicleta;Ileso;17;5;5;2;1;1
Ausencia de reacao do condutor;Queda de ocupante de veiculo;Plena Noite;Ceu Claro;Motocicleta;Lesoes Graves;97;5;5;2;1;1
Ausencia de reacao do condutor;Queda de ocupante de veiculo;Plena Noite;Ceu Claro;Motocicleta;Lesoes Leves;174;5;5;2;1;1
Ausencia de reacao do condutor;Queda de ocupante de veiculo;Plena Noite;Ceu Claro;Motocicleta;Obito;33;5;5;2;1;1
Ausencia de reacao do condutor;Queda de ocupante de veiculo;Plena Noite;Ceu Claro;Motoneta;Ileso;2;5;5;2;1;3
Ausencia de reacao do condutor;Queda de ocupante de veiculo;Plena Noite;Ceu Claro;Motoneta;Lesoes Graves;5;5;5;2;1;3
Ausencia de reacao do condutor;Queda de ocupante de veiculo;Plena Noite;Ceu Claro;Motoneta;Lesoes Leves;24;5;5;2;1;3
Ausencia de reacao do condutor;Queda de ocupante de veiculo;Plena Noite;Ceu Claro;Motoneta;Obito;3;5;5;2;1;3
Ausencia de reacao do condutor;Queda de ocupante de veiculo;Plena Noite;Ceu Claro;Nao Informado;Ileso;4;5;5;2;1;3
Ausencia de reacao do condutor;Queda de ocupante de veiculo;Plena Noite;Ceu Claro;Nao se aplica;Ileso;1;5;5;2;1;3
Ausencia de reacao do condutor;Queda de ocupante de veiculo;Plena Noite;Ceu Claro;Nao se aplica;Lesoes Graves;3;5;5;2;1;3
Ausencia de reacao do condutor;Queda de ocupante de veiculo;Plena Noite;Ceu Claro;Nao se aplica;Lesoes Leves;2;5;5;2;1;3
Ausencia de reacao do condutor;Queda de ocupante de veiculo;Plena Noite;Ceu Claro;Onibus;Ileso;2;5;5;2;1;3
Ausencia de reacao do condutor;Queda de ocupante de veiculo;Plena Noite;Ceu Claro;Utilitario;Ileso;1;5;5;2;1;3
Ausencia de reacao do condutor;Queda de ocupante de veiculo;Plena Noite;Chuva;Automovel;Ileso;18;5;5;2;2;1
Ausencia de reacao do condutor;Queda de ocupante de veiculo;Plena Noite;Chuva;Automovel;Lesoes Leves;1;5;5;2;2;1
Ausencia de reacao do condutor;Queda de ocupante de veiculo;Plena Noite;Chuva;Bicicleta;Lesoes Graves;1;5;5;2;2;3
Ausencia de reacao do condutor;Queda de ocupante de veiculo;Plena Noite;Chuva;Caminhao;Ileso;1;5;5;2;2;2
Ausencia de reacao do condutor;Queda de ocupante de veiculo;Plena Noite;Chuva;Caminhao-trator;Ileso;3;5;5;2;2;2
Ausencia de reacao do condutor;Queda de ocupante de veiculo;Plena Noite;Chuva;Caminhonete;Ileso;1;5;5;2;2;2
Ausencia de reacao do condutor;Queda de ocupante de veiculo;Plena Noite;Chuva;Micro-onibus;Ileso;1;5;5;2;2;4
Ausencia de reacao do condutor;Queda de ocupante de veiculo;Plena Noite;Chuva;Motocicleta;Ileso;4;5;5;2;2;1