causa_acidente;tipo_acidente;fase_dia;condicao_metereologica;tipo_veiculo;estado_fisico;count;causa_acidente_criterios;tipo_acidente_criterios;fase_dia_criterios;condicao_metereologica_criterios;tipo_veiculo_criterios
Ausencia de reacao do condutor;Queda de ocupante de veiculo;Plena Noite;Chuva;Motocicleta;Lesoes Graves;14;5;5;2;2;1
Ausencia de reacao do condutor;Queda de ocupante de veiculo;Plena Noite;Chuva;Motocicleta;Lesoes Leves;22;5;5;2;2;1
Ausencia de reacao do condutor;Queda de ocupante de veiculo;Plena Noite;Chuva;Motocicleta;Obito;6;5;5;2;2;1
Ausencia de reacao do condutor;Queda de ocupante de veiculo;Plena Noite;Chuva;Motoneta;Ileso;1;5;5;2;2;3
Ausencia de reacao do condutor;Queda de ocupante de veiculo;Plena Noite;Chuva;Motoneta;Lesoes Leves;4;5;5;2;2;3
Ausencia de reacao do condutor;Queda de ocupante de veiculo;Plena Noite;Chuva;Nao se aplica;Lesoes Graves;2;5;5;2;2;3
Ausencia de reacao do condutor;Queda de ocupante de veiculo;Plena Noite;Chuva;Nao se aplica;Lesoes Leves;1;5;5;2;2;3
Ausencia de reacao do condutor;Queda de ocupante de veiculo;Plena Noite;Garoa/Chuvisco;Automovel;Ileso;3;5;5;2;3;1
Ausencia de reacao do condutor;Queda de ocupante de veiculo;Plena Noite;Garoa/Chuvisco;Automovel;Lesoes Leves;2;5;5;2;3;1
Ausencia de reacao do condutor;Queda de ocupante de veiculo;Plena Noite;Garoa/Chuvisco;Bicicleta;Lesoes Leves;1;5;5;2;3;3
Ausencia de reacao do condutor;Queda de ocupante de veiculo;Plena Noite;Garoa/Chuvisco;Bicicleta;Obito;1;5;5;2;3;3
Ausencia de reacao do condutor;Queda de ocupante de veiculo;Plena Noite;Garoa/Chuvisco;Caminhao;Lesoes Leves;1;5;5;2;3;2
Ausencia de reacao do condutor;Queda de ocupante de veiculo;Plena Noite;Garoa/Chuvisco;Caminhao-trator;Ileso;1;5;5;2;3;2
Ausencia de reacao do condutor;Queda de ocupante de veiculo;Plena Noite;Garoa/Chuvisco;Caminhonete;Obito;1;5;5;2;3;2
Ausencia de reacao do condutor;Queda de ocupante de veiculo;Plena Noite;Garoa/Chuvisco;Micro-onibus;Lesoes Leves;1;5;5;2;3;4
Ausencia de reacao do condutor;Queda de ocupante de veiculo;Plena Noite;Garoa/Chuvisco;Motocicleta;Ileso;3;5;5;2;3;1
Ausencia de reacao do condutor;Queda de ocupante de veiculo;Plena Noite;Garoa/Chuvisco;Motocicleta;Lesoes Graves;9;5;5;2;3;1
Ausencia de reacao do condutor;Queda de ocupante de veiculo;Plena Noite;Garoa/Chuvisco;Motocicleta;Lesoes Leves;15;5;5;2;3;1
Ausencia de reacao do condutor;Queda de ocupante de veiculo;Plena Noite;Garoa/Chuvisco;Motocicleta;Obito;2;5;5;2;3;1
Ausencia de reacao do condutor;Queda de ocupante de veiculo;Plena Noite;Garoa/Chuvisco;Onibus;Ileso;1;5;5;2;3;3
Ausencia de reacao do condutor;Queda de ocupante de veiculo;Plena Noite;Garoa/Chuvisco;Utilitario;Ileso;1;5;5;2;3;3
Ausencia de reacao do condutor;Queda de ocupante de veiculo;Plena Noite;Ignorado;Automovel;Ileso;1;5;5;2;0;1
Ausencia de reacao do condutor;Queda de ocupante de veiculo;Plena Noite;Ignorado;Automovel;Lesoes Graves;1;5;5;2;0;1
Ausencia de reacao do condutor;Queda de ocupante de veiculo;Plena Noite;Ignorado;Automovel;Lesoes Leves;1;5;5;2;0;1
Ausencia de reacao do condutor;Queda de ocupante de veiculo;Plena Noite;Ignorado;Caminhonete;Ileso;2;5;5;2;0;2
Ausencia de reacao do condutor;Queda de ocupante de veiculo;Plena Noite;Ignorado;Motocicleta;Lesoes Graves;4;5;5;2;0;1
Ausencia de reacao do condutor;Queda de ocupante de veiculo;Plena Noite;Ignorado;Motocicleta;Lesoes Leves;4;5;5;2;0;1
Ausencia de reacao do condutor;Queda de ocupante de veiculo;Plena Noite;Ignorado;Motocicleta;Obito;3;5;5;2;0;1
Ausencia de reacao do condutor;Queda de ocupante de veiculo;Plena Noite;Ignorado;Motoneta;Lesoes Graves;1;5;5;2;0;3
Ausencia de reacao do condutor;Queda de ocupante de veiculo;Plena Noite;Ignorado;Nao se aplica;Obito;2;5;5;2;0;3
Ausencia de reacao do condutor;Queda de ocupante de veiculo;Plena Noite;Ignorado;Utilitario;Ileso;1;5;5;2;0;3
Ausencia de reacao do condutor;Queda de ocupante de veiculo;Plena Noite;Nevoeiro/Neblina;Motoneta;Ileso;1;5;5;2;4;3
Ausencia de reacao do condutor;Queda de ocupante de veiculo;Plena Noite;Nublado;Automovel;Ileso;33;5;5;2;2;1
Ausencia de reacao do condutor;Queda de ocupante de veiculo;Plena Noite;Nublado;Bicicleta;Lesoes Graves;3;5;5;2;2;3
Ausencia de reacao do condutor;Queda de ocupante de veiculo;Plena Noite;Nublado;Bicicleta;Lesoes Leves;2;5;5;2;2;3
Ausencia de reacao do condutor;Queda de ocupante de veiculo;Plena Noite;Nublado;Bicicleta;Obito;1;5;5;2;2;3
Ausencia de reacao do condutor;Queda de ocupante de veiculo;Plena Noite;Nublado;Caminhao;Ileso;1;5;5;2;2;2
Ausencia de reacao do condutor;Queda de ocupante de veiculo;Plena Noite;Nublado;Caminhao-trator;Ileso;6;5;5;2;2;2
Ausencia de reacao do condutor;Queda de ocupante de veiculo;Plena Noite;Nublado;Caminhonete;Ileso;7;5;5;2;2;2
Ausencia de reacao do condutor;Queda de ocupante de veiculo;Plena Noite;Nublado;Caminhonete;Lesoes Graves;1;5;5;2;2;2
Ausencia de reacao do condutor;Queda de ocupante de veiculo;Plena Noite;Nublado;Caminhonete;Obito;1;5;5;2;2;2
Ausencia de reacao do condutor;Queda de ocupante de veiculo;Plena Noite;Nublado;Motocicleta;Ileso;5;5;5;2;2;1
Ausencia de reacao do condutor;Queda de ocupante de veiculo;Plena Noite;Nublado;Motocicleta;Lesoes Graves;33;5;5;2;2;1
Ausencia de reacao do condutor;Queda de ocupante de veiculo;Plena Noite;Nublado;Motocicleta;Lesoes Leves;49;5;5;2;2;1
Ausencia de reacao do condutor;Queda de ocupante de veiculo;Plena Noite;Nublado;Motocicleta;Obito;17;5;5;2;2;1
Ausencia de reacao do condutor;Queda de ocupante de veiculo;Plena Noite;Nublado;Motoneta;Ileso;1;5;5;2;2;3
Ausencia de reacao do condutor;Queda de ocupante de veiculo;Plena Noite;Nublado;Motoneta;Lesoes Graves;4;5;5;2;2;3
Ausencia de reacao do condutor;Queda de ocupante de veiculo;Plena Noite;Nublado;Motoneta;Lesoes Leves;3;5;5;2;2;3
Ausencia de reacao do condutor;Queda de ocupante de veiculo;Plena Noite;Nublado;Nao Informado;Ileso;5;5;5;2;2;3
Ausencia de reacao do condutor;Queda de ocupante de veiculo;Plena Noite;Nublado;Nao se aplica;Ileso;2;5;5;2;2;3
Ausencia de reacao do condutor;Queda de ocupante de veiculo;Plena Noite;Nublado;Nao se aplica;Lesoes Graves;1;5;5;2;2;3
Ausencia de reacao do condutor;Queda de ocupante de veiculo;Plena Noite;Nublado;Onibus;Ileso;2;5;5;2;2;3
Ausencia de reacao do condutor;Queda de ocupante de veiculo;Plena Noite;Vento;Motocicleta;Lesoes Leves;1;5;5;2;5;1
Ausencia de reacao do condutor;Queda de ocupante de veiculo;Pleno dia;Ceu Claro;Automovel;Ileso;145;5;5;1;1;1
Ausencia de reacao do condutor;Queda de ocupante de veiculo;Pleno dia;Ceu Claro;Automovel;Lesoes Graves;5;5;5;1;1;1
Ausencia de reacao do condutor;Queda de ocupante de veiculo;Pleno dia;Ceu Claro;Automovel;Lesoes Leves;3;5;5;1;1;1
Ausencia de reacao do condutor;Queda de ocupante de veiculo;Pleno dia;Ceu Claro;Automovel;Obito;2;5;5;1;1;1
Ausencia de reacao do condutor;Queda de ocupante de veiculo;Pleno dia;Ceu Claro;Bicicleta;Lesoes Graves;5;5;5;1;1;3
Ausencia de reacao do condutor;Queda de ocupante de veiculo;Pleno dia;Ceu Claro;Bicicleta;Lesoes Leves;28;5;5;1;1;3
Ausencia de reacao do condutor;Queda de ocupante de veiculo;Pleno dia;Ceu Claro;Bicicleta;Obito;3;5;5;1;1;3
Ausencia de reacao do condutor;Queda de ocupante de veiculo;Pleno dia;Ceu Claro;Caminhao;Ileso;21;5;5;1;1;2
Ausencia de reacao do condutor;Queda de ocupante de veiculo;Pleno dia;Ceu Claro;Caminhao;Lesoes Graves;1;5;5;1;1;2
Ausencia de reacao do condutor;Queda de ocupante de veiculo;Pleno dia;Ceu Claro;Caminhao-trator;Ileso;27;5;5;1;1;2
Ausencia de reacao do condutor;Queda de ocupante de veiculo;Pleno dia;Ceu Claro;Caminhao-trator;Lesoes Graves;1;5;5;1;1;2
Ausencia de reacao do condutor;Queda de ocupante de veiculo;Pleno dia;Ceu Claro;Caminhao-trator;Lesoes Leves;1;5;5;1;1;2
Ausencia de reacao do condutor;Queda de ocupante de veiculo;Pleno dia;Ceu Claro;Caminhonete;Ileso;51;5;5;1;1;2
Ausencia de reacao do condutor;Queda de ocupante de veiculo;Pleno dia;Ceu Claro;Caminhonete;Lesoes Graves;3;5;5;1;1;2
Ausencia de reacao do condutor;Queda de ocupante de veiculo;Pleno dia;Ceu Claro;Caminhonete;Lesoes Leves;2;5;5;1;1;2
Ausencia de reacao do condutor;Queda de ocupante de veiculo;Pleno dia;Ceu Claro;Caminhonete;Obito;1;5;5;1;1;2
Ausencia de reacao do condutor;Queda de ocupante de veiculo;Pleno dia;Ceu Claro;Carroca-charrete;Ileso;1;5;5;1;1;5
Ausencia de reacao do condutor;Queda de ocupante de veiculo;Pleno dia;Ceu Claro;Carroca-charrete;Lesoes Leves;1;5;5;1;1;5
Ausencia de reacao do condutor;Queda de ocupante de veiculo;Pleno dia;Ceu Claro;Ciclomotor;Lesoes Leves;2;5;5;1;1;4
Ausencia de reacao do condutor;Queda de ocupante de veiculo;Pleno dia;Ceu Claro;Micro-onibus;Ileso;2;5;5;1;1;4
Ausencia de reacao do condutor;Queda de ocupante de veiculo;Pleno dia;Ceu Claro;Micro-onibus;Obito;1;5;5;1;1;4
Ausencia de reacao do condutor;Queda de ocupante de veiculo;Pleno dia;Ceu Claro;Motocicleta;Ileso;39;5;5;1;1;1
Ausencia de reacao do condutor;Queda de ocupante de veiculo;Pleno dia;Ceu Claro;Motocicleta;Lesoes Graves;125;5;5;1;1;1
Ausencia de reacao do condutor;Queda de ocupante de veiculo;Pleno dia;Ceu Claro;Motocicleta;Lesoes Leves;344;5;5;1;1;1
Ausencia de reacao do condutor;Queda de ocupante de veiculo;Pleno dia;Ceu Claro;Motocicleta;Obito;19;5;5;1;1;1
Ausencia de reacao do condutor;Queda de ocupante de veiculo;Pleno dia;Ceu Claro;Motoneta;Ileso;5;5;5;1;1;3
Ausencia de reacao do condutor;Queda de ocupante de veiculo;Pleno dia;Ceu Claro;Motoneta;Lesoes Graves;14;5;5;1;1;3
Ausencia de reacao do condutor;Queda de ocupante de veiculo;Pleno dia;Ceu Claro;Motoneta;Lesoes Leves;47;5;5;1;1;3
Ausencia de reacao do condutor;Queda de ocupante de veiculo;Pleno dia;Ceu Claro;Nao Informado;Ileso;9;5;5;1;1;3
Ausencia de reacao do condutor;Queda de ocupante de veiculo;Pleno dia;Ceu Claro;Nao se aplica;Lesoes Graves;3;5;5;1;1;3
Ausencia de reacao do condutor;Queda de ocupante de veiculo;Pleno dia;Ceu Claro;Nao se aplica;Lesoes Leves;3;5;5;1;1;3
Ausencia de reacao do condutor;Queda de ocupante de veiculo;Pleno dia;Ceu Claro;Onibus;Ileso;14;5;5;1;1;3
Ausencia de reacao do condutor;Queda de ocupante de veiculo;Pleno dia;Ceu Claro;Onibus;Lesoes Graves;5;5;5;1;1;3
Ausencia de reacao do condutor;Queda de ocupante de veiculo;Pleno dia;Ceu Claro;Onibus;Lesoes Leves;16;5;5;1;1;3
Ausencia de reacao do condutor;Queda de ocupante de veiculo;Pleno dia;Ceu Claro;Onibus;Obito;1;5;5;1;1;3
Ausencia de reacao do condutor;Queda de ocupante de veiculo;Pleno dia;Ceu Claro;Utilitario;Ileso;6;5;5;1;1;3
Ausencia de reacao do condutor;Queda de ocupante de veiculo;Pleno dia;Chuva;Automovel;Ileso;7;5;5;1;2;1
Ausencia de reacao do condutor;Queda de ocupante de veiculo;Pleno dia;Chuva;Caminhao;Ileso;2;5;5;1;2;2
Ausencia de reacao do condutor;Queda de ocupante de veiculo;Pleno dia;Chuva;Caminhonete;Ileso;1;5;5;1;2;2
Ausencia de reacao do condutor;Queda de ocupante de veiculo;Pleno dia;Chuva;Motocicleta;Ileso;1;5;5;1;2;1
Ausencia de reacao do condutor;Queda de ocupante de veiculo;Pleno dia;Chuva;Motocicleta;Lesoes Graves;7;5;5;1;2;1
Ausencia de reacao do condutor;Queda de ocupante de veiculo;Pleno dia;Chuva;Motocicleta;Lesoes Leves;22;5;5;1;2;1
Ausencia de reacao do condutor;Queda de ocupante de veiculo;Pleno dia;Chuva;Motoneta;Lesoes Graves;2;5;5;1;2;3
Ausencia de reacao do condutor;Queda de ocupante de veiculo;Pleno dia;Chuva;Motoneta;Lesoes Leves;6;5;5;1;2;3
Ausencia de reacao do condutor;Queda de ocupante de veiculo;Pleno dia;Garoa/Chuvisco;Automovel;Ileso;5;5;5;1;3;1
Ausencia de reacao do condutor;Queda de ocupante de veiculo;Pleno dia;Garoa/Chuvisco;Caminhao;Ileso;1;5;5;1;3;2
Ausencia de reacao do condutor;Queda de ocupante de veiculo;Pleno dia;Garoa/Chuvisco;Caminhao-trator;Ileso;1;5;5;1;3;2
Ausencia de reacao do condutor;Queda de ocupante de veiculo;Pleno dia;Garoa/Chuvisco;Caminhonete;Ileso;1;5;5;1;3;2
Ausencia de reacao do condutor;Queda de ocupante de veiculo;Pleno dia;Garoa/Chuvisco;Motocicleta;Ileso;1;5;5;1;3;1
Ausencia de reacao do condutor;Queda de ocupante de veiculo;Pleno dia;Garoa/Chuvisco;Motocicleta;Lesoes Graves;3;5;5;1;3;1
Ausencia de reacao do condutor;Queda de ocupante de veiculo;Pleno dia;Garoa/Chuvisco;Motocicleta;Lesoes Leves;15;5;5;1;3;1
Ausencia de reacao do condutor;Queda de ocupante de veiculo;Pleno dia;Ignorado;Caminhao-trator;Ileso;1;5;5;1;0;2
Ausencia de reacao do condutor;Queda de ocupante de veiculo;Pleno dia;Ignorado;Motocicleta;Lesoes Graves;3;5;5;1;0;1
Ausencia de reacao do condutor;Queda de ocupante de veiculo;Pleno dia;Ignorado;Motocicleta;Lesoes Leves;3;5;5;1;0;1
Ausencia de reacao do condutor;Queda de ocupante de veiculo;Pleno dia;Nevoeiro/Neblina;Caminhonete;Ileso;1;5;5;1;4;2
Ausencia de reacao do condutor;Queda de ocupante de veiculo;Pleno dia;Nevoeiro/Neblina;Motocicleta;Lesoes Leves;1;5;5;1;4;1
Ausencia de reacao do condutor;Queda de ocupante de veiculo;Pleno dia;Nublado;Automovel;Ileso;42;5;5;1;2;1
Ausencia de reacao do condutor;Queda de ocupante de veiculo;Pleno dia;Nublado;Automovel;Obito;1;5;5;1;2;1
Ausencia de reacao do condutor;Queda de ocupante de veiculo;Pleno dia;Nublado;Bicicleta;Lesoes Graves;1;5;5;1;2;3
Ausencia de reacao do condutor;Queda de ocupante de veiculo;Pleno dia;Nublado;Bicicleta;Lesoes Leves;6;5;5;1;2;3
Ausencia de reacao do condutor;Queda de ocupante de veiculo;Pleno dia;Nublado;Caminhao;Ileso;4;5;5;1;2;2
Ausencia de reacao do condutor;Queda de ocupante de veiculo;Pleno dia;Nublado;Caminhao-trator;Ileso;7;5;5;1;2;2
Ausencia de reacao do condutor;Queda de ocupante de veiculo;Pleno dia;Nublado;Caminhonete;Ileso;18;5;5;1;2;2
Ausencia de reacao do condutor;Queda de ocupante de veiculo;Pleno dia;Nublado;Ciclomotor;Lesoes Graves;1;5;5;1;2;4
Ausencia de reacao do condutor;Queda de ocupante de veiculo;Pleno dia;Nublado;Micro-onibus;Ileso;1;5;5;1;2;4
Ausencia de reacao do condutor;Queda de ocupante de veiculo;Pleno dia;Nublado;Motocicleta;Ileso;10;5;5;1;2;1
Ausencia de reacao do condutor;Queda de ocupante de veiculo;Pleno dia;Nublado;Motocicleta;Lesoes Graves;19;5;5;1;2;1
Ausencia de reacao do condutor;Queda de ocupante de veiculo;Pleno dia;Nublado;Motocicleta;Lesoes Leves;86;5;5;1;2;1
Ausencia de reacao do condutor;Queda de ocupante de veiculo;Pleno dia;Nublado;Motocicleta;Obito;6;5;5;1;2;1
Ausencia de reacao do condutor;Queda de ocupante de veiculo;Pleno dia;Nublado;Motoneta;Lesoes Graves;5;5;5;1;2;3
Ausencia de reacao do condutor;Queda de ocupante de veiculo;Pleno dia;Nublado;Motoneta;Lesoes Leves;9;5;5;1;2;3
Ausencia de reacao do condutor;Queda de ocupante de veiculo;Pleno dia;Nublado;Motoneta;Obito;1;5;5;1;2;3
Ausencia de reacao do condutor;Queda de ocupante de veiculo;Pleno dia;Nublado;Nao Informado;Ileso;3;5;5;1;2;3
Ausencia de reacao do condutor;Queda de ocupante de veiculo;Pleno dia;Nublado;Nao se aplica;Lesoes Leves;1;5;5;1;2;3
Ausencia de reacao do condutor;Queda de ocupante de veiculo;Pleno dia;Nublado;Onibus;Ileso;1;5;5;1;2;3
Ausencia de reacao do condutor;Queda de ocupante de veiculo;Pleno dia;Nublado;Utilitario;Ileso;1;5;5;1;2;3
Ausencia de reacao do condutor;Queda de ocupante de veiculo;Pleno dia;Sol;Automovel;Ileso;30;5;5;1;3;1
Ausencia de reacao do condutor;Queda de ocupante de veiculo;Pleno dia;Sol;Automovel;Lesoes Leves;2;5;5;1;3;1
Ausencia de reacao do condutor;Queda de ocupante de veiculo;Pleno dia;Sol;Bicicleta;Lesoes Graves;1;5;5;1;3;3
Ausencia de reacao do condutor;Queda de ocupante de veiculo;Pleno dia;Sol;Bicicleta;Lesoes Leves;2;5;5;1;3;3
Ausencia de reacao do condutor;Queda de ocupante de veiculo;Pleno dia;Sol;Caminhao;Ileso;4;5;5;1;3;2
Ausencia de reacao do condutor;Queda de ocupante de veiculo;Pleno dia;Sol;Caminhao-trator;Ileso;1;5;5;1;3;2
Ausencia de reacao do condutor;Queda de ocupante de veiculo;Pleno dia;Sol;Caminhonete;Ileso;10;5;5;1;3;2
Ausencia de reacao do condutor;Queda de ocupante de veiculo;Pleno dia;Sol;Micro-onibus;Ileso;1;5;5;1;3;4
Ausencia de reacao do condutor;Queda de ocupante de veiculo;Pleno dia;Sol;Motocicleta;Ileso;8;5;5;1;3;1
Ausencia de reacao do condutor;Queda de ocupante de veiculo;Pleno dia;Sol;Motocicleta;Lesoes Graves;18;5;5;1;3;1
Ausencia de reacao do condutor;Queda de ocupante de veiculo;Pleno dia;Sol;Motocicleta;Lesoes Leves;54;5;5;1;3;1
Ausencia de reacao do condutor;Queda de ocupante de veiculo;Pleno dia;Sol;Motocicleta;Obito;6;5;5;1;3;1
Ausencia de reacao do condutor;Queda de ocupante de veiculo;Pleno dia;Sol;Motoneta;Lesoes Graves;1;5;5;1;3;3
Ausencia de reacao do condutor;Queda de ocupante de veiculo;Pleno dia;Sol;Motoneta;Lesoes Leves;4;5;5;1;3;3
Ausencia de reacao do condutor;Queda de ocupante de veiculo;Pleno dia;Sol;Nao Informado;Ileso;4;5;5;1;3;3
Ausencia de reacao do condutor;Queda de ocupante de veiculo;Pleno dia;Sol;Onibus;Ileso;2;5;5;1;3;3
Ausencia de reacao do condutor;Queda de ocupante de veiculo;Pleno dia;Sol;Utilitario;Ileso;1;5;5;1;3;3
Ausencia de reacao do condutor;Saida de leito carrocavel;Amanhecer;Ceu Claro;Automovel;Ileso;14;5;5;4;1;1
Ausencia de reacao do condutor;Saida de leito carrocavel;Amanhecer;Ceu Claro;Automovel;Lesoes Graves;2;5;5;4;1;1
Ausencia de reacao do condutor;Saida de leito carrocavel;Amanhecer;Ceu Claro;Automovel;Lesoes Leves;20;5;5;4;1;1
Ausencia de reacao do condutor;Saida de leito carrocavel;Amanhecer;Ceu Claro;Automovel;Obito;1;5;5;4;1;1
Ausencia de reacao do condutor;Saida de leito carrocavel;Amanhecer;Ceu Claro;Caminhao;Ileso;3;5;5;4;1;2
Ausencia de reacao do condutor;Saida de leito carrocavel;Amanhecer;Ceu Claro;Caminhao;Lesoes Graves;1;5;5;4;1;2
Ausencia de reacao do condutor;Saida de leito carrocavel;Amanhecer;Ceu Claro;Caminhao;Lesoes Leves;3;5;5;4;1;2
Ausencia de reacao do condutor;Saida de leito carrocavel;Amanhecer;Ceu Claro;Caminhao;Obito;2;5;5;4;1;2
Ausencia de reacao do condutor;Saida de leito carrocavel;Amanhecer;Ceu Claro;Caminhao-trator;Ileso;2;5;5;4;1;2
Ausencia de reacao do condutor;Saida de leito carrocavel;Amanhecer;Ceu Claro;Caminhao-trator;Lesoes Graves;4;5;5;4;1;2
Ausencia de reacao do condutor;Saida de leito carrocavel;Amanhecer;Ceu Claro;Caminhao-trator;Lesoes Leves;4;5;5;4;1;2
Ausencia de reacao do condutor;Saida de leito carrocavel;Amanhecer;Ceu Claro;Caminhao-trator;Obito;3;5;5;4;1;2
Ausencia de reacao do condutor;Saida de leito carrocavel;Amanhecer;Ceu Claro;Caminhonete;Ileso;3;5;5;4;1;2
Ausencia de reacao do condutor;Saida de leito carrocavel;Amanhecer;Ceu Claro;Caminhonete;Lesoes Graves;3;5;5;4;1;2
Ausencia de reacao do condutor;Saida de leito carrocavel;Amanhecer;Ceu Claro;Caminhonete;Lesoes Leves;9;5;5;4;1;2
Ausencia de reacao do condutor;Saida de leito carrocavel;Amanhecer;Ceu Claro;Motocicleta;Lesoes Graves;2;5;5;4;1;1
Ausencia de reacao do condutor;Saida de leito carrocavel;Amanhecer;Ceu Claro;Motocicleta;Lesoes Leves;3;5;5;4;1;1
Ausencia de reacao do condutor;Saida de leito carrocavel;Amanhecer;Ceu Claro;Motoneta;Lesoes Leves;1;5;5;4;1;3
Ausencia de reacao do condutor;Saida de leito carrocavel;Amanhecer;Ceu Claro;Nao Informado;Ileso;2;5;5;4;1;3
Ausencia de reacao do condutor;Saida de leito carrocavel;Amanhecer;Ceu Claro;Nao Informado;Lesoes Leves;5;5;5;4;1;3
Ausencia de reacao do condutor;Saida de leito carrocavel;Amanhecer;Ceu Claro;Onibus;Ileso;1;5;5;4;1;3
Ausencia de reacao do condutor;Saida de leito carrocavel;Amanhecer;Ceu Claro;Onibus;Lesoes Leves;1;5;5;4;1;3
Ausencia de reacao do condutor;Saida de leito carrocavel;Amanhecer;Ceu Claro;Utilitario;Ileso;2;5;5;4;1;3
Ausencia de reacao do condutor;Saida de leito carrocavel;Amanhecer;Chuva;Automovel;Ileso;1;5;5;4;2;1
Ausencia de reacao do condutor;Saida de leito carrocavel;Amanhecer;Chuva;Automovel;Lesoes Leves;4;5;5;4;2;1
Ausencia de reacao do condutor;Saida de leito carrocavel;Amanhecer;Chuva;Caminhao;Ileso;6;5;5;4;2;2
Ausencia de reacao do condutor;Saida de leito carrocavel;Amanhecer;Chuva;Caminhao;Lesoes Leves;1;5;5;4;2;2
Ausencia de reacao do condutor;Saida de leito carrocavel;Amanhecer;Chuva;Caminhonete;Ileso;1;5;5;4;2;2
Ausencia de reacao do condutor;Saida de leito carrocavel;Amanhecer;Chuva;Caminhonete;Lesoes Leves;1;5;5;4;2;2
Ausencia de reacao do condutor;Saida de leito carrocavel;Amanhecer;Chuva;Micro-onibus;Ileso;1;5;5;4;2;4
Ausencia de reacao do condutor;Saida de leito carrocavel;Amanhecer;Chuva;Nao Informado;Ileso;1;5;5;4;2;3
Ausencia de reacao do condutor;Saida de leito carrocavel;Amanhecer;Chuva;Nao Informado;Lesoes Graves;1;5;5;4;2;3
Ausencia de reacao do condutor;Saida de leito carrocavel;Amanhecer;Garoa/Chuvisco;Automovel;Ileso;1;5;5;4;3;1
Ausencia de reacao do condutor;Saida de leito carrocavel;Amanhecer;Garoa/Chuvisco;Automovel;Lesoes Graves;5;5;5;4;3;1
Ausencia de reacao do condutor;Saida de leito carrocavel;Amanhecer;Garoa/Chuvisco;Automovel;Obito;1;5;5;4;3;1
Ausencia de reacao do condutor;Saida de leito carrocavel;Amanhecer;Garoa/Chuvisco;Caminhonete;Ileso;1;5;5;4;3;2
Ausencia de reacao do condutor;Saida de leito carrocavel;Amanhecer;Garoa/Chuvisco;Motocicleta;Lesoes Graves;1;5;5;4;3;1
Ausencia de reacao do condutor;Saida de leito carrocavel;Amanhecer;Garoa/Chuvisco;Nao Informado;Ileso;1;5;5;4;3;3
Ausencia de reacao do condutor;Saida de leito carrocavel;Amanhecer;Garoa/Chuvisco;Nao Informado;Lesoes Leves;1;5;5;4;3;3
Ausencia de reacao do condutor;Saida de leito carrocavel;Amanhecer;Ignorado;Caminhonete;Lesoes Graves;1;5;5;4;0;2
Ausencia de reacao do condutor;Saida de leito carrocavel;Amanhecer;Nevoeiro/Neblina;Automovel;Ileso;2;5;5;4;4;1
Ausencia de reacao do condutor;Saida de leito carrocavel;Amanhecer;Nevoeiro/Neblina;Automovel;Lesoes Leves;3;5;5;4;4;1
Ausencia de reacao do condutor;Saida de leito carrocavel;Amanhecer;Nevoeiro/Neblina;Motocicleta;Lesoes Graves;1;5;5;4;4;1
Ausencia de reacao do condutor;Saida de leito carrocavel;Amanhecer;Nevoeiro/Neblina;Motocicleta;Lesoes Leves;1;5;5;4;4;1
Ausencia de reacao do condutor;Saida de leito carrocavel;Amanhecer;Nublado;Automovel;Ileso;1;5;5;4;2;1
Ausencia de reacao do condutor;Saida de leito carrocavel;Amanhecer;Nublado;Automovel;Lesoes Graves;1;5;5;4;2;1
Ausencia de reacao do condutor;Saida de leito carrocavel;Amanhecer;Nublado;Automovel;Lesoes Leves;11;5;5;4;2;1
Ausencia de reacao do condutor;Saida de leito carrocavel;Amanhecer;Nublado;Automovel;Obito;1;5;5;4;2;1
Ausencia de reacao do condutor;Saida de leito carrocavel;Amanhecer;Nublado;Caminhao;Ileso;3;5;5;4;2;2
Ausencia de reacao do condutor;Saida de leito carrocavel;Amanhecer;Nublado;Caminhao;Lesoes Leves;1;5;5;4;2;2
Ausencia de reacao do condutor;Saida de leito carrocavel;Amanhecer;Nublado;Caminhao-trator;Lesoes Leves;1;5;5;4;2;2
Ausencia de reacao do condutor;Saida de leito carrocavel;Amanhecer;Nublado;Caminhonete;Ileso;1;5;5;4;2;2
Ausencia de reacao do condutor;Saida de leito carrocavel;Amanhecer;Nublado;Caminhonete;Lesoes Leves;5;5;5;4;2;2
Ausencia de reacao do condutor;Saida de leito carrocavel;Amanhecer;Nublado;Motocicleta;Lesoes Leves;1;5;5;4;2;1
Ausencia de reacao do condutor;Saida de leito carrocavel;Amanhecer;Nublado;Onibus;Ileso;1;5;5;4;2;3
Ausencia de reacao do condutor;Saida de leito carrocavel;Amanhecer;Sol;Automovel;Lesoes Graves;1;5;5;4;3;1
Ausencia de reacao do condutor;Saida de leito carrocavel;Anoitecer;Ceu Claro;Automovel;Ileso;2;5;5;4;1;1
Ausencia de reacao do condutor;Saida de leito carrocavel;Anoitecer;Ceu Claro;Automovel;Lesoes Graves;2;5;5;4;1;1