causa_acidente;tipo_acidente;fase_dia;condicao_metereologica;tipo_veiculo;estado_fisico;count;causa_acidente_criterios;tipo_acidente_criterios;fase_dia_criterios;condicao_metereologica_criterios;tipo_veiculo_criterios
Ausencia de reacao do condutor;Saida de leito carrocavel;Anoitecer;Ceu Claro;Automovel;Lesoes Leves;20;5;5;4;1;1
Ausencia de reacao do condutor;Saida de leito carrocavel;Anoitecer;Ceu Claro;Caminhao;Ileso;1;5;5;4;1;2
Ausencia de reacao do condutor;Saida de leito carrocavel;Anoitecer;Ceu Claro;Caminhao-trator;Ileso;2;5;5;4;1;2
Ausencia de reacao do condutor;Saida de leito carrocavel;Anoitecer;Ceu Claro;Caminhonete;Ileso;3;5;5;4;1;2
Ausencia de reacao do condutor;Saida de leito carrocavel;Anoitecer;Ceu Claro;Caminhonete;Lesoes Graves;1;5;5;4;1;2
Ausencia de reacao do condutor;Saida de leito carrocavel;Anoitecer;Ceu Claro;Caminhonete;Lesoes Leves;3;5;5;4;1;2
Ausencia de reacao do condutor;Saida de leito carrocavel;Anoitecer;Ceu Claro;Motocicleta;Lesoes Leves;5;5;5;4;1;1
Ausencia de reacao do condutor;Saida de leito carrocavel;Anoitecer;Ceu Claro;Motocicleta;Obito;3;5;5;4;1;1
Ausencia de reacao do condutor;Saida de leito carrocavel;Anoitecer;Ceu Claro;Nao Informado;Ileso;2;5;5;4;1;3
Ausencia de reacao do condutor;Saida de leito carrocavel;Anoitecer;Ceu Claro;Nao Informado;Obito;1;5;5;4;1;3
Ausencia de reacao do condutor;Saida de leito carrocavel;Anoitecer;Ceu Claro;Utilitario;Ileso;1;5;5;4;1;3
Ausencia de reacao do condutor;Saida de leito carrocavel;Anoitecer;Chuva;Automovel;Ileso;3;5;5;4;2;1
Ausencia de reacao do condutor;Saida de leito carrocavel;Anoitecer;Chuva;Automovel;Lesoes Graves;5;5;5;4;2;1
Ausencia de reacao do condutor;Saida de leito carrocavel;Anoitecer;Chuva;Automovel;Lesoes Leves;10;5;5;4;2;1
Ausencia de reacao do condutor;Saida de leito carrocavel;Anoitecer;Chuva;Caminhao;Ileso;1;5;5;4;2;2
Ausencia de reacao do condutor;Saida de leito carrocavel;Anoitecer;Chuva;Caminhao-trator;Obito;1;5;5;4;2;2
Ausencia de reacao do condutor;Saida de leito carrocavel;Anoitecer;Chuva;Caminhonete;Lesoes Graves;3;5;5;4;2;2
Ausencia de reacao do condutor;Saida de leito carrocavel;Anoitecer;Chuva;Caminhonete;Lesoes Leves;2;5;5;4;2;2
Ausencia de reacao do condutor;Saida de leito carrocavel;Anoitecer;Chuva;Micro-onibus;Ileso;1;5;5;4;2;4
Ausencia de reacao do condutor;Saida de leito carrocavel;Anoitecer;Chuva;Micro-onibus;Lesoes Graves;5;5;5;4;2;4
Ausencia de reacao do condutor;Saida de leito carrocavel;Anoitecer;Chuva;Micro-onibus;Lesoes Leves;2;5;5;4;2;4
Ausencia de reacao do condutor;Saida de leito carrocavel;Anoitecer;Chuva;Micro-onibus;Obito;4;5;5;4;2;4
Ausencia de reacao do condutor;Saida de leito carrocavel;Anoitecer;Chuva;Motocicleta;Obito;1;5;5;4;2;1
Ausencia de reacao do condutor;Saida de leito carrocavel;Anoitecer;Garoa/Chuvisco;Automovel;Ileso;1;5;5;4;3;1
Ausencia de reacao do condutor;Saida de leito carrocavel;Anoitecer;Garoa/Chuvisco;Automovel;Lesoes Graves;1;5;5;4;3;1
Ausencia de reacao do condutor;Saida de leito carrocavel;Anoitecer;Garoa/Chuvisco;Caminhao;Ileso;1;5;5;4;3;2
Ausencia de reacao do condutor;Saida de leito carrocavel;Anoitecer;Garoa/Chuvisco;Nao se aplica;Lesoes Leves;2;5;5;4;3;3
Ausencia de reacao do condutor;Saida de leito carrocavel;Anoitecer;Ignorado;Caminhao;Ileso;2;5;5;4;0;2
Ausencia de reacao do condutor;Saida de leito carrocavel;Anoitecer;Ignorado;Caminhao;Lesoes Leves;1;5;5;4;0;2
Ausencia de reacao do condutor;Saida de leito carrocavel;Anoitecer;Ignorado;Caminhao-trator;Ileso;1;5;5;4;0;2
Ausencia de reacao do condutor;Saida de leito carrocavel;Anoitecer;Nevoeiro/Neblina;Caminhao;Lesoes Leves;1;5;5;4;4;2
Ausencia de reacao do condutor;Saida de leito carrocavel;Anoitecer;Nublado;Automovel;Ileso;7;5;5;4;2;1
Ausencia de reacao do condutor;Saida de leito carrocavel;Anoitecer;Nublado;Automovel;Lesoes Leves;3;5;5;4;2;1
Ausencia de reacao do condutor;Saida de leito carrocavel;Anoitecer;Nublado;Caminhao;Lesoes Leves;2;5;5;4;2;2
Ausencia de reacao do condutor;Saida de leito carrocavel;Anoitecer;Nublado;Caminhao-trator;Lesoes Leves;1;5;5;4;2;2
Ausencia de reacao do condutor;Saida de leito carrocavel;Anoitecer;Nublado;Caminhonete;Ileso;5;5;5;4;2;2
Ausencia de reacao do condutor;Saida de leito carrocavel;Anoitecer;Nublado;Caminhonete;Lesoes Graves;1;5;5;4;2;2
Ausencia de reacao do condutor;Saida de leito carrocavel;Anoitecer;Nublado;Caminhonete;Obito;1;5;5;4;2;2
Ausencia de reacao do condutor;Saida de leito carrocavel;Anoitecer;Nublado;Motocicleta;Lesoes Leves;2;5;5;4;2;1
Ausencia de reacao do condutor;Saida de leito carrocavel;Plena Noite;Ceu Claro;Automovel;Ileso;72;5;5;2;1;1
Ausencia de reacao do condutor;Saida de leito carrocavel;Plena Noite;Ceu Claro;Automovel;Lesoes Graves;34;5;5;2;1;1
Ausencia de reacao do condutor;Saida de leito carrocavel;Plena Noite;Ceu Claro;Automovel;Lesoes Leves;114;5;5;2;1;1
Ausencia de reacao do condutor;Saida de leito carrocavel;Plena Noite;Ceu Claro;Automovel;Obito;18;5;5;2;1;1
Ausencia de reacao do condutor;Saida de leito carrocavel;Plena Noite;Ceu Claro;Bicicleta;Obito;1;5;5;2;1;3
Ausencia de reacao do condutor;Saida de leito carrocavel;Plena Noite;Ceu Claro;Caminhao;Ileso;5;5;5;2;1;2
Ausencia de reacao do condutor;Saida de leito carrocavel;Plena Noite;Ceu Claro;Caminhao;Lesoes Graves;3;5;5;2;1;2
Ausencia de reacao do condutor;Saida de leito carrocavel;Plena Noite;Ceu Claro;Caminhao;Lesoes Leves;11;5;5;2;1;2
Ausencia de reacao do condutor;Saida de leito carrocavel;Plena Noite;Ceu Claro;Caminhao;Obito;1;5;5;2;1;2
Ausencia de reacao do condutor;Saida de leito carrocavel;Plena Noite;Ceu Claro;Caminhao-trator;Ileso;13;5;5;2;1;2
Ausencia de reacao do condutor;Saida de leito carrocavel;Plena Noite;Ceu Claro;Caminhao-trator;Lesoes Graves;7;5;5;2;1;2
Ausencia de reacao do condutor;Saida de leito carrocavel;Plena Noite;Ceu Claro;Caminhao-trator;Lesoes Leves;12;5;5;2;1;2
Ausencia de reacao do condutor;Saida de leito carrocavel;Plena Noite;Ceu Claro;Caminhao-trator;Obito;5;5;5;2;1;2
Ausencia de reacao do condutor;Saida de leito carrocavel;Plena Noite;Ceu Claro;Caminhonete;Ileso;7;5;5;2;1;2
Ausencia de reacao do condutor;Saida de leito carrocavel;Plena Noite;Ceu Claro;Caminhonete;Lesoes Graves;5;5;5;2;1;2
Ausencia de reacao do condutor;Saida de leito carrocavel;Plena Noite;Ceu Claro;Caminhonete;Lesoes Leves;20;5;5;2;1;2
Ausencia de reacao do condutor;Saida de leito carrocavel;Plena Noite;Ceu Claro;Caminhonete;Obito;1;5;5;2;1;2
Ausencia de reacao do condutor;Saida de leito carrocavel;Plena Noite;Ceu Claro;Motocicleta;Ileso;3;5;5;2;1;1
Ausencia de reacao do condutor;Saida de leito carrocavel;Plena Noite;Ceu Claro;Motocicleta;Lesoes Graves;15;5;5;2;1;1
Ausencia de reacao do condutor;Saida de leito carrocavel;Plena Noite;Ceu Claro;Motocicleta;Lesoes Leves;22;5;5;2;1;1
Ausencia de reacao do condutor;Saida de leito carrocavel;Plena Noite;Ceu Claro;Motocicleta;Obito;10;5;5;2;1;1
Ausencia de reacao do condutor;Saida de leito carrocavel;Plena Noite;Ceu Claro;Motoneta;Lesoes Leves;1;5;5;2;1;3
Ausencia de reacao do condutor;Saida de leito carrocavel;Plena Noite;Ceu Claro;Nao Informado;Ileso;4;5;5;2;1;3
Ausencia de reacao do condutor;Saida de leito carrocavel;Plena Noite;Ceu Claro;Nao Informado;Lesoes Leves;4;5;5;2;1;3
Ausencia de reacao do condutor;Saida de leito carrocavel;Plena Noite;Ceu Claro;Nao se aplica;Obito;1;5;5;2;1;3
Ausencia de reacao do condutor;Saida de leito carrocavel;Plena Noite;Ceu Claro;Onibus;Ileso;8;5;5;2;1;3
Ausencia de reacao do condutor;Saida de leito carrocavel;Plena Noite;Ceu Claro;Onibus;Lesoes Graves;1;5;5;2;1;3
Ausencia de reacao do condutor;Saida de leito carrocavel;Plena Noite;Ceu Claro;Onibus;Lesoes Leves;8;5;5;2;1;3
Ausencia de reacao do condutor;Saida de leito carrocavel;Plena Noite;Ceu Claro;Utilitario;Lesoes Graves;4;5;5;2;1;3
Ausencia de reacao do condutor;Saida de leito carrocavel;Plena Noite;Ceu Claro;Utilitario;Lesoes Leves;3;5;5;2;1;3
Ausencia de reacao do condutor;Saida de leito carrocavel;Plena Noite;Chuva;Automovel;Ileso;25;5;5;2;2;1
Ausencia de reacao do condutor;Saida de leito carrocavel;Plena Noite;Chuva;Automovel;Lesoes Graves;14;5;5;2;2;1
Ausencia de reacao do condutor;Saida de leito carrocavel;Plena Noite;Chuva;Automovel;Lesoes Leves;17;5;5;2;2;1
Ausencia de reacao do condutor;Saida de leito carrocavel;Plena Noite;Chuva;Automovel;Obito;5;5;5;2;2;1
Ausencia de reacao do condutor;Saida de leito carrocavel;Plena Noite;Chuva;Caminhao;Ileso;2;5;5;2;2;2
Ausencia de reacao do condutor;Saida de leito carrocavel;Plena Noite;Chuva;Caminhao;Lesoes Leves;3;5;5;2;2;2
Ausencia de reacao do condutor;Saida de leito carrocavel;Plena Noite;Chuva;Caminhao;Obito;1;5;5;2;2;2
Ausencia de reacao do condutor;Saida de leito carrocavel;Plena Noite;Chuva;Caminhao-trator;Ileso;4;5;5;2;2;2
Ausencia de reacao do condutor;Saida de leito carrocavel;Plena Noite;Chuva;Caminhao-trator;Lesoes Leves;4;5;5;2;2;2
Ausencia de reacao do condutor;Saida de leito carrocavel;Plena Noite;Chuva;Caminhao-trator;Obito;2;5;5;2;2;2
Ausencia de reacao do condutor;Saida de leito carrocavel;Plena Noite;Chuva;Caminhonete;Ileso;6;5;5;2;2;2
Ausencia de reacao do condutor;Saida de leito carrocavel;Plena Noite;Chuva;Caminhonete;Lesoes Graves;3;5;5;2;2;2
Ausencia de reacao do condutor;Saida de leito carrocavel;Plena Noite;Chuva;Caminhonete;Lesoes Leves;6;5;5;2;2;2
Ausencia de reacao do condutor;Saida de leito carrocavel;Plena Noite;Chuva;Motocicleta;Lesoes Graves;7;5;5;2;2;1
Ausencia de reacao do condutor;Saida de leito carrocavel;Plena Noite;Chuva;Motocicleta;Lesoes Leves;3;5;5;2;2;1
Ausencia de reacao do condutor;Saida de leito carrocavel;Plena Noite;Chuva;Motocicleta;Obito;1;5;5;2;2;1
Ausencia de reacao do condutor;Saida de leito carrocavel;Plena Noite;Chuva;Nao Informado;Lesoes Graves;3;5;5;2;2;3
Ausencia de reacao do condutor;Saida de leito carrocavel;Plena Noite;Chuva;Nao Informado;Obito;3;5;5;2;2;3
Ausencia de reacao do condutor;Saida de leito carrocavel;Plena Noite;Chuva;Onibus;Ileso;1;5;5;2;2;3
Ausencia de reacao do condutor;Saida de leito carrocavel;Plena Noite;Chuva;Utilitario;Ileso;1;5;5;2;2;3
Ausencia de reacao do condutor;Saida de leito carrocavel;Plena Noite;Garoa/Chuvisco;Automovel;Ileso;5;5;5;2;3;1
Ausencia de reacao do condutor;Saida de leito carrocavel;Plena Noite;Garoa/Chuvisco;Automovel;Lesoes Graves;7;5;5;2;3;1
Ausencia de reacao do condutor;Saida de leito carrocavel;Plena Noite;Garoa/Chuvisco;Automovel;Lesoes Leves;12;5;5;2;3;1
Ausencia de reacao do condutor;Saida de leito carrocavel;Plena Noite;Garoa/Chuvisco;Automovel;Obito;1;5;5;2;3;1
Ausencia de reacao do condutor;Saida de leito carrocavel;Plena Noite;Garoa/Chuvisco;Caminhao;Lesoes Leves;2;5;5;2;3;2
Ausencia de reacao do condutor;Saida de leito carrocavel;Plena Noite;Garoa/Chuvisco;Caminhao;Obito;1;5;5;2;3;2
Ausencia de reacao do condutor;Saida de leito carrocavel;Plena Noite;Garoa/Chuvisco;Caminhao-trator;Ileso;1;5;5;2;3;2
Ausencia de reacao do condutor;Saida de leito carrocavel;Plena Noite;Garoa/Chuvisco;Caminhonete;Ileso;1;5;5;2;3;2
Ausencia de reacao do condutor;Saida de leito carrocavel;Plena Noite;Garoa/Chuvisco;Caminhonete;Obito;1;5;5;2;3;2
Ausencia de reacao do condutor;Saida de leito carrocavel;Plena Noite;Garoa/Chuvisco;Micro-onibus;Ileso;9;5;5;2;3;4
Ausencia de reacao do condutor;Saida de leito carrocavel;Plena Noite;Garoa/Chuvisco;Micro-onibus;Lesoes Leves;1;5;5;2;3;4
Ausencia de reacao do condutor;Saida de leito carrocavel;Plena Noite;Garoa/Chuvisco;Motocicleta;Lesoes Graves;1;5;5;2;3;1
Ausencia de reacao do condutor;Saida de leito carrocavel;Plena Noite;Garoa/Chuvisco;Motocicleta;Lesoes Leves;3;5;5;2;3;1
Ausencia de reacao do condutor;Saida de leito carrocavel;Plena Noite;Garoa/Chuvisco;Nao Informado;Lesoes Leves;2;5;5;2;3;3
Ausencia de reacao do condutor;Saida de leito carrocavel;Plena Noite;Garoa/Chuvisco;Onibus;Lesoes Graves;1;5;5;2;3;3
Ausencia de reacao do condutor;Saida de leito carrocavel;Plena Noite;Garoa/Chuvisco;Onibus;Lesoes Leves;37;5;5;2;3;3
Ausencia de reacao do condutor;Saida de leito carrocavel;Plena Noite;Ignorado;Automovel;Ileso;4;5;5;2;0;1
Ausencia de reacao do condutor;Saida de leito carrocavel;Plena Noite;Ignorado;Automovel;Lesoes Graves;1;5;5;2;0;1
Ausencia de reacao do condutor;Saida de leito carrocavel;Plena Noite;Ignorado;Automovel;Lesoes Leves;3;5;5;2;0;1
Ausencia de reacao do condutor;Saida de leito carrocavel;Plena Noite;Ignorado;Automovel;Obito;4;5;5;2;0;1
Ausencia de reacao do condutor;Saida de leito carrocavel;Plena Noite;Ignorado;Caminhao-trator;Ileso;2;5;5;2;0;2
Ausencia de reacao do condutor;Saida de leito carrocavel;Plena Noite;Ignorado;Caminhao-trator;Lesoes Graves;1;5;5;2;0;2
Ausencia de reacao do condutor;Saida de leito carrocavel;Plena Noite;Ignorado;Caminhao-trator;Lesoes Leves;2;5;5;2;0;2
Ausencia de reacao do condutor;Saida de leito carrocavel;Plena Noite;Ignorado;Caminhonete;Lesoes Graves;1;5;5;2;0;2
Ausencia de reacao do condutor;Saida de leito carrocavel;Plena Noite;Ignorado;Onibus;Ileso;2;5;5;2;0;3
Ausencia de reacao do condutor;Saida de leito carrocavel;Plena Noite;Nevoeiro/Neblina;Automovel;Lesoes Leves;2;5;5;2;4;1
Ausencia de reacao do condutor;Saida de leito carrocavel;Plena Noite;Nevoeiro/Neblina;Caminhao;Lesoes Graves;1;5;5;2;4;2
Ausencia de reacao do condutor;Saida de leito carrocavel;Plena Noite;Nevoeiro/Neblina;Caminhao-trator;Lesoes Leves;1;5;5;2;4;2
Ausencia de reacao do condutor;Saida de leito carrocavel;Plena Noite;Nevoeiro/Neblina;Caminhao-trator;Obito;1;5;5;2;4;2
Ausencia de reacao do condutor;Saida de leito carrocavel;Plena Noite;Nevoeiro/Neblina;Onibus;Lesoes Leves;3;5;5;2;4;3
Ausencia de reacao do condutor;Saida de leito carrocavel;Plena Noite;Nublado;Automovel;Ileso;41;5;5;2;2;1
Ausencia de reacao do condutor;Saida de leito carrocavel;Plena Noite;Nublado;Automovel;Lesoes Graves;9;5;5;2;2;1
Ausencia de reacao do condutor;Saida de leito carrocavel;Plena Noite;Nublado;Automovel;Lesoes Leves;20;5;5;2;2;1
Ausencia de reacao do condutor;Saida de leito carrocavel;Plena Noite;Nublado;Automovel;Obito;6;5;5;2;2;1
Ausencia de reacao do condutor;Saida de leito carrocavel;Plena Noite;Nublado;Bicicleta;Lesoes Graves;2;5;5;2;2;3
Ausencia de reacao do condutor;Saida de leito carrocavel;Plena Noite;Nublado;Caminhao;Ileso;1;5;5;2;2;2
Ausencia de reacao do condutor;Saida de leito carrocavel;Plena Noite;Nublado;Caminhao;Lesoes Graves;2;5;5;2;2;2
Ausencia de reacao do condutor;Saida de leito carrocavel;Plena Noite;Nublado;Caminhao;Lesoes Leves;2;5;5;2;2;2
Ausencia de reacao do condutor;Saida de leito carrocavel;Plena Noite;Nublado;Caminhao-trator;Ileso;9;5;5;2;2;2
Ausencia de reacao do condutor;Saida de leito carrocavel;Plena Noite;Nublado;Caminhao-trator;Lesoes Graves;3;5;5;2;2;2
Ausencia de reacao do condutor;Saida de leito carrocavel;Plena Noite;Nublado;Caminhao-trator;Lesoes Leves;11;5;5;2;2;2
Ausencia de reacao do condutor;Saida de leito carrocavel;Plena Noite;Nublado;Caminhonete;Ileso;9;5;5;2;2;2
Ausencia de reacao do condutor;Saida de leito carrocavel;Plena Noite;Nublado;Caminhonete;Lesoes Graves;13;5;5;2;2;2
Ausencia de reacao do condutor;Saida de leito carrocavel;Plena Noite;Nublado;Caminhonete;Lesoes Leves;10;5;5;2;2;2
Ausencia de reacao do condutor;Saida de leito carrocavel;Plena Noite;Nublado;Caminhonete;Obito;1;5;5;2;2;2
Ausencia de reacao do condutor;Saida de leito carrocavel;Plena Noite;Nublado;Motocicleta;Lesoes Graves;6;5;5;2;2;1
Ausencia de reacao do condutor;Saida de leito carrocavel;Plena Noite;Nublado;Motocicleta;Lesoes Leves;8;5;5;2;2;1
Ausencia de reacao do condutor;Saida de leito carrocavel;Plena Noite;Nublado;Motocicleta;Obito;3;5;5;2;2;1
Ausencia de reacao do condutor;Saida de leito carrocavel;Plena Noite;Nublado;Motoneta;Lesoes Leves;1;5;5;2;2;3
Ausencia de reacao do condutor;Saida de leito carrocavel;Plena Noite;Nublado;Nao Informado;Ileso;3;5;5;2;2;3
Ausencia de reacao do condutor;Saida de leito carrocavel;Plena Noite;Nublado;Nao Informado;Lesoes Leves;6;5;5;2;2;3
Ausencia de reacao do condutor;Saida de leito carrocavel;Plena Noite;Nublado;Onibus;Ileso;35;5;5;2;2;3
Ausencia de reacao do condutor;Saida de leito carrocavel;Plena Noite;Nublado;Onibus;Lesoes Leves;2;5;5;2;2;3
Ausencia de reacao do condutor;Saida de leito carrocavel;Plena Noite;Nublado;Utilitario;Ileso;4;5;5;2;2;3
Ausencia de reacao do condutor;Saida de leito carrocavel;Plena Noite;Nublado;Utilitario;Lesoes Leves;1;5;5;2;2;3
Ausencia de reacao do condutor;Saida de leito carrocavel;Plena Noite;Nublado;Utilitario;Obito;1;5;5;2;2;3
Ausencia de reacao do condutor;Saida de leito carrocavel;Pleno dia;Ceu Claro;Automovel;Ileso;100;5;5;1;1;1
Ausencia de reacao do condutor;Saida de leito carrocavel;Pleno dia;Ceu Claro;Automovel;Lesoes Graves;47;5;5;1;1;1
Ausencia de reacao do condutor;Saida de leito carrocavel;Pleno dia;Ceu Claro;Automovel;Lesoes Leves;192;5;5;1;1;1
Ausencia de reacao do condutor;Saida de leito carrocavel;Pleno dia;Ceu Claro;Automovel;Obito;23;5;5;1;1;1
Ausencia de reacao do condutor;Saida de leito carrocavel;Pleno dia;Ceu Claro;Bicicleta;Obito;1;5;5;1;1;3
Ausencia de reacao do condutor;Saida de leito carrocavel;Pleno dia;Ceu Claro;Caminhao;Ileso;18;5;5;1;1;2
Ausencia de reacao do condutor;Saida de leito carrocavel;Pleno dia;Ceu Claro;Caminhao;Lesoes Graves;9;5;5;1;1;2
Ausencia de reacao do condutor;Saida de leito carrocavel;Pleno dia;Ceu Claro;Caminhao;Lesoes Leves;17;5;5;1;1;2
Ausencia de reacao do condutor;Saida de leito carrocavel;Pleno dia;Ceu Claro;Caminhao;Obito;1;5;5;1;1;2
Ausencia de reacao do condutor;Saida de leito carrocavel;Pleno dia;Ceu Claro;Caminhao-trator;Ileso;44;5;5;1;1;2
Ausencia de reacao do condutor;Saida de leito carrocavel;Pleno dia;Ceu Claro;Caminhao-trator;Lesoes Graves;10;5;5;1;1;2
Ausencia de reacao do condutor;Saida de leito carrocavel;Pleno dia;Ceu Claro;Caminhao-trator;Lesoes Leves;30;5;5;1;1;2
Ausencia de reacao do condutor;Saida de leito carrocavel;Pleno dia;Ceu Claro;Caminhao-trator;Obito;7;5;5;1;1;2
Ausencia de reacao do condutor;Saida de leito carrocavel;Pleno dia;Ceu Claro;Caminhonete;Ileso;34;5;5;1;1;2
Ausencia de reacao do condutor;Saida de leito carrocavel;Pleno dia;Ceu Claro;Caminhonete;Lesoes Graves;15;5;5;1;1;2
Ausencia de reacao do condutor;Saida de leito carrocavel;Pleno dia;Ceu Claro;Caminhonete;Lesoes Leves;34;5;5;1;1;2
Ausencia de reacao do condutor;Saida de leito carrocavel;Pleno dia;Ceu Claro;Caminhonete;Obito;4;5;5;1;1;2
Ausencia de reacao do condutor;Saida de leito carrocavel;Pleno dia;Ceu Claro;Motocicleta;Ileso;5;5;5;1;1;1
Ausencia de reacao do condutor;Saida de leito carrocavel;Pleno dia;Ceu Claro;Motocicleta;Lesoes Graves;17;5;5;1;1;1
Ausencia de reacao do condutor;Saida de leito carrocavel;Pleno dia;Ceu Claro;Motocicleta;Lesoes Leves;37;5;5;1;1;1
Ausencia de reacao do condutor;Saida de leito carrocavel;Pleno dia;Ceu Claro;Motocicleta;Obito;10;5;5;1;1;1
Ausencia de reacao do condutor;Saida de leito carrocavel;Pleno dia;Ceu Claro;Motoneta;Lesoes Leves;6;5;5;1;1;3
Ausencia de reacao do condutor;Saida de leito carrocavel;Pleno dia;Ceu Claro;Nao Informado;Ileso;8;5;5;1;1;3
Ausencia de reacao do condutor;Saida de leito carrocavel;Pleno dia;Ceu Claro;Nao Informado;Lesoes Graves;5;5;5;1;1;3
Ausencia de reacao do condutor;Saida de leito carrocavel;Pleno dia;Ceu Claro;Nao Informado;Lesoes Leves;14;5;5;1;1;3
Ausencia de reacao do condutor;Saida de leito carrocavel;Pleno dia;Ceu Claro;Nao Informado;Obito;1;5;5;1;1;3
Ausencia de reacao do condutor;Saida de leito carrocavel;Pleno dia;Ceu Claro;Nao se aplica;Ileso;1;5;5;1;1;3
Ausencia de reacao do condutor;Saida de leito carrocavel;Pleno dia;Ceu Claro;Nao se aplica;Lesoes Graves;2;5;5;1;1;3
Ausencia de reacao do condutor;Saida de leito carrocavel;Pleno dia;Ceu Claro;Nao se aplica;Lesoes Leves;2;5;5;1;1;3
Ausencia de reacao do condutor;Saida de leito carrocavel;Pleno dia;Ceu Claro;Nao se aplica;Obito;1;5;5;1;1;3
Ausencia de reacao do condutor;Saida de leito carrocavel;Pleno dia;Ceu Claro;Onibus;Ileso;27;5;5;1;1;3
Ausencia de reacao do condutor;Saida de leito carrocavel;Pleno dia;Ceu Claro;Onibus;Lesoes Graves;7;5;5;1;1;3
Ausencia de reacao do condutor;Saida de leito carrocavel;Pleno dia;Ceu Claro;Onibus;Lesoes Leves;39;5;5;1;1;3
Ausencia de reacao do condutor;Saida de leito carrocavel;Pleno dia;Ceu Claro;Onibus;Obito;1;5;5;1;1;3
Ausencia de reacao do condutor;Saida de leito carrocavel;Pleno dia;Ceu Claro;Reboque;Ileso;1;5;5;1;1;5
Ausencia de reacao do condutor;Saida de leito carrocavel;Pleno dia;Ceu Claro;Utilitario;Lesoes Leves;3;5;5;1;1;3
Ausencia de reacao do condutor;Saida de leito carrocavel;Pleno dia;Ceu Claro;Utilitario;Obito;1;5;5;1;1;3
Ausencia de reacao do condutor;Saida de leito carrocavel;Pleno dia;Chuva;Automovel;Ileso;36;5;5;1;2;1
Ausencia de reacao do condutor;Saida de leito carrocavel;Pleno dia;Chuva;Automovel;Lesoes Graves;7;5;5;1;2;1
Ausencia de reacao do condutor;Saida de leito carrocavel;Pleno dia;Chuva;Automovel;Lesoes Leves;59;5;5;1;2;1
Ausencia de reacao do condutor;Saida de leito carrocavel;Pleno dia;Chuva;Automovel;Obito;2;5;5;1;2;1
Ausencia de reacao do condutor;Saida de leito carrocavel;Pleno dia;Chuva;Caminhao;Ileso;1;5;5;1;2;2
Ausencia de reacao do condutor;Saida de leito carrocavel;Pleno dia;Chuva;Caminhao;Lesoes Graves;1;5;5;1;2;2
Ausencia de reacao do condutor;Saida de leito carrocavel;Pleno dia;Chuva;Caminhao;Lesoes Leves;4;5;5;1;2;2
Ausencia de reacao do condutor;Saida de leito carrocavel;Pleno dia;Chuva;Caminhao;Obito;1;5;5;1;2;2
Ausencia de reacao do condutor;Saida de leito carrocavel;Pleno dia;Chuva;Caminhao-trator;Ileso;5;5;5;1;2;2
Ausencia de reacao do condutor;Saida de leito carrocavel;Pleno dia;Chuva;Caminhao-trator;Lesoes Graves;1;5;5;1;2;2
Ausencia de reacao do condutor;Saida de leito carrocavel;Pleno dia;Chuva;Caminhao-trator;Lesoes Leves;7;5;5;1;2;2
Ausencia de reacao do condutor;Saida de leito carrocavel;Pleno dia;Chuva;Caminhonete;Ileso;6;5;5;1;2;2
Ausencia de reacao do condutor;Saida de leito carrocavel;Pleno dia;Chuva;Caminhonete;Lesoes Graves;3;5;5;1;2;2
Ausencia de reacao do condutor;Saida de leito carrocavel;Pleno dia;Chuva;Caminhonete;Lesoes Leves;26;5;5;1;2;2
Ausencia de reacao do condutor;Saida de leito carrocavel;Pleno dia;Chuva;Caminhonete;Obito;2;5;5;1;2;2
Ausencia de reacao do condutor;Saida de leito carrocavel;Pleno dia;Chuva;Motocicleta;Lesoes Graves;1;5;5;1;2;1
Ausencia de reacao do condutor;Saida de leito carrocavel;Pleno dia;Chuva;Motocicleta;Lesoes Leves;2;5;5;1;2;1
Ausencia de reacao do condutor;Saida de leito carrocavel;Pleno dia;Chuva;Motoneta;Lesoes Graves;1;5;5;1;2;3
Ausencia de reacao do condutor;Saida de leito carrocavel;Pleno dia;Chuva;Motoneta;Lesoes Leves;1;5;5;1;2;3
Ausencia de reacao do condutor;Saida de leito carrocavel;Pleno dia;Chuva;Nao Informado;Ileso;2;5;5;1;2;3
Ausencia de reacao do condutor;Saida de leito carrocavel;Pleno dia;Chuva;Nao Informado;Lesoes Leves;6;5;5;1;2;3
Ausencia de reacao do condutor;Saida de leito carrocavel;Pleno dia;Chuva;Nao se aplica;Lesoes Graves;1;5;5;1;2;3
Ausencia de reacao do condutor;Saida de leito carrocavel;Pleno dia;Chuva;Onibus;Ileso;1;5;5;1;2;3
Ausencia de reacao do condutor;Saida de leito carrocavel;Pleno dia;Chuva;Onibus;Lesoes Leves;1;5;5;1;2;3
Ausencia de reacao do condutor;Saida de leito carrocavel;Pleno dia;Chuva;Utilitario;Lesoes Leves;3;5;5;1;2;3