causa_acidente;tipo_acidente;fase_dia;condicao_metereologica;tipo_veiculo;estado_fisico;count;causa_acidente_criterios;tipo_acidente_criterios;fase_dia_criterios;condicao_metereologica_criterios;tipo_veiculo_criterios
Avarias e/ou desgaste excessivo no pneu;Capotamento;Plena Noite;Nublado;Automovel;Lesoes Graves;2;3;5;2;2;1
Avarias e/ou desgaste excessivo no pneu;Capotamento;Plena Noite;Nublado;Automovel;Obito;1;3;5;2;2;1
Avarias e/ou desgaste excessivo no pneu;Capotamento;Plena Noite;Nublado;Motocicleta;Lesoes Leves;2;3;5;2;2;1
Avarias e/ou desgaste excessivo no pneu;Capotamento;Pleno dia;Ceu Claro;Automovel;Lesoes Graves;15;3;5;1;1;1
Avarias e/ou desgaste excessivo no pneu;Capotamento;Pleno dia;Ceu Claro;Automovel;Lesoes Leves;19;3;5;1;1;1
Avarias e/ou desgaste excessivo no pneu;Capotamento;Pleno dia;Ceu Claro;Automovel;Obito;1;3;5;1;1;1
Avarias e/ou desgaste excessivo no pneu;Capotamento;Pleno dia;Ceu Claro;Caminhao;Ileso;3;3;5;1;1;2
Avarias e/ou desgaste excessivo no pneu;Capotamento;Pleno dia;Ceu Claro;Caminhao;Lesoes Graves;5;3;5;1;1;2
Avarias e/ou desgaste excessivo no pneu;Capotamento;Pleno dia;Ceu Claro;Caminhao;Lesoes Leves;1;3;5;1;1;2
Avarias e/ou desgaste excessivo no pneu;Capotamento;Pleno dia;Ceu Claro;Caminhao-trator;Ileso;1;3;5;1;1;2
Avarias e/ou desgaste excessivo no pneu;Capotamento;Pleno dia;Ceu Claro;Caminhonete;Ileso;3;3;5;1;1;2
Avarias e/ou desgaste excessivo no pneu;Capotamento;Pleno dia;Ceu Claro;Caminhonete;Lesoes Graves;2;3;5;1;1;2
Avarias e/ou desgaste excessivo no pneu;Capotamento;Pleno dia;Ceu Claro;Caminhonete;Lesoes Leves;5;3;5;1;1;2
Avarias e/ou desgaste excessivo no pneu;Capotamento;Pleno dia;Ceu Claro;Nao Informado;Ileso;2;3;5;1;1;3
Avarias e/ou desgaste excessivo no pneu;Capotamento;Pleno dia;Ceu Claro;Nao Informado;Lesoes Graves;7;3;5;1;1;3
Avarias e/ou desgaste excessivo no pneu;Capotamento;Pleno dia;Ceu Claro;Nao Informado;Lesoes Leves;1;3;5;1;1;3
Avarias e/ou desgaste excessivo no pneu;Capotamento;Pleno dia;Ceu Claro;Nao Informado;Obito;1;3;5;1;1;3
Avarias e/ou desgaste excessivo no pneu;Capotamento;Pleno dia;Ceu Claro;Utilitario;Ileso;2;3;5;1;1;3
Avarias e/ou desgaste excessivo no pneu;Capotamento;Pleno dia;Chuva;Automovel;Ileso;15;3;5;1;2;1
Avarias e/ou desgaste excessivo no pneu;Capotamento;Pleno dia;Chuva;Automovel;Lesoes Graves;4;3;5;1;2;1
Avarias e/ou desgaste excessivo no pneu;Capotamento;Pleno dia;Chuva;Automovel;Lesoes Leves;29;3;5;1;2;1
Avarias e/ou desgaste excessivo no pneu;Capotamento;Pleno dia;Chuva;Caminhao;Ileso;1;3;5;1;2;2
Avarias e/ou desgaste excessivo no pneu;Capotamento;Pleno dia;Chuva;Caminhonete;Lesoes Graves;2;3;5;1;2;2
Avarias e/ou desgaste excessivo no pneu;Capotamento;Pleno dia;Chuva;Caminhonete;Lesoes Leves;13;3;5;1;2;2
Avarias e/ou desgaste excessivo no pneu;Capotamento;Pleno dia;Chuva;Utilitario;Ileso;3;3;5;1;2;3
Avarias e/ou desgaste excessivo no pneu;Capotamento;Pleno dia;Chuva;Utilitario;Lesoes Leves;6;3;5;1;2;3
Avarias e/ou desgaste excessivo no pneu;Capotamento;Pleno dia;Chuva;Utilitario;Obito;1;3;5;1;2;3
Avarias e/ou desgaste excessivo no pneu;Capotamento;Pleno dia;Garoa/Chuvisco;Automovel;Ileso;2;3;5;1;3;1
Avarias e/ou desgaste excessivo no pneu;Capotamento;Pleno dia;Garoa/Chuvisco;Automovel;Lesoes Graves;2;3;5;1;3;1
Avarias e/ou desgaste excessivo no pneu;Capotamento;Pleno dia;Garoa/Chuvisco;Automovel;Lesoes Leves;5;3;5;1;3;1
Avarias e/ou desgaste excessivo no pneu;Capotamento;Pleno dia;Garoa/Chuvisco;Nao Informado;Lesoes Leves;1;3;5;1;3;3
Avarias e/ou desgaste excessivo no pneu;Capotamento;Pleno dia;Garoa/Chuvisco;Utilitario;Ileso;3;3;5;1;3;3
Avarias e/ou desgaste excessivo no pneu;Capotamento;Pleno dia;Nublado;Automovel;Ileso;5;3;5;1;2;1
Avarias e/ou desgaste excessivo no pneu;Capotamento;Pleno dia;Nublado;Automovel;Lesoes Leves;6;3;5;1;2;1
Avarias e/ou desgaste excessivo no pneu;Capotamento;Pleno dia;Nublado;Automovel;Obito;1;3;5;1;2;1
Avarias e/ou desgaste excessivo no pneu;Capotamento;Pleno dia;Nublado;Caminhonete;Ileso;1;3;5;1;2;2
Avarias e/ou desgaste excessivo no pneu;Capotamento;Pleno dia;Nublado;Caminhonete;Lesoes Leves;2;3;5;1;2;2
Avarias e/ou desgaste excessivo no pneu;Capotamento;Pleno dia;Sol;Automovel;Lesoes Leves;5;3;5;1;3;1
Avarias e/ou desgaste excessivo no pneu;Capotamento;Pleno dia;Sol;Caminhonete;Lesoes Leves;1;3;5;1;3;2
Avarias e/ou desgaste excessivo no pneu;Colisao com objeto;Amanhecer;Chuva;Utilitario;Ileso;1;3;5;4;2;3
Avarias e/ou desgaste excessivo no pneu;Colisao com objeto;Amanhecer;Chuva;Utilitario;Lesoes Leves;3;3;5;4;2;3
Avarias e/ou desgaste excessivo no pneu;Colisao com objeto;Amanhecer;Chuva;Utilitario;Obito;1;3;5;4;2;3
Avarias e/ou desgaste excessivo no pneu;Colisao com objeto;Amanhecer;Garoa/Chuvisco;Motocicleta;Lesoes Leves;2;3;5;4;3;1
Avarias e/ou desgaste excessivo no pneu;Colisao com objeto;Amanhecer;Nevoeiro/Neblina;Micro-onibus;Lesoes Graves;2;3;5;4;4;4
Avarias e/ou desgaste excessivo no pneu;Colisao com objeto;Amanhecer;Nevoeiro/Neblina;Micro-onibus;Lesoes Leves;14;3;5;4;4;4
Avarias e/ou desgaste excessivo no pneu;Colisao com objeto;Amanhecer;Nublado;Automovel;Lesoes Graves;1;3;5;4;2;1
Avarias e/ou desgaste excessivo no pneu;Colisao com objeto;Anoitecer;Ceu Claro;Automovel;Lesoes Graves;1;3;5;4;1;1
Avarias e/ou desgaste excessivo no pneu;Colisao com objeto;Anoitecer;Ceu Claro;Automovel;Lesoes Leves;1;3;5;4;1;1
Avarias e/ou desgaste excessivo no pneu;Colisao com objeto;Anoitecer;Ceu Claro;Caminhonete;Ileso;1;3;5;4;1;2
Avarias e/ou desgaste excessivo no pneu;Colisao com objeto;Anoitecer;Ceu Claro;Nao Informado;Ileso;1;3;5;4;1;3
Avarias e/ou desgaste excessivo no pneu;Colisao com objeto;Anoitecer;Chuva;Automovel;Lesoes Leves;2;3;5;4;2;1
Avarias e/ou desgaste excessivo no pneu;Colisao com objeto;Anoitecer;Chuva;Nao Informado;Ileso;2;3;5;4;2;3
Avarias e/ou desgaste excessivo no pneu;Colisao com objeto;Anoitecer;Chuva;Nao Informado;Lesoes Leves;3;3;5;4;2;3
Avarias e/ou desgaste excessivo no pneu;Colisao com objeto;Anoitecer;Nublado;Caminhonete;Ileso;1;3;5;4;2;2
Avarias e/ou desgaste excessivo no pneu;Colisao com objeto;Anoitecer;Nublado;Caminhonete;Obito;1;3;5;4;2;2
Avarias e/ou desgaste excessivo no pneu;Colisao com objeto;Plena Noite;Ceu Claro;Automovel;Ileso;8;3;5;2;1;1
Avarias e/ou desgaste excessivo no pneu;Colisao com objeto;Plena Noite;Ceu Claro;Automovel;Lesoes Graves;3;3;5;2;1;1
Avarias e/ou desgaste excessivo no pneu;Colisao com objeto;Plena Noite;Ceu Claro;Automovel;Lesoes Leves;7;3;5;2;1;1
Avarias e/ou desgaste excessivo no pneu;Colisao com objeto;Plena Noite;Ceu Claro;Caminhao;Ileso;1;3;5;2;1;2
Avarias e/ou desgaste excessivo no pneu;Colisao com objeto;Plena Noite;Ceu Claro;Caminhao;Lesoes Leves;1;3;5;2;1;2
Avarias e/ou desgaste excessivo no pneu;Colisao com objeto;Plena Noite;Ceu Claro;Caminhao-trator;Ileso;2;3;5;2;1;2
Avarias e/ou desgaste excessivo no pneu;Colisao com objeto;Plena Noite;Ceu Claro;Caminhao-trator;Lesoes Leves;1;3;5;2;1;2
Avarias e/ou desgaste excessivo no pneu;Colisao com objeto;Plena Noite;Ceu Claro;Motocicleta;Ileso;1;3;5;2;1;1
Avarias e/ou desgaste excessivo no pneu;Colisao com objeto;Plena Noite;Ceu Claro;Motocicleta;Lesoes Graves;1;3;5;2;1;1
Avarias e/ou desgaste excessivo no pneu;Colisao com objeto;Plena Noite;Ceu Claro;Motocicleta;Lesoes Leves;7;3;5;2;1;1
Avarias e/ou desgaste excessivo no pneu;Colisao com objeto;Plena Noite;Chuva;Automovel;Ileso;2;3;5;2;2;1
Avarias e/ou desgaste excessivo no pneu;Colisao com objeto;Plena Noite;Chuva;Automovel;Lesoes Graves;2;3;5;2;2;1
Avarias e/ou desgaste excessivo no pneu;Colisao com objeto;Plena Noite;Chuva;Automovel;Lesoes Leves;3;3;5;2;2;1
Avarias e/ou desgaste excessivo no pneu;Colisao com objeto;Plena Noite;Chuva;Caminhao-trator;Ileso;1;3;5;2;2;2
Avarias e/ou desgaste excessivo no pneu;Colisao com objeto;Plena Noite;Chuva;Nao Informado;Lesoes Graves;3;3;5;2;2;3
Avarias e/ou desgaste excessivo no pneu;Colisao com objeto;Plena Noite;Chuva;Nao Informado;Obito;3;3;5;2;2;3
Avarias e/ou desgaste excessivo no pneu;Colisao com objeto;Plena Noite;Garoa/Chuvisco;Automovel;Ileso;4;3;5;2;3;1
Avarias e/ou desgaste excessivo no pneu;Colisao com objeto;Plena Noite;Garoa/Chuvisco;Automovel;Lesoes Graves;1;3;5;2;3;1
Avarias e/ou desgaste excessivo no pneu;Colisao com objeto;Plena Noite;Garoa/Chuvisco;Automovel;Lesoes Leves;1;3;5;2;3;1
Avarias e/ou desgaste excessivo no pneu;Colisao com objeto;Plena Noite;Garoa/Chuvisco;Nao Informado;Ileso;1;3;5;2;3;3
Avarias e/ou desgaste excessivo no pneu;Colisao com objeto;Plena Noite;Nublado;Automovel;Ileso;3;3;5;2;2;1
Avarias e/ou desgaste excessivo no pneu;Colisao com objeto;Plena Noite;Nublado;Automovel;Lesoes Graves;3;3;5;2;2;1
Avarias e/ou desgaste excessivo no pneu;Colisao com objeto;Plena Noite;Nublado;Caminhao-trator;Ileso;1;3;5;2;2;2
Avarias e/ou desgaste excessivo no pneu;Colisao com objeto;Plena Noite;Nublado;Onibus;Ileso;18;3;5;2;2;3
Avarias e/ou desgaste excessivo no pneu;Colisao com objeto;Plena Noite;Nublado;Onibus;Lesoes Graves;1;3;5;2;2;3
Avarias e/ou desgaste excessivo no pneu;Colisao com objeto;Plena Noite;Nublado;Onibus;Lesoes Leves;35;3;5;2;2;3
Avarias e/ou desgaste excessivo no pneu;Colisao com objeto;Plena Noite;Nublado;Onibus;Obito;4;3;5;2;2;3
Avarias e/ou desgaste excessivo no pneu;Colisao com objeto;Pleno dia;Ceu Claro;Automovel;Ileso;9;3;5;1;1;1
Avarias e/ou desgaste excessivo no pneu;Colisao com objeto;Pleno dia;Ceu Claro;Automovel;Lesoes Graves;9;3;5;1;1;1
Avarias e/ou desgaste excessivo no pneu;Colisao com objeto;Pleno dia;Ceu Claro;Automovel;Lesoes Leves;26;3;5;1;1;1
Avarias e/ou desgaste excessivo no pneu;Colisao com objeto;Pleno dia;Ceu Claro;Automovel;Obito;1;3;5;1;1;1
Avarias e/ou desgaste excessivo no pneu;Colisao com objeto;Pleno dia;Ceu Claro;Caminhao;Ileso;2;3;5;1;1;2
Avarias e/ou desgaste excessivo no pneu;Colisao com objeto;Pleno dia;Ceu Claro;Caminhao;Lesoes Graves;4;3;5;1;1;2
Avarias e/ou desgaste excessivo no pneu;Colisao com objeto;Pleno dia;Ceu Claro;Caminhao;Lesoes Leves;3;3;5;1;1;2
Avarias e/ou desgaste excessivo no pneu;Colisao com objeto;Pleno dia;Ceu Claro;Caminhao-trator;Lesoes Graves;1;3;5;1;1;2
Avarias e/ou desgaste excessivo no pneu;Colisao com objeto;Pleno dia;Ceu Claro;Caminhao-trator;Lesoes Leves;2;3;5;1;1;2
Avarias e/ou desgaste excessivo no pneu;Colisao com objeto;Pleno dia;Ceu Claro;Caminhonete;Ileso;3;3;5;1;1;2
Avarias e/ou desgaste excessivo no pneu;Colisao com objeto;Pleno dia;Ceu Claro;Caminhonete;Lesoes Graves;1;3;5;1;1;2
Avarias e/ou desgaste excessivo no pneu;Colisao com objeto;Pleno dia;Ceu Claro;Caminhonete;Lesoes Leves;1;3;5;1;1;2
Avarias e/ou desgaste excessivo no pneu;Colisao com objeto;Pleno dia;Ceu Claro;Motocicleta;Lesoes Graves;5;3;5;1;1;1
Avarias e/ou desgaste excessivo no pneu;Colisao com objeto;Pleno dia;Ceu Claro;Motocicleta;Lesoes Leves;4;3;5;1;1;1
Avarias e/ou desgaste excessivo no pneu;Colisao com objeto;Pleno dia;Ceu Claro;Motoneta;Lesoes Leves;1;3;5;1;1;3
Avarias e/ou desgaste excessivo no pneu;Colisao com objeto;Pleno dia;Ceu Claro;Nao Informado;Ileso;5;3;5;1;1;3
Avarias e/ou desgaste excessivo no pneu;Colisao com objeto;Pleno dia;Ceu Claro;Nao Informado;Lesoes Leves;2;3;5;1;1;3
Avarias e/ou desgaste excessivo no pneu;Colisao com objeto;Pleno dia;Ceu Claro;Onibus;Ileso;1;3;5;1;1;3
Avarias e/ou desgaste excessivo no pneu;Colisao com objeto;Pleno dia;Ceu Claro;Utilitario;Ileso;2;3;5;1;1;3
Avarias e/ou desgaste excessivo no pneu;Colisao com objeto;Pleno dia;Ceu Claro;Utilitario;Obito;1;3;5;1;1;3
Avarias e/ou desgaste excessivo no pneu;Colisao com objeto;Pleno dia;Chuva;Automovel;Ileso;17;3;5;1;2;1
Avarias e/ou desgaste excessivo no pneu;Colisao com objeto;Pleno dia;Chuva;Automovel;Lesoes Graves;2;3;5;1;2;1
Avarias e/ou desgaste excessivo no pneu;Colisao com objeto;Pleno dia;Chuva;Automovel;Lesoes Leves;18;3;5;1;2;1
Avarias e/ou desgaste excessivo no pneu;Colisao com objeto;Pleno dia;Chuva;Caminhao;Ileso;2;3;5;1;2;2
Avarias e/ou desgaste excessivo no pneu;Colisao com objeto;Pleno dia;Chuva;Caminhonete;Ileso;8;3;5;1;2;2
Avarias e/ou desgaste excessivo no pneu;Colisao com objeto;Pleno dia;Chuva;Caminhonete;Lesoes Graves;1;3;5;1;2;2
Avarias e/ou desgaste excessivo no pneu;Colisao com objeto;Pleno dia;Chuva;Caminhonete;Lesoes Leves;10;3;5;1;2;2
Avarias e/ou desgaste excessivo no pneu;Colisao com objeto;Pleno dia;Chuva;Nao Informado;Ileso;2;3;5;1;2;3
Avarias e/ou desgaste excessivo no pneu;Colisao com objeto;Pleno dia;Chuva;Nao Informado;Lesoes Leves;3;3;5;1;2;3
Avarias e/ou desgaste excessivo no pneu;Colisao com objeto;Pleno dia;Chuva;Utilitario;Ileso;2;3;5;1;2;3
Avarias e/ou desgaste excessivo no pneu;Colisao com objeto;Pleno dia;Chuva;Utilitario;Lesoes Leves;6;3;5;1;2;3
Avarias e/ou desgaste excessivo no pneu;Colisao com objeto;Pleno dia;Chuva;Utilitario;Obito;1;3;5;1;2;3
Avarias e/ou desgaste excessivo no pneu;Colisao com objeto;Pleno dia;Garoa/Chuvisco;Automovel;Ileso;21;3;5;1;3;1
Avarias e/ou desgaste excessivo no pneu;Colisao com objeto;Pleno dia;Garoa/Chuvisco;Automovel;Lesoes Leves;4;3;5;1;3;1
Avarias e/ou desgaste excessivo no pneu;Colisao com objeto;Pleno dia;Garoa/Chuvisco;Motocicleta;Lesoes Leves;2;3;5;1;3;1
Avarias e/ou desgaste excessivo no pneu;Colisao com objeto;Pleno dia;Garoa/Chuvisco;Nao Informado;Lesoes Leves;1;3;5;1;3;3
Avarias e/ou desgaste excessivo no pneu;Colisao com objeto;Pleno dia;Nublado;Automovel;Ileso;4;3;5;1;2;1
Avarias e/ou desgaste excessivo no pneu;Colisao com objeto;Pleno dia;Nublado;Automovel;Lesoes Graves;2;3;5;1;2;1
Avarias e/ou desgaste excessivo no pneu;Colisao com objeto;Pleno dia;Nublado;Automovel;Lesoes Leves;12;3;5;1;2;1
Avarias e/ou desgaste excessivo no pneu;Colisao com objeto;Pleno dia;Nublado;Automovel;Obito;1;3;5;1;2;1
Avarias e/ou desgaste excessivo no pneu;Colisao com objeto;Pleno dia;Nublado;Caminhao;Ileso;2;3;5;1;2;2
Avarias e/ou desgaste excessivo no pneu;Colisao com objeto;Pleno dia;Nublado;Caminhao-trator;Ileso;2;3;5;1;2;2
Avarias e/ou desgaste excessivo no pneu;Colisao com objeto;Pleno dia;Nublado;Caminhonete;Lesoes Leves;2;3;5;1;2;2
Avarias e/ou desgaste excessivo no pneu;Colisao com objeto;Pleno dia;Nublado;Motocicleta;Lesoes Leves;1;3;5;1;2;1
Avarias e/ou desgaste excessivo no pneu;Colisao com objeto;Pleno dia;Nublado;Nao Informado;Ileso;1;3;5;1;2;3
Avarias e/ou desgaste excessivo no pneu;Colisao com objeto;Pleno dia;Sol;Automovel;Ileso;6;3;5;1;3;1
Avarias e/ou desgaste excessivo no pneu;Colisao com objeto;Pleno dia;Sol;Automovel;Lesoes Graves;1;3;5;1;3;1
Avarias e/ou desgaste excessivo no pneu;Colisao com objeto;Pleno dia;Sol;Automovel;Lesoes Leves;4;3;5;1;3;1
Avarias e/ou desgaste excessivo no pneu;Colisao com objeto;Pleno dia;Sol;Caminhao;Ileso;1;3;5;1;3;2
Avarias e/ou desgaste excessivo no pneu;Colisao com objeto;Pleno dia;Sol;Caminhao-trator;Lesoes Leves;1;3;5;1;3;2
Avarias e/ou desgaste excessivo no pneu;Colisao com objeto;Pleno dia;Sol;Caminhonete;Lesoes Leves;5;3;5;1;3;2
Avarias e/ou desgaste excessivo no pneu;Colisao com objeto;Pleno dia;Sol;Motocicleta;Lesoes Leves;2;3;5;1;3;1
Avarias e/ou desgaste excessivo no pneu;Colisao com objeto;Pleno dia;Sol;Nao se aplica;Obito;1;3;5;1;3;3
Avarias e/ou desgaste excessivo no pneu;Colisao frontal;Anoitecer;Ceu Claro;Automovel;Lesoes Graves;1;3;5;4;1;1
Avarias e/ou desgaste excessivo no pneu;Colisao frontal;Anoitecer;Ceu Claro;Caminhonete;Ileso;1;3;5;4;1;2
Avarias e/ou desgaste excessivo no pneu;Colisao frontal;Anoitecer;Chuva;Automovel;Lesoes Graves;1;3;5;4;2;1
Avarias e/ou desgaste excessivo no pneu;Colisao frontal;Anoitecer;Chuva;Caminhao-trator;Ileso;1;3;5;4;2;2
Avarias e/ou desgaste excessivo no pneu;Colisao frontal;Anoitecer;Garoa/Chuvisco;Automovel;Lesoes Leves;1;3;5;4;3;1
Avarias e/ou desgaste excessivo no pneu;Colisao frontal;Anoitecer;Garoa/Chuvisco;Onibus;Ileso;1;3;5;4;3;3
Avarias e/ou desgaste excessivo no pneu;Colisao frontal;Plena Noite;Ceu Claro;Automovel;Ileso;2;3;5;2;1;1
Avarias e/ou desgaste excessivo no pneu;Colisao frontal;Plena Noite;Ceu Claro;Automovel;Lesoes Graves;2;3;5;2;1;1
Avarias e/ou desgaste excessivo no pneu;Colisao frontal;Plena Noite;Ceu Claro;Automovel;Lesoes Leves;2;3;5;2;1;1
Avarias e/ou desgaste excessivo no pneu;Colisao frontal;Plena Noite;Ceu Claro;Automovel;Obito;2;3;5;2;1;1
Avarias e/ou desgaste excessivo no pneu;Colisao frontal;Plena Noite;Ceu Claro;Motocicleta;Lesoes Graves;2;3;5;2;1;1
Avarias e/ou desgaste excessivo no pneu;Colisao frontal;Plena Noite;Chuva;Automovel;Lesoes Graves;1;3;5;2;2;1
Avarias e/ou desgaste excessivo no pneu;Colisao frontal;Plena Noite;Chuva;Automovel;Lesoes Leves;4;3;5;2;2;1
Avarias e/ou desgaste excessivo no pneu;Colisao frontal;Plena Noite;Chuva;Automovel;Obito;1;3;5;2;2;1
Avarias e/ou desgaste excessivo no pneu;Colisao frontal;Plena Noite;Chuva;Caminhao;Ileso;1;3;5;2;2;2
Avarias e/ou desgaste excessivo no pneu;Colisao frontal;Plena Noite;Chuva;Caminhao;Lesoes Leves;1;3;5;2;2;2
Avarias e/ou desgaste excessivo no pneu;Colisao frontal;Plena Noite;Chuva;Nao Informado;Lesoes Graves;1;3;5;2;2;3
Avarias e/ou desgaste excessivo no pneu;Colisao frontal;Pleno dia;Ceu Claro;Automovel;Ileso;5;3;5;1;1;1
Avarias e/ou desgaste excessivo no pneu;Colisao frontal;Pleno dia;Ceu Claro;Automovel;Lesoes Graves;11;3;5;1;1;1
Avarias e/ou desgaste excessivo no pneu;Colisao frontal;Pleno dia;Ceu Claro;Automovel;Lesoes Leves;6;3;5;1;1;1
Avarias e/ou desgaste excessivo no pneu;Colisao frontal;Pleno dia;Ceu Claro;Automovel;Obito;2;3;5;1;1;1
Avarias e/ou desgaste excessivo no pneu;Colisao frontal;Pleno dia;Ceu Claro;Caminhao;Ileso;2;3;5;1;1;2
Avarias e/ou desgaste excessivo no pneu;Colisao frontal;Pleno dia;Ceu Claro;Caminhao;Lesoes Graves;2;3;5;1;1;2
Avarias e/ou desgaste excessivo no pneu;Colisao frontal;Pleno dia;Ceu Claro;Caminhao-trator;Ileso;5;3;5;1;1;2
Avarias e/ou desgaste excessivo no pneu;Colisao frontal;Pleno dia;Ceu Claro;Caminhonete;Lesoes Graves;1;3;5;1;1;2
Avarias e/ou desgaste excessivo no pneu;Colisao frontal;Pleno dia;Ceu Claro;Caminhonete;Lesoes Leves;1;3;5;1;1;2
Avarias e/ou desgaste excessivo no pneu;Colisao frontal;Pleno dia;Ceu Claro;Motocicleta;Lesoes Graves;1;3;5;1;1;1
Avarias e/ou desgaste excessivo no pneu;Colisao frontal;Pleno dia;Ceu Claro;Motocicleta;Lesoes Leves;2;3;5;1;1;1
Avarias e/ou desgaste excessivo no pneu;Colisao frontal;Pleno dia;Ceu Claro;Nao Informado;Lesoes Graves;2;3;5;1;1;3
Avarias e/ou desgaste excessivo no pneu;Colisao frontal;Pleno dia;Ceu Claro;Nao Informado;Lesoes Leves;2;3;5;1;1;3
Avarias e/ou desgaste excessivo no pneu;Colisao frontal;Pleno dia;Ceu Claro;Nao Informado;Obito;1;3;5;1;1;3
Avarias e/ou desgaste excessivo no pneu;Colisao frontal;Pleno dia;Chuva;Automovel;Ileso;7;3;5;1;2;1
Avarias e/ou desgaste excessivo no pneu;Colisao frontal;Pleno dia;Chuva;Automovel;Lesoes Graves;20;3;5;1;2;1
Avarias e/ou desgaste excessivo no pneu;Colisao frontal;Pleno dia;Chuva;Automovel;Lesoes Leves;19;3;5;1;2;1
Avarias e/ou desgaste excessivo no pneu;Colisao frontal;Pleno dia;Chuva;Automovel;Obito;14;3;5;1;2;1
Avarias e/ou desgaste excessivo no pneu;Colisao frontal;Pleno dia;Chuva;Caminhao;Ileso;7;3;5;1;2;2
Avarias e/ou desgaste excessivo no pneu;Colisao frontal;Pleno dia;Chuva;Caminhao;Lesoes Leves;1;3;5;1;2;2
Avarias e/ou desgaste excessivo no pneu;Colisao frontal;Pleno dia;Chuva;Caminhao-trator;Ileso;2;3;5;1;2;2
Avarias e/ou desgaste excessivo no pneu;Colisao frontal;Pleno dia;Chuva;Caminhonete;Ileso;4;3;5;1;2;2
Avarias e/ou desgaste excessivo no pneu;Colisao frontal;Pleno dia;Chuva;Caminhonete;Lesoes Graves;3;3;5;1;2;2
Avarias e/ou desgaste excessivo no pneu;Colisao frontal;Pleno dia;Chuva;Caminhonete;Lesoes Leves;5;3;5;1;2;2
Avarias e/ou desgaste excessivo no pneu;Colisao frontal;Pleno dia;Chuva;Caminhonete;Obito;2;3;5;1;2;2
Avarias e/ou desgaste excessivo no pneu;Colisao frontal;Pleno dia;Chuva;Nao Informado;Ileso;1;3;5;1;2;3
Avarias e/ou desgaste excessivo no pneu;Colisao frontal;Pleno dia;Chuva;Nao Informado;Lesoes Leves;3;3;5;1;2;3
Avarias e/ou desgaste excessivo no pneu;Colisao frontal;Pleno dia;Chuva;Utilitario;Ileso;4;3;5;1;2;3
Avarias e/ou desgaste excessivo no pneu;Colisao frontal;Pleno dia;Garoa/Chuvisco;Automovel;Obito;1;3;5;1;3;1
Avarias e/ou desgaste excessivo no pneu;Colisao frontal;Pleno dia;Garoa/Chuvisco;Caminhao;Ileso;1;3;5;1;3;2
Avarias e/ou desgaste excessivo no pneu;Colisao frontal;Pleno dia;Nublado;Automovel;Ileso;2;3;5;1;2;1
Avarias e/ou desgaste excessivo no pneu;Colisao frontal;Pleno dia;Nublado;Automovel;Lesoes Graves;2;3;5;1;2;1
Avarias e/ou desgaste excessivo no pneu;Colisao frontal;Pleno dia;Nublado;Automovel;Obito;1;3;5;1;2;1
Avarias e/ou desgaste excessivo no pneu;Colisao frontal;Pleno dia;Nublado;Caminhao-trator;Ileso;1;3;5;1;2;2
Avarias e/ou desgaste excessivo no pneu;Colisao frontal;Pleno dia;Nublado;Caminhonete;Lesoes Graves;2;3;5;1;2;2
Avarias e/ou desgaste excessivo no pneu;Colisao frontal;Pleno dia;Nublado;Caminhonete;Lesoes Leves;3;3;5;1;2;2
Avarias e/ou desgaste excessivo no pneu;Colisao frontal;Pleno dia;Nublado;Motocicleta;Lesoes Leves;1;3;5;1;2;1
Avarias e/ou desgaste excessivo no pneu;Colisao frontal;Pleno dia;Nublado;Nao Informado;Ileso;1;3;5;1;2;3
Avarias e/ou desgaste excessivo no pneu;Colisao lateral mesmo sentido;Anoitecer;Chuva;Automovel;Ileso;1;3;5;4;2;1
Avarias e/ou desgaste excessivo no pneu;Colisao lateral mesmo sentido;Anoitecer;Chuva;Motocicleta;Lesoes Leves;1;3;5;4;2;1
Avarias e/ou desgaste excessivo no pneu;Colisao lateral mesmo sentido;Plena Noite;Ceu Claro;Automovel;Ileso;1;3;5;2;1;1
Avarias e/ou desgaste excessivo no pneu;Colisao lateral mesmo sentido;Plena Noite;Ceu Claro;Automovel;Lesoes Leves;2;3;5;2;1;1
Avarias e/ou desgaste excessivo no pneu;Colisao lateral mesmo sentido;Plena Noite;Ceu Claro;Caminhao-trator;Ileso;1;3;5;2;1;2
Avarias e/ou desgaste excessivo no pneu;Colisao lateral mesmo sentido;Plena Noite;Chuva;Caminhao-trator;Ileso;1;3;5;2;2;2
Avarias e/ou desgaste excessivo no pneu;Colisao lateral mesmo sentido;Pleno dia;Ceu Claro;Automovel;Ileso;3;3;5;1;1;1
Avarias e/ou desgaste excessivo no pneu;Colisao lateral mesmo sentido;Pleno dia;Ceu Claro;Automovel;Lesoes Graves;1;3;5;1;1;1
Avarias e/ou desgaste excessivo no pneu;Colisao lateral mesmo sentido;Pleno dia;Ceu Claro;Caminhao;Ileso;1;3;5;1;1;2
Avarias e/ou desgaste excessivo no pneu;Colisao lateral mesmo sentido;Pleno dia;Ceu Claro;Caminhao-trator;Ileso;2;3;5;1;1;2
Avarias e/ou desgaste excessivo no pneu;Colisao lateral mesmo sentido;Pleno dia;Ceu Claro;Caminhao-trator;Lesoes Leves;1;3;5;1;1;2
Avarias e/ou desgaste excessivo no pneu;Colisao lateral mesmo sentido;Pleno dia;Ceu Claro;Caminhonete;Ileso;1;3;5;1;1;2
Avarias e/ou desgaste excessivo no pneu;Colisao lateral mesmo sentido;Pleno dia;Ceu Claro;Caminhonete;Lesoes Leves;1;3;5;1;1;2
Avarias e/ou desgaste excessivo no pneu;Colisao lateral mesmo sentido;Pleno dia;Ceu Claro;Motocicleta;Lesoes Leves;2;3;5;1;1;1
Avarias e/ou desgaste excessivo no pneu;Colisao lateral mesmo sentido;Pleno dia;Ceu Claro;Motoneta;Lesoes Leves;1;3;5;1;1;3
Avarias e/ou desgaste excessivo no pneu;Colisao lateral mesmo sentido;Pleno dia;Ceu Claro;Onibus;Ileso;1;3;5;1;1;3
Avarias e/ou desgaste excessivo no pneu;Colisao lateral mesmo sentido;Pleno dia;Chuva;Automovel;Ileso;1;3;5;1;2;1
Avarias e/ou desgaste excessivo no pneu;Colisao lateral mesmo sentido;Pleno dia;Chuva;Caminhao;Ileso;1;3;5;1;2;2