causa_acidente;tipo_acidente;fase_dia;condicao_metereologica;tipo_veiculo;estado_fisico;count;causa_acidente_criterios;tipo_acidente_criterios;fase_dia_criterios;condicao_metereologica_criterios;tipo_veiculo_criterios
Carga excessiva e/ou mal acondicionada;Derramamento de carga;Plena Noite;Ceu Claro;Nao se aplica;Lesoes Graves;1;2;3;2;1;3
Carga excessiva e/ou mal acondicionada;Derramamento de carga;Plena Noite;Chuva;Caminhao-trator;Ileso;1;2;3;2;2;2
Carga excessiva e/ou mal acondicionada;Derramamento de carga;Plena Noite;Chuva;Motocicleta;Lesoes Graves;1;2;3;2;2;1
Carga excessiva e/ou mal acondicionada;Derramamento de carga;Plena Noite;Garoa/Chuvisco;Caminhao;Ileso;1;2;3;2;3;2
Carga excessiva e/ou mal acondicionada;Derramamento de carga;Plena Noite;Garoa/Chuvisco;Caminhao-trator;Lesoes Graves;1;2;3;2;3;2
Carga excessiva e/ou mal acondicionada;Derramamento de carga;Plena Noite;Nublado;Caminhao-trator;Ileso;1;2;3;2;2;2
Carga excessiva e/ou mal acondicionada;Derramamento de carga;Plena Noite;Nublado;Caminhao-trator;Lesoes Leves;1;2;3;2;2;2
Carga excessiva e/ou mal acondicionada;Derramamento de carga;Plena Noite;Nublado;Motocicleta;Obito;1;2;3;2;2;1
Carga excessiva e/ou mal acondicionada;Derramamento de carga;Pleno dia;Ceu Claro;Caminhao;Ileso;3;2;3;1;1;2
Carga excessiva e/ou mal acondicionada;Derramamento de carga;Pleno dia;Ceu Claro;Caminhao;Lesoes Leves;4;2;3;1;1;2
Carga excessiva e/ou mal acondicionada;Derramamento de carga;Pleno dia;Ceu Claro;Caminhao;Obito;2;2;3;1;1;2
Carga excessiva e/ou mal acondicionada;Derramamento de carga;Pleno dia;Ceu Claro;Caminhao-trator;Ileso;5;2;3;1;1;2
Carga excessiva e/ou mal acondicionada;Derramamento de carga;Pleno dia;Ceu Claro;Caminhao-trator;Lesoes Graves;2;2;3;1;1;2
Carga excessiva e/ou mal acondicionada;Derramamento de carga;Pleno dia;Ceu Claro;Caminhao-trator;Lesoes Leves;6;2;3;1;1;2
Carga excessiva e/ou mal acondicionada;Derramamento de carga;Pleno dia;Ceu Claro;Caminhonete;Ileso;3;2;3;1;1;2
Carga excessiva e/ou mal acondicionada;Derramamento de carga;Pleno dia;Ceu Claro;Motocicleta;Lesoes Leves;1;2;3;1;1;1
Carga excessiva e/ou mal acondicionada;Derramamento de carga;Pleno dia;Chuva;Automovel;Ileso;11;2;3;1;2;1
Carga excessiva e/ou mal acondicionada;Derramamento de carga;Pleno dia;Chuva;Automovel;Lesoes Leves;1;2;3;1;2;1
Carga excessiva e/ou mal acondicionada;Derramamento de carga;Pleno dia;Chuva;Caminhao-trator;Ileso;2;2;3;1;2;2
Carga excessiva e/ou mal acondicionada;Derramamento de carga;Pleno dia;Chuva;Ciclomotor;Ileso;1;2;3;1;2;4
Carga excessiva e/ou mal acondicionada;Derramamento de carga;Pleno dia;Chuva;Utilitario;Ileso;1;2;3;1;2;3
Carga excessiva e/ou mal acondicionada;Derramamento de carga;Pleno dia;Nublado;Automovel;Ileso;1;2;3;1;2;1
Carga excessiva e/ou mal acondicionada;Derramamento de carga;Pleno dia;Nublado;Caminhao;Ileso;2;2;3;1;2;2
Carga excessiva e/ou mal acondicionada;Derramamento de carga;Pleno dia;Nublado;Caminhao-trator;Ileso;4;2;3;1;2;2
Carga excessiva e/ou mal acondicionada;Derramamento de carga;Pleno dia;Nublado;Caminhao-trator;Lesoes Graves;1;2;3;1;2;2
Carga excessiva e/ou mal acondicionada;Derramamento de carga;Pleno dia;Nublado;Caminhao-trator;Lesoes Leves;4;2;3;1;2;2
Carga excessiva e/ou mal acondicionada;Derramamento de carga;Pleno dia;Nublado;Caminhonete;Ileso;1;2;3;1;2;2
Carga excessiva e/ou mal acondicionada;Derramamento de carga;Pleno dia;Nublado;Caminhonete;Lesoes Leves;1;2;3;1;2;2
Carga excessiva e/ou mal acondicionada;Derramamento de carga;Pleno dia;Nublado;Onibus;Ileso;1;2;3;1;2;3
Carga excessiva e/ou mal acondicionada;Derramamento de carga;Pleno dia;Sol;Automovel;Ileso;2;2;3;1;3;1
Carga excessiva e/ou mal acondicionada;Derramamento de carga;Pleno dia;Sol;Caminhao;Ileso;1;2;3;1;3;2
Carga excessiva e/ou mal acondicionada;Derramamento de carga;Pleno dia;Sol;Caminhao;Lesoes Leves;2;2;3;1;3;2
Carga excessiva e/ou mal acondicionada;Engavetamento;Plena Noite;Nublado;Automovel;Ileso;4;2;3;2;2;1
Carga excessiva e/ou mal acondicionada;Engavetamento;Plena Noite;Nublado;Automovel;Lesoes Leves;2;2;3;2;2;1
Carga excessiva e/ou mal acondicionada;Engavetamento;Plena Noite;Nublado;Caminhao;Obito;1;2;3;2;2;2
Carga excessiva e/ou mal acondicionada;Engavetamento;Plena Noite;Nublado;Caminhao-trator;Ileso;2;2;3;2;2;2
Carga excessiva e/ou mal acondicionada;Engavetamento;Plena Noite;Nublado;Caminhonete;Obito;1;2;3;2;2;2
Carga excessiva e/ou mal acondicionada;Engavetamento;Pleno dia;Ceu Claro;Automovel;Ileso;1;2;3;1;1;1
Carga excessiva e/ou mal acondicionada;Engavetamento;Pleno dia;Ceu Claro;Automovel;Lesoes Leves;2;2;3;1;1;1
Carga excessiva e/ou mal acondicionada;Engavetamento;Pleno dia;Ceu Claro;Caminhonete;Ileso;2;2;3;1;1;2
Carga excessiva e/ou mal acondicionada;Eventos atipicos;Amanhecer;Ceu Claro;Caminhao-trator;Ileso;1;2;2;4;1;2
Carga excessiva e/ou mal acondicionada;Eventos atipicos;Amanhecer;Ceu Claro;Caminhonete;Ileso;1;2;2;4;1;2
Carga excessiva e/ou mal acondicionada;Eventos atipicos;Amanhecer;Ceu Claro;Motocicleta;Lesoes Leves;1;2;2;4;1;1
Carga excessiva e/ou mal acondicionada;Eventos atipicos;Pleno dia;Ceu Claro;Caminhao-trator;Ileso;2;2;2;1;1;2
Carga excessiva e/ou mal acondicionada;Eventos atipicos;Pleno dia;Ceu Claro;Nao Informado;Ileso;1;2;2;1;1;3
Carga excessiva e/ou mal acondicionada;Eventos atipicos;Pleno dia;Chuva;Caminhao-trator;Ileso;1;2;2;1;2;2
Carga excessiva e/ou mal acondicionada;Incendio;Plena Noite;Ceu Claro;Caminhao-trator;Ileso;1;2;2;2;1;2
Carga excessiva e/ou mal acondicionada;Incendio;Plena Noite;Nevoeiro/Neblina;Caminhao-trator;Ileso;1;2;2;2;4;2
Carga excessiva e/ou mal acondicionada;Incendio;Pleno dia;Ceu Claro;Caminhao-trator;Lesoes Leves;2;2;2;1;1;2
Carga excessiva e/ou mal acondicionada;Queda de ocupante de veiculo;Amanhecer;Ceu Claro;Caminhao-trator;Ileso;1;2;5;4;1;2
Carga excessiva e/ou mal acondicionada;Queda de ocupante de veiculo;Amanhecer;Ceu Claro;Caminhonete;Ileso;1;2;5;4;1;2
Carga excessiva e/ou mal acondicionada;Queda de ocupante de veiculo;Amanhecer;Ceu Claro;Motocicleta;Lesoes Leves;1;2;5;4;1;1
Carga excessiva e/ou mal acondicionada;Queda de ocupante de veiculo;Plena Noite;Ceu Claro;Caminhao;Obito;1;2;5;2;1;2
Carga excessiva e/ou mal acondicionada;Queda de ocupante de veiculo;Plena Noite;Ceu Claro;Caminhao-trator;Ileso;1;2;5;2;1;2
Carga excessiva e/ou mal acondicionada;Queda de ocupante de veiculo;Plena Noite;Ceu Claro;Motocicleta;Lesoes Graves;1;2;5;2;1;1
Carga excessiva e/ou mal acondicionada;Queda de ocupante de veiculo;Plena Noite;Ceu Claro;Motoneta;Lesoes Graves;1;2;5;2;1;3
Carga excessiva e/ou mal acondicionada;Queda de ocupante de veiculo;Plena Noite;Chuva;Caminhao-trator;Ileso;1;2;5;2;2;2
Carga excessiva e/ou mal acondicionada;Queda de ocupante de veiculo;Plena Noite;Chuva;Motocicleta;Lesoes Graves;1;2;5;2;2;1
Carga excessiva e/ou mal acondicionada;Queda de ocupante de veiculo;Plena Noite;Nublado;Caminhao-trator;Lesoes Leves;1;2;5;2;2;2
Carga excessiva e/ou mal acondicionada;Queda de ocupante de veiculo;Plena Noite;Nublado;Motocicleta;Obito;1;2;5;2;2;1
Carga excessiva e/ou mal acondicionada;Queda de ocupante de veiculo;Pleno dia;Ceu Claro;Automovel;Obito;1;2;5;1;1;1
Carga excessiva e/ou mal acondicionada;Queda de ocupante de veiculo;Pleno dia;Ceu Claro;Bicicleta;Obito;1;2;5;1;1;3
Carga excessiva e/ou mal acondicionada;Queda de ocupante de veiculo;Pleno dia;Ceu Claro;Caminhonete;Ileso;5;2;5;1;1;2
Carga excessiva e/ou mal acondicionada;Queda de ocupante de veiculo;Pleno dia;Ceu Claro;Motocicleta;Ileso;1;2;5;1;1;1
Carga excessiva e/ou mal acondicionada;Queda de ocupante de veiculo;Pleno dia;Ceu Claro;Motocicleta;Lesoes Graves;2;2;5;1;1;1
Carga excessiva e/ou mal acondicionada;Queda de ocupante de veiculo;Pleno dia;Ceu Claro;Motocicleta;Lesoes Leves;5;2;5;1;1;1
Carga excessiva e/ou mal acondicionada;Queda de ocupante de veiculo;Pleno dia;Ceu Claro;Motocicleta;Obito;2;2;5;1;1;1
Carga excessiva e/ou mal acondicionada;Queda de ocupante de veiculo;Pleno dia;Ceu Claro;Nao Informado;Ileso;1;2;5;1;1;3
Carga excessiva e/ou mal acondicionada;Queda de ocupante de veiculo;Pleno dia;Nublado;Caminhao;Ileso;1;2;5;1;2;2
Carga excessiva e/ou mal acondicionada;Queda de ocupante de veiculo;Pleno dia;Nublado;Motocicleta;Lesoes Graves;1;2;5;1;2;1
Carga excessiva e/ou mal acondicionada;Queda de ocupante de veiculo;Pleno dia;Nublado;Motocicleta;Lesoes Leves;1;2;5;1;2;1
Carga excessiva e/ou mal acondicionada;Saida de leito carrocavel;Amanhecer;Ceu Claro;Caminhao-trator;Ileso;2;2;5;4;1;2
Carga excessiva e/ou mal acondicionada;Saida de leito carrocavel;Amanhecer;Ceu Claro;Caminhao-trator;Lesoes Leves;1;2;5;4;1;2
Carga excessiva e/ou mal acondicionada;Saida de leito carrocavel;Amanhecer;Nublado;Caminhao-trator;Lesoes Leves;1;2;5;4;2;2
Carga excessiva e/ou mal acondicionada;Saida de leito carrocavel;Anoitecer;Ignorado;Caminhao;Ileso;2;2;5;4;0;2
Carga excessiva e/ou mal acondicionada;Saida de leito carrocavel;Anoitecer;Ignorado;Caminhao;Lesoes Leves;1;2;5;4;0;2
Carga excessiva e/ou mal acondicionada;Saida de leito carrocavel;Anoitecer;Ignorado;Caminhao-trator;Ileso;1;2;5;4;0;2
Carga excessiva e/ou mal acondicionada;Saida de leito carrocavel;Plena Noite;Ceu Claro;Caminhao;Lesoes Leves;1;2;5;2;1;2
Carga excessiva e/ou mal acondicionada;Saida de leito carrocavel;Plena Noite;Ceu Claro;Caminhao-trator;Lesoes Graves;2;2;5;2;1;2
Carga excessiva e/ou mal acondicionada;Saida de leito carrocavel;Plena Noite;Ceu Claro;Caminhao-trator;Lesoes Leves;2;2;5;2;1;2
Carga excessiva e/ou mal acondicionada;Saida de leito carrocavel;Plena Noite;Ceu Claro;Caminhonete;Ileso;2;2;5;2;1;2
Carga excessiva e/ou mal acondicionada;Saida de leito carrocavel;Plena Noite;Ceu Claro;Caminhonete;Lesoes Graves;2;2;5;2;1;2
Carga excessiva e/ou mal acondicionada;Saida de leito carrocavel;Plena Noite;Nublado;Caminhao;Lesoes Graves;1;2;5;2;2;2
Carga excessiva e/ou mal acondicionada;Saida de leito carrocavel;Plena Noite;Nublado;Caminhao-trator;Lesoes Leves;1;2;5;2;2;2
Carga excessiva e/ou mal acondicionada;Saida de leito carrocavel;Pleno dia;Ceu Claro;Automovel;Ileso;3;2;5;1;1;1
Carga excessiva e/ou mal acondicionada;Saida de leito carrocavel;Pleno dia;Ceu Claro;Automovel;Lesoes Leves;1;2;5;1;1;1
Carga excessiva e/ou mal acondicionada;Saida de leito carrocavel;Pleno dia;Ceu Claro;Automovel;Obito;1;2;5;1;1;1
Carga excessiva e/ou mal acondicionada;Saida de leito carrocavel;Pleno dia;Ceu Claro;Caminhao;Lesoes Graves;1;2;5;1;1;2
Carga excessiva e/ou mal acondicionada;Saida de leito carrocavel;Pleno dia;Ceu Claro;Caminhao;Lesoes Leves;4;2;5;1;1;2
Carga excessiva e/ou mal acondicionada;Saida de leito carrocavel;Pleno dia;Ceu Claro;Caminhao;Obito;2;2;5;1;1;2
Carga excessiva e/ou mal acondicionada;Saida de leito carrocavel;Pleno dia;Ceu Claro;Caminhao-trator;Ileso;6;2;5;1;1;2
Carga excessiva e/ou mal acondicionada;Saida de leito carrocavel;Pleno dia;Ceu Claro;Caminhao-trator;Lesoes Graves;2;2;5;1;1;2
Carga excessiva e/ou mal acondicionada;Saida de leito carrocavel;Pleno dia;Ceu Claro;Caminhao-trator;Lesoes Leves;8;2;5;1;1;2
Carga excessiva e/ou mal acondicionada;Saida de leito carrocavel;Pleno dia;Ceu Claro;Caminhonete;Ileso;5;2;5;1;1;2
Carga excessiva e/ou mal acondicionada;Saida de leito carrocavel;Pleno dia;Ceu Claro;Caminhonete;Lesoes Leves;1;2;5;1;1;2
Carga excessiva e/ou mal acondicionada;Saida de leito carrocavel;Pleno dia;Ceu Claro;Motocicleta;Obito;2;2;5;1;1;1
Carga excessiva e/ou mal acondicionada;Saida de leito carrocavel;Pleno dia;Chuva;Caminhonete;Lesoes Graves;1;2;5;1;2;2
Carga excessiva e/ou mal acondicionada;Saida de leito carrocavel;Pleno dia;Chuva;Caminhonete;Lesoes Leves;1;2;5;1;2;2
Carga excessiva e/ou mal acondicionada;Saida de leito carrocavel;Pleno dia;Garoa/Chuvisco;Automovel;Ileso;2;2;5;1;3;1
Carga excessiva e/ou mal acondicionada;Saida de leito carrocavel;Pleno dia;Garoa/Chuvisco;Caminhonete;Lesoes Leves;3;2;5;1;3;2
Carga excessiva e/ou mal acondicionada;Saida de leito carrocavel;Pleno dia;Nublado;Automovel;Ileso;1;2;5;1;2;1
Carga excessiva e/ou mal acondicionada;Saida de leito carrocavel;Pleno dia;Nublado;Caminhao;Ileso;2;2;5;1;2;2
Carga excessiva e/ou mal acondicionada;Saida de leito carrocavel;Pleno dia;Nublado;Caminhao;Lesoes Graves;1;2;5;1;2;2
Carga excessiva e/ou mal acondicionada;Saida de leito carrocavel;Pleno dia;Nublado;Caminhao;Lesoes Leves;1;2;5;1;2;2
Carga excessiva e/ou mal acondicionada;Saida de leito carrocavel;Pleno dia;Nublado;Caminhao-trator;Ileso;4;2;5;1;2;2
Carga excessiva e/ou mal acondicionada;Saida de leito carrocavel;Pleno dia;Nublado;Caminhao-trator;Lesoes Graves;1;2;5;1;2;2
Carga excessiva e/ou mal acondicionada;Saida de leito carrocavel;Pleno dia;Nublado;Caminhao-trator;Lesoes Leves;3;2;5;1;2;2
Carga excessiva e/ou mal acondicionada;Saida de leito carrocavel;Pleno dia;Nublado;Caminhonete;Ileso;1;2;5;1;2;2
Carga excessiva e/ou mal acondicionada;Saida de leito carrocavel;Pleno dia;Nublado;Caminhonete;Lesoes Leves;1;2;5;1;2;2
Carga excessiva e/ou mal acondicionada;Saida de leito carrocavel;Pleno dia;Nublado;Onibus;Ileso;1;2;5;1;2;3
Carga excessiva e/ou mal acondicionada;Saida de leito carrocavel;Pleno dia;Sol;Caminhao-trator;Ileso;1;2;5;1;3;2
Carga excessiva e/ou mal acondicionada;Saida de leito carrocavel;Pleno dia;Sol;Caminhao-trator;Lesoes Graves;1;2;5;1;3;2
Carga excessiva e/ou mal acondicionada;Saida de leito carrocavel;Pleno dia;Sol;Caminhao-trator;Lesoes Leves;1;2;5;1;3;2
Carga excessiva e/ou mal acondicionada;Saida de leito carrocavel;Pleno dia;Sol;Caminhao-trator;Obito;1;2;5;1;3;2
Carga excessiva e/ou mal acondicionada;Tombamento;Amanhecer;Ceu Claro;Caminhao;Lesoes Leves;1;2;5;4;1;2
Carga excessiva e/ou mal acondicionada;Tombamento;Amanhecer;Nublado;Caminhao-trator;Lesoes Leves;1;2;5;4;2;2
Carga excessiva e/ou mal acondicionada;Tombamento;Anoitecer;Ceu Claro;Caminhao-trator;Lesoes Leves;2;2;5;4;1;2
Carga excessiva e/ou mal acondicionada;Tombamento;Anoitecer;Chuva;Caminhao-trator;Lesoes Leves;1;2;5;4;2;2
Carga excessiva e/ou mal acondicionada;Tombamento;Anoitecer;Garoa/Chuvisco;Caminhao-trator;Lesoes Leves;1;2;5;4;3;2
Carga excessiva e/ou mal acondicionada;Tombamento;Anoitecer;Ignorado;Caminhao;Ileso;2;2;5;4;0;2
Carga excessiva e/ou mal acondicionada;Tombamento;Anoitecer;Ignorado;Caminhao;Lesoes Leves;1;2;5;4;0;2
Carga excessiva e/ou mal acondicionada;Tombamento;Anoitecer;Ignorado;Caminhao-trator;Ileso;1;2;5;4;0;2
Carga excessiva e/ou mal acondicionada;Tombamento;Plena Noite;Ceu Claro;Caminhao;Ileso;1;2;5;2;1;2
Carga excessiva e/ou mal acondicionada;Tombamento;Plena Noite;Ceu Claro;Caminhao;Lesoes Leves;3;2;5;2;1;2
Carga excessiva e/ou mal acondicionada;Tombamento;Plena Noite;Ceu Claro;Caminhao-trator;Ileso;1;2;5;2;1;2
Carga excessiva e/ou mal acondicionada;Tombamento;Plena Noite;Ceu Claro;Caminhao-trator;Lesoes Graves;3;2;5;2;1;2
Carga excessiva e/ou mal acondicionada;Tombamento;Plena Noite;Ceu Claro;Caminhao-trator;Lesoes Leves;5;2;5;2;1;2
Carga excessiva e/ou mal acondicionada;Tombamento;Plena Noite;Ceu Claro;Caminhonete;Lesoes Graves;2;2;5;2;1;2
Carga excessiva e/ou mal acondicionada;Tombamento;Plena Noite;Ceu Claro;Caminhonete;Obito;6;2;5;2;1;2
Carga excessiva e/ou mal acondicionada;Tombamento;Plena Noite;Ceu Claro;Motocicleta;Lesoes Graves;1;2;5;2;1;1
Carga excessiva e/ou mal acondicionada;Tombamento;Plena Noite;Ceu Claro;Semireboque;Ileso;1;2;5;2;1;5
Carga excessiva e/ou mal acondicionada;Tombamento;Plena Noite;Chuva;Caminhao-trator;Ileso;1;2;5;2;2;2
Carga excessiva e/ou mal acondicionada;Tombamento;Plena Noite;Chuva;Motocicleta;Lesoes Graves;1;2;5;2;2;1
Carga excessiva e/ou mal acondicionada;Tombamento;Plena Noite;Garoa/Chuvisco;Caminhao;Ileso;1;2;5;2;3;2
Carga excessiva e/ou mal acondicionada;Tombamento;Plena Noite;Garoa/Chuvisco;Caminhao-trator;Lesoes Graves;1;2;5;2;3;2
Carga excessiva e/ou mal acondicionada;Tombamento;Plena Noite;Nublado;Caminhao;Lesoes Graves;2;2;5;2;2;2
Carga excessiva e/ou mal acondicionada;Tombamento;Plena Noite;Nublado;Caminhao;Lesoes Leves;1;2;5;2;2;2
Carga excessiva e/ou mal acondicionada;Tombamento;Plena Noite;Nublado;Caminhao-trator;Ileso;1;2;5;2;2;2
Carga excessiva e/ou mal acondicionada;Tombamento;Plena Noite;Nublado;Caminhao-trator;Lesoes Leves;2;2;5;2;2;2
Carga excessiva e/ou mal acondicionada;Tombamento;Plena Noite;Nublado;Motocicleta;Obito;1;2;5;2;2;1
Carga excessiva e/ou mal acondicionada;Tombamento;Pleno dia;Ceu Claro;Caminhao;Ileso;1;2;5;1;1;2
Carga excessiva e/ou mal acondicionada;Tombamento;Pleno dia;Ceu Claro;Caminhao;Lesoes Graves;1;2;5;1;1;2
Carga excessiva e/ou mal acondicionada;Tombamento;Pleno dia;Ceu Claro;Caminhao;Lesoes Leves;8;2;5;1;1;2
Carga excessiva e/ou mal acondicionada;Tombamento;Pleno dia;Ceu Claro;Caminhao-trator;Ileso;4;2;5;1;1;2
Carga excessiva e/ou mal acondicionada;Tombamento;Pleno dia;Ceu Claro;Caminhao-trator;Lesoes Graves;6;2;5;1;1;2
Carga excessiva e/ou mal acondicionada;Tombamento;Pleno dia;Ceu Claro;Caminhao-trator;Lesoes Leves;18;2;5;1;1;2
Carga excessiva e/ou mal acondicionada;Tombamento;Pleno dia;Ceu Claro;Caminhao-trator;Obito;1;2;5;1;1;2
Carga excessiva e/ou mal acondicionada;Tombamento;Pleno dia;Ceu Claro;Caminhonete;Ileso;9;2;5;1;1;2
Carga excessiva e/ou mal acondicionada;Tombamento;Pleno dia;Ceu Claro;Caminhonete;Lesoes Leves;3;2;5;1;1;2
Carga excessiva e/ou mal acondicionada;Tombamento;Pleno dia;Ceu Claro;Motocicleta;Lesoes Graves;1;2;5;1;1;1
Carga excessiva e/ou mal acondicionada;Tombamento;Pleno dia;Ceu Claro;Motocicleta;Lesoes Leves;7;2;5;1;1;1
Carga excessiva e/ou mal acondicionada;Tombamento;Pleno dia;Ceu Claro;Motocicleta;Obito;2;2;5;1;1;1
Carga excessiva e/ou mal acondicionada;Tombamento;Pleno dia;Ceu Claro;Nao se aplica;Lesoes Graves;1;2;5;1;1;3
Carga excessiva e/ou mal acondicionada;Tombamento;Pleno dia;Chuva;Caminhao;Ileso;1;2;5;1;2;2
Carga excessiva e/ou mal acondicionada;Tombamento;Pleno dia;Chuva;Caminhao;Lesoes Leves;1;2;5;1;2;2
Carga excessiva e/ou mal acondicionada;Tombamento;Pleno dia;Garoa/Chuvisco;Automovel;Ileso;2;2;5;1;3;1
Carga excessiva e/ou mal acondicionada;Tombamento;Pleno dia;Garoa/Chuvisco;Caminhao;Lesoes Leves;2;2;5;1;3;2
Carga excessiva e/ou mal acondicionada;Tombamento;Pleno dia;Garoa/Chuvisco;Caminhao-trator;Ileso;1;2;5;1;3;2
Carga excessiva e/ou mal acondicionada;Tombamento;Pleno dia;Nublado;Automovel;Ileso;1;2;5;1;2;1
Carga excessiva e/ou mal acondicionada;Tombamento;Pleno dia;Nublado;Caminhao;Ileso;5;2;5;1;2;2
Carga excessiva e/ou mal acondicionada;Tombamento;Pleno dia;Nublado;Caminhao;Lesoes Graves;3;2;5;1;2;2
Carga excessiva e/ou mal acondicionada;Tombamento;Pleno dia;Nublado;Caminhao;Lesoes Leves;2;2;5;1;2;2
Carga excessiva e/ou mal acondicionada;Tombamento;Pleno dia;Nublado;Caminhao-trator;Ileso;7;2;5;1;2;2
Carga excessiva e/ou mal acondicionada;Tombamento;Pleno dia;Nublado;Caminhao-trator;Lesoes Graves;2;2;5;1;2;2
Carga excessiva e/ou mal acondicionada;Tombamento;Pleno dia;Nublado;Caminhao-trator;Lesoes Leves;10;2;5;1;2;2
Carga excessiva e/ou mal acondicionada;Tombamento;Pleno dia;Nublado;Caminhonete;Ileso;2;2;5;1;2;2
Carga excessiva e/ou mal acondicionada;Tombamento;Pleno dia;Nublado;Caminhonete;Lesoes Leves;2;2;5;1;2;2
Carga excessiva e/ou mal acondicionada;Tombamento;Pleno dia;Nublado;Motocicleta;Lesoes Graves;1;2;5;1;2;1
Carga excessiva e/ou mal acondicionada;Tombamento;Pleno dia;Nublado;Motocicleta;Lesoes Leves;1;2;5;1;2;1
Carga excessiva e/ou mal acondicionada;Tombamento;Pleno dia;Nublado;Onibus;Ileso;2;2;5;1;2;3
Carga excessiva e/ou mal acondicionada;Tombamento;Pleno dia;Sol;Automovel;Ileso;2;2;5;1;3;1
Carga excessiva e/ou mal acondicionada;Tombamento;Pleno dia;Sol;Caminhao;Lesoes Leves;1;2;5;1;3;2
Carga excessiva e/ou mal acondicionada;Tombamento;Pleno dia;Sol;Caminhao-trator;Lesoes Graves;1;2;5;1;3;2
Carga excessiva e/ou mal acondicionada;Tombamento;Pleno dia;Sol;Caminhao-trator;Lesoes Leves;2;2;5;1;3;2
Carga excessiva e/ou mal acondicionada;Tombamento;Pleno dia;Sol;Caminhao-trator;Obito;1;2;5;1;3;2
Chuva;Atropelamento de Animal;Plena Noite;Chuva;Automovel;Lesoes Leves;1;4;2;2;2;1
Chuva;Atropelamento de Animal;Plena Noite;Chuva;Utilitario;Ileso;5;4;2;2;2;3
Chuva;Atropelamento de Animal;Plena Noite;Garoa/Chuvisco;Automovel;Ileso;1;4;2;2;3;1
Chuva;Atropelamento de Pedestre;Amanhecer;Chuva;Automovel;Ileso;1;4;4;4;2;1
Chuva;Atropelamento de Pedestre;Amanhecer;Chuva;Automovel;Lesoes Leves;1;4;4;4;2;1
Chuva;Atropelamento de Pedestre;Amanhecer;Chuva;Motocicleta;Lesoes Leves;1;4;4;4;2;1
Chuva;Atropelamento de Pedestre;Amanhecer;Chuva;Motoneta;Lesoes Graves;1;4;4;4;2;3
Chuva;Atropelamento de Pedestre;Amanhecer;Chuva;Nao se aplica;Lesoes Graves;1;4;4;4;2;3
Chuva;Atropelamento de Pedestre;Anoitecer;Chuva;Automovel;Ileso;1;4;4;4;2;1
Chuva;Atropelamento de Pedestre;Anoitecer;Chuva;Motocicleta;Obito;1;4;4;4;2;1
Chuva;Atropelamento de Pedestre;Anoitecer;Chuva;Nao se aplica;Lesoes Leves;1;4;4;4;2;3
Chuva;Atropelamento de Pedestre;Plena Noite;Chuva;Automovel;Ileso;4;4;4;2;2;1
Chuva;Atropelamento de Pedestre;Plena Noite;Chuva;Automovel;Lesoes Graves;2;4;4;2;2;1
Chuva;Atropelamento de Pedestre;Plena Noite;Chuva;Automovel;Obito;2;4;4;2;2;1
Chuva;Atropelamento de Pedestre;Plena Noite;Chuva;Caminhao;Ileso;2;4;4;2;2;2
Chuva;Atropelamento de Pedestre;Plena Noite;Chuva;Caminhao-trator;Ileso;1;4;4;2;2;2
Chuva;Atropelamento de Pedestre;Plena Noite;Chuva;Caminhonete;Ileso;2;4;4;2;2;2
Chuva;Atropelamento de Pedestre;Plena Noite;Chuva;Motocicleta;Ileso;2;4;4;2;2;1
Chuva;Atropelamento de Pedestre;Plena Noite;Chuva;Motocicleta;Lesoes Leves;2;4;4;2;2;1
Chuva;Atropelamento de Pedestre;Plena Noite;Chuva;Motocicleta;Obito;3;4;4;2;2;1
Chuva;Atropelamento de Pedestre;Plena Noite;Chuva;Nao Informado;Lesoes Leves;1;4;4;2;2;3
Chuva;Atropelamento de Pedestre;Plena Noite;Chuva;Nao se aplica;Lesoes Graves;5;4;4;2;2;3
Chuva;Atropelamento de Pedestre;Plena Noite;Chuva;Nao se aplica;Lesoes Leves;3;4;4;2;2;3
Chuva;Atropelamento de Pedestre;Plena Noite;Chuva;Nao se aplica;Obito;2;4;4;2;2;3
Chuva;Atropelamento de Pedestre;Plena Noite;Chuva;Outros;Ileso;1;4;4;2;2;5
Chuva;Atropelamento de Pedestre;Plena Noite;Garoa/Chuvisco;Motocicleta;Lesoes Leves;2;4;4;2;3;1
Chuva;Atropelamento de Pedestre;Plena Noite;Garoa/Chuvisco;Nao se aplica;Lesoes Leves;2;4;4;2;3;3
Chuva;Atropelamento de Pedestre;Pleno dia;Chuva;Automovel;Ileso;16;4;4;1;2;1
Chuva;Atropelamento de Pedestre;Pleno dia;Chuva;Automovel;Lesoes Graves;5;4;4;1;2;1
Chuva;Atropelamento de Pedestre;Pleno dia;Chuva;Automovel;Lesoes Leves;5;4;4;1;2;1
Chuva;Atropelamento de Pedestre;Pleno dia;Chuva;Caminhonete;Ileso;1;4;4;1;2;2
Chuva;Atropelamento de Pedestre;Pleno dia;Chuva;Motocicleta;Ileso;1;4;4;1;2;1
Chuva;Atropelamento de Pedestre;Pleno dia;Chuva;Motocicleta;Lesoes Graves;1;4;4;1;2;1
Chuva;Atropelamento de Pedestre;Pleno dia;Chuva;Nao Informado;Ileso;1;4;4;1;2;3
Chuva;Atropelamento de Pedestre;Pleno dia;Chuva;Nao Informado;Lesoes Leves;3;4;4;1;2;3
Chuva;Atropelamento de Pedestre;Pleno dia;Chuva;Nao se aplica;Lesoes Graves;5;4;4;1;2;3
Chuva;Atropelamento de Pedestre;Pleno dia;Chuva;Nao se aplica;Lesoes Leves;1;4;4;1;2;3
Chuva;Atropelamento de Pedestre;Pleno dia;Garoa/Chuvisco;Motocicleta;Lesoes Graves;2;4;4;1;3;1
Chuva;Capotamento;Amanhecer;Chuva;Automovel;Ileso;3;4;5;4;2;1
Chuva;Capotamento;Amanhecer;Chuva;Automovel;Lesoes Leves;7;4;5;4;2;1
Chuva;Capotamento;Amanhecer;Chuva;Caminhonete;Obito;1;4;5;4;2;2