causa_acidente;tipo_acidente;fase_dia;condicao_metereologica;tipo_veiculo;estado_fisico;count;causa_acidente_criterios;tipo_acidente_criterios;fase_dia_criterios;condicao_metereologica_criterios;tipo_veiculo_criterios
Chuva;Colisao lateral mesmo sentido;Plena Noite;Chuva;Caminhao-trator;Ileso;4;4;5;2;2;2
Chuva;Colisao lateral mesmo sentido;Plena Noite;Chuva;Caminhao-trator;Lesoes Graves;2;4;5;2;2;2
Chuva;Colisao lateral mesmo sentido;Plena Noite;Chuva;Motocicleta;Ileso;1;4;5;2;2;1
Chuva;Colisao lateral mesmo sentido;Plena Noite;Chuva;Motocicleta;Lesoes Graves;1;4;5;2;2;1
Chuva;Colisao lateral mesmo sentido;Plena Noite;Chuva;Motocicleta;Lesoes Leves;7;4;5;2;2;1
Chuva;Colisao lateral mesmo sentido;Plena Noite;Chuva;Motocicleta;Obito;1;4;5;2;2;1
Chuva;Colisao lateral mesmo sentido;Plena Noite;Chuva;Motoneta;Lesoes Leves;1;4;5;2;2;3
Chuva;Colisao lateral mesmo sentido;Plena Noite;Chuva;Nao Informado;Ileso;2;4;5;2;2;3
Chuva;Colisao lateral mesmo sentido;Plena Noite;Chuva;Nao Informado;Lesoes Leves;2;4;5;2;2;3
Chuva;Colisao lateral mesmo sentido;Plena Noite;Chuva;Utilitario;Ileso;6;4;5;2;2;3
Chuva;Colisao lateral mesmo sentido;Plena Noite;Garoa/Chuvisco;Automovel;Lesoes Graves;1;4;5;2;3;1
Chuva;Colisao lateral mesmo sentido;Plena Noite;Garoa/Chuvisco;Automovel;Lesoes Leves;1;4;5;2;3;1
Chuva;Colisao lateral mesmo sentido;Plena Noite;Garoa/Chuvisco;Automovel;Obito;1;4;5;2;3;1
Chuva;Colisao lateral mesmo sentido;Plena Noite;Garoa/Chuvisco;Caminhao-trator;Ileso;3;4;5;2;3;2
Chuva;Colisao lateral mesmo sentido;Plena Noite;Garoa/Chuvisco;Motocicleta;Lesoes Graves;1;4;5;2;3;1
Chuva;Colisao lateral mesmo sentido;Plena Noite;Garoa/Chuvisco;Motocicleta;Obito;1;4;5;2;3;1
Chuva;Colisao lateral mesmo sentido;Pleno dia;Chuva;Automovel;Ileso;12;4;5;1;2;1
Chuva;Colisao lateral mesmo sentido;Pleno dia;Chuva;Automovel;Lesoes Leves;9;4;5;1;2;1
Chuva;Colisao lateral mesmo sentido;Pleno dia;Chuva;Caminhao;Ileso;2;4;5;1;2;2
Chuva;Colisao lateral mesmo sentido;Pleno dia;Chuva;Caminhao-trator;Ileso;8;4;5;1;2;2
Chuva;Colisao lateral mesmo sentido;Pleno dia;Chuva;Caminhonete;Ileso;14;4;5;1;2;2
Chuva;Colisao lateral mesmo sentido;Pleno dia;Chuva;Caminhonete;Lesoes Leves;4;4;5;1;2;2
Chuva;Colisao lateral mesmo sentido;Pleno dia;Chuva;Motocicleta;Lesoes Graves;5;4;5;1;2;1
Chuva;Colisao lateral mesmo sentido;Pleno dia;Chuva;Motocicleta;Lesoes Leves;8;4;5;1;2;1
Chuva;Colisao lateral mesmo sentido;Pleno dia;Chuva;Nao Informado;Ileso;1;4;5;1;2;3
Chuva;Colisao lateral mesmo sentido;Pleno dia;Chuva;Nao Informado;Lesoes Leves;1;4;5;1;2;3
Chuva;Colisao lateral mesmo sentido;Pleno dia;Chuva;Utilitario;Ileso;3;4;5;1;2;3
Chuva;Colisao lateral mesmo sentido;Pleno dia;Chuva;Utilitario;Lesoes Leves;2;4;5;1;2;3
Chuva;Colisao lateral mesmo sentido;Pleno dia;Garoa/Chuvisco;Automovel;Ileso;6;4;5;1;3;1
Chuva;Colisao lateral mesmo sentido;Pleno dia;Garoa/Chuvisco;Caminhao;Ileso;1;4;5;1;3;2
Chuva;Colisao lateral mesmo sentido;Pleno dia;Garoa/Chuvisco;Caminhao;Lesoes Leves;1;4;5;1;3;2
Chuva;Colisao lateral mesmo sentido;Pleno dia;Garoa/Chuvisco;Caminhao-trator;Ileso;1;4;5;1;3;2
Chuva;Colisao lateral mesmo sentido;Pleno dia;Garoa/Chuvisco;Caminhonete;Ileso;2;4;5;1;3;2
Chuva;Colisao lateral mesmo sentido;Pleno dia;Garoa/Chuvisco;Caminhonete;Lesoes Leves;1;4;5;1;3;2
Chuva;Colisao lateral mesmo sentido;Pleno dia;Garoa/Chuvisco;Motocicleta;Lesoes Leves;3;4;5;1;3;1
Chuva;Colisao lateral mesmo sentido;Pleno dia;Garoa/Chuvisco;Utilitario;Ileso;4;4;5;1;3;3
Chuva;Colisao lateral mesmo sentido;Pleno dia;Nublado;Automovel;Ileso;2;4;5;1;2;1
Chuva;Colisao lateral mesmo sentido;Pleno dia;Nublado;Automovel;Lesoes Leves;1;4;5;1;2;1
Chuva;Colisao lateral sentido oposto;Plena Noite;Chuva;Automovel;Ileso;14;4;4;2;2;1
Chuva;Colisao lateral sentido oposto;Plena Noite;Chuva;Automovel;Lesoes Graves;3;4;4;2;2;1
Chuva;Colisao lateral sentido oposto;Plena Noite;Chuva;Automovel;Lesoes Leves;8;4;4;2;2;1
Chuva;Colisao lateral sentido oposto;Plena Noite;Chuva;Automovel;Obito;1;4;4;2;2;1
Chuva;Colisao lateral sentido oposto;Plena Noite;Chuva;Caminhao;Ileso;7;4;4;2;2;2
Chuva;Colisao lateral sentido oposto;Plena Noite;Chuva;Caminhao;Lesoes Leves;1;4;4;2;2;2
Chuva;Colisao lateral sentido oposto;Plena Noite;Chuva;Caminhao-trator;Ileso;7;4;4;2;2;2
Chuva;Colisao lateral sentido oposto;Plena Noite;Chuva;Caminhao-trator;Lesoes Graves;2;4;4;2;2;2
Chuva;Colisao lateral sentido oposto;Plena Noite;Chuva;Caminhao-trator;Lesoes Leves;1;4;4;2;2;2
Chuva;Colisao lateral sentido oposto;Plena Noite;Chuva;Caminhonete;Ileso;5;4;4;2;2;2
Chuva;Colisao lateral sentido oposto;Plena Noite;Chuva;Caminhonete;Lesoes Leves;2;4;4;2;2;2
Chuva;Colisao lateral sentido oposto;Plena Noite;Chuva;Micro-onibus;Ileso;1;4;4;2;2;4
Chuva;Colisao lateral sentido oposto;Plena Noite;Chuva;Onibus;Ileso;1;4;4;2;2;3
Chuva;Colisao lateral sentido oposto;Pleno dia;Ceu Claro;Caminhao;Ileso;1;4;4;1;1;2
Chuva;Colisao lateral sentido oposto;Pleno dia;Ceu Claro;Motocicleta;Obito;1;4;4;1;1;1
Chuva;Colisao lateral sentido oposto;Pleno dia;Chuva;Automovel;Ileso;24;4;4;1;2;1
Chuva;Colisao lateral sentido oposto;Pleno dia;Chuva;Automovel;Lesoes Graves;5;4;4;1;2;1
Chuva;Colisao lateral sentido oposto;Pleno dia;Chuva;Automovel;Lesoes Leves;23;4;4;1;2;1
Chuva;Colisao lateral sentido oposto;Pleno dia;Chuva;Caminhao;Ileso;8;4;4;1;2;2
Chuva;Colisao lateral sentido oposto;Pleno dia;Chuva;Caminhao;Lesoes Leves;1;4;4;1;2;2
Chuva;Colisao lateral sentido oposto;Pleno dia;Chuva;Caminhao-trator;Ileso;10;4;4;1;2;2
Chuva;Colisao lateral sentido oposto;Pleno dia;Chuva;Caminhao-trator;Lesoes Graves;1;4;4;1;2;2
Chuva;Colisao lateral sentido oposto;Pleno dia;Chuva;Caminhao-trator;Lesoes Leves;4;4;4;1;2;2
Chuva;Colisao lateral sentido oposto;Pleno dia;Chuva;Caminhonete;Ileso;6;4;4;1;2;2
Chuva;Colisao lateral sentido oposto;Pleno dia;Chuva;Caminhonete;Lesoes Graves;2;4;4;1;2;2
Chuva;Colisao lateral sentido oposto;Pleno dia;Chuva;Caminhonete;Lesoes Leves;7;4;4;1;2;2
Chuva;Colisao lateral sentido oposto;Pleno dia;Chuva;Caminhonete;Obito;1;4;4;1;2;2
Chuva;Colisao lateral sentido oposto;Pleno dia;Chuva;Motocicleta;Lesoes Graves;1;4;4;1;2;1
Chuva;Colisao lateral sentido oposto;Pleno dia;Chuva;Motocicleta;Lesoes Leves;1;4;4;1;2;1
Chuva;Colisao lateral sentido oposto;Pleno dia;Chuva;Nao Informado;Lesoes Graves;1;4;4;1;2;3
Chuva;Colisao lateral sentido oposto;Pleno dia;Chuva;Utilitario;Ileso;4;4;4;1;2;3
Chuva;Colisao lateral sentido oposto;Pleno dia;Chuva;Utilitario;Lesoes Leves;1;4;4;1;2;3
Chuva;Colisao lateral sentido oposto;Pleno dia;Garoa/Chuvisco;Automovel;Obito;1;4;4;1;3;1
Chuva;Colisao lateral sentido oposto;Pleno dia;Garoa/Chuvisco;Caminhao-trator;Ileso;1;4;4;1;3;2
Chuva;Colisao lateral sentido oposto;Pleno dia;Nublado;Automovel;Ileso;2;4;4;1;2;1
Chuva;Colisao lateral sentido oposto;Pleno dia;Nublado;Automovel;Lesoes Leves;3;4;4;1;2;1
Chuva;Colisao lateral sentido oposto;Pleno dia;Nublado;Caminhao;Ileso;1;4;4;1;2;2
Chuva;Colisao lateral sentido oposto;Pleno dia;Nublado;Caminhao-trator;Ileso;1;4;4;1;2;2
Chuva;Colisao lateral sentido oposto;Pleno dia;Nublado;Caminhonete;Ileso;3;4;4;1;2;2
Chuva;Colisao lateral sentido oposto;Pleno dia;Nublado;Caminhonete;Lesoes Leves;1;4;4;1;2;2
Chuva;Colisao transversal;Amanhecer;Chuva;Automovel;Ileso;2;4;5;4;2;1
Chuva;Colisao transversal;Amanhecer;Chuva;Motocicleta;Ileso;1;4;5;4;2;1
Chuva;Colisao transversal;Amanhecer;Chuva;Motocicleta;Lesoes Leves;1;4;5;4;2;1
Chuva;Colisao transversal;Anoitecer;Chuva;Automovel;Ileso;2;4;5;4;2;1
Chuva;Colisao transversal;Anoitecer;Chuva;Caminhonete;Ileso;2;4;5;4;2;2
Chuva;Colisao transversal;Anoitecer;Chuva;Motocicleta;Lesoes Graves;1;4;5;4;2;1
Chuva;Colisao transversal;Anoitecer;Chuva;Motocicleta;Lesoes Leves;3;4;5;4;2;1
Chuva;Colisao transversal;Anoitecer;Chuva;Motocicleta;Obito;1;4;5;4;2;1
Chuva;Colisao transversal;Plena Noite;Chuva;Automovel;Ileso;13;4;5;2;2;1
Chuva;Colisao transversal;Plena Noite;Chuva;Automovel;Lesoes Graves;1;4;5;2;2;1
Chuva;Colisao transversal;Plena Noite;Chuva;Automovel;Lesoes Leves;6;4;5;2;2;1
Chuva;Colisao transversal;Plena Noite;Chuva;Bicicleta;Lesoes Graves;2;4;5;2;2;3
Chuva;Colisao transversal;Plena Noite;Chuva;Caminhao;Ileso;2;4;5;2;2;2
Chuva;Colisao transversal;Plena Noite;Chuva;Caminhao-trator;Ileso;7;4;5;2;2;2
Chuva;Colisao transversal;Plena Noite;Chuva;Caminhao-trator;Lesoes Leves;1;4;5;2;2;2
Chuva;Colisao transversal;Plena Noite;Chuva;Caminhonete;Ileso;3;4;5;2;2;2
Chuva;Colisao transversal;Plena Noite;Chuva;Caminhonete;Lesoes Leves;4;4;5;2;2;2
Chuva;Colisao transversal;Plena Noite;Chuva;Motocicleta;Ileso;1;4;5;2;2;1
Chuva;Colisao transversal;Plena Noite;Chuva;Motocicleta;Lesoes Graves;3;4;5;2;2;1
Chuva;Colisao transversal;Plena Noite;Chuva;Motocicleta;Lesoes Leves;6;4;5;2;2;1
Chuva;Colisao transversal;Plena Noite;Chuva;Motoneta;Lesoes Leves;2;4;5;2;2;3
Chuva;Colisao transversal;Plena Noite;Chuva;Onibus;Ileso;1;4;5;2;2;3
Chuva;Colisao transversal;Plena Noite;Chuva;Utilitario;Ileso;4;4;5;2;2;3
Chuva;Colisao transversal;Plena Noite;Garoa/Chuvisco;Automovel;Ileso;1;4;5;2;3;1
Chuva;Colisao transversal;Plena Noite;Garoa/Chuvisco;Automovel;Lesoes Leves;1;4;5;2;3;1
Chuva;Colisao transversal;Plena Noite;Garoa/Chuvisco;Caminhao-trator;Ileso;1;4;5;2;3;2
Chuva;Colisao transversal;Plena Noite;Garoa/Chuvisco;Caminhonete;Ileso;1;4;5;2;3;2
Chuva;Colisao transversal;Plena Noite;Garoa/Chuvisco;Motocicleta;Ileso;1;4;5;2;3;1
Chuva;Colisao transversal;Plena Noite;Garoa/Chuvisco;Nao Informado;Ileso;1;4;5;2;3;3
Chuva;Colisao transversal;Pleno dia;Ceu Claro;Automovel;Ileso;2;4;5;1;1;1
Chuva;Colisao transversal;Pleno dia;Ceu Claro;Automovel;Lesoes Leves;1;4;5;1;1;1
Chuva;Colisao transversal;Pleno dia;Chuva;Automovel;Ileso;21;4;5;1;2;1
Chuva;Colisao transversal;Pleno dia;Chuva;Automovel;Lesoes Graves;10;4;5;1;2;1
Chuva;Colisao transversal;Pleno dia;Chuva;Automovel;Lesoes Leves;15;4;5;1;2;1
Chuva;Colisao transversal;Pleno dia;Chuva;Automovel;Obito;6;4;5;1;2;1
Chuva;Colisao transversal;Pleno dia;Chuva;Caminhao;Ileso;7;4;5;1;2;2
Chuva;Colisao transversal;Pleno dia;Chuva;Caminhao-trator;Ileso;5;4;5;1;2;2
Chuva;Colisao transversal;Pleno dia;Chuva;Caminhonete;Ileso;5;4;5;1;2;2
Chuva;Colisao transversal;Pleno dia;Chuva;Caminhonete;Lesoes Graves;4;4;5;1;2;2
Chuva;Colisao transversal;Pleno dia;Chuva;Caminhonete;Lesoes Leves;1;4;5;1;2;2
Chuva;Colisao transversal;Pleno dia;Chuva;Caminhonete;Obito;1;4;5;1;2;2
Chuva;Colisao transversal;Pleno dia;Chuva;Micro-onibus;Lesoes Leves;2;4;5;1;2;4
Chuva;Colisao transversal;Pleno dia;Chuva;Motocicleta;Lesoes Graves;4;4;5;1;2;1
Chuva;Colisao transversal;Pleno dia;Chuva;Motocicleta;Lesoes Leves;7;4;5;1;2;1
Chuva;Colisao transversal;Pleno dia;Chuva;Motocicleta;Obito;1;4;5;1;2;1
Chuva;Colisao transversal;Pleno dia;Chuva;Motoneta;Lesoes Leves;2;4;5;1;2;3
Chuva;Colisao transversal;Pleno dia;Chuva;Nao Informado;Ileso;3;4;5;1;2;3
Chuva;Colisao transversal;Pleno dia;Chuva;Nao Informado;Lesoes Leves;4;4;5;1;2;3
Chuva;Colisao transversal;Pleno dia;Chuva;Onibus;Ileso;1;4;5;1;2;3
Chuva;Colisao transversal;Pleno dia;Chuva;Utilitario;Ileso;1;4;5;1;2;3
Chuva;Colisao transversal;Pleno dia;Chuva;Utilitario;Lesoes Graves;5;4;5;1;2;3
Chuva;Colisao transversal;Pleno dia;Chuva;Utilitario;Lesoes Leves;2;4;5;1;2;3
Chuva;Colisao transversal;Pleno dia;Garoa/Chuvisco;Automovel;Ileso;5;4;5;1;3;1
Chuva;Colisao transversal;Pleno dia;Garoa/Chuvisco;Automovel;Lesoes Graves;1;4;5;1;3;1
Chuva;Colisao transversal;Pleno dia;Garoa/Chuvisco;Automovel;Lesoes Leves;6;4;5;1;3;1
Chuva;Colisao transversal;Pleno dia;Garoa/Chuvisco;Automovel;Obito;1;4;5;1;3;1
Chuva;Colisao transversal;Pleno dia;Garoa/Chuvisco;Caminhao;Ileso;1;4;5;1;3;2
Chuva;Colisao transversal;Pleno dia;Garoa/Chuvisco;Caminhao-trator;Ileso;1;4;5;1;3;2
Chuva;Colisao transversal;Pleno dia;Garoa/Chuvisco;Caminhao-trator;Lesoes Leves;1;4;5;1;3;2
Chuva;Colisao transversal;Pleno dia;Garoa/Chuvisco;Caminhonete;Lesoes Graves;3;4;5;1;3;2
Chuva;Colisao transversal;Pleno dia;Garoa/Chuvisco;Caminhonete;Lesoes Leves;2;4;5;1;3;2
Chuva;Colisao traseira;Amanhecer;Chuva;Automovel;Ileso;5;4;5;4;2;1
Chuva;Colisao traseira;Amanhecer;Chuva;Automovel;Lesoes Leves;1;4;5;4;2;1
Chuva;Colisao traseira;Amanhecer;Chuva;Caminhao;Lesoes Leves;4;4;5;4;2;2
Chuva;Colisao traseira;Amanhecer;Chuva;Caminhao-trator;Ileso;2;4;5;4;2;2
Chuva;Colisao traseira;Amanhecer;Chuva;Caminhonete;Ileso;3;4;5;4;2;2
Chuva;Colisao traseira;Amanhecer;Chuva;Micro-onibus;Ileso;1;4;5;4;2;4
Chuva;Colisao traseira;Amanhecer;Chuva;Motocicleta;Lesoes Graves;3;4;5;4;2;1
Chuva;Colisao traseira;Amanhecer;Chuva;Motocicleta;Lesoes Leves;4;4;5;4;2;1
Chuva;Colisao traseira;Amanhecer;Chuva;Motocicleta;Obito;1;4;5;4;2;1
Chuva;Colisao traseira;Amanhecer;Garoa/Chuvisco;Motocicleta;Lesoes Leves;2;4;5;4;3;1
Chuva;Colisao traseira;Anoitecer;Chuva;Automovel;Ileso;4;4;5;4;2;1
Chuva;Colisao traseira;Anoitecer;Chuva;Caminhonete;Ileso;1;4;5;4;2;2
Chuva;Colisao traseira;Anoitecer;Chuva;Motocicleta;Lesoes Graves;1;4;5;4;2;1
Chuva;Colisao traseira;Anoitecer;Chuva;Motocicleta;Lesoes Leves;1;4;5;4;2;1
Chuva;Colisao traseira;Anoitecer;Chuva;Motocicleta;Obito;1;4;5;4;2;1
Chuva;Colisao traseira;Plena Noite;Chuva;Automovel;Ileso;60;4;5;2;2;1
Chuva;Colisao traseira;Plena Noite;Chuva;Automovel;Lesoes Graves;8;4;5;2;2;1
Chuva;Colisao traseira;Plena Noite;Chuva;Automovel;Lesoes Leves;21;4;5;2;2;1
Chuva;Colisao traseira;Plena Noite;Chuva;Automovel;Obito;2;4;5;2;2;1
Chuva;Colisao traseira;Plena Noite;Chuva;Bicicleta;Lesoes Graves;1;4;5;2;2;3
Chuva;Colisao traseira;Plena Noite;Chuva;Bicicleta;Lesoes Leves;1;4;5;2;2;3
Chuva;Colisao traseira;Plena Noite;Chuva;Caminhao;Ileso;14;4;5;2;2;2
Chuva;Colisao traseira;Plena Noite;Chuva;Caminhao-trator;Ileso;6;4;5;2;2;2
Chuva;Colisao traseira;Plena Noite;Chuva;Caminhao-trator;Lesoes Graves;1;4;5;2;2;2
Chuva;Colisao traseira;Plena Noite;Chuva;Caminhao-trator;Lesoes Leves;1;4;5;2;2;2
Chuva;Colisao traseira;Plena Noite;Chuva;Caminhonete;Ileso;7;4;5;2;2;2
Chuva;Colisao traseira;Plena Noite;Chuva;Caminhonete;Lesoes Graves;1;4;5;2;2;2
Chuva;Colisao traseira;Plena Noite;Chuva;Caminhonete;Lesoes Leves;2;4;5;2;2;2
Chuva;Colisao traseira;Plena Noite;Chuva;Micro-onibus;Ileso;2;4;5;2;2;4
Chuva;Colisao traseira;Plena Noite;Chuva;Motocicleta;Ileso;1;4;5;2;2;1
Chuva;Colisao traseira;Plena Noite;Chuva;Motocicleta;Lesoes Graves;5;4;5;2;2;1
Chuva;Colisao traseira;Plena Noite;Chuva;Motocicleta;Lesoes Leves;10;4;5;2;2;1
Chuva;Colisao traseira;Plena Noite;Chuva;Motocicleta;Obito;2;4;5;2;2;1
Chuva;Colisao traseira;Plena Noite;Chuva;Motoneta;Ileso;2;4;5;2;2;3
Chuva;Colisao traseira;Plena Noite;Chuva;Motoneta;Lesoes Graves;1;4;5;2;2;3
Chuva;Colisao traseira;Plena Noite;Chuva;Nao Informado;Ileso;1;4;5;2;2;3
Chuva;Colisao traseira;Plena Noite;Chuva;Nao Informado;Lesoes Graves;1;4;5;2;2;3
Chuva;Colisao traseira;Plena Noite;Chuva;Nao Informado;Lesoes Leves;3;4;5;2;2;3
Chuva;Colisao traseira;Plena Noite;Chuva;Nao se aplica;Obito;1;4;5;2;2;3
Chuva;Colisao traseira;Plena Noite;Chuva;Onibus;Ileso;2;4;5;2;2;3
Chuva;Colisao traseira;Plena Noite;Chuva;Utilitario;Ileso;2;4;5;2;2;3
Chuva;Colisao traseira;Plena Noite;Garoa/Chuvisco;Automovel;Ileso;8;4;5;2;3;1
Chuva;Colisao traseira;Plena Noite;Garoa/Chuvisco;Automovel;Lesoes Leves;5;4;5;2;3;1
Chuva;Colisao traseira;Plena Noite;Garoa/Chuvisco;Motocicleta;Lesoes Graves;1;4;5;2;3;1
Chuva;Colisao traseira;Plena Noite;Garoa/Chuvisco;Motocicleta;Lesoes Leves;1;4;5;2;3;1
Chuva;Colisao traseira;Plena Noite;Garoa/Chuvisco;Utilitario;Ileso;1;4;5;2;3;3
Chuva;Colisao traseira;Plena Noite;Nublado;Automovel;Ileso;3;4;5;2;2;1
Chuva;Colisao traseira;Plena Noite;Nublado;Automovel;Lesoes Leves;1;4;5;2;2;1
Chuva;Colisao traseira;Plena Noite;Nublado;Bicicleta;Lesoes Graves;1;4;5;2;2;3
Chuva;Colisao traseira;Plena Noite;Nublado;Caminhao-trator;Ileso;3;4;5;2;2;2
Chuva;Colisao traseira;Plena Noite;Nublado;Utilitario;Ileso;3;4;5;2;2;3
Chuva;Colisao traseira;Pleno dia;Ceu Claro;Automovel;Ileso;3;4;5;1;1;1
Chuva;Colisao traseira;Pleno dia;Ceu Claro;Automovel;Lesoes Leves;2;4;5;1;1;1
Chuva;Colisao traseira;Pleno dia;Ceu Claro;Caminhao;Ileso;1;4;5;1;1;2
Chuva;Colisao traseira;Pleno dia;Ceu Claro;Caminhonete;Lesoes Leves;1;4;5;1;1;2
Chuva;Colisao traseira;Pleno dia;Chuva;Automovel;Ileso;57;4;5;1;2;1
Chuva;Colisao traseira;Pleno dia;Chuva;Automovel;Lesoes Graves;8;4;5;1;2;1
Chuva;Colisao traseira;Pleno dia;Chuva;Automovel;Lesoes Leves;25;4;5;1;2;1
Chuva;Colisao traseira;Pleno dia;Chuva;Caminhao;Ileso;10;4;5;1;2;2
Chuva;Colisao traseira;Pleno dia;Chuva;Caminhao;Lesoes Graves;1;4;5;1;2;2
Chuva;Colisao traseira;Pleno dia;Chuva;Caminhao;Lesoes Leves;2;4;5;1;2;2
Chuva;Colisao traseira;Pleno dia;Chuva;Caminhao;Obito;1;4;5;1;2;2
Chuva;Colisao traseira;Pleno dia;Chuva;Caminhao-trator;Ileso;21;4;5;1;2;2
Chuva;Colisao traseira;Pleno dia;Chuva;Caminhao-trator;Lesoes Graves;7;4;5;1;2;2
Chuva;Colisao traseira;Pleno dia;Chuva;Caminhao-trator;Lesoes Leves;6;4;5;1;2;2
Chuva;Colisao traseira;Pleno dia;Chuva;Caminhao-trator;Obito;1;4;5;1;2;2
Chuva;Colisao traseira;Pleno dia;Chuva;Caminhonete;Ileso;21;4;5;1;2;2
Chuva;Colisao traseira;Pleno dia;Chuva;Caminhonete;Lesoes Leves;10;4;5;1;2;2
Chuva;Colisao traseira;Pleno dia;Chuva;Ciclomotor;Lesoes Graves;1;4;5;1;2;4
Chuva;Colisao traseira;Pleno dia;Chuva;Micro-onibus;Lesoes Leves;1;4;5;1;2;4
Chuva;Colisao traseira;Pleno dia;Chuva;Motocicleta;Ileso;4;4;5;1;2;1
Chuva;Colisao traseira;Pleno dia;Chuva;Motocicleta;Lesoes Graves;2;4;5;1;2;1
Chuva;Colisao traseira;Pleno dia;Chuva;Motocicleta;Lesoes Leves;13;4;5;1;2;1
Chuva;Colisao traseira;Pleno dia;Chuva;Motoneta;Lesoes Leves;2;4;5;1;2;3
Chuva;Colisao traseira;Pleno dia;Chuva;Nao Informado;Ileso;1;4;5;1;2;3
Chuva;Colisao traseira;Pleno dia;Chuva;Nao Informado;Lesoes Leves;1;4;5;1;2;3
Chuva;Colisao traseira;Pleno dia;Chuva;Nao se aplica;Lesoes Graves;1;4;5;1;2;3
Chuva;Colisao traseira;Pleno dia;Chuva;Onibus;Ileso;4;4;5;1;2;3
Chuva;Colisao traseira;Pleno dia;Chuva;Utilitario;Ileso;8;4;5;1;2;3
Chuva;Colisao traseira;Pleno dia;Chuva;Utilitario;Lesoes Leves;5;4;5;1;2;3
Chuva;Colisao traseira;Pleno dia;Garoa/Chuvisco;Automovel;Ileso;7;4;5;1;3;1
Chuva;Colisao traseira;Pleno dia;Garoa/Chuvisco;Automovel;Lesoes Graves;5;4;5;1;3;1
Chuva;Colisao traseira;Pleno dia;Garoa/Chuvisco;Automovel;Lesoes Leves;9;4;5;1;3;1
Chuva;Colisao traseira;Pleno dia;Garoa/Chuvisco;Automovel;Obito;1;4;5;1;3;1
Chuva;Colisao traseira;Pleno dia;Garoa/Chuvisco;Caminhao;Ileso;1;4;5;1;3;2
Chuva;Colisao traseira;Pleno dia;Garoa/Chuvisco;Caminhao;Obito;1;4;5;1;3;2
Chuva;Colisao traseira;Pleno dia;Garoa/Chuvisco;Caminhao-trator;Ileso;5;4;5;1;3;2
Chuva;Colisao traseira;Pleno dia;Garoa/Chuvisco;Caminhao-trator;Lesoes Leves;1;4;5;1;3;2
Chuva;Colisao traseira;Pleno dia;Garoa/Chuvisco;Caminhonete;Ileso;5;4;5;1;3;2
Chuva;Colisao traseira;Pleno dia;Garoa/Chuvisco;Caminhonete;Lesoes Graves;3;4;5;1;3;2
Chuva;Colisao traseira;Pleno dia;Garoa/Chuvisco;Caminhonete;Lesoes Leves;5;4;5;1;3;2
Chuva;Colisao traseira;Pleno dia;Garoa/Chuvisco;Motocicleta;Lesoes Leves;1;4;5;1;3;1
Chuva;Colisao traseira;Pleno dia;Garoa/Chuvisco;Nao Informado;Lesoes Leves;3;4;5;1;3;3
Chuva;Colisao traseira;Pleno dia;Nublado;Automovel;Ileso;1;4;5;1;2;1
Chuva;Colisao traseira;Pleno dia;Nublado;Caminhao;Ileso;2;4;5;1;2;2
Chuva;Colisao traseira;Pleno dia;Nublado;Caminhao;Lesoes Leves;1;4;5;1;2;2
Chuva;Colisao traseira;Pleno dia;Nublado;Caminhonete;Ileso;2;4;5;1;2;2
Chuva;Derramamento de carga;Amanhecer;Chuva;Caminhao;Ileso;1;4;3;4;2;2
Chuva;Derramamento de carga;Amanhecer;Chuva;Caminhao;Lesoes Leves;1;4;3;4;2;2
Chuva;Derramamento de carga;Anoitecer;Chuva;Caminhao-trator;Lesoes Leves;1;4;3;4;2;2
Chuva;Derramamento de carga;Plena Noite;Chuva;Caminhao;Lesoes Leves;2;4;3;2;2;2
Chuva;Derramamento de carga;Plena Noite;Chuva;Caminhao-trator;Ileso;1;4;3;2;2;2
Chuva;Derramamento de carga;Plena Noite;Chuva;Caminhao-trator;Lesoes Leves;2;4;3;2;2;2
Chuva;Derramamento de carga;Pleno dia;Chuva;Automovel;Obito;1;4;3;1;2;1
Chuva;Derramamento de carga;Pleno dia;Chuva;Caminhao;Lesoes Graves;1;4;3;1;2;2
Chuva;Derramamento de carga;Pleno dia;Chuva;Caminhao;Lesoes Leves;6;4;3;1;2;2
Chuva;Derramamento de carga;Pleno dia;Chuva;Caminhao-trator;Ileso;1;4;3;1;2;2
Chuva;Derramamento de carga;Pleno dia;Chuva;Caminhao-trator;Lesoes Graves;4;4;3;1;2;2
Chuva;Derramamento de carga;Pleno dia;Chuva;Caminhao-trator;Lesoes Leves;6;4;3;1;2;2
Chuva;Derramamento de carga;Pleno dia;Chuva;Caminhao-trator;Obito;2;4;3;1;2;2
Chuva;Derramamento de carga;Pleno dia;Chuva;Caminhonete;Lesoes Graves;1;4;3;1;2;2
Chuva;Derramamento de carga;Pleno dia;Garoa/Chuvisco;Caminhao-trator;Ileso;2;4;3;1;3;2
Chuva;Derramamento de carga;Pleno dia;Garoa/Chuvisco;Caminhao-trator;Lesoes Graves;1;4;3;1;3;2
Chuva;Derramamento de carga;Pleno dia;Garoa/Chuvisco;Caminhao-trator;Lesoes Leves;1;4;3;1;3;2
Chuva;Derramamento de carga;Pleno dia;Garoa/Chuvisco;Caminhonete;Obito;1;4;3;1;3;2
Chuva;Engavetamento;Amanhecer;Chuva;Automovel;Ileso;2;4;3;4;2;1
Chuva;Engavetamento;Amanhecer;Chuva;Automovel;Lesoes Leves;2;4;3;4;2;1
Chuva;Engavetamento;Amanhecer;Chuva;Automovel;Obito;1;4;3;4;2;1
Chuva;Engavetamento;Amanhecer;Chuva;Caminhao;Ileso;5;4;3;4;2;2
Chuva;Engavetamento;Amanhecer;Chuva;Caminhao;Lesoes Leves;1;4;3;4;2;2
Chuva;Engavetamento;Amanhecer;Chuva;Caminhao-trator;Ileso;1;4;3;4;2;2
Chuva;Engavetamento;Amanhecer;Chuva;Micro-onibus;Ileso;1;4;3;4;2;4
Chuva;Engavetamento;Anoitecer;Chuva;Automovel;Ileso;5;4;3;4;2;1
Chuva;Engavetamento;Anoitecer;Chuva;Automovel;Lesoes Leves;2;4;3;4;2;1
Chuva;Engavetamento;Anoitecer;Chuva;Caminhao;Ileso;1;4;3;4;2;2
Chuva;Engavetamento;Anoitecer;Chuva;Caminhonete;Ileso;2;4;3;4;2;2
Chuva;Engavetamento;Anoitecer;Chuva;Caminhonete;Lesoes Leves;1;4;3;4;2;2
Chuva;Engavetamento;Anoitecer;Chuva;Utilitario;Ileso;1;4;3;4;2;3
Chuva;Engavetamento;Plena Noite;Chuva;Automovel;Ileso;8;4;3;2;2;1
Chuva;Engavetamento;Plena Noite;Chuva;Automovel;Lesoes Graves;1;4;3;2;2;1
Chuva;Engavetamento;Plena Noite;Chuva;Automovel;Lesoes Leves;8;4;3;2;2;1
Chuva;Engavetamento;Plena Noite;Chuva;Automovel;Obito;1;4;3;2;2;1
Chuva;Engavetamento;Plena Noite;Chuva;Caminhao;Ileso;3;4;3;2;2;2
Chuva;Engavetamento;Plena Noite;Chuva;Caminhao-trator;Ileso;1;4;3;2;2;2
Chuva;Engavetamento;Plena Noite;Chuva;Caminhonete;Lesoes Leves;2;4;3;2;2;2
Chuva;Engavetamento;Plena Noite;Chuva;Motocicleta;Lesoes Leves;1;4;3;2;2;1
Chuva;Engavetamento;Plena Noite;Chuva;Nao Informado;Ileso;6;4;3;2;2;3
Chuva;Engavetamento;Plena Noite;Garoa/Chuvisco;Automovel;Ileso;1;4;3;2;3;1
Chuva;Engavetamento;Plena Noite;Garoa/Chuvisco;Caminhao-trator;Ileso;2;4;3;2;3;2
Chuva;Engavetamento;Plena Noite;Garoa/Chuvisco;Onibus;Lesoes Leves;2;4;3;2;3;3
Chuva;Engavetamento;Pleno dia;Chuva;Automovel;Ileso;33;4;3;1;2;1
Chuva;Engavetamento;Pleno dia;Chuva;Automovel;Lesoes Graves;4;4;3;1;2;1
Chuva;Engavetamento;Pleno dia;Chuva;Automovel;Lesoes Leves;5;4;3;1;2;1
Chuva;Engavetamento;Pleno dia;Chuva;Caminhao;Ileso;6;4;3;1;2;2
Chuva;Engavetamento;Pleno dia;Chuva;Caminhao;Lesoes Graves;1;4;3;1;2;2
Chuva;Engavetamento;Pleno dia;Chuva;Caminhao;Lesoes Leves;1;4;3;1;2;2
Chuva;Engavetamento;Pleno dia;Chuva;Caminhao-trator;Ileso;4;4;3;1;2;2
Chuva;Engavetamento;Pleno dia;Chuva;Caminhonete;Ileso;6;4;3;1;2;2
Chuva;Engavetamento;Pleno dia;Chuva;Caminhonete;Lesoes Leves;1;4;3;1;2;2
Chuva;Engavetamento;Pleno dia;Chuva;Motocicleta;Ileso;1;4;3;1;2;1