causa_acidente;tipo_acidente;fase_dia;condicao_metereologica;tipo_veiculo;estado_fisico;count;causa_acidente_criterios;tipo_acidente_criterios;fase_dia_criterios;condicao_metereologica_criterios;tipo_veiculo_criterios
Chuva;Engavetamento;Pleno dia;Chuva;Motocicleta;Lesoes Leves;5;4;3;1;2;1
Chuva;Engavetamento;Pleno dia;Chuva;Nao Informado;Ileso;1;4;3;1;2;3
Chuva;Engavetamento;Pleno dia;Chuva;Onibus;Ileso;4;4;3;1;2;3
Chuva;Engavetamento;Pleno dia;Garoa/Chuvisco;Automovel;Ileso;7;4;3;1;3;1
Chuva;Engavetamento;Pleno dia;Garoa/Chuvisco;Automovel;Lesoes Leves;3;4;3;1;3;1
Chuva;Engavetamento;Pleno dia;Garoa/Chuvisco;Caminhao;Ileso;2;4;3;1;3;2
Chuva;Engavetamento;Pleno dia;Garoa/Chuvisco;Caminhao;Lesoes Leves;2;4;3;1;3;2
Chuva;Engavetamento;Pleno dia;Garoa/Chuvisco;Caminhonete;Ileso;1;4;3;1;3;2
Chuva;Engavetamento;Pleno dia;Garoa/Chuvisco;Motocicleta;Ileso;2;4;3;1;3;1
Chuva;Engavetamento;Pleno dia;Garoa/Chuvisco;Motocicleta;Lesoes Leves;1;4;3;1;3;1
Chuva;Eventos atipicos;Amanhecer;Chuva;Automovel;Ileso;4;4;2;4;2;1
Chuva;Eventos atipicos;Amanhecer;Chuva;Caminhonete;Ileso;4;4;2;4;2;2
Chuva;Eventos atipicos;Amanhecer;Chuva;Motocicleta;Lesoes Graves;6;4;2;4;2;1
Chuva;Eventos atipicos;Amanhecer;Chuva;Motocicleta;Lesoes Leves;4;4;2;4;2;1
Chuva;Eventos atipicos;Amanhecer;Chuva;Motocicleta;Obito;2;4;2;4;2;1
Chuva;Eventos atipicos;Anoitecer;Chuva;Automovel;Ileso;4;4;2;4;2;1
Chuva;Eventos atipicos;Anoitecer;Chuva;Automovel;Lesoes Leves;2;4;2;4;2;1
Chuva;Eventos atipicos;Plena Noite;Chuva;Caminhao;Lesoes Leves;1;4;2;2;2;2
Chuva;Eventos atipicos;Plena Noite;Chuva;Motocicleta;Lesoes Leves;2;4;2;2;2;1
Chuva;Eventos atipicos;Plena Noite;Vento;Caminhonete;Ileso;1;4;2;2;5;2
Chuva;Eventos atipicos;Pleno dia;Chuva;Automovel;Ileso;3;4;2;1;2;1
Chuva;Eventos atipicos;Pleno dia;Chuva;Caminhao;Ileso;3;4;2;1;2;2
Chuva;Eventos atipicos;Pleno dia;Chuva;Caminhao;Lesoes Leves;1;4;2;1;2;2
Chuva;Eventos atipicos;Pleno dia;Chuva;Caminhao-trator;Lesoes Graves;2;4;2;1;2;2
Chuva;Eventos atipicos;Pleno dia;Chuva;Caminhao-trator;Lesoes Leves;3;4;2;1;2;2
Chuva;Eventos atipicos;Pleno dia;Chuva;Caminhonete;Ileso;1;4;2;1;2;2
Chuva;Eventos atipicos;Pleno dia;Chuva;Utilitario;Ileso;1;4;2;1;2;3
Chuva;Eventos atipicos;Pleno dia;Chuva;Utilitario;Lesoes Graves;1;4;2;1;2;3
Chuva;Incendio;Pleno dia;Chuva;Automovel;Obito;1;4;2;1;2;1
Chuva;Incendio;Pleno dia;Chuva;Caminhao;Lesoes Leves;1;4;2;1;2;2
Chuva;Incendio;Pleno dia;Chuva;Caminhonete;Lesoes Graves;4;4;2;1;2;2
Chuva;Incendio;Pleno dia;Chuva;Caminhonete;Obito;1;4;2;1;2;2
Chuva;Incendio;Pleno dia;Garoa/Chuvisco;Caminhao-trator;Ileso;1;4;2;1;3;2
Chuva;Incendio;Pleno dia;Garoa/Chuvisco;Caminhonete;Obito;1;4;2;1;3;2
Chuva;Queda de ocupante de veiculo;Amanhecer;Chuva;Automovel;Ileso;9;4;5;4;2;1
Chuva;Queda de ocupante de veiculo;Amanhecer;Chuva;Automovel;Lesoes Leves;1;4;5;4;2;1
Chuva;Queda de ocupante de veiculo;Amanhecer;Chuva;Caminhonete;Ileso;6;4;5;4;2;2
Chuva;Queda de ocupante de veiculo;Amanhecer;Chuva;Motocicleta;Ileso;1;4;5;4;2;1
Chuva;Queda de ocupante de veiculo;Amanhecer;Chuva;Motocicleta;Lesoes Graves;9;4;5;4;2;1
Chuva;Queda de ocupante de veiculo;Amanhecer;Chuva;Motocicleta;Lesoes Leves;7;4;5;4;2;1
Chuva;Queda de ocupante de veiculo;Amanhecer;Chuva;Motocicleta;Obito;4;4;5;4;2;1
Chuva;Queda de ocupante de veiculo;Amanhecer;Chuva;Motoneta;Ileso;1;4;5;4;2;3
Chuva;Queda de ocupante de veiculo;Amanhecer;Chuva;Motoneta;Lesoes Graves;1;4;5;4;2;3
Chuva;Queda de ocupante de veiculo;Amanhecer;Chuva;Motoneta;Lesoes Leves;1;4;5;4;2;3
Chuva;Queda de ocupante de veiculo;Amanhecer;Garoa/Chuvisco;Motocicleta;Lesoes Graves;1;4;5;4;3;1
Chuva;Queda de ocupante de veiculo;Amanhecer;Garoa/Chuvisco;Motocicleta;Lesoes Leves;1;4;5;4;3;1
Chuva;Queda de ocupante de veiculo;Amanhecer;Garoa/Chuvisco;Motoneta;Lesoes Leves;1;4;5;4;3;3
Chuva;Queda de ocupante de veiculo;Anoitecer;Ceu Claro;Motocicleta;Ileso;1;4;5;4;1;1
Chuva;Queda de ocupante de veiculo;Anoitecer;Ceu Claro;Motocicleta;Lesoes Leves;2;4;5;4;1;1
Chuva;Queda de ocupante de veiculo;Anoitecer;Chuva;Automovel;Ileso;3;4;5;4;2;1
Chuva;Queda de ocupante de veiculo;Anoitecer;Chuva;Motocicleta;Ileso;2;4;5;4;2;1
Chuva;Queda de ocupante de veiculo;Anoitecer;Chuva;Motocicleta;Lesoes Graves;3;4;5;4;2;1
Chuva;Queda de ocupante de veiculo;Anoitecer;Chuva;Motocicleta;Lesoes Leves;9;4;5;4;2;1
Chuva;Queda de ocupante de veiculo;Anoitecer;Chuva;Motocicleta;Obito;2;4;5;4;2;1
Chuva;Queda de ocupante de veiculo;Anoitecer;Garoa/Chuvisco;Motocicleta;Ileso;1;4;5;4;3;1
Chuva;Queda de ocupante de veiculo;Anoitecer;Garoa/Chuvisco;Motocicleta;Lesoes Leves;1;4;5;4;3;1
Chuva;Queda de ocupante de veiculo;Plena Noite;Chuva;Automovel;Ileso;34;4;5;2;2;1
Chuva;Queda de ocupante de veiculo;Plena Noite;Chuva;Automovel;Lesoes Leves;3;4;5;2;2;1
Chuva;Queda de ocupante de veiculo;Plena Noite;Chuva;Bicicleta;Lesoes Graves;5;4;5;2;2;3
Chuva;Queda de ocupante de veiculo;Plena Noite;Chuva;Bicicleta;Lesoes Leves;2;4;5;2;2;3
Chuva;Queda de ocupante de veiculo;Plena Noite;Chuva;Caminhao;Ileso;1;4;5;2;2;2
Chuva;Queda de ocupante de veiculo;Plena Noite;Chuva;Caminhao;Obito;1;4;5;2;2;2
Chuva;Queda de ocupante de veiculo;Plena Noite;Chuva;Caminhao-trator;Ileso;2;4;5;2;2;2
Chuva;Queda de ocupante de veiculo;Plena Noite;Chuva;Caminhonete;Ileso;3;4;5;2;2;2
Chuva;Queda de ocupante de veiculo;Plena Noite;Chuva;Micro-onibus;Ileso;1;4;5;2;2;4
Chuva;Queda de ocupante de veiculo;Plena Noite;Chuva;Motocicleta;Ileso;8;4;5;2;2;1
Chuva;Queda de ocupante de veiculo;Plena Noite;Chuva;Motocicleta;Lesoes Graves;10;4;5;2;2;1
Chuva;Queda de ocupante de veiculo;Plena Noite;Chuva;Motocicleta;Lesoes Leves;42;4;5;2;2;1
Chuva;Queda de ocupante de veiculo;Plena Noite;Chuva;Motocicleta;Obito;5;4;5;2;2;1
Chuva;Queda de ocupante de veiculo;Plena Noite;Chuva;Motoneta;Ileso;3;4;5;2;2;3
Chuva;Queda de ocupante de veiculo;Plena Noite;Chuva;Motoneta;Lesoes Graves;1;4;5;2;2;3
Chuva;Queda de ocupante de veiculo;Plena Noite;Chuva;Motoneta;Lesoes Leves;7;4;5;2;2;3
Chuva;Queda de ocupante de veiculo;Plena Noite;Chuva;Nao se aplica;Lesoes Graves;1;4;5;2;2;3
Chuva;Queda de ocupante de veiculo;Plena Noite;Chuva;Nao se aplica;Lesoes Leves;1;4;5;2;2;3
Chuva;Queda de ocupante de veiculo;Plena Noite;Chuva;Onibus;Ileso;1;4;5;2;2;3
Chuva;Queda de ocupante de veiculo;Plena Noite;Chuva;Utilitario;Ileso;1;4;5;2;2;3
Chuva;Queda de ocupante de veiculo;Plena Noite;Garoa/Chuvisco;Automovel;Ileso;3;4;5;2;3;1
Chuva;Queda de ocupante de veiculo;Plena Noite;Garoa/Chuvisco;Automovel;Lesoes Leves;2;4;5;2;3;1
Chuva;Queda de ocupante de veiculo;Plena Noite;Garoa/Chuvisco;Bicicleta;Lesoes Leves;1;4;5;2;3;3
Chuva;Queda de ocupante de veiculo;Plena Noite;Garoa/Chuvisco;Caminhao-trator;Ileso;1;4;5;2;3;2
Chuva;Queda de ocupante de veiculo;Plena Noite;Garoa/Chuvisco;Caminhonete;Ileso;2;4;5;2;3;2
Chuva;Queda de ocupante de veiculo;Plena Noite;Garoa/Chuvisco;Motocicleta;Lesoes Graves;5;4;5;2;3;1
Chuva;Queda de ocupante de veiculo;Plena Noite;Garoa/Chuvisco;Motocicleta;Lesoes Leves;11;4;5;2;3;1
Chuva;Queda de ocupante de veiculo;Plena Noite;Garoa/Chuvisco;Motocicleta;Obito;3;4;5;2;3;1
Chuva;Queda de ocupante de veiculo;Plena Noite;Garoa/Chuvisco;Motoneta;Lesoes Leves;4;4;5;2;3;3
Chuva;Queda de ocupante de veiculo;Plena Noite;Garoa/Chuvisco;Nao se aplica;Lesoes Leves;1;4;5;2;3;3
Chuva;Queda de ocupante de veiculo;Plena Noite;Garoa/Chuvisco;Utilitario;Ileso;1;4;5;2;3;3
Chuva;Queda de ocupante de veiculo;Plena Noite;Ignorado;Motocicleta;Lesoes Leves;1;4;5;2;0;1
Chuva;Queda de ocupante de veiculo;Plena Noite;Nublado;Bicicleta;Lesoes Graves;1;4;5;2;2;3
Chuva;Queda de ocupante de veiculo;Plena Noite;Nublado;Caminhao-trator;Ileso;3;4;5;2;2;2
Chuva;Queda de ocupante de veiculo;Plena Noite;Nublado;Motocicleta;Ileso;1;4;5;2;2;1
Chuva;Queda de ocupante de veiculo;Plena Noite;Nublado;Motocicleta;Lesoes Graves;1;4;5;2;2;1
Chuva;Queda de ocupante de veiculo;Plena Noite;Nublado;Motocicleta;Lesoes Leves;3;4;5;2;2;1
Chuva;Queda de ocupante de veiculo;Plena Noite;Nublado;Motocicleta;Obito;1;4;5;2;2;1
Chuva;Queda de ocupante de veiculo;Pleno dia;Ceu Claro;Caminhao;Ileso;1;4;5;1;1;2
Chuva;Queda de ocupante de veiculo;Pleno dia;Ceu Claro;Motocicleta;Lesoes Leves;1;4;5;1;1;1
Chuva;Queda de ocupante de veiculo;Pleno dia;Ceu Claro;Motocicleta;Obito;1;4;5;1;1;1
Chuva;Queda de ocupante de veiculo;Pleno dia;Chuva;Automovel;Ileso;27;4;5;1;2;1
Chuva;Queda de ocupante de veiculo;Pleno dia;Chuva;Automovel;Lesoes Graves;1;4;5;1;2;1
Chuva;Queda de ocupante de veiculo;Pleno dia;Chuva;Automovel;Lesoes Leves;8;4;5;1;2;1
Chuva;Queda de ocupante de veiculo;Pleno dia;Chuva;Automovel;Obito;2;4;5;1;2;1
Chuva;Queda de ocupante de veiculo;Pleno dia;Chuva;Caminhao;Ileso;5;4;5;1;2;2
Chuva;Queda de ocupante de veiculo;Pleno dia;Chuva;Caminhao-trator;Ileso;2;4;5;1;2;2
Chuva;Queda de ocupante de veiculo;Pleno dia;Chuva;Caminhonete;Ileso;5;4;5;1;2;2
Chuva;Queda de ocupante de veiculo;Pleno dia;Chuva;Ciclomotor;Lesoes Graves;1;4;5;1;2;4
Chuva;Queda de ocupante de veiculo;Pleno dia;Chuva;Motocicleta;Ileso;7;4;5;1;2;1
Chuva;Queda de ocupante de veiculo;Pleno dia;Chuva;Motocicleta;Lesoes Graves;13;4;5;1;2;1
Chuva;Queda de ocupante de veiculo;Pleno dia;Chuva;Motocicleta;Lesoes Leves;59;4;5;1;2;1
Chuva;Queda de ocupante de veiculo;Pleno dia;Chuva;Motocicleta;Obito;4;4;5;1;2;1
Chuva;Queda de ocupante de veiculo;Pleno dia;Chuva;Motoneta;Ileso;2;4;5;1;2;3
Chuva;Queda de ocupante de veiculo;Pleno dia;Chuva;Motoneta;Lesoes Graves;2;4;5;1;2;3
Chuva;Queda de ocupante de veiculo;Pleno dia;Chuva;Motoneta;Lesoes Leves;13;4;5;1;2;3
Chuva;Queda de ocupante de veiculo;Pleno dia;Chuva;Onibus;Ileso;8;4;5;1;2;3
Chuva;Queda de ocupante de veiculo;Pleno dia;Chuva;Utilitario;Ileso;1;4;5;1;2;3
Chuva;Queda de ocupante de veiculo;Pleno dia;Chuva;Utilitario;Lesoes Leves;4;4;5;1;2;3
Chuva;Queda de ocupante de veiculo;Pleno dia;Chuva;Utilitario;Obito;1;4;5;1;2;3
Chuva;Queda de ocupante de veiculo;Pleno dia;Garoa/Chuvisco;Automovel;Ileso;6;4;5;1;3;1
Chuva;Queda de ocupante de veiculo;Pleno dia;Garoa/Chuvisco;Automovel;Obito;1;4;5;1;3;1
Chuva;Queda de ocupante de veiculo;Pleno dia;Garoa/Chuvisco;Caminhao;Ileso;1;4;5;1;3;2
Chuva;Queda de ocupante de veiculo;Pleno dia;Garoa/Chuvisco;Caminhonete;Ileso;1;4;5;1;3;2
Chuva;Queda de ocupante de veiculo;Pleno dia;Garoa/Chuvisco;Motocicleta;Ileso;3;4;5;1;3;1
Chuva;Queda de ocupante de veiculo;Pleno dia;Garoa/Chuvisco;Motocicleta;Lesoes Graves;2;4;5;1;3;1
Chuva;Queda de ocupante de veiculo;Pleno dia;Garoa/Chuvisco;Motocicleta;Lesoes Leves;6;4;5;1;3;1
Chuva;Queda de ocupante de veiculo;Pleno dia;Garoa/Chuvisco;Motoneta;Ileso;1;4;5;1;3;3
Chuva;Queda de ocupante de veiculo;Pleno dia;Garoa/Chuvisco;Motoneta;Lesoes Leves;1;4;5;1;3;3
Chuva;Queda de ocupante de veiculo;Pleno dia;Nublado;Automovel;Ileso;1;4;5;1;2;1
Chuva;Queda de ocupante de veiculo;Pleno dia;Nublado;Motocicleta;Lesoes Leves;2;4;5;1;2;1
Chuva;Queda de ocupante de veiculo;Pleno dia;Nublado;Motocicleta;Obito;2;4;5;1;2;1
Chuva;Saida de leito carrocavel;Amanhecer;Chuva;Automovel;Ileso;6;4;5;4;2;1
Chuva;Saida de leito carrocavel;Amanhecer;Chuva;Automovel;Lesoes Leves;9;4;5;4;2;1
Chuva;Saida de leito carrocavel;Amanhecer;Chuva;Caminhao;Ileso;5;4;5;4;2;2
Chuva;Saida de leito carrocavel;Amanhecer;Chuva;Caminhao;Lesoes Leves;3;4;5;4;2;2
Chuva;Saida de leito carrocavel;Amanhecer;Chuva;Caminhao-trator;Ileso;1;4;5;4;2;2
Chuva;Saida de leito carrocavel;Amanhecer;Chuva;Caminhao-trator;Lesoes Graves;1;4;5;4;2;2
Chuva;Saida de leito carrocavel;Amanhecer;Chuva;Caminhao-trator;Lesoes Leves;2;4;5;4;2;2
Chuva;Saida de leito carrocavel;Amanhecer;Chuva;Caminhao-trator;Obito;1;4;5;4;2;2
Chuva;Saida de leito carrocavel;Amanhecer;Chuva;Caminhonete;Ileso;1;4;5;4;2;2
Chuva;Saida de leito carrocavel;Amanhecer;Chuva;Caminhonete;Lesoes Leves;1;4;5;4;2;2
Chuva;Saida de leito carrocavel;Amanhecer;Chuva;Caminhonete;Obito;1;4;5;4;2;2
Chuva;Saida de leito carrocavel;Amanhecer;Chuva;Micro-onibus;Ileso;1;4;5;4;2;4
Chuva;Saida de leito carrocavel;Amanhecer;Chuva;Micro-onibus;Lesoes Leves;1;4;5;4;2;4
Chuva;Saida de leito carrocavel;Amanhecer;Garoa/Chuvisco;Automovel;Ileso;3;4;5;4;3;1
Chuva;Saida de leito carrocavel;Amanhecer;Garoa/Chuvisco;Automovel;Lesoes Leves;1;4;5;4;3;1
Chuva;Saida de leito carrocavel;Amanhecer;Nublado;Automovel;Lesoes Leves;1;4;5;4;2;1
Chuva;Saida de leito carrocavel;Anoitecer;Chuva;Automovel;Ileso;4;4;5;4;2;1
Chuva;Saida de leito carrocavel;Anoitecer;Chuva;Automovel;Lesoes Graves;4;4;5;4;2;1
Chuva;Saida de leito carrocavel;Anoitecer;Chuva;Automovel;Lesoes Leves;16;4;5;4;2;1
Chuva;Saida de leito carrocavel;Anoitecer;Chuva;Caminhao;Ileso;1;4;5;4;2;2
Chuva;Saida de leito carrocavel;Anoitecer;Chuva;Caminhao-trator;Lesoes Leves;1;4;5;4;2;2
Chuva;Saida de leito carrocavel;Anoitecer;Chuva;Caminhao-trator;Obito;1;4;5;4;2;2
Chuva;Saida de leito carrocavel;Anoitecer;Chuva;Caminhonete;Ileso;7;4;5;4;2;2
Chuva;Saida de leito carrocavel;Anoitecer;Chuva;Caminhonete;Lesoes Graves;4;4;5;4;2;2
Chuva;Saida de leito carrocavel;Anoitecer;Chuva;Caminhonete;Lesoes Leves;6;4;5;4;2;2
Chuva;Saida de leito carrocavel;Anoitecer;Chuva;Micro-onibus;Ileso;2;4;5;4;2;4
Chuva;Saida de leito carrocavel;Anoitecer;Chuva;Micro-onibus;Lesoes Graves;5;4;5;4;2;4
Chuva;Saida de leito carrocavel;Anoitecer;Chuva;Micro-onibus;Lesoes Leves;6;4;5;4;2;4
Chuva;Saida de leito carrocavel;Anoitecer;Chuva;Micro-onibus;Obito;4;4;5;4;2;4
Chuva;Saida de leito carrocavel;Anoitecer;Chuva;Motocicleta;Lesoes Leves;2;4;5;4;2;1
Chuva;Saida de leito carrocavel;Anoitecer;Chuva;Motocicleta;Obito;2;4;5;4;2;1
Chuva;Saida de leito carrocavel;Anoitecer;Chuva;Nao Informado;Ileso;5;4;5;4;2;3
Chuva;Saida de leito carrocavel;Anoitecer;Chuva;Nao Informado;Lesoes Leves;3;4;5;4;2;3
Chuva;Saida de leito carrocavel;Anoitecer;Chuva;Utilitario;Ileso;1;4;5;4;2;3
Chuva;Saida de leito carrocavel;Anoitecer;Chuva;Utilitario;Lesoes Graves;1;4;5;4;2;3
Chuva;Saida de leito carrocavel;Anoitecer;Chuva;Utilitario;Lesoes Leves;2;4;5;4;2;3
Chuva;Saida de leito carrocavel;Anoitecer;Garoa/Chuvisco;Automovel;Ileso;2;4;5;4;3;1
Chuva;Saida de leito carrocavel;Anoitecer;Garoa/Chuvisco;Automovel;Lesoes Graves;1;4;5;4;3;1
Chuva;Saida de leito carrocavel;Anoitecer;Garoa/Chuvisco;Automovel;Lesoes Leves;1;4;5;4;3;1
Chuva;Saida de leito carrocavel;Anoitecer;Garoa/Chuvisco;Caminhao;Ileso;1;4;5;4;3;2
Chuva;Saida de leito carrocavel;Anoitecer;Garoa/Chuvisco;Caminhonete;Ileso;1;4;5;4;3;2
Chuva;Saida de leito carrocavel;Anoitecer;Garoa/Chuvisco;Caminhonete;Lesoes Leves;3;4;5;4;3;2
Chuva;Saida de leito carrocavel;Plena Noite;Ceu Claro;Automovel;Ileso;1;4;5;2;1;1
Chuva;Saida de leito carrocavel;Plena Noite;Ceu Claro;Automovel;Lesoes Leves;1;4;5;2;1;1
Chuva;Saida de leito carrocavel;Plena Noite;Chuva;Automovel;Ileso;52;4;5;2;2;1
Chuva;Saida de leito carrocavel;Plena Noite;Chuva;Automovel;Lesoes Graves;15;4;5;2;2;1
Chuva;Saida de leito carrocavel;Plena Noite;Chuva;Automovel;Lesoes Leves;64;4;5;2;2;1
Chuva;Saida de leito carrocavel;Plena Noite;Chuva;Automovel;Obito;7;4;5;2;2;1
Chuva;Saida de leito carrocavel;Plena Noite;Chuva;Caminhao;Ileso;4;4;5;2;2;2
Chuva;Saida de leito carrocavel;Plena Noite;Chuva;Caminhao;Lesoes Leves;8;4;5;2;2;2
Chuva;Saida de leito carrocavel;Plena Noite;Chuva;Caminhao-trator;Ileso;6;4;5;2;2;2
Chuva;Saida de leito carrocavel;Plena Noite;Chuva;Caminhao-trator;Lesoes Graves;3;4;5;2;2;2
Chuva;Saida de leito carrocavel;Plena Noite;Chuva;Caminhao-trator;Lesoes Leves;6;4;5;2;2;2
Chuva;Saida de leito carrocavel;Plena Noite;Chuva;Caminhao-trator;Obito;1;4;5;2;2;2
Chuva;Saida de leito carrocavel;Plena Noite;Chuva;Caminhonete;Ileso;11;4;5;2;2;2
Chuva;Saida de leito carrocavel;Plena Noite;Chuva;Caminhonete;Lesoes Graves;5;4;5;2;2;2
Chuva;Saida de leito carrocavel;Plena Noite;Chuva;Caminhonete;Lesoes Leves;18;4;5;2;2;2
Chuva;Saida de leito carrocavel;Plena Noite;Chuva;Motocicleta;Lesoes Leves;2;4;5;2;2;1
Chuva;Saida de leito carrocavel;Plena Noite;Chuva;Motocicleta;Obito;2;4;5;2;2;1
Chuva;Saida de leito carrocavel;Plena Noite;Chuva;Nao Informado;Lesoes Graves;3;4;5;2;2;3
Chuva;Saida de leito carrocavel;Plena Noite;Chuva;Nao Informado;Lesoes Leves;1;4;5;2;2;3
Chuva;Saida de leito carrocavel;Plena Noite;Chuva;Nao Informado;Obito;3;4;5;2;2;3
Chuva;Saida de leito carrocavel;Plena Noite;Chuva;Nao se aplica;Obito;1;4;5;2;2;3
Chuva;Saida de leito carrocavel;Plena Noite;Chuva;Onibus;Ileso;22;4;5;2;2;3
Chuva;Saida de leito carrocavel;Plena Noite;Chuva;Onibus;Lesoes Graves;11;4;5;2;2;3
Chuva;Saida de leito carrocavel;Plena Noite;Chuva;Onibus;Lesoes Leves;16;4;5;2;2;3
Chuva;Saida de leito carrocavel;Plena Noite;Chuva;Utilitario;Ileso;5;4;5;2;2;3
Chuva;Saida de leito carrocavel;Plena Noite;Chuva;Utilitario;Lesoes Graves;3;4;5;2;2;3
Chuva;Saida de leito carrocavel;Plena Noite;Chuva;Utilitario;Lesoes Leves;6;4;5;2;2;3
Chuva;Saida de leito carrocavel;Plena Noite;Chuva;Utilitario;Obito;1;4;5;2;2;3
Chuva;Saida de leito carrocavel;Plena Noite;Garoa/Chuvisco;Automovel;Ileso;6;4;5;2;3;1
Chuva;Saida de leito carrocavel;Plena Noite;Garoa/Chuvisco;Automovel;Lesoes Graves;5;4;5;2;3;1
Chuva;Saida de leito carrocavel;Plena Noite;Garoa/Chuvisco;Automovel;Lesoes Leves;8;4;5;2;3;1
Chuva;Saida de leito carrocavel;Plena Noite;Garoa/Chuvisco;Automovel;Obito;2;4;5;2;3;1
Chuva;Saida de leito carrocavel;Plena Noite;Garoa/Chuvisco;Caminhao;Lesoes Leves;1;4;5;2;3;2
Chuva;Saida de leito carrocavel;Plena Noite;Garoa/Chuvisco;Caminhao-trator;Ileso;4;4;5;2;3;2
Chuva;Saida de leito carrocavel;Plena Noite;Garoa/Chuvisco;Caminhao-trator;Lesoes Leves;3;4;5;2;3;2
Chuva;Saida de leito carrocavel;Plena Noite;Garoa/Chuvisco;Caminhonete;Ileso;2;4;5;2;3;2
Chuva;Saida de leito carrocavel;Plena Noite;Garoa/Chuvisco;Micro-onibus;Ileso;9;4;5;2;3;4
Chuva;Saida de leito carrocavel;Plena Noite;Garoa/Chuvisco;Motocicleta;Lesoes Graves;1;4;5;2;3;1
Chuva;Saida de leito carrocavel;Plena Noite;Garoa/Chuvisco;Motocicleta;Lesoes Leves;1;4;5;2;3;1
Chuva;Saida de leito carrocavel;Plena Noite;Garoa/Chuvisco;Motocicleta;Obito;1;4;5;2;3;1
Chuva;Saida de leito carrocavel;Plena Noite;Garoa/Chuvisco;Onibus;Lesoes Graves;1;4;5;2;3;3
Chuva;Saida de leito carrocavel;Plena Noite;Garoa/Chuvisco;Onibus;Lesoes Leves;37;4;5;2;3;3
Chuva;Saida de leito carrocavel;Plena Noite;Garoa/Chuvisco;Utilitario;Lesoes Leves;1;4;5;2;3;3
Chuva;Saida de leito carrocavel;Plena Noite;Nublado;Automovel;Ileso;1;4;5;2;2;1
Chuva;Saida de leito carrocavel;Plena Noite;Nublado;Automovel;Lesoes Leves;5;4;5;2;2;1
Chuva;Saida de leito carrocavel;Plena Noite;Nublado;Caminhao-trator;Lesoes Graves;1;4;5;2;2;2
Chuva;Saida de leito carrocavel;Plena Noite;Nublado;Utilitario;Ileso;3;4;5;2;2;3
Chuva;Saida de leito carrocavel;Pleno dia;Ceu Claro;Automovel;Ileso;5;4;5;1;1;1
Chuva;Saida de leito carrocavel;Pleno dia;Ceu Claro;Automovel;Lesoes Leves;4;4;5;1;1;1
Chuva;Saida de leito carrocavel;Pleno dia;Ceu Claro;Caminhao;Ileso;3;4;5;1;1;2
Chuva;Saida de leito carrocavel;Pleno dia;Ceu Claro;Caminhao;Lesoes Graves;1;4;5;1;1;2
Chuva;Saida de leito carrocavel;Pleno dia;Ceu Claro;Caminhao;Lesoes Leves;3;4;5;1;1;2
Chuva;Saida de leito carrocavel;Pleno dia;Ceu Claro;Caminhao-trator;Ileso;1;4;5;1;1;2
Chuva;Saida de leito carrocavel;Pleno dia;Chuva;Automovel;Ileso;122;4;5;1;2;1
Chuva;Saida de leito carrocavel;Pleno dia;Chuva;Automovel;Lesoes Graves;45;4;5;1;2;1
Chuva;Saida de leito carrocavel;Pleno dia;Chuva;Automovel;Lesoes Leves;181;4;5;1;2;1
Chuva;Saida de leito carrocavel;Pleno dia;Chuva;Automovel;Obito;22;4;5;1;2;1
Chuva;Saida de leito carrocavel;Pleno dia;Chuva;Caminhao;Ileso;14;4;5;1;2;2
Chuva;Saida de leito carrocavel;Pleno dia;Chuva;Caminhao;Lesoes Graves;4;4;5;1;2;2
Chuva;Saida de leito carrocavel;Pleno dia;Chuva;Caminhao;Lesoes Leves;18;4;5;1;2;2
Chuva;Saida de leito carrocavel;Pleno dia;Chuva;Caminhao;Obito;3;4;5;1;2;2
Chuva;Saida de leito carrocavel;Pleno dia;Chuva;Caminhao-trator;Ileso;15;4;5;1;2;2
Chuva;Saida de leito carrocavel;Pleno dia;Chuva;Caminhao-trator;Lesoes Graves;4;4;5;1;2;2
Chuva;Saida de leito carrocavel;Pleno dia;Chuva;Caminhao-trator;Lesoes Leves;10;4;5;1;2;2
Chuva;Saida de leito carrocavel;Pleno dia;Chuva;Caminhonete;Ileso;42;4;5;1;2;2
Chuva;Saida de leito carrocavel;Pleno dia;Chuva;Caminhonete;Lesoes Graves;7;4;5;1;2;2
Chuva;Saida de leito carrocavel;Pleno dia;Chuva;Caminhonete;Lesoes Leves;85;4;5;1;2;2
Chuva;Saida de leito carrocavel;Pleno dia;Chuva;Caminhonete;Obito;3;4;5;1;2;2
Chuva;Saida de leito carrocavel;Pleno dia;Chuva;Micro-onibus;Ileso;8;4;5;1;2;4
Chuva;Saida de leito carrocavel;Pleno dia;Chuva;Motocicleta;Ileso;2;4;5;1;2;1
Chuva;Saida de leito carrocavel;Pleno dia;Chuva;Motocicleta;Lesoes Graves;2;4;5;1;2;1
Chuva;Saida de leito carrocavel;Pleno dia;Chuva;Motocicleta;Lesoes Leves;12;4;5;1;2;1
Chuva;Saida de leito carrocavel;Pleno dia;Chuva;Motocicleta;Obito;2;4;5;1;2;1
Chuva;Saida de leito carrocavel;Pleno dia;Chuva;Nao Informado;Ileso;7;4;5;1;2;3
Chuva;Saida de leito carrocavel;Pleno dia;Chuva;Nao Informado;Lesoes Graves;5;4;5;1;2;3
Chuva;Saida de leito carrocavel;Pleno dia;Chuva;Nao Informado;Lesoes Leves;25;4;5;1;2;3
Chuva;Saida de leito carrocavel;Pleno dia;Chuva;Nao se aplica;Lesoes Graves;1;4;5;1;2;3
Chuva;Saida de leito carrocavel;Pleno dia;Chuva;Onibus;Ileso;9;4;5;1;2;3
Chuva;Saida de leito carrocavel;Pleno dia;Chuva;Onibus;Lesoes Graves;3;4;5;1;2;3
Chuva;Saida de leito carrocavel;Pleno dia;Chuva;Onibus;Lesoes Leves;8;4;5;1;2;3
Chuva;Saida de leito carrocavel;Pleno dia;Chuva;Utilitario;Ileso;11;4;5;1;2;3
Chuva;Saida de leito carrocavel;Pleno dia;Chuva;Utilitario;Lesoes Graves;2;4;5;1;2;3
Chuva;Saida de leito carrocavel;Pleno dia;Chuva;Utilitario;Lesoes Leves;20;4;5;1;2;3
Chuva;Saida de leito carrocavel;Pleno dia;Chuva;Utilitario;Obito;2;4;5;1;2;3
Chuva;Saida de leito carrocavel;Pleno dia;Garoa/Chuvisco;Automovel;Ileso;18;4;5;1;3;1
Chuva;Saida de leito carrocavel;Pleno dia;Garoa/Chuvisco;Automovel;Lesoes Graves;12;4;5;1;3;1
Chuva;Saida de leito carrocavel;Pleno dia;Garoa/Chuvisco;Automovel;Lesoes Leves;9;4;5;1;3;1
Chuva;Saida de leito carrocavel;Pleno dia;Garoa/Chuvisco;Automovel;Obito;2;4;5;1;3;1
Chuva;Saida de leito carrocavel;Pleno dia;Garoa/Chuvisco;Caminhao;Lesoes Leves;3;4;5;1;3;2
Chuva;Saida de leito carrocavel;Pleno dia;Garoa/Chuvisco;Caminhao;Obito;1;4;5;1;3;2
Chuva;Saida de leito carrocavel;Pleno dia;Garoa/Chuvisco;Caminhao-trator;Ileso;3;4;5;1;3;2
Chuva;Saida de leito carrocavel;Pleno dia;Garoa/Chuvisco;Caminhao-trator;Lesoes Graves;1;4;5;1;3;2
Chuva;Saida de leito carrocavel;Pleno dia;Garoa/Chuvisco;Caminhao-trator;Lesoes Leves;1;4;5;1;3;2
Chuva;Saida de leito carrocavel;Pleno dia;Garoa/Chuvisco;Caminhonete;Ileso;6;4;5;1;3;2
Chuva;Saida de leito carrocavel;Pleno dia;Garoa/Chuvisco;Caminhonete;Lesoes Leves;6;4;5;1;3;2
Chuva;Saida de leito carrocavel;Pleno dia;Garoa/Chuvisco;Motocicleta;Lesoes Leves;1;4;5;1;3;1
Chuva;Saida de leito carrocavel;Pleno dia;Garoa/Chuvisco;Nao Informado;Ileso;1;4;5;1;3;3
Chuva;Saida de leito carrocavel;Pleno dia;Garoa/Chuvisco;Nao Informado;Lesoes Leves;1;4;5;1;3;3
Chuva;Saida de leito carrocavel;Pleno dia;Garoa/Chuvisco;Utilitario;Ileso;2;4;5;1;3;3
Chuva;Saida de leito carrocavel;Pleno dia;Garoa/Chuvisco;Utilitario;Lesoes Leves;2;4;5;1;3;3
Chuva;Saida de leito carrocavel;Pleno dia;Nublado;Automovel;Ileso;8;4;5;1;2;1
Chuva;Saida de leito carrocavel;Pleno dia;Nublado;Automovel;Lesoes Graves;4;4;5;1;2;1