causa_acidente;tipo_acidente;fase_dia;condicao_metereologica;tipo_veiculo;estado_fisico;count;causa_acidente_criterios;tipo_acidente_criterios;fase_dia_criterios;condicao_metereologica_criterios;tipo_veiculo_criterios
Chuva;Saida de leito carrocavel;Pleno dia;Nublado;Automovel;Lesoes Leves;12;4;5;1;2;1
Chuva;Saida de leito carrocavel;Pleno dia;Nublado;Caminhao;Ileso;1;4;5;1;2;2
Chuva;Saida de leito carrocavel;Pleno dia;Nublado;Caminhao;Obito;1;4;5;1;2;2
Chuva;Saida de leito carrocavel;Pleno dia;Nublado;Caminhao-trator;Ileso;3;4;5;1;2;2
Chuva;Saida de leito carrocavel;Pleno dia;Nublado;Caminhao-trator;Lesoes Leves;1;4;5;1;2;2
Chuva;Saida de leito carrocavel;Pleno dia;Nublado;Caminhonete;Ileso;4;4;5;1;2;2
Chuva;Saida de leito carrocavel;Pleno dia;Nublado;Caminhonete;Lesoes Leves;2;4;5;1;2;2
Chuva;Saida de leito carrocavel;Pleno dia;Nublado;Motocicleta;Obito;1;4;5;1;2;1
Chuva;Saida de leito carrocavel;Pleno dia;Nublado;Nao Informado;Lesoes Leves;2;4;5;1;2;3
Chuva;Tombamento;Amanhecer;Chuva;Automovel;Ileso;9;4;5;4;2;1
Chuva;Tombamento;Amanhecer;Chuva;Automovel;Lesoes Leves;1;4;5;4;2;1
Chuva;Tombamento;Amanhecer;Chuva;Caminhao;Ileso;1;4;5;4;2;2
Chuva;Tombamento;Amanhecer;Chuva;Caminhao;Lesoes Leves;1;4;5;4;2;2
Chuva;Tombamento;Amanhecer;Chuva;Caminhao-trator;Lesoes Leves;1;4;5;4;2;2
Chuva;Tombamento;Amanhecer;Chuva;Caminhao-trator;Obito;1;4;5;4;2;2
Chuva;Tombamento;Amanhecer;Chuva;Caminhonete;Ileso;7;4;5;4;2;2
Chuva;Tombamento;Amanhecer;Chuva;Caminhonete;Lesoes Leves;1;4;5;4;2;2
Chuva;Tombamento;Amanhecer;Chuva;Motocicleta;Ileso;1;4;5;4;2;1
Chuva;Tombamento;Amanhecer;Chuva;Motocicleta;Lesoes Graves;9;4;5;4;2;1
Chuva;Tombamento;Amanhecer;Chuva;Motocicleta;Lesoes Leves;7;4;5;4;2;1
Chuva;Tombamento;Amanhecer;Chuva;Motocicleta;Obito;3;4;5;4;2;1
Chuva;Tombamento;Amanhecer;Chuva;Motoneta;Lesoes Graves;1;4;5;4;2;3
Chuva;Tombamento;Amanhecer;Garoa/Chuvisco;Caminhao;Lesoes Leves;1;4;5;4;3;2
Chuva;Tombamento;Amanhecer;Garoa/Chuvisco;Motocicleta;Lesoes Graves;1;4;5;4;3;1
Chuva;Tombamento;Amanhecer;Garoa/Chuvisco;Motocicleta;Lesoes Leves;1;4;5;4;3;1
Chuva;Tombamento;Anoitecer;Chuva;Automovel;Ileso;2;4;5;4;2;1
Chuva;Tombamento;Anoitecer;Chuva;Automovel;Lesoes Leves;1;4;5;4;2;1
Chuva;Tombamento;Anoitecer;Chuva;Caminhao-trator;Lesoes Leves;2;4;5;4;2;2
Chuva;Tombamento;Anoitecer;Chuva;Caminhao-trator;Obito;1;4;5;4;2;2
Chuva;Tombamento;Anoitecer;Chuva;Caminhonete;Ileso;3;4;5;4;2;2
Chuva;Tombamento;Anoitecer;Chuva;Micro-onibus;Lesoes Graves;6;4;5;4;2;4
Chuva;Tombamento;Anoitecer;Chuva;Micro-onibus;Lesoes Leves;3;4;5;4;2;4
Chuva;Tombamento;Anoitecer;Chuva;Micro-onibus;Obito;3;4;5;4;2;4
Chuva;Tombamento;Anoitecer;Chuva;Motocicleta;Lesoes Graves;1;4;5;4;2;1
Chuva;Tombamento;Anoitecer;Chuva;Motocicleta;Lesoes Leves;8;4;5;4;2;1
Chuva;Tombamento;Anoitecer;Chuva;Motocicleta;Obito;1;4;5;4;2;1
Chuva;Tombamento;Anoitecer;Chuva;Nao Informado;Ileso;2;4;5;4;2;3
Chuva;Tombamento;Anoitecer;Chuva;Nao Informado;Lesoes Leves;3;4;5;4;2;3
Chuva;Tombamento;Anoitecer;Garoa/Chuvisco;Automovel;Ileso;1;4;5;4;3;1
Chuva;Tombamento;Plena Noite;Chuva;Automovel;Ileso;27;4;5;2;2;1
Chuva;Tombamento;Plena Noite;Chuva;Automovel;Lesoes Leves;10;4;5;2;2;1
Chuva;Tombamento;Plena Noite;Chuva;Automovel;Obito;2;4;5;2;2;1
Chuva;Tombamento;Plena Noite;Chuva;Bicicleta;Lesoes Graves;1;4;5;2;2;3
Chuva;Tombamento;Plena Noite;Chuva;Caminhao;Lesoes Leves;6;4;5;2;2;2
Chuva;Tombamento;Plena Noite;Chuva;Caminhao;Obito;1;4;5;2;2;2
Chuva;Tombamento;Plena Noite;Chuva;Caminhao-trator;Ileso;3;4;5;2;2;2
Chuva;Tombamento;Plena Noite;Chuva;Caminhao-trator;Lesoes Graves;3;4;5;2;2;2
Chuva;Tombamento;Plena Noite;Chuva;Caminhao-trator;Lesoes Leves;4;4;5;2;2;2
Chuva;Tombamento;Plena Noite;Chuva;Caminhonete;Ileso;3;4;5;2;2;2
Chuva;Tombamento;Plena Noite;Chuva;Caminhonete;Lesoes Leves;5;4;5;2;2;2
Chuva;Tombamento;Plena Noite;Chuva;Motocicleta;Ileso;6;4;5;2;2;1
Chuva;Tombamento;Plena Noite;Chuva;Motocicleta;Lesoes Graves;8;4;5;2;2;1
Chuva;Tombamento;Plena Noite;Chuva;Motocicleta;Lesoes Leves;33;4;5;2;2;1
Chuva;Tombamento;Plena Noite;Chuva;Motocicleta;Obito;5;4;5;2;2;1
Chuva;Tombamento;Plena Noite;Chuva;Motoneta;Ileso;1;4;5;2;2;3
Chuva;Tombamento;Plena Noite;Chuva;Motoneta;Lesoes Leves;4;4;5;2;2;3
Chuva;Tombamento;Plena Noite;Chuva;Nao se aplica;Lesoes Graves;1;4;5;2;2;3
Chuva;Tombamento;Plena Noite;Chuva;Onibus;Ileso;15;4;5;2;2;3
Chuva;Tombamento;Plena Noite;Chuva;Onibus;Lesoes Graves;29;4;5;2;2;3
Chuva;Tombamento;Plena Noite;Chuva;Onibus;Lesoes Leves;12;4;5;2;2;3
Chuva;Tombamento;Plena Noite;Chuva;Onibus;Obito;1;4;5;2;2;3
Chuva;Tombamento;Plena Noite;Chuva;Utilitario;Ileso;5;4;5;2;2;3
Chuva;Tombamento;Plena Noite;Chuva;Utilitario;Lesoes Graves;2;4;5;2;2;3
Chuva;Tombamento;Plena Noite;Chuva;Utilitario;Obito;1;4;5;2;2;3
Chuva;Tombamento;Plena Noite;Garoa/Chuvisco;Automovel;Ileso;1;4;5;2;3;1
Chuva;Tombamento;Plena Noite;Garoa/Chuvisco;Automovel;Lesoes Leves;3;4;5;2;3;1
Chuva;Tombamento;Plena Noite;Garoa/Chuvisco;Caminhao;Lesoes Leves;1;4;5;2;3;2
Chuva;Tombamento;Plena Noite;Garoa/Chuvisco;Caminhao-trator;Ileso;1;4;5;2;3;2
Chuva;Tombamento;Plena Noite;Garoa/Chuvisco;Caminhao-trator;Lesoes Leves;2;4;5;2;3;2
Chuva;Tombamento;Plena Noite;Garoa/Chuvisco;Motocicleta;Lesoes Graves;4;4;5;2;3;1
Chuva;Tombamento;Plena Noite;Garoa/Chuvisco;Motocicleta;Lesoes Leves;9;4;5;2;3;1
Chuva;Tombamento;Plena Noite;Garoa/Chuvisco;Motocicleta;Obito;2;4;5;2;3;1
Chuva;Tombamento;Plena Noite;Garoa/Chuvisco;Motoneta;Lesoes Leves;4;4;5;2;3;3
Chuva;Tombamento;Plena Noite;Garoa/Chuvisco;Onibus;Lesoes Graves;1;4;5;2;3;3
Chuva;Tombamento;Plena Noite;Garoa/Chuvisco;Onibus;Lesoes Leves;37;4;5;2;3;3
Chuva;Tombamento;Plena Noite;Garoa/Chuvisco;Utilitario;Ileso;1;4;5;2;3;3
Chuva;Tombamento;Plena Noite;Ignorado;Motocicleta;Lesoes Leves;1;4;5;2;0;1
Chuva;Tombamento;Plena Noite;Nublado;Automovel;Lesoes Leves;1;4;5;2;2;1
Chuva;Tombamento;Plena Noite;Nublado;Bicicleta;Lesoes Graves;1;4;5;2;2;3
Chuva;Tombamento;Plena Noite;Nublado;Caminhao;Ileso;1;4;5;2;2;2
Chuva;Tombamento;Plena Noite;Nublado;Caminhao-trator;Ileso;3;4;5;2;2;2
Chuva;Tombamento;Plena Noite;Nublado;Motocicleta;Ileso;1;4;5;2;2;1
Chuva;Tombamento;Plena Noite;Nublado;Motocicleta;Lesoes Graves;1;4;5;2;2;1
Chuva;Tombamento;Plena Noite;Nublado;Motocicleta;Lesoes Leves;3;4;5;2;2;1
Chuva;Tombamento;Plena Noite;Nublado;Motocicleta;Obito;1;4;5;2;2;1
Chuva;Tombamento;Pleno dia;Ceu Claro;Caminhao;Ileso;3;4;5;1;1;2
Chuva;Tombamento;Pleno dia;Ceu Claro;Caminhao;Lesoes Graves;1;4;5;1;1;2
Chuva;Tombamento;Pleno dia;Ceu Claro;Caminhao;Lesoes Leves;3;4;5;1;1;2
Chuva;Tombamento;Pleno dia;Ceu Claro;Motocicleta;Lesoes Leves;1;4;5;1;1;1
Chuva;Tombamento;Pleno dia;Chuva;Automovel;Ileso;12;4;5;1;2;1
Chuva;Tombamento;Pleno dia;Chuva;Automovel;Lesoes Graves;4;4;5;1;2;1
Chuva;Tombamento;Pleno dia;Chuva;Automovel;Lesoes Leves;6;4;5;1;2;1
Chuva;Tombamento;Pleno dia;Chuva;Automovel;Obito;3;4;5;1;2;1
Chuva;Tombamento;Pleno dia;Chuva;Caminhao;Ileso;16;4;5;1;2;2
Chuva;Tombamento;Pleno dia;Chuva;Caminhao;Lesoes Graves;5;4;5;1;2;2
Chuva;Tombamento;Pleno dia;Chuva;Caminhao;Lesoes Leves;16;4;5;1;2;2
Chuva;Tombamento;Pleno dia;Chuva;Caminhao-trator;Ileso;3;4;5;1;2;2
Chuva;Tombamento;Pleno dia;Chuva;Caminhao-trator;Lesoes Graves;1;4;5;1;2;2
Chuva;Tombamento;Pleno dia;Chuva;Caminhao-trator;Lesoes Leves;5;4;5;1;2;2
Chuva;Tombamento;Pleno dia;Chuva;Caminhonete;Ileso;11;4;5;1;2;2
Chuva;Tombamento;Pleno dia;Chuva;Caminhonete;Lesoes Graves;4;4;5;1;2;2
Chuva;Tombamento;Pleno dia;Chuva;Caminhonete;Lesoes Leves;5;4;5;1;2;2
Chuva;Tombamento;Pleno dia;Chuva;Ciclomotor;Lesoes Graves;1;4;5;1;2;4
Chuva;Tombamento;Pleno dia;Chuva;Motocicleta;Ileso;4;4;5;1;2;1
Chuva;Tombamento;Pleno dia;Chuva;Motocicleta;Lesoes Graves;8;4;5;1;2;1
Chuva;Tombamento;Pleno dia;Chuva;Motocicleta;Lesoes Leves;45;4;5;1;2;1
Chuva;Tombamento;Pleno dia;Chuva;Motocicleta;Obito;2;4;5;1;2;1
Chuva;Tombamento;Pleno dia;Chuva;Motoneta;Lesoes Graves;1;4;5;1;2;3
Chuva;Tombamento;Pleno dia;Chuva;Motoneta;Lesoes Leves;9;4;5;1;2;3
Chuva;Tombamento;Pleno dia;Chuva;Nao Informado;Ileso;1;4;5;1;2;3
Chuva;Tombamento;Pleno dia;Chuva;Nao Informado;Lesoes Leves;10;4;5;1;2;3
Chuva;Tombamento;Pleno dia;Chuva;Onibus;Ileso;13;4;5;1;2;3
Chuva;Tombamento;Pleno dia;Chuva;Onibus;Lesoes Graves;3;4;5;1;2;3
Chuva;Tombamento;Pleno dia;Chuva;Onibus;Lesoes Leves;8;4;5;1;2;3
Chuva;Tombamento;Pleno dia;Chuva;Utilitario;Ileso;4;4;5;1;2;3
Chuva;Tombamento;Pleno dia;Chuva;Utilitario;Lesoes Leves;3;4;5;1;2;3
Chuva;Tombamento;Pleno dia;Garoa/Chuvisco;Automovel;Ileso;6;4;5;1;3;1
Chuva;Tombamento;Pleno dia;Garoa/Chuvisco;Caminhao-trator;Ileso;1;4;5;1;3;2
Chuva;Tombamento;Pleno dia;Garoa/Chuvisco;Caminhao-trator;Lesoes Graves;1;4;5;1;3;2
Chuva;Tombamento;Pleno dia;Garoa/Chuvisco;Caminhonete;Ileso;1;4;5;1;3;2
Chuva;Tombamento;Pleno dia;Garoa/Chuvisco;Caminhonete;Lesoes Graves;2;4;5;1;3;2
Chuva;Tombamento;Pleno dia;Garoa/Chuvisco;Caminhonete;Lesoes Leves;1;4;5;1;3;2
Chuva;Tombamento;Pleno dia;Garoa/Chuvisco;Micro-onibus;Ileso;1;4;5;1;3;4
Chuva;Tombamento;Pleno dia;Garoa/Chuvisco;Micro-onibus;Lesoes Graves;6;4;5;1;3;4
Chuva;Tombamento;Pleno dia;Garoa/Chuvisco;Micro-onibus;Lesoes Leves;2;4;5;1;3;4
Chuva;Tombamento;Pleno dia;Garoa/Chuvisco;Motocicleta;Ileso;2;4;5;1;3;1
Chuva;Tombamento;Pleno dia;Garoa/Chuvisco;Motocicleta;Lesoes Graves;2;4;5;1;3;1
Chuva;Tombamento;Pleno dia;Garoa/Chuvisco;Motocicleta;Lesoes Leves;7;4;5;1;3;1
Chuva;Tombamento;Pleno dia;Garoa/Chuvisco;Motoneta;Ileso;1;4;5;1;3;3
Chuva;Tombamento;Pleno dia;Garoa/Chuvisco;Motoneta;Lesoes Leves;1;4;5;1;3;3
Chuva;Tombamento;Pleno dia;Nublado;Automovel;Ileso;1;4;5;1;2;1
Chuva;Tombamento;Pleno dia;Nublado;Automovel;Lesoes Leves;2;4;5;1;2;1
Chuva;Tombamento;Pleno dia;Nublado;Caminhao;Ileso;1;4;5;1;2;2
Chuva;Tombamento;Pleno dia;Nublado;Caminhao;Obito;1;4;5;1;2;2
Chuva;Tombamento;Pleno dia;Nublado;Caminhao-trator;Ileso;2;4;5;1;2;2
Chuva;Tombamento;Pleno dia;Nublado;Caminhao-trator;Lesoes Leves;1;4;5;1;2;2
Chuva;Tombamento;Pleno dia;Nublado;Motocicleta;Lesoes Leves;2;4;5;1;2;1
Chuva;Tombamento;Pleno dia;Nublado;Motocicleta;Obito;1;4;5;1;2;1
Condutor Dormindo;Atropelamento de Pedestre;Amanhecer;Ceu Claro;Automovel;Ileso;1;4;4;4;1;1
Condutor Dormindo;Atropelamento de Pedestre;Amanhecer;Ceu Claro;Nao se aplica;Ileso;1;4;4;4;1;3
Condutor Dormindo;Atropelamento de Pedestre;Amanhecer;Ceu Claro;Nao se aplica;Lesoes Graves;1;4;4;4;1;3
Condutor Dormindo;Atropelamento de Pedestre;Amanhecer;Ceu Claro;Nao se aplica;Lesoes Leves;4;4;4;4;1;3
Condutor Dormindo;Atropelamento de Pedestre;Amanhecer;Ceu Claro;Nao se aplica;Obito;1;4;4;4;1;3
Condutor Dormindo;Atropelamento de Pedestre;Amanhecer;Chuva;Caminhao-trator;Ileso;1;4;4;4;2;2
Condutor Dormindo;Atropelamento de Pedestre;Amanhecer;Chuva;Nao se aplica;Obito;1;4;4;4;2;3
Condutor Dormindo;Atropelamento de Pedestre;Amanhecer;Nublado;Caminhao;Ileso;2;4;4;4;2;2
Condutor Dormindo;Atropelamento de Pedestre;Amanhecer;Nublado;Caminhao;Lesoes Leves;1;4;4;4;2;2
Condutor Dormindo;Atropelamento de Pedestre;Amanhecer;Nublado;Nao se aplica;Lesoes Leves;1;4;4;4;2;3
Condutor Dormindo;Atropelamento de Pedestre;Plena Noite;Ceu Claro;Automovel;Lesoes Graves;1;4;4;2;1;1
Condutor Dormindo;Atropelamento de Pedestre;Plena Noite;Ceu Claro;Automovel;Lesoes Leves;2;4;4;2;1;1
Condutor Dormindo;Atropelamento de Pedestre;Plena Noite;Ceu Claro;Caminhao;Ileso;3;4;4;2;1;2
Condutor Dormindo;Atropelamento de Pedestre;Plena Noite;Ceu Claro;Caminhonete;Ileso;1;4;4;2;1;2
Condutor Dormindo;Atropelamento de Pedestre;Plena Noite;Ceu Claro;Nao se aplica;Lesoes Leves;3;4;4;2;1;3
Condutor Dormindo;Atropelamento de Pedestre;Plena Noite;Ceu Claro;Nao se aplica;Obito;2;4;4;2;1;3
Condutor Dormindo;Atropelamento de Pedestre;Plena Noite;Nublado;Automovel;Ileso;3;4;4;2;2;1
Condutor Dormindo;Atropelamento de Pedestre;Plena Noite;Nublado;Caminhao;Ileso;2;4;4;2;2;2
Condutor Dormindo;Atropelamento de Pedestre;Plena Noite;Nublado;Caminhao-trator;Ileso;1;4;4;2;2;2
Condutor Dormindo;Atropelamento de Pedestre;Plena Noite;Nublado;Caminhao-trator;Lesoes Graves;2;4;4;2;2;2
Condutor Dormindo;Atropelamento de Pedestre;Plena Noite;Nublado;Nao se aplica;Lesoes Graves;4;4;4;2;2;3
Condutor Dormindo;Atropelamento de Pedestre;Plena Noite;Nublado;Nao se aplica;Lesoes Leves;4;4;4;2;2;3
Condutor Dormindo;Atropelamento de Pedestre;Plena Noite;Nublado;Nao se aplica;Obito;3;4;4;2;2;3
Condutor Dormindo;Atropelamento de Pedestre;Plena Noite;Nublado;Onibus;Ileso;25;4;4;2;2;3
Condutor Dormindo;Atropelamento de Pedestre;Pleno dia;Ceu Claro;Caminhao-trator;Ileso;1;4;4;1;1;2
Condutor Dormindo;Atropelamento de Pedestre;Pleno dia;Ceu Claro;Nao se aplica;Obito;1;4;4;1;1;3
Condutor Dormindo;Atropelamento de Pedestre;Pleno dia;Nublado;Automovel;Ileso;1;4;4;1;2;1
Condutor Dormindo;Atropelamento de Pedestre;Pleno dia;Nublado;Nao se aplica;Lesoes Graves;1;4;4;1;2;3
Condutor Dormindo;Capotamento;Amanhecer;Ceu Claro;Automovel;Ileso;5;4;5;4;1;1
Condutor Dormindo;Capotamento;Amanhecer;Ceu Claro;Automovel;Lesoes Leves;10;4;5;4;1;1
Condutor Dormindo;Capotamento;Amanhecer;Ceu Claro;Automovel;Obito;2;4;5;4;1;1
Condutor Dormindo;Capotamento;Amanhecer;Ceu Claro;Caminhao;Ileso;1;4;5;4;1;2
Condutor Dormindo;Capotamento;Amanhecer;Ceu Claro;Caminhonete;Lesoes Graves;2;4;5;4;1;2
Condutor Dormindo;Capotamento;Amanhecer;Ceu Claro;Caminhonete;Lesoes Leves;1;4;5;4;1;2
Condutor Dormindo;Capotamento;Amanhecer;Ceu Claro;Nao Informado;Ileso;1;4;5;4;1;3
Condutor Dormindo;Capotamento;Amanhecer;Ceu Claro;Nao Informado;Lesoes Leves;5;4;5;4;1;3
Condutor Dormindo;Capotamento;Amanhecer;Ceu Claro;Utilitario;Lesoes Graves;1;4;5;4;1;3
Condutor Dormindo;Capotamento;Amanhecer;Ceu Claro;Utilitario;Lesoes Leves;3;4;5;4;1;3
Condutor Dormindo;Capotamento;Amanhecer;Chuva;Automovel;Lesoes Leves;1;4;5;4;2;1
Condutor Dormindo;Capotamento;Amanhecer;Chuva;Caminhonete;Ileso;4;4;5;4;2;2
Condutor Dormindo;Capotamento;Amanhecer;Nevoeiro/Neblina;Nao Informado;Ileso;1;4;5;4;4;3
Condutor Dormindo;Capotamento;Amanhecer;Nevoeiro/Neblina;Nao Informado;Lesoes Leves;1;4;5;4;4;3
Condutor Dormindo;Capotamento;Amanhecer;Nublado;Automovel;Lesoes Graves;1;4;5;4;2;1
Condutor Dormindo;Capotamento;Amanhecer;Nublado;Automovel;Lesoes Leves;5;4;5;4;2;1
Condutor Dormindo;Capotamento;Amanhecer;Nublado;Caminhonete;Lesoes Graves;1;4;5;4;2;2
Condutor Dormindo;Capotamento;Amanhecer;Nublado;Caminhonete;Lesoes Leves;2;4;5;4;2;2
Condutor Dormindo;Capotamento;Amanhecer;Nublado;Onibus;Ileso;1;4;5;4;2;3
Condutor Dormindo;Capotamento;Anoitecer;Ceu Claro;Automovel;Ileso;1;4;5;4;1;1
Condutor Dormindo;Capotamento;Anoitecer;Ceu Claro;Automovel;Lesoes Leves;2;4;5;4;1;1
Condutor Dormindo;Capotamento;Anoitecer;Ceu Claro;Motoneta;Obito;1;4;5;4;1;3
Condutor Dormindo;Capotamento;Plena Noite;Ceu Claro;Automovel;Ileso;9;4;5;2;1;1
Condutor Dormindo;Capotamento;Plena Noite;Ceu Claro;Automovel;Lesoes Graves;5;4;5;2;1;1
Condutor Dormindo;Capotamento;Plena Noite;Ceu Claro;Automovel;Lesoes Leves;19;4;5;2;1;1
Condutor Dormindo;Capotamento;Plena Noite;Ceu Claro;Automovel;Obito;1;4;5;2;1;1
Condutor Dormindo;Capotamento;Plena Noite;Ceu Claro;Caminhao;Ileso;1;4;5;2;1;2
Condutor Dormindo;Capotamento;Plena Noite;Ceu Claro;Caminhao;Lesoes Graves;1;4;5;2;1;2
Condutor Dormindo;Capotamento;Plena Noite;Ceu Claro;Caminhao;Lesoes Leves;2;4;5;2;1;2
Condutor Dormindo;Capotamento;Plena Noite;Ceu Claro;Caminhao;Obito;1;4;5;2;1;2
Condutor Dormindo;Capotamento;Plena Noite;Ceu Claro;Caminhao-trator;Ileso;1;4;5;2;1;2
Condutor Dormindo;Capotamento;Plena Noite;Ceu Claro;Caminhao-trator;Obito;1;4;5;2;1;2
Condutor Dormindo;Capotamento;Plena Noite;Ceu Claro;Caminhonete;Ileso;1;4;5;2;1;2
Condutor Dormindo;Capotamento;Plena Noite;Ceu Claro;Caminhonete;Lesoes Graves;2;4;5;2;1;2
Condutor Dormindo;Capotamento;Plena Noite;Ceu Claro;Caminhonete;Lesoes Leves;5;4;5;2;1;2
Condutor Dormindo;Capotamento;Plena Noite;Ceu Claro;Caminhonete;Obito;1;4;5;2;1;2
Condutor Dormindo;Capotamento;Plena Noite;Ceu Claro;Motocicleta;Lesoes Graves;1;4;5;2;1;1
Condutor Dormindo;Capotamento;Plena Noite;Ceu Claro;Nao Informado;Lesoes Leves;1;4;5;2;1;3
Condutor Dormindo;Capotamento;Plena Noite;Chuva;Automovel;Ileso;5;4;5;2;2;1
Condutor Dormindo;Capotamento;Plena Noite;Chuva;Automovel;Lesoes Graves;3;4;5;2;2;1
Condutor Dormindo;Capotamento;Plena Noite;Chuva;Automovel;Lesoes Leves;6;4;5;2;2;1
Condutor Dormindo;Capotamento;Plena Noite;Chuva;Caminhao;Ileso;1;4;5;2;2;2
Condutor Dormindo;Capotamento;Plena Noite;Chuva;Caminhao;Lesoes Leves;4;4;5;2;2;2
Condutor Dormindo;Capotamento;Plena Noite;Chuva;Caminhao-trator;Obito;1;4;5;2;2;2
Condutor Dormindo;Capotamento;Plena Noite;Chuva;Caminhonete;Ileso;1;4;5;2;2;2
Condutor Dormindo;Capotamento;Plena Noite;Chuva;Caminhonete;Lesoes Graves;2;4;5;2;2;2
Condutor Dormindo;Capotamento;Plena Noite;Chuva;Caminhonete;Lesoes Leves;3;4;5;2;2;2
Condutor Dormindo;Capotamento;Plena Noite;Garoa/Chuvisco;Automovel;Ileso;4;4;5;2;3;1
Condutor Dormindo;Capotamento;Plena Noite;Garoa/Chuvisco;Automovel;Lesoes Leves;3;4;5;2;3;1
Condutor Dormindo;Capotamento;Plena Noite;Garoa/Chuvisco;Caminhao;Obito;1;4;5;2;3;2
Condutor Dormindo;Capotamento;Plena Noite;Garoa/Chuvisco;Caminhao-trator;Lesoes Leves;1;4;5;2;3;2
Condutor Dormindo;Capotamento;Plena Noite;Ignorado;Automovel;Lesoes Leves;1;4;5;2;0;1
Condutor Dormindo;Capotamento;Plena Noite;Ignorado;Caminhonete;Lesoes Leves;1;4;5;2;0;2
Condutor Dormindo;Capotamento;Plena Noite;Nevoeiro/Neblina;Automovel;Lesoes Graves;1;4;5;2;4;1
Condutor Dormindo;Capotamento;Plena Noite;Nevoeiro/Neblina;Automovel;Lesoes Leves;1;4;5;2;4;1
Condutor Dormindo;Capotamento;Plena Noite;Nublado;Automovel;Ileso;10;4;5;2;2;1
Condutor Dormindo;Capotamento;Plena Noite;Nublado;Automovel;Lesoes Graves;12;4;5;2;2;1
Condutor Dormindo;Capotamento;Plena Noite;Nublado;Automovel;Lesoes Leves;13;4;5;2;2;1
Condutor Dormindo;Capotamento;Plena Noite;Nublado;Automovel;Obito;3;4;5;2;2;1
Condutor Dormindo;Capotamento;Plena Noite;Nublado;Caminhao;Lesoes Graves;2;4;5;2;2;2
Condutor Dormindo;Capotamento;Plena Noite;Nublado;Caminhao-trator;Ileso;1;4;5;2;2;2
Condutor Dormindo;Capotamento;Plena Noite;Nublado;Caminhao-trator;Lesoes Leves;2;4;5;2;2;2
Condutor Dormindo;Capotamento;Plena Noite;Nublado;Caminhonete;Lesoes Leves;1;4;5;2;2;2
Condutor Dormindo;Capotamento;Plena Noite;Nublado;Nao Informado;Lesoes Leves;5;4;5;2;2;3
Condutor Dormindo;Capotamento;Pleno dia;Ceu Claro;Automovel;Ileso;10;4;5;1;1;1
Condutor Dormindo;Capotamento;Pleno dia;Ceu Claro;Automovel;Lesoes Graves;11;4;5;1;1;1
Condutor Dormindo;Capotamento;Pleno dia;Ceu Claro;Automovel;Lesoes Leves;50;4;5;1;1;1
Condutor Dormindo;Capotamento;Pleno dia;Ceu Claro;Automovel;Obito;1;4;5;1;1;1
Condutor Dormindo;Capotamento;Pleno dia;Ceu Claro;Caminhao;Ileso;4;4;5;1;1;2
Condutor Dormindo;Capotamento;Pleno dia;Ceu Claro;Caminhao;Lesoes Graves;1;4;5;1;1;2
Condutor Dormindo;Capotamento;Pleno dia;Ceu Claro;Caminhao;Obito;1;4;5;1;1;2
Condutor Dormindo;Capotamento;Pleno dia;Ceu Claro;Caminhao-trator;Ileso;2;4;5;1;1;2
Condutor Dormindo;Capotamento;Pleno dia;Ceu Claro;Caminhao-trator;Lesoes Leves;1;4;5;1;1;2
Condutor Dormindo;Capotamento;Pleno dia;Ceu Claro;Caminhonete;Ileso;7;4;5;1;1;2
Condutor Dormindo;Capotamento;Pleno dia;Ceu Claro;Caminhonete;Lesoes Graves;5;4;5;1;1;2
Condutor Dormindo;Capotamento;Pleno dia;Ceu Claro;Caminhonete;Lesoes Leves;10;4;5;1;1;2
Condutor Dormindo;Capotamento;Pleno dia;Ceu Claro;Caminhonete;Obito;2;4;5;1;1;2
Condutor Dormindo;Capotamento;Pleno dia;Ceu Claro;Motocicleta;Obito;1;4;5;1;1;1
Condutor Dormindo;Capotamento;Pleno dia;Ceu Claro;Nao Informado;Ileso;3;4;5;1;1;3
Condutor Dormindo;Capotamento;Pleno dia;Ceu Claro;Nao Informado;Lesoes Graves;3;4;5;1;1;3
Condutor Dormindo;Capotamento;Pleno dia;Ceu Claro;Nao Informado;Lesoes Leves;5;4;5;1;1;3
Condutor Dormindo;Capotamento;Pleno dia;Ceu Claro;Utilitario;Lesoes Leves;2;4;5;1;1;3
Condutor Dormindo;Capotamento;Pleno dia;Chuva;Automovel;Lesoes Graves;1;4;5;1;2;1
Condutor Dormindo;Capotamento;Pleno dia;Chuva;Automovel;Lesoes Leves;4;4;5;1;2;1
Condutor Dormindo;Capotamento;Pleno dia;Chuva;Caminhonete;Lesoes Leves;1;4;5;1;2;2
Condutor Dormindo;Capotamento;Pleno dia;Garoa/Chuvisco;Automovel;Ileso;1;4;5;1;3;1
Condutor Dormindo;Capotamento;Pleno dia;Garoa/Chuvisco;Automovel;Lesoes Leves;2;4;5;1;3;1
Condutor Dormindo;Capotamento;Pleno dia;Ignorado;Automovel;Lesoes Leves;1;4;5;1;0;1
Condutor Dormindo;Capotamento;Pleno dia;Ignorado;Caminhonete;Lesoes Leves;1;4;5;1;0;2
Condutor Dormindo;Capotamento;Pleno dia;Nublado;Automovel;Ileso;10;4;5;1;2;1
Condutor Dormindo;Capotamento;Pleno dia;Nublado;Automovel;Lesoes Graves;4;4;5;1;2;1
Condutor Dormindo;Capotamento;Pleno dia;Nublado;Automovel;Lesoes Leves;14;4;5;1;2;1
Condutor Dormindo;Capotamento;Pleno dia;Nublado;Automovel;Obito;3;4;5;1;2;1
Condutor Dormindo;Capotamento;Pleno dia;Nublado;Caminhonete;Ileso;1;4;5;1;2;2
Condutor Dormindo;Capotamento;Pleno dia;Nublado;Caminhonete;Lesoes Leves;2;4;5;1;2;2
Condutor Dormindo;Capotamento;Pleno dia;Nublado;Nao se aplica;Lesoes Leves;1;4;5;1;2;3
Condutor Dormindo;Capotamento;Pleno dia;Sol;Automovel;Lesoes Graves;1;4;5;1;3;1
Condutor Dormindo;Capotamento;Pleno dia;Sol;Automovel;Lesoes Leves;4;4;5;1;3;1
Condutor Dormindo;Capotamento;Pleno dia;Sol;Automovel;Obito;1;4;5;1;3;1
Condutor Dormindo;Capotamento;Pleno dia;Sol;Caminhao;Ileso;4;4;5;1;3;2
Condutor Dormindo;Capotamento;Pleno dia;Sol;Caminhao;Lesoes Graves;2;4;5;1;3;2
Condutor Dormindo;Capotamento;Pleno dia;Sol;Caminhao;Lesoes Leves;1;4;5;1;3;2
Condutor Dormindo;Capotamento;Pleno dia;Sol;Caminhao;Obito;2;4;5;1;3;2
Condutor Dormindo;Capotamento;Pleno dia;Sol;Caminhonete;Lesoes Leves;7;4;5;1;3;2
Condutor Dormindo;Capotamento;Pleno dia;Sol;Caminhonete;Obito;1;4;5;1;3;2
Condutor Dormindo;Colisao com objeto;Amanhecer;Ceu Claro;Automovel;Ileso;10;4;5;4;1;1
Condutor Dormindo;Colisao com objeto;Amanhecer;Ceu Claro;Automovel;Lesoes Graves;1;4;5;4;1;1
Condutor Dormindo;Colisao com objeto;Amanhecer;Ceu Claro;Automovel;Lesoes Leves;9;4;5;4;1;1
Condutor Dormindo;Colisao com objeto;Amanhecer;Ceu Claro;Automovel;Obito;3;4;5;4;1;1
Condutor Dormindo;Colisao com objeto;Amanhecer;Ceu Claro;Caminhao;Ileso;2;4;5;4;1;2
Condutor Dormindo;Colisao com objeto;Amanhecer;Ceu Claro;Caminhao;Lesoes Graves;2;4;5;4;1;2
Condutor Dormindo;Colisao com objeto;Amanhecer;Ceu Claro;Caminhao;Lesoes Leves;3;4;5;4;1;2
Condutor Dormindo;Colisao com objeto;Amanhecer;Ceu Claro;Caminhao;Obito;1;4;5;4;1;2
Condutor Dormindo;Colisao com objeto;Amanhecer;Ceu Claro;Caminhao-trator;Ileso;2;4;5;4;1;2
Condutor Dormindo;Colisao com objeto;Amanhecer;Ceu Claro;Caminhonete;Ileso;2;4;5;4;1;2
Condutor Dormindo;Colisao com objeto;Amanhecer;Ceu Claro;Caminhonete;Lesoes Graves;2;4;5;4;1;2
Condutor Dormindo;Colisao com objeto;Amanhecer;Ceu Claro;Caminhonete;Lesoes Leves;1;4;5;4;1;2
Condutor Dormindo;Colisao com objeto;Amanhecer;Ceu Claro;Caminhonete;Obito;1;4;5;4;1;2
Condutor Dormindo;Colisao com objeto;Amanhecer;Ceu Claro;Motocicleta;Lesoes Leves;3;4;5;4;1;1
Condutor Dormindo;Colisao com objeto;Amanhecer;Ceu Claro;Nao Informado;Ileso;1;4;5;4;1;3
Condutor Dormindo;Colisao com objeto;Amanhecer;Ceu Claro;Nao Informado;Lesoes Leves;6;4;5;4;1;3
Condutor Dormindo;Colisao com objeto;Amanhecer;Chuva;Automovel;Ileso;1;4;5;4;2;1
Condutor Dormindo;Colisao com objeto;Amanhecer;Chuva;Automovel;Obito;1;4;5;4;2;1
Condutor Dormindo;Colisao com objeto;Amanhecer;Chuva;Caminhao;Ileso;1;4;5;4;2;2