causa_acidente;tipo_acidente;fase_dia;condicao_metereologica;tipo_veiculo;estado_fisico;count;causa_acidente_criterios;tipo_acidente_criterios;fase_dia_criterios;condicao_metereologica_criterios;tipo_veiculo_criterios
Condutor Dormindo;Colisao com objeto;Amanhecer;Chuva;Caminhao;Lesoes Graves;1;4;5;4;2;2
Condutor Dormindo;Colisao com objeto;Amanhecer;Chuva;Caminhao-trator;Ileso;2;4;5;4;2;2
Condutor Dormindo;Colisao com objeto;Amanhecer;Garoa/Chuvisco;Automovel;Ileso;4;4;5;4;3;1
Condutor Dormindo;Colisao com objeto;Amanhecer;Garoa/Chuvisco;Automovel;Lesoes Leves;1;4;5;4;3;1
Condutor Dormindo;Colisao com objeto;Amanhecer;Garoa/Chuvisco;Caminhao-trator;Lesoes Leves;1;4;5;4;3;2
Condutor Dormindo;Colisao com objeto;Amanhecer;Nevoeiro/Neblina;Automovel;Ileso;2;4;5;4;4;1
Condutor Dormindo;Colisao com objeto;Amanhecer;Nevoeiro/Neblina;Automovel;Lesoes Leves;4;4;5;4;4;1
Condutor Dormindo;Colisao com objeto;Amanhecer;Nevoeiro/Neblina;Caminhonete;Lesoes Graves;1;4;5;4;4;2
Condutor Dormindo;Colisao com objeto;Amanhecer;Nevoeiro/Neblina;Micro-onibus;Lesoes Graves;2;4;5;4;4;4
Condutor Dormindo;Colisao com objeto;Amanhecer;Nevoeiro/Neblina;Micro-onibus;Lesoes Leves;14;4;5;4;4;4
Condutor Dormindo;Colisao com objeto;Amanhecer;Nevoeiro/Neblina;Motocicleta;Lesoes Leves;2;4;5;4;4;1
Condutor Dormindo;Colisao com objeto;Amanhecer;Nevoeiro/Neblina;Nao Informado;Ileso;1;4;5;4;4;3
Condutor Dormindo;Colisao com objeto;Amanhecer;Nevoeiro/Neblina;Nao Informado;Lesoes Leves;1;4;5;4;4;3
Condutor Dormindo;Colisao com objeto;Amanhecer;Nublado;Automovel;Lesoes Leves;6;4;5;4;2;1
Condutor Dormindo;Colisao com objeto;Amanhecer;Nublado;Automovel;Obito;6;4;5;4;2;1
Condutor Dormindo;Colisao com objeto;Amanhecer;Nublado;Caminhao;Lesoes Leves;1;4;5;4;2;2
Condutor Dormindo;Colisao com objeto;Amanhecer;Nublado;Caminhao;Obito;3;4;5;4;2;2
Condutor Dormindo;Colisao com objeto;Amanhecer;Nublado;Caminhao-trator;Lesoes Leves;2;4;5;4;2;2
Condutor Dormindo;Colisao com objeto;Amanhecer;Nublado;Caminhao-trator;Obito;9;4;5;4;2;2
Condutor Dormindo;Colisao com objeto;Amanhecer;Nublado;Caminhonete;Ileso;2;4;5;4;2;2
Condutor Dormindo;Colisao com objeto;Amanhecer;Nublado;Caminhonete;Lesoes Graves;1;4;5;4;2;2
Condutor Dormindo;Colisao com objeto;Amanhecer;Nublado;Caminhonete;Lesoes Leves;1;4;5;4;2;2
Condutor Dormindo;Colisao com objeto;Amanhecer;Nublado;Motocicleta;Lesoes Graves;1;4;5;4;2;1
Condutor Dormindo;Colisao com objeto;Anoitecer;Ceu Claro;Automovel;Lesoes Graves;1;4;5;4;1;1
Condutor Dormindo;Colisao com objeto;Anoitecer;Ceu Claro;Automovel;Lesoes Leves;2;4;5;4;1;1
Condutor Dormindo;Colisao com objeto;Anoitecer;Ceu Claro;Caminhonete;Ileso;1;4;5;4;1;2
Condutor Dormindo;Colisao com objeto;Anoitecer;Ceu Claro;Caminhonete;Lesoes Leves;1;4;5;4;1;2
Condutor Dormindo;Colisao com objeto;Anoitecer;Nublado;Motocicleta;Lesoes Leves;1;4;5;4;2;1
Condutor Dormindo;Colisao com objeto;Plena Noite;Ceu Claro;Automovel;Ileso;13;4;5;2;1;1
Condutor Dormindo;Colisao com objeto;Plena Noite;Ceu Claro;Automovel;Lesoes Graves;5;4;5;2;1;1
Condutor Dormindo;Colisao com objeto;Plena Noite;Ceu Claro;Automovel;Lesoes Leves;30;4;5;2;1;1
Condutor Dormindo;Colisao com objeto;Plena Noite;Ceu Claro;Automovel;Obito;6;4;5;2;1;1
Condutor Dormindo;Colisao com objeto;Plena Noite;Ceu Claro;Caminhao;Ileso;4;4;5;2;1;2
Condutor Dormindo;Colisao com objeto;Plena Noite;Ceu Claro;Caminhao;Lesoes Graves;2;4;5;2;1;2
Condutor Dormindo;Colisao com objeto;Plena Noite;Ceu Claro;Caminhao;Lesoes Leves;4;4;5;2;1;2
Condutor Dormindo;Colisao com objeto;Plena Noite;Ceu Claro;Caminhao;Obito;2;4;5;2;1;2
Condutor Dormindo;Colisao com objeto;Plena Noite;Ceu Claro;Caminhao-trator;Ileso;4;4;5;2;1;2
Condutor Dormindo;Colisao com objeto;Plena Noite;Ceu Claro;Caminhao-trator;Lesoes Graves;1;4;5;2;1;2
Condutor Dormindo;Colisao com objeto;Plena Noite;Ceu Claro;Caminhao-trator;Lesoes Leves;3;4;5;2;1;2
Condutor Dormindo;Colisao com objeto;Plena Noite;Ceu Claro;Caminhao-trator;Obito;1;4;5;2;1;2
Condutor Dormindo;Colisao com objeto;Plena Noite;Ceu Claro;Caminhonete;Ileso;3;4;5;2;1;2
Condutor Dormindo;Colisao com objeto;Plena Noite;Ceu Claro;Caminhonete;Lesoes Leves;5;4;5;2;1;2
Condutor Dormindo;Colisao com objeto;Plena Noite;Ceu Claro;Motocicleta;Ileso;1;4;5;2;1;1
Condutor Dormindo;Colisao com objeto;Plena Noite;Ceu Claro;Motocicleta;Lesoes Graves;7;4;5;2;1;1
Condutor Dormindo;Colisao com objeto;Plena Noite;Ceu Claro;Motocicleta;Lesoes Leves;2;4;5;2;1;1
Condutor Dormindo;Colisao com objeto;Plena Noite;Ceu Claro;Motocicleta;Obito;3;4;5;2;1;1
Condutor Dormindo;Colisao com objeto;Plena Noite;Ceu Claro;Nao Informado;Lesoes Leves;2;4;5;2;1;3
Condutor Dormindo;Colisao com objeto;Plena Noite;Ceu Claro;Onibus;Ileso;46;4;5;2;1;3
Condutor Dormindo;Colisao com objeto;Plena Noite;Ceu Claro;Onibus;Lesoes Graves;3;4;5;2;1;3
Condutor Dormindo;Colisao com objeto;Plena Noite;Ceu Claro;Onibus;Lesoes Leves;15;4;5;2;1;3
Condutor Dormindo;Colisao com objeto;Plena Noite;Chuva;Automovel;Ileso;2;4;5;2;2;1
Condutor Dormindo;Colisao com objeto;Plena Noite;Chuva;Automovel;Lesoes Graves;2;4;5;2;2;1
Condutor Dormindo;Colisao com objeto;Plena Noite;Chuva;Automovel;Lesoes Leves;1;4;5;2;2;1
Condutor Dormindo;Colisao com objeto;Plena Noite;Chuva;Caminhao;Ileso;1;4;5;2;2;2
Condutor Dormindo;Colisao com objeto;Plena Noite;Chuva;Caminhao;Lesoes Leves;2;4;5;2;2;2
Condutor Dormindo;Colisao com objeto;Plena Noite;Chuva;Caminhao;Obito;2;4;5;2;2;2
Condutor Dormindo;Colisao com objeto;Plena Noite;Chuva;Caminhao-trator;Ileso;1;4;5;2;2;2
Condutor Dormindo;Colisao com objeto;Plena Noite;Chuva;Caminhonete;Ileso;1;4;5;2;2;2
Condutor Dormindo;Colisao com objeto;Plena Noite;Chuva;Caminhonete;Lesoes Graves;1;4;5;2;2;2
Condutor Dormindo;Colisao com objeto;Plena Noite;Chuva;Caminhonete;Lesoes Leves;5;4;5;2;2;2
Condutor Dormindo;Colisao com objeto;Plena Noite;Chuva;Onibus;Ileso;15;4;5;2;2;3
Condutor Dormindo;Colisao com objeto;Plena Noite;Chuva;Onibus;Lesoes Graves;20;4;5;2;2;3
Condutor Dormindo;Colisao com objeto;Plena Noite;Chuva;Onibus;Obito;1;4;5;2;2;3
Condutor Dormindo;Colisao com objeto;Plena Noite;Garoa/Chuvisco;Automovel;Ileso;2;4;5;2;3;1
Condutor Dormindo;Colisao com objeto;Plena Noite;Garoa/Chuvisco;Automovel;Lesoes Leves;8;4;5;2;3;1
Condutor Dormindo;Colisao com objeto;Plena Noite;Garoa/Chuvisco;Caminhao-trator;Lesoes Leves;1;4;5;2;3;2
Condutor Dormindo;Colisao com objeto;Plena Noite;Garoa/Chuvisco;Caminhonete;Lesoes Graves;1;4;5;2;3;2
Condutor Dormindo;Colisao com objeto;Plena Noite;Garoa/Chuvisco;Caminhonete;Lesoes Leves;1;4;5;2;3;2
Condutor Dormindo;Colisao com objeto;Plena Noite;Ignorado;Automovel;Ileso;1;4;5;2;0;1
Condutor Dormindo;Colisao com objeto;Plena Noite;Ignorado;Automovel;Lesoes Leves;2;4;5;2;0;1
Condutor Dormindo;Colisao com objeto;Plena Noite;Ignorado;Automovel;Obito;1;4;5;2;0;1
Condutor Dormindo;Colisao com objeto;Plena Noite;Nevoeiro/Neblina;Automovel;Lesoes Leves;1;4;5;2;4;1
Condutor Dormindo;Colisao com objeto;Plena Noite;Nublado;Automovel;Ileso;15;4;5;2;2;1
Condutor Dormindo;Colisao com objeto;Plena Noite;Nublado;Automovel;Lesoes Graves;10;4;5;2;2;1
Condutor Dormindo;Colisao com objeto;Plena Noite;Nublado;Automovel;Lesoes Leves;13;4;5;2;2;1
Condutor Dormindo;Colisao com objeto;Plena Noite;Nublado;Automovel;Obito;4;4;5;2;2;1
Condutor Dormindo;Colisao com objeto;Plena Noite;Nublado;Caminhao;Lesoes Graves;3;4;5;2;2;2
Condutor Dormindo;Colisao com objeto;Plena Noite;Nublado;Caminhao;Lesoes Leves;1;4;5;2;2;2
Condutor Dormindo;Colisao com objeto;Plena Noite;Nublado;Caminhao-trator;Ileso;2;4;5;2;2;2
Condutor Dormindo;Colisao com objeto;Plena Noite;Nublado;Caminhao-trator;Lesoes Graves;2;4;5;2;2;2
Condutor Dormindo;Colisao com objeto;Plena Noite;Nublado;Caminhao-trator;Lesoes Leves;4;4;5;2;2;2
Condutor Dormindo;Colisao com objeto;Plena Noite;Nublado;Caminhonete;Ileso;2;4;5;2;2;2
Condutor Dormindo;Colisao com objeto;Plena Noite;Nublado;Caminhonete;Lesoes Leves;1;4;5;2;2;2
Condutor Dormindo;Colisao com objeto;Plena Noite;Nublado;Motocicleta;Lesoes Leves;1;4;5;2;2;1
Condutor Dormindo;Colisao com objeto;Plena Noite;Nublado;Motocicleta;Obito;1;4;5;2;2;1
Condutor Dormindo;Colisao com objeto;Plena Noite;Nublado;Nao se aplica;Obito;1;4;5;2;2;3
Condutor Dormindo;Colisao com objeto;Pleno dia;Ceu Claro;Automovel;Ileso;27;4;5;1;1;1
Condutor Dormindo;Colisao com objeto;Pleno dia;Ceu Claro;Automovel;Lesoes Graves;14;4;5;1;1;1
Condutor Dormindo;Colisao com objeto;Pleno dia;Ceu Claro;Automovel;Lesoes Leves;42;4;5;1;1;1
Condutor Dormindo;Colisao com objeto;Pleno dia;Ceu Claro;Automovel;Obito;1;4;5;1;1;1
Condutor Dormindo;Colisao com objeto;Pleno dia;Ceu Claro;Caminhao;Ileso;4;4;5;1;1;2
Condutor Dormindo;Colisao com objeto;Pleno dia;Ceu Claro;Caminhao;Lesoes Graves;1;4;5;1;1;2
Condutor Dormindo;Colisao com objeto;Pleno dia;Ceu Claro;Caminhao;Lesoes Leves;4;4;5;1;1;2
Condutor Dormindo;Colisao com objeto;Pleno dia;Ceu Claro;Caminhao-trator;Ileso;6;4;5;1;1;2
Condutor Dormindo;Colisao com objeto;Pleno dia;Ceu Claro;Caminhao-trator;Lesoes Leves;2;4;5;1;1;2
Condutor Dormindo;Colisao com objeto;Pleno dia;Ceu Claro;Caminhonete;Ileso;7;4;5;1;1;2
Condutor Dormindo;Colisao com objeto;Pleno dia;Ceu Claro;Caminhonete;Lesoes Graves;4;4;5;1;1;2
Condutor Dormindo;Colisao com objeto;Pleno dia;Ceu Claro;Caminhonete;Lesoes Leves;7;4;5;1;1;2
Condutor Dormindo;Colisao com objeto;Pleno dia;Ceu Claro;Caminhonete;Obito;1;4;5;1;1;2
Condutor Dormindo;Colisao com objeto;Pleno dia;Ceu Claro;Motocicleta;Lesoes Graves;2;4;5;1;1;1
Condutor Dormindo;Colisao com objeto;Pleno dia;Ceu Claro;Motocicleta;Lesoes Leves;3;4;5;1;1;1
Condutor Dormindo;Colisao com objeto;Pleno dia;Ceu Claro;Motocicleta;Obito;2;4;5;1;1;1
Condutor Dormindo;Colisao com objeto;Pleno dia;Ceu Claro;Nao Informado;Ileso;3;4;5;1;1;3
Condutor Dormindo;Colisao com objeto;Pleno dia;Ceu Claro;Nao Informado;Lesoes Graves;2;4;5;1;1;3
Condutor Dormindo;Colisao com objeto;Pleno dia;Ceu Claro;Nao Informado;Lesoes Leves;4;4;5;1;1;3
Condutor Dormindo;Colisao com objeto;Pleno dia;Ceu Claro;Onibus;Ileso;10;4;5;1;1;3
Condutor Dormindo;Colisao com objeto;Pleno dia;Ceu Claro;Onibus;Lesoes Leves;6;4;5;1;1;3
Condutor Dormindo;Colisao com objeto;Pleno dia;Ceu Claro;Utilitario;Lesoes Leves;1;4;5;1;1;3
Condutor Dormindo;Colisao com objeto;Pleno dia;Ceu Claro;Utilitario;Obito;1;4;5;1;1;3
Condutor Dormindo;Colisao com objeto;Pleno dia;Chuva;Automovel;Lesoes Graves;6;4;5;1;2;1
Condutor Dormindo;Colisao com objeto;Pleno dia;Chuva;Caminhao-trator;Obito;1;4;5;1;2;2
Condutor Dormindo;Colisao com objeto;Pleno dia;Chuva;Caminhonete;Lesoes Leves;1;4;5;1;2;2
Condutor Dormindo;Colisao com objeto;Pleno dia;Chuva;Motocicleta;Lesoes Graves;1;4;5;1;2;1
Condutor Dormindo;Colisao com objeto;Pleno dia;Chuva;Motocicleta;Lesoes Leves;1;4;5;1;2;1
Condutor Dormindo;Colisao com objeto;Pleno dia;Garoa/Chuvisco;Automovel;Lesoes Leves;1;4;5;1;3;1
Condutor Dormindo;Colisao com objeto;Pleno dia;Nevoeiro/Neblina;Caminhao;Lesoes Leves;1;4;5;1;4;2
Condutor Dormindo;Colisao com objeto;Pleno dia;Nublado;Automovel;Ileso;3;4;5;1;2;1
Condutor Dormindo;Colisao com objeto;Pleno dia;Nublado;Automovel;Lesoes Graves;1;4;5;1;2;1
Condutor Dormindo;Colisao com objeto;Pleno dia;Nublado;Automovel;Lesoes Leves;14;4;5;1;2;1
Condutor Dormindo;Colisao com objeto;Pleno dia;Nublado;Automovel;Obito;4;4;5;1;2;1
Condutor Dormindo;Colisao com objeto;Pleno dia;Nublado;Caminhao;Ileso;1;4;5;1;2;2
Condutor Dormindo;Colisao com objeto;Pleno dia;Nublado;Caminhao;Lesoes Leves;5;4;5;1;2;2
Condutor Dormindo;Colisao com objeto;Pleno dia;Nublado;Caminhao-trator;Ileso;2;4;5;1;2;2
Condutor Dormindo;Colisao com objeto;Pleno dia;Nublado;Caminhao-trator;Lesoes Leves;2;4;5;1;2;2
Condutor Dormindo;Colisao com objeto;Pleno dia;Nublado;Caminhonete;Lesoes Graves;3;4;5;1;2;2
Condutor Dormindo;Colisao com objeto;Pleno dia;Nublado;Caminhonete;Lesoes Leves;3;4;5;1;2;2
Condutor Dormindo;Colisao com objeto;Pleno dia;Nublado;Caminhonete;Obito;2;4;5;1;2;2
Condutor Dormindo;Colisao com objeto;Pleno dia;Nublado;Motocicleta;Lesoes Leves;1;4;5;1;2;1
Condutor Dormindo;Colisao com objeto;Pleno dia;Nublado;Utilitario;Ileso;1;4;5;1;2;3
Condutor Dormindo;Colisao com objeto;Pleno dia;Nublado;Utilitario;Lesoes Leves;4;4;5;1;2;3
Condutor Dormindo;Colisao com objeto;Pleno dia;Sol;Automovel;Lesoes Graves;1;4;5;1;3;1
Condutor Dormindo;Colisao com objeto;Pleno dia;Sol;Automovel;Lesoes Leves;6;4;5;1;3;1
Condutor Dormindo;Colisao com objeto;Pleno dia;Sol;Caminhao;Ileso;4;4;5;1;3;2
Condutor Dormindo;Colisao com objeto;Pleno dia;Sol;Caminhao;Lesoes Graves;4;4;5;1;3;2
Condutor Dormindo;Colisao com objeto;Pleno dia;Sol;Caminhao;Lesoes Leves;1;4;5;1;3;2
Condutor Dormindo;Colisao com objeto;Pleno dia;Sol;Caminhao;Obito;2;4;5;1;3;2
Condutor Dormindo;Colisao com objeto;Pleno dia;Sol;Caminhao-trator;Lesoes Graves;1;4;5;1;3;2
Condutor Dormindo;Colisao com objeto;Pleno dia;Sol;Caminhao-trator;Lesoes Leves;1;4;5;1;3;2
Condutor Dormindo;Colisao com objeto;Pleno dia;Sol;Caminhonete;Lesoes Leves;8;4;5;1;3;2
Condutor Dormindo;Colisao com objeto;Pleno dia;Sol;Motocicleta;Lesoes Leves;1;4;5;1;3;1
Condutor Dormindo;Colisao com objeto;Pleno dia;Sol;Nao Informado;Lesoes Graves;1;4;5;1;3;3
Condutor Dormindo;Colisao com objeto;Pleno dia;Sol;Nao Informado;Lesoes Leves;1;4;5;1;3;3
Condutor Dormindo;Colisao com objeto;Pleno dia;Sol;Utilitario;Lesoes Leves;2;4;5;1;3;3
Condutor Dormindo;Colisao frontal;Amanhecer;Ceu Claro;Automovel;Lesoes Graves;1;4;5;4;1;1
Condutor Dormindo;Colisao frontal;Amanhecer;Ceu Claro;Automovel;Obito;2;4;5;4;1;1
Condutor Dormindo;Colisao frontal;Amanhecer;Ceu Claro;Caminhao;Ileso;1;4;5;4;1;2
Condutor Dormindo;Colisao frontal;Amanhecer;Ceu Claro;Caminhao;Lesoes Leves;3;4;5;4;1;2
Condutor Dormindo;Colisao frontal;Amanhecer;Ceu Claro;Caminhao-trator;Ileso;1;4;5;4;1;2
Condutor Dormindo;Colisao frontal;Amanhecer;Ceu Claro;Caminhao-trator;Lesoes Leves;1;4;5;4;1;2
Condutor Dormindo;Colisao frontal;Amanhecer;Ceu Claro;Caminhonete;Lesoes Graves;2;4;5;4;1;2
Condutor Dormindo;Colisao frontal;Amanhecer;Ceu Claro;Caminhonete;Lesoes Leves;3;4;5;4;1;2
Condutor Dormindo;Colisao frontal;Amanhecer;Ceu Claro;Nao Informado;Obito;1;4;5;4;1;3
Condutor Dormindo;Colisao frontal;Amanhecer;Chuva;Automovel;Lesoes Leves;1;4;5;4;2;1
Condutor Dormindo;Colisao frontal;Amanhecer;Chuva;Automovel;Obito;1;4;5;4;2;1
Condutor Dormindo;Colisao frontal;Amanhecer;Chuva;Caminhao;Ileso;1;4;5;4;2;2
Condutor Dormindo;Colisao frontal;Amanhecer;Chuva;Caminhonete;Ileso;4;4;5;4;2;2
Condutor Dormindo;Colisao frontal;Amanhecer;Nevoeiro/Neblina;Automovel;Obito;1;4;5;4;4;1
Condutor Dormindo;Colisao frontal;Amanhecer;Nevoeiro/Neblina;Caminhonete;Ileso;3;4;5;4;4;2
Condutor Dormindo;Colisao frontal;Amanhecer;Nevoeiro/Neblina;Caminhonete;Lesoes Leves;1;4;5;4;4;2
Condutor Dormindo;Colisao frontal;Amanhecer;Nublado;Automovel;Ileso;1;4;5;4;2;1
Condutor Dormindo;Colisao frontal;Amanhecer;Nublado;Automovel;Obito;6;4;5;4;2;1
Condutor Dormindo;Colisao frontal;Amanhecer;Nublado;Caminhao;Obito;3;4;5;4;2;2
Condutor Dormindo;Colisao frontal;Amanhecer;Nublado;Caminhao-trator;Obito;9;4;5;4;2;2
Condutor Dormindo;Colisao frontal;Amanhecer;Nublado;Motocicleta;Obito;1;4;5;4;2;1
Condutor Dormindo;Colisao frontal;Amanhecer;Nublado;Onibus;Ileso;1;4;5;4;2;3
Condutor Dormindo;Colisao frontal;Anoitecer;Ceu Claro;Automovel;Ileso;1;4;5;4;1;1
Condutor Dormindo;Colisao frontal;Anoitecer;Ceu Claro;Automovel;Lesoes Graves;2;4;5;4;1;1
Condutor Dormindo;Colisao frontal;Anoitecer;Ceu Claro;Automovel;Lesoes Leves;1;4;5;4;1;1
Condutor Dormindo;Colisao frontal;Anoitecer;Ceu Claro;Caminhonete;Ileso;1;4;5;4;1;2
Condutor Dormindo;Colisao frontal;Anoitecer;Ceu Claro;Caminhonete;Lesoes Graves;1;4;5;4;1;2
Condutor Dormindo;Colisao frontal;Anoitecer;Ceu Claro;Motoneta;Obito;1;4;5;4;1;3
Condutor Dormindo;Colisao frontal;Anoitecer;Nublado;Automovel;Lesoes Leves;3;4;5;4;2;1
Condutor Dormindo;Colisao frontal;Anoitecer;Nublado;Caminhao;Ileso;1;4;5;4;2;2
Condutor Dormindo;Colisao frontal;Anoitecer;Nublado;Nao Informado;Lesoes Graves;1;4;5;4;2;3
Condutor Dormindo;Colisao frontal;Plena Noite;Ceu Claro;Automovel;Ileso;10;4;5;2;1;1
Condutor Dormindo;Colisao frontal;Plena Noite;Ceu Claro;Automovel;Lesoes Graves;6;4;5;2;1;1
Condutor Dormindo;Colisao frontal;Plena Noite;Ceu Claro;Automovel;Lesoes Leves;7;4;5;2;1;1
Condutor Dormindo;Colisao frontal;Plena Noite;Ceu Claro;Automovel;Obito;14;4;5;2;1;1
Condutor Dormindo;Colisao frontal;Plena Noite;Ceu Claro;Caminhao;Ileso;13;4;5;2;1;2
Condutor Dormindo;Colisao frontal;Plena Noite;Ceu Claro;Caminhao;Lesoes Graves;1;4;5;2;1;2
Condutor Dormindo;Colisao frontal;Plena Noite;Ceu Claro;Caminhao;Lesoes Leves;2;4;5;2;1;2
Condutor Dormindo;Colisao frontal;Plena Noite;Ceu Claro;Caminhao;Obito;4;4;5;2;1;2
Condutor Dormindo;Colisao frontal;Plena Noite;Ceu Claro;Caminhao-trator;Ileso;12;4;5;2;1;2
Condutor Dormindo;Colisao frontal;Plena Noite;Ceu Claro;Caminhonete;Ileso;2;4;5;2;1;2
Condutor Dormindo;Colisao frontal;Plena Noite;Ceu Claro;Caminhonete;Obito;1;4;5;2;1;2
Condutor Dormindo;Colisao frontal;Plena Noite;Ceu Claro;Motocicleta;Lesoes Graves;2;4;5;2;1;1
Condutor Dormindo;Colisao frontal;Plena Noite;Ceu Claro;Motocicleta;Lesoes Leves;1;4;5;2;1;1
Condutor Dormindo;Colisao frontal;Plena Noite;Ceu Claro;Nao Informado;Lesoes Graves;3;4;5;2;1;3
Condutor Dormindo;Colisao frontal;Plena Noite;Ceu Claro;Nao Informado;Lesoes Leves;2;4;5;2;1;3
Condutor Dormindo;Colisao frontal;Plena Noite;Ceu Claro;Onibus;Ileso;1;4;5;2;1;3
Condutor Dormindo;Colisao frontal;Plena Noite;Ceu Claro;Onibus;Lesoes Graves;9;4;5;2;1;3
Condutor Dormindo;Colisao frontal;Plena Noite;Ceu Claro;Onibus;Obito;20;4;5;2;1;3
Condutor Dormindo;Colisao frontal;Plena Noite;Ceu Claro;Utilitario;Lesoes Graves;3;4;5;2;1;3
Condutor Dormindo;Colisao frontal;Plena Noite;Ceu Claro;Utilitario;Lesoes Leves;2;4;5;2;1;3
Condutor Dormindo;Colisao frontal;Plena Noite;Chuva;Automovel;Lesoes Graves;1;4;5;2;2;1
Condutor Dormindo;Colisao frontal;Plena Noite;Chuva;Automovel;Lesoes Leves;1;4;5;2;2;1
Condutor Dormindo;Colisao frontal;Plena Noite;Chuva;Caminhao-trator;Lesoes Graves;1;4;5;2;2;2
Condutor Dormindo;Colisao frontal;Plena Noite;Chuva;Caminhao-trator;Lesoes Leves;1;4;5;2;2;2
Condutor Dormindo;Colisao frontal;Plena Noite;Garoa/Chuvisco;Automovel;Lesoes Graves;2;4;5;2;3;1
Condutor Dormindo;Colisao frontal;Plena Noite;Garoa/Chuvisco;Automovel;Obito;1;4;5;2;3;1
Condutor Dormindo;Colisao frontal;Plena Noite;Garoa/Chuvisco;Caminhao;Lesoes Graves;2;4;5;2;3;2
Condutor Dormindo;Colisao frontal;Plena Noite;Garoa/Chuvisco;Micro-onibus;Ileso;9;4;5;2;3;4
Condutor Dormindo;Colisao frontal;Plena Noite;Nublado;Automovel;Ileso;5;4;5;2;2;1
Condutor Dormindo;Colisao frontal;Plena Noite;Nublado;Automovel;Lesoes Graves;8;4;5;2;2;1
Condutor Dormindo;Colisao frontal;Plena Noite;Nublado;Automovel;Lesoes Leves;4;4;5;2;2;1
Condutor Dormindo;Colisao frontal;Plena Noite;Nublado;Automovel;Obito;4;4;5;2;2;1
Condutor Dormindo;Colisao frontal;Plena Noite;Nublado;Caminhao;Lesoes Graves;1;4;5;2;2;2
Condutor Dormindo;Colisao frontal;Plena Noite;Nublado;Caminhao;Lesoes Leves;3;4;5;2;2;2
Condutor Dormindo;Colisao frontal;Plena Noite;Nublado;Caminhao-trator;Ileso;3;4;5;2;2;2
Condutor Dormindo;Colisao frontal;Plena Noite;Nublado;Caminhonete;Lesoes Graves;1;4;5;2;2;2
Condutor Dormindo;Colisao frontal;Plena Noite;Nublado;Caminhonete;Lesoes Leves;1;4;5;2;2;2
Condutor Dormindo;Colisao frontal;Plena Noite;Nublado;Caminhonete;Obito;1;4;5;2;2;2
Condutor Dormindo;Colisao frontal;Plena Noite;Nublado;Motocicleta;Lesoes Leves;1;4;5;2;2;1
Condutor Dormindo;Colisao frontal;Plena Noite;Nublado;Nao Informado;Lesoes Leves;4;4;5;2;2;3
Condutor Dormindo;Colisao frontal;Plena Noite;Nublado;Onibus;Ileso;3;4;5;2;2;3
Condutor Dormindo;Colisao frontal;Plena Noite;Vento;Caminhao;Ileso;1;4;5;2;5;2
Condutor Dormindo;Colisao frontal;Plena Noite;Vento;Caminhonete;Obito;1;4;5;2;5;2
Condutor Dormindo;Colisao frontal;Pleno dia;Ceu Claro;Automovel;Ileso;14;4;5;1;1;1
Condutor Dormindo;Colisao frontal;Pleno dia;Ceu Claro;Automovel;Lesoes Graves;11;4;5;1;1;1
Condutor Dormindo;Colisao frontal;Pleno dia;Ceu Claro;Automovel;Lesoes Leves;23;4;5;1;1;1
Condutor Dormindo;Colisao frontal;Pleno dia;Ceu Claro;Automovel;Obito;18;4;5;1;1;1
Condutor Dormindo;Colisao frontal;Pleno dia;Ceu Claro;Caminhao;Ileso;12;4;5;1;1;2
Condutor Dormindo;Colisao frontal;Pleno dia;Ceu Claro;Caminhao;Lesoes Graves;1;4;5;1;1;2
Condutor Dormindo;Colisao frontal;Pleno dia;Ceu Claro;Caminhao;Lesoes Leves;3;4;5;1;1;2
Condutor Dormindo;Colisao frontal;Pleno dia;Ceu Claro;Caminhao-trator;Ileso;15;4;5;1;1;2
Condutor Dormindo;Colisao frontal;Pleno dia;Ceu Claro;Caminhao-trator;Lesoes Graves;2;4;5;1;1;2
Condutor Dormindo;Colisao frontal;Pleno dia;Ceu Claro;Caminhao-trator;Lesoes Leves;3;4;5;1;1;2
Condutor Dormindo;Colisao frontal;Pleno dia;Ceu Claro;Caminhao-trator;Obito;1;4;5;1;1;2
Condutor Dormindo;Colisao frontal;Pleno dia;Ceu Claro;Caminhonete;Ileso;10;4;5;1;1;2
Condutor Dormindo;Colisao frontal;Pleno dia;Ceu Claro;Caminhonete;Lesoes Graves;7;4;5;1;1;2
Condutor Dormindo;Colisao frontal;Pleno dia;Ceu Claro;Caminhonete;Lesoes Leves;4;4;5;1;1;2
Condutor Dormindo;Colisao frontal;Pleno dia;Ceu Claro;Caminhonete;Obito;2;4;5;1;1;2
Condutor Dormindo;Colisao frontal;Pleno dia;Ceu Claro;Micro-onibus;Ileso;1;4;5;1;1;4
Condutor Dormindo;Colisao frontal;Pleno dia;Ceu Claro;Micro-onibus;Lesoes Graves;1;4;5;1;1;4
Condutor Dormindo;Colisao frontal;Pleno dia;Ceu Claro;Motocicleta;Lesoes Graves;2;4;5;1;1;1
Condutor Dormindo;Colisao frontal;Pleno dia;Ceu Claro;Motocicleta;Obito;3;4;5;1;1;1
Condutor Dormindo;Colisao frontal;Pleno dia;Ceu Claro;Nao Informado;Ileso;2;4;5;1;1;3
Condutor Dormindo;Colisao frontal;Pleno dia;Ceu Claro;Nao Informado;Lesoes Graves;4;4;5;1;1;3
Condutor Dormindo;Colisao frontal;Pleno dia;Ceu Claro;Nao Informado;Lesoes Leves;3;4;5;1;1;3
Condutor Dormindo;Colisao frontal;Pleno dia;Ceu Claro;Nao Informado;Obito;1;4;5;1;1;3
Condutor Dormindo;Colisao frontal;Pleno dia;Ceu Claro;Onibus;Ileso;19;4;5;1;1;3
Condutor Dormindo;Colisao frontal;Pleno dia;Ceu Claro;Onibus;Lesoes Graves;2;4;5;1;1;3
Condutor Dormindo;Colisao frontal;Pleno dia;Ceu Claro;Onibus;Lesoes Leves;8;4;5;1;1;3
Condutor Dormindo;Colisao frontal;Pleno dia;Ceu Claro;Utilitario;Ileso;1;4;5;1;1;3
Condutor Dormindo;Colisao frontal;Pleno dia;Chuva;Automovel;Lesoes Graves;1;4;5;1;2;1
Condutor Dormindo;Colisao frontal;Pleno dia;Chuva;Caminhao-trator;Lesoes Graves;1;4;5;1;2;2
Condutor Dormindo;Colisao frontal;Pleno dia;Chuva;Caminhao-trator;Lesoes Leves;1;4;5;1;2;2
Condutor Dormindo;Colisao frontal;Pleno dia;Chuva;Motocicleta;Obito;1;4;5;1;2;1
Condutor Dormindo;Colisao frontal;Pleno dia;Garoa/Chuvisco;Caminhao-trator;Lesoes Graves;1;4;5;1;3;2
Condutor Dormindo;Colisao frontal;Pleno dia;Garoa/Chuvisco;Caminhao-trator;Lesoes Leves;1;4;5;1;3;2
Condutor Dormindo;Colisao frontal;Pleno dia;Garoa/Chuvisco;Caminhonete;Ileso;2;4;5;1;3;2
Condutor Dormindo;Colisao frontal;Pleno dia;Garoa/Chuvisco;Caminhonete;Lesoes Graves;1;4;5;1;3;2
Condutor Dormindo;Colisao frontal;Pleno dia;Nublado;Automovel;Ileso;6;4;5;1;2;1
Condutor Dormindo;Colisao frontal;Pleno dia;Nublado;Automovel;Lesoes Leves;4;4;5;1;2;1
Condutor Dormindo;Colisao frontal;Pleno dia;Nublado;Caminhao;Lesoes Leves;2;4;5;1;2;2