causa_acidente;tipo_acidente;fase_dia;condicao_metereologica;tipo_veiculo;estado_fisico;count;causa_acidente_criterios;tipo_acidente_criterios;fase_dia_criterios;condicao_metereologica_criterios;tipo_veiculo_criterios
Condutor Dormindo;Colisao traseira;Pleno dia;Ceu Claro;Caminhao;Obito;1;4;5;1;1;2
Condutor Dormindo;Colisao traseira;Pleno dia;Ceu Claro;Caminhao-trator;Ileso;11;4;5;1;1;2
Condutor Dormindo;Colisao traseira;Pleno dia;Ceu Claro;Caminhao-trator;Lesoes Graves;1;4;5;1;1;2
Condutor Dormindo;Colisao traseira;Pleno dia;Ceu Claro;Caminhao-trator;Lesoes Leves;2;4;5;1;1;2
Condutor Dormindo;Colisao traseira;Pleno dia;Ceu Claro;Caminhonete;Ileso;11;4;5;1;1;2
Condutor Dormindo;Colisao traseira;Pleno dia;Ceu Claro;Caminhonete;Lesoes Graves;1;4;5;1;1;2
Condutor Dormindo;Colisao traseira;Pleno dia;Ceu Claro;Caminhonete;Lesoes Leves;4;4;5;1;1;2
Condutor Dormindo;Colisao traseira;Pleno dia;Ceu Claro;Caminhonete;Obito;1;4;5;1;1;2
Condutor Dormindo;Colisao traseira;Pleno dia;Ceu Claro;Motocicleta;Ileso;1;4;5;1;1;1
Condutor Dormindo;Colisao traseira;Pleno dia;Ceu Claro;Motocicleta;Lesoes Graves;2;4;5;1;1;1
Condutor Dormindo;Colisao traseira;Pleno dia;Ceu Claro;Motocicleta;Lesoes Leves;6;4;5;1;1;1
Condutor Dormindo;Colisao traseira;Pleno dia;Ceu Claro;Motocicleta;Obito;1;4;5;1;1;1
Condutor Dormindo;Colisao traseira;Pleno dia;Ceu Claro;Motoneta;Lesoes Leves;1;4;5;1;1;3
Condutor Dormindo;Colisao traseira;Pleno dia;Ceu Claro;Nao Informado;Ileso;2;4;5;1;1;3
Condutor Dormindo;Colisao traseira;Pleno dia;Ceu Claro;Onibus;Ileso;10;4;5;1;1;3
Condutor Dormindo;Colisao traseira;Pleno dia;Ceu Claro;Onibus;Lesoes Graves;1;4;5;1;1;3
Condutor Dormindo;Colisao traseira;Pleno dia;Ceu Claro;Onibus;Lesoes Leves;13;4;5;1;1;3
Condutor Dormindo;Colisao traseira;Pleno dia;Ceu Claro;Utilitario;Ileso;2;4;5;1;1;3
Condutor Dormindo;Colisao traseira;Pleno dia;Garoa/Chuvisco;Automovel;Lesoes Graves;1;4;5;1;3;1
Condutor Dormindo;Colisao traseira;Pleno dia;Garoa/Chuvisco;Caminhao;Obito;1;4;5;1;3;2
Condutor Dormindo;Colisao traseira;Pleno dia;Garoa/Chuvisco;Caminhao-trator;Ileso;1;4;5;1;3;2
Condutor Dormindo;Colisao traseira;Pleno dia;Garoa/Chuvisco;Caminhao-trator;Lesoes Leves;1;4;5;1;3;2
Condutor Dormindo;Colisao traseira;Pleno dia;Nublado;Caminhao;Ileso;1;4;5;1;2;2
Condutor Dormindo;Colisao traseira;Pleno dia;Nublado;Caminhao-trator;Ileso;1;4;5;1;2;2
Condutor Dormindo;Colisao traseira;Pleno dia;Nublado;Nao Informado;Lesoes Leves;2;4;5;1;2;3
Condutor Dormindo;Colisao traseira;Pleno dia;Nublado;Utilitario;Ileso;1;4;5;1;2;3
Condutor Dormindo;Colisao traseira;Pleno dia;Nublado;Utilitario;Lesoes Leves;1;4;5;1;2;3
Condutor Dormindo;Colisao traseira;Pleno dia;Sol;Automovel;Ileso;8;4;5;1;3;1
Condutor Dormindo;Colisao traseira;Pleno dia;Sol;Automovel;Lesoes Graves;1;4;5;1;3;1
Condutor Dormindo;Colisao traseira;Pleno dia;Sol;Automovel;Lesoes Leves;7;4;5;1;3;1
Condutor Dormindo;Colisao traseira;Pleno dia;Sol;Bicicleta;Obito;1;4;5;1;3;3
Condutor Dormindo;Colisao traseira;Pleno dia;Sol;Caminhao;Ileso;1;4;5;1;3;2
Condutor Dormindo;Colisao traseira;Pleno dia;Sol;Caminhao;Lesoes Graves;1;4;5;1;3;2
Condutor Dormindo;Colisao traseira;Pleno dia;Sol;Caminhao-trator;Ileso;5;4;5;1;3;2
Condutor Dormindo;Colisao traseira;Pleno dia;Sol;Caminhonete;Lesoes Graves;1;4;5;1;3;2
Condutor Dormindo;Colisao traseira;Pleno dia;Sol;Caminhonete;Lesoes Leves;1;4;5;1;3;2
Condutor Dormindo;Colisao traseira;Pleno dia;Sol;Motocicleta;Ileso;2;4;5;1;3;1
Condutor Dormindo;Colisao traseira;Pleno dia;Sol;Motocicleta;Lesoes Leves;1;4;5;1;3;1
Condutor Dormindo;Colisao traseira;Pleno dia;Sol;Motoneta;Lesoes Graves;1;4;5;1;3;3
Condutor Dormindo;Colisao traseira;Pleno dia;Sol;Motoneta;Lesoes Leves;1;4;5;1;3;3
Condutor Dormindo;Derramamento de carga;Amanhecer;Ceu Claro;Caminhao;Ileso;1;4;3;4;1;2
Condutor Dormindo;Derramamento de carga;Amanhecer;Ceu Claro;Caminhao;Lesoes Graves;1;4;3;4;1;2
Condutor Dormindo;Derramamento de carga;Amanhecer;Ceu Claro;Caminhao;Lesoes Leves;2;4;3;4;1;2
Condutor Dormindo;Derramamento de carga;Amanhecer;Ceu Claro;Caminhao-trator;Lesoes Graves;1;4;3;4;1;2
Condutor Dormindo;Derramamento de carga;Amanhecer;Nublado;Caminhao-trator;Lesoes Leves;1;4;3;4;2;2
Condutor Dormindo;Derramamento de carga;Plena Noite;Ceu Claro;Automovel;Obito;1;4;3;2;1;1
Condutor Dormindo;Derramamento de carga;Plena Noite;Ceu Claro;Caminhao;Ileso;1;4;3;2;1;2
Condutor Dormindo;Derramamento de carga;Plena Noite;Ceu Claro;Caminhao;Lesoes Leves;1;4;3;2;1;2
Condutor Dormindo;Derramamento de carga;Plena Noite;Ceu Claro;Caminhao;Obito;3;4;3;2;1;2
Condutor Dormindo;Derramamento de carga;Plena Noite;Ceu Claro;Caminhao-trator;Ileso;4;4;3;2;1;2
Condutor Dormindo;Derramamento de carga;Plena Noite;Ceu Claro;Caminhao-trator;Lesoes Leves;5;4;3;2;1;2
Condutor Dormindo;Derramamento de carga;Plena Noite;Ceu Claro;Caminhao-trator;Obito;1;4;3;2;1;2
Condutor Dormindo;Derramamento de carga;Plena Noite;Ceu Claro;Onibus;Lesoes Graves;9;4;3;2;1;3
Condutor Dormindo;Derramamento de carga;Plena Noite;Ceu Claro;Onibus;Obito;20;4;3;2;1;3
Condutor Dormindo;Derramamento de carga;Plena Noite;Chuva;Caminhao;Lesoes Leves;2;4;3;2;2;2
Condutor Dormindo;Derramamento de carga;Plena Noite;Nublado;Automovel;Ileso;1;4;3;2;2;1
Condutor Dormindo;Derramamento de carga;Plena Noite;Nublado;Caminhao;Ileso;1;4;3;2;2;2
Condutor Dormindo;Derramamento de carga;Plena Noite;Nublado;Caminhao;Lesoes Graves;1;4;3;2;2;2
Condutor Dormindo;Derramamento de carga;Plena Noite;Nublado;Caminhao-trator;Ileso;4;4;3;2;2;2
Condutor Dormindo;Derramamento de carga;Plena Noite;Nublado;Caminhao-trator;Lesoes Graves;2;4;3;2;2;2
Condutor Dormindo;Derramamento de carga;Plena Noite;Nublado;Caminhao-trator;Lesoes Leves;2;4;3;2;2;2
Condutor Dormindo;Derramamento de carga;Plena Noite;Nublado;Motocicleta;Obito;1;4;3;2;2;1
Condutor Dormindo;Derramamento de carga;Plena Noite;Nublado;Nao se aplica;Lesoes Graves;1;4;3;2;2;3
Condutor Dormindo;Derramamento de carga;Plena Noite;Nublado;Nao se aplica;Lesoes Leves;2;4;3;2;2;3
Condutor Dormindo;Derramamento de carga;Plena Noite;Nublado;Nao se aplica;Obito;1;4;3;2;2;3
Condutor Dormindo;Derramamento de carga;Pleno dia;Ceu Claro;Automovel;Ileso;2;4;3;1;1;1
Condutor Dormindo;Derramamento de carga;Pleno dia;Ceu Claro;Caminhao;Ileso;2;4;3;1;1;2
Condutor Dormindo;Derramamento de carga;Pleno dia;Ceu Claro;Caminhao;Lesoes Leves;2;4;3;1;1;2
Condutor Dormindo;Derramamento de carga;Pleno dia;Ceu Claro;Caminhao;Obito;1;4;3;1;1;2
Condutor Dormindo;Derramamento de carga;Pleno dia;Ceu Claro;Caminhao-trator;Ileso;1;4;3;1;1;2
Condutor Dormindo;Derramamento de carga;Pleno dia;Ceu Claro;Caminhao-trator;Lesoes Graves;1;4;3;1;1;2
Condutor Dormindo;Derramamento de carga;Pleno dia;Ceu Claro;Caminhao-trator;Lesoes Leves;5;4;3;1;1;2
Condutor Dormindo;Derramamento de carga;Pleno dia;Ceu Claro;Caminhonete;Ileso;1;4;3;1;1;2
Condutor Dormindo;Derramamento de carga;Pleno dia;Chuva;Caminhao;Lesoes Leves;1;4;3;1;2;2
Condutor Dormindo;Derramamento de carga;Pleno dia;Chuva;Caminhao-trator;Lesoes Graves;1;4;3;1;2;2
Condutor Dormindo;Derramamento de carga;Pleno dia;Chuva;Caminhao-trator;Lesoes Leves;1;4;3;1;2;2
Condutor Dormindo;Derramamento de carga;Pleno dia;Garoa/Chuvisco;Caminhao-trator;Lesoes Graves;1;4;3;1;3;2
Condutor Dormindo;Derramamento de carga;Pleno dia;Garoa/Chuvisco;Caminhao-trator;Lesoes Leves;1;4;3;1;3;2
Condutor Dormindo;Derramamento de carga;Pleno dia;Garoa/Chuvisco;Caminhonete;Ileso;2;4;3;1;3;2
Condutor Dormindo;Derramamento de carga;Pleno dia;Garoa/Chuvisco;Caminhonete;Lesoes Graves;1;4;3;1;3;2
Condutor Dormindo;Derramamento de carga;Pleno dia;Nublado;Caminhao-trator;Ileso;1;4;3;1;2;2
Condutor Dormindo;Derramamento de carga;Pleno dia;Nublado;Caminhao-trator;Lesoes Leves;2;4;3;1;2;2
Condutor Dormindo;Derramamento de carga;Pleno dia;Sol;Caminhao-trator;Lesoes Graves;1;4;3;1;3;2
Condutor Dormindo;Derramamento de carga;Pleno dia;Sol;Caminhao-trator;Lesoes Leves;1;4;3;1;3;2
Condutor Dormindo;Engavetamento;Plena Noite;Nublado;Automovel;Lesoes Graves;2;4;3;2;2;1
Condutor Dormindo;Engavetamento;Plena Noite;Nublado;Automovel;Obito;3;4;3;2;2;1
Condutor Dormindo;Engavetamento;Plena Noite;Nublado;Caminhao-trator;Ileso;3;4;3;2;2;2
Condutor Dormindo;Engavetamento;Pleno dia;Ceu Claro;Automovel;Ileso;4;4;3;1;1;1
Condutor Dormindo;Engavetamento;Pleno dia;Ceu Claro;Caminhao;Ileso;1;4;3;1;1;2
Condutor Dormindo;Engavetamento;Pleno dia;Ceu Claro;Caminhonete;Ileso;4;4;3;1;1;2
Condutor Dormindo;Engavetamento;Pleno dia;Ceu Claro;Caminhonete;Lesoes Leves;1;4;3;1;1;2
Condutor Dormindo;Engavetamento;Pleno dia;Ceu Claro;Micro-onibus;Obito;1;4;3;1;1;4
Condutor Dormindo;Engavetamento;Pleno dia;Ceu Claro;Motocicleta;Ileso;1;4;3;1;1;1
Condutor Dormindo;Engavetamento;Pleno dia;Chuva;Caminhao;Ileso;1;4;3;1;2;2
Condutor Dormindo;Engavetamento;Pleno dia;Chuva;Caminhao;Lesoes Leves;1;4;3;1;2;2
Condutor Dormindo;Engavetamento;Pleno dia;Chuva;Caminhao-trator;Ileso;1;4;3;1;2;2
Condutor Dormindo;Engavetamento;Pleno dia;Ignorado;Caminhao;Ileso;2;4;3;1;0;2
Condutor Dormindo;Engavetamento;Pleno dia;Ignorado;Caminhao;Lesoes Leves;1;4;3;1;0;2
Condutor Dormindo;Engavetamento;Pleno dia;Ignorado;Caminhao-trator;Ileso;1;4;3;1;0;2
Condutor Dormindo;Engavetamento;Pleno dia;Ignorado;Caminhao-trator;Lesoes Leves;1;4;3;1;0;2
Condutor Dormindo;Engavetamento;Pleno dia;Ignorado;Caminhao-trator;Obito;1;4;3;1;0;2
Condutor Dormindo;Eventos atipicos;Pleno dia;Ceu Claro;Automovel;Lesoes Graves;3;4;2;1;1;1
Condutor Dormindo;Eventos atipicos;Pleno dia;Ceu Claro;Automovel;Lesoes Leves;1;4;2;1;1;1
Condutor Dormindo;Incendio;Amanhecer;Ceu Claro;Automovel;Ileso;1;4;2;4;1;1
Condutor Dormindo;Incendio;Plena Noite;Ceu Claro;Automovel;Lesoes Graves;1;4;2;2;1;1
Condutor Dormindo;Incendio;Plena Noite;Ceu Claro;Automovel;Lesoes Leves;1;4;2;2;1;1
Condutor Dormindo;Incendio;Plena Noite;Ceu Claro;Automovel;Obito;4;4;2;2;1;1
Condutor Dormindo;Incendio;Plena Noite;Ceu Claro;Caminhao;Ileso;1;4;2;2;1;2
Condutor Dormindo;Incendio;Plena Noite;Ceu Claro;Caminhao;Obito;1;4;2;2;1;2
Condutor Dormindo;Incendio;Plena Noite;Ceu Claro;Caminhao-trator;Ileso;2;4;2;2;1;2
Condutor Dormindo;Incendio;Plena Noite;Ceu Claro;Caminhao-trator;Lesoes Graves;1;4;2;2;1;2
Condutor Dormindo;Incendio;Plena Noite;Ceu Claro;Caminhao-trator;Obito;1;4;2;2;1;2
Condutor Dormindo;Incendio;Plena Noite;Garoa/Chuvisco;Automovel;Lesoes Leves;2;4;2;2;3;1
Condutor Dormindo;Incendio;Plena Noite;Nublado;Automovel;Lesoes Graves;1;4;2;2;2;1
Condutor Dormindo;Incendio;Plena Noite;Nublado;Automovel;Lesoes Leves;1;4;2;2;2;1
Condutor Dormindo;Incendio;Plena Noite;Nublado;Caminhao;Lesoes Leves;1;4;2;2;2;2
Condutor Dormindo;Incendio;Plena Noite;Nublado;Caminhao-trator;Ileso;2;4;2;2;2;2
Condutor Dormindo;Incendio;Plena Noite;Nublado;Caminhao-trator;Lesoes Graves;1;4;2;2;2;2
Condutor Dormindo;Incendio;Plena Noite;Nublado;Caminhao-trator;Lesoes Leves;1;4;2;2;2;2
Condutor Dormindo;Queda de ocupante de veiculo;Amanhecer;Ceu Claro;Motocicleta;Lesoes Leves;3;4;5;4;1;1
Condutor Dormindo;Queda de ocupante de veiculo;Amanhecer;Ignorado;Motocicleta;Lesoes Graves;1;4;5;4;0;1
Condutor Dormindo;Queda de ocupante de veiculo;Amanhecer;Nevoeiro/Neblina;Motocicleta;Lesoes Leves;1;4;5;4;4;1
Condutor Dormindo;Queda de ocupante de veiculo;Amanhecer;Nublado;Automovel;Ileso;1;4;5;4;2;1
Condutor Dormindo;Queda de ocupante de veiculo;Amanhecer;Nublado;Motocicleta;Lesoes Graves;2;4;5;4;2;1
Condutor Dormindo;Queda de ocupante de veiculo;Anoitecer;Ceu Claro;Automovel;Ileso;1;4;5;4;1;1
Condutor Dormindo;Queda de ocupante de veiculo;Anoitecer;Ceu Claro;Motoneta;Obito;1;4;5;4;1;3
Condutor Dormindo;Queda de ocupante de veiculo;Anoitecer;Chuva;Motocicleta;Lesoes Graves;1;4;5;4;2;1
Condutor Dormindo;Queda de ocupante de veiculo;Anoitecer;Nublado;Motocicleta;Lesoes Leves;1;4;5;4;2;1
Condutor Dormindo;Queda de ocupante de veiculo;Plena Noite;Ceu Claro;Automovel;Ileso;3;4;5;2;1;1
Condutor Dormindo;Queda de ocupante de veiculo;Plena Noite;Ceu Claro;Automovel;Lesoes Graves;1;4;5;2;1;1
Condutor Dormindo;Queda de ocupante de veiculo;Plena Noite;Ceu Claro;Automovel;Obito;1;4;5;2;1;1
Condutor Dormindo;Queda de ocupante de veiculo;Plena Noite;Ceu Claro;Caminhao;Ileso;1;4;5;2;1;2
Condutor Dormindo;Queda de ocupante de veiculo;Plena Noite;Ceu Claro;Caminhao;Lesoes Graves;1;4;5;2;1;2
Condutor Dormindo;Queda de ocupante de veiculo;Plena Noite;Ceu Claro;Caminhao;Obito;2;4;5;2;1;2
Condutor Dormindo;Queda de ocupante de veiculo;Plena Noite;Ceu Claro;Caminhao-trator;Ileso;2;4;5;2;1;2
Condutor Dormindo;Queda de ocupante de veiculo;Plena Noite;Ceu Claro;Caminhao-trator;Lesoes Leves;1;4;5;2;1;2
Condutor Dormindo;Queda de ocupante de veiculo;Plena Noite;Ceu Claro;Caminhao-trator;Obito;1;4;5;2;1;2
Condutor Dormindo;Queda de ocupante de veiculo;Plena Noite;Ceu Claro;Caminhonete;Ileso;2;4;5;2;1;2
Condutor Dormindo;Queda de ocupante de veiculo;Plena Noite;Ceu Claro;Motocicleta;Ileso;1;4;5;2;1;1
Condutor Dormindo;Queda de ocupante de veiculo;Plena Noite;Ceu Claro;Motocicleta;Lesoes Graves;7;4;5;2;1;1
Condutor Dormindo;Queda de ocupante de veiculo;Plena Noite;Ceu Claro;Motocicleta;Lesoes Leves;12;4;5;2;1;1
Condutor Dormindo;Queda de ocupante de veiculo;Plena Noite;Ceu Claro;Motocicleta;Obito;3;4;5;2;1;1
Condutor Dormindo;Queda de ocupante de veiculo;Plena Noite;Garoa/Chuvisco;Motocicleta;Lesoes Leves;1;4;5;2;3;1
Condutor Dormindo;Queda de ocupante de veiculo;Plena Noite;Ignorado;Motocicleta;Lesoes Leves;1;4;5;2;0;1
Condutor Dormindo;Queda de ocupante de veiculo;Plena Noite;Nevoeiro/Neblina;Motoneta;Ileso;1;4;5;2;4;3
Condutor Dormindo;Queda de ocupante de veiculo;Plena Noite;Nublado;Caminhao-trator;Ileso;1;4;5;2;2;2
Condutor Dormindo;Queda de ocupante de veiculo;Plena Noite;Nublado;Caminhao-trator;Lesoes Leves;1;4;5;2;2;2
Condutor Dormindo;Queda de ocupante de veiculo;Plena Noite;Nublado;Caminhonete;Obito;1;4;5;2;2;2
Condutor Dormindo;Queda de ocupante de veiculo;Plena Noite;Nublado;Motocicleta;Lesoes Leves;5;4;5;2;2;1
Condutor Dormindo;Queda de ocupante de veiculo;Plena Noite;Nublado;Motocicleta;Obito;3;4;5;2;2;1
Condutor Dormindo;Queda de ocupante de veiculo;Pleno dia;Ceu Claro;Automovel;Ileso;3;4;5;1;1;1
Condutor Dormindo;Queda de ocupante de veiculo;Pleno dia;Ceu Claro;Caminhao;Ileso;1;4;5;1;1;2
Condutor Dormindo;Queda de ocupante de veiculo;Pleno dia;Ceu Claro;Caminhao-trator;Ileso;4;4;5;1;1;2
Condutor Dormindo;Queda de ocupante de veiculo;Pleno dia;Ceu Claro;Caminhonete;Ileso;5;4;5;1;1;2
Condutor Dormindo;Queda de ocupante de veiculo;Pleno dia;Ceu Claro;Micro-onibus;Obito;1;4;5;1;1;4
Condutor Dormindo;Queda de ocupante de veiculo;Pleno dia;Ceu Claro;Motocicleta;Ileso;1;4;5;1;1;1
Condutor Dormindo;Queda de ocupante de veiculo;Pleno dia;Ceu Claro;Motocicleta;Lesoes Graves;3;4;5;1;1;1
Condutor Dormindo;Queda de ocupante de veiculo;Pleno dia;Ceu Claro;Motocicleta;Lesoes Leves;15;4;5;1;1;1
Condutor Dormindo;Queda de ocupante de veiculo;Pleno dia;Ceu Claro;Motocicleta;Obito;4;4;5;1;1;1
Condutor Dormindo;Queda de ocupante de veiculo;Pleno dia;Ceu Claro;Motoneta;Lesoes Leves;1;4;5;1;1;3
Condutor Dormindo;Queda de ocupante de veiculo;Pleno dia;Ceu Claro;Nao Informado;Ileso;2;4;5;1;1;3
Condutor Dormindo;Queda de ocupante de veiculo;Pleno dia;Chuva;Motocicleta;Lesoes Graves;1;4;5;1;2;1
Condutor Dormindo;Queda de ocupante de veiculo;Pleno dia;Chuva;Motocicleta;Lesoes Leves;2;4;5;1;2;1
Condutor Dormindo;Queda de ocupante de veiculo;Pleno dia;Nublado;Automovel;Ileso;1;4;5;1;2;1
Condutor Dormindo;Queda de ocupante de veiculo;Pleno dia;Nublado;Caminhao-trator;Ileso;1;4;5;1;2;2
Condutor Dormindo;Queda de ocupante de veiculo;Pleno dia;Nublado;Motocicleta;Lesoes Graves;2;4;5;1;2;1
Condutor Dormindo;Queda de ocupante de veiculo;Pleno dia;Nublado;Motocicleta;Lesoes Leves;2;4;5;1;2;1
Condutor Dormindo;Queda de ocupante de veiculo;Pleno dia;Sol;Automovel;Lesoes Leves;4;4;5;1;3;1
Condutor Dormindo;Queda de ocupante de veiculo;Pleno dia;Sol;Automovel;Obito;1;4;5;1;3;1
Condutor Dormindo;Queda de ocupante de veiculo;Pleno dia;Sol;Caminhao;Ileso;1;4;5;1;3;2
Condutor Dormindo;Queda de ocupante de veiculo;Pleno dia;Sol;Caminhao;Lesoes Graves;1;4;5;1;3;2
Condutor Dormindo;Queda de ocupante de veiculo;Pleno dia;Sol;Caminhao;Obito;1;4;5;1;3;2
Condutor Dormindo;Queda de ocupante de veiculo;Pleno dia;Sol;Caminhonete;Lesoes Leves;4;4;5;1;3;2
Condutor Dormindo;Queda de ocupante de veiculo;Pleno dia;Sol;Caminhonete;Obito;1;4;5;1;3;2
Condutor Dormindo;Queda de ocupante de veiculo;Pleno dia;Sol;Motocicleta;Ileso;2;4;5;1;3;1
Condutor Dormindo;Queda de ocupante de veiculo;Pleno dia;Sol;Motocicleta;Lesoes Leves;1;4;5;1;3;1
Condutor Dormindo;Queda de ocupante de veiculo;Pleno dia;Sol;Motoneta;Lesoes Graves;2;4;5;1;3;3
Condutor Dormindo;Queda de ocupante de veiculo;Pleno dia;Sol;Motoneta;Lesoes Leves;1;4;5;1;3;3
Condutor Dormindo;Saida de leito carrocavel;Amanhecer;Ceu Claro;Automovel;Ileso;15;4;5;4;1;1
Condutor Dormindo;Saida de leito carrocavel;Amanhecer;Ceu Claro;Automovel;Lesoes Graves;2;4;5;4;1;1
Condutor Dormindo;Saida de leito carrocavel;Amanhecer;Ceu Claro;Automovel;Lesoes Leves;20;4;5;4;1;1
Condutor Dormindo;Saida de leito carrocavel;Amanhecer;Ceu Claro;Automovel;Obito;2;4;5;4;1;1
Condutor Dormindo;Saida de leito carrocavel;Amanhecer;Ceu Claro;Caminhao;Ileso;5;4;5;4;1;2
Condutor Dormindo;Saida de leito carrocavel;Amanhecer;Ceu Claro;Caminhao;Lesoes Graves;4;4;5;4;1;2
Condutor Dormindo;Saida de leito carrocavel;Amanhecer;Ceu Claro;Caminhao;Lesoes Leves;2;4;5;4;1;2
Condutor Dormindo;Saida de leito carrocavel;Amanhecer;Ceu Claro;Caminhao;Obito;1;4;5;4;1;2
Condutor Dormindo;Saida de leito carrocavel;Amanhecer;Ceu Claro;Caminhao-trator;Ileso;4;4;5;4;1;2
Condutor Dormindo;Saida de leito carrocavel;Amanhecer;Ceu Claro;Caminhao-trator;Lesoes Graves;1;4;5;4;1;2
Condutor Dormindo;Saida de leito carrocavel;Amanhecer;Ceu Claro;Caminhao-trator;Lesoes Leves;2;4;5;4;1;2
Condutor Dormindo;Saida de leito carrocavel;Amanhecer;Ceu Claro;Caminhao-trator;Obito;1;4;5;4;1;2
Condutor Dormindo;Saida de leito carrocavel;Amanhecer;Ceu Claro;Caminhonete;Ileso;5;4;5;4;1;2
Condutor Dormindo;Saida de leito carrocavel;Amanhecer;Ceu Claro;Caminhonete;Lesoes Graves;4;4;5;4;1;2
Condutor Dormindo;Saida de leito carrocavel;Amanhecer;Ceu Claro;Caminhonete;Lesoes Leves;9;4;5;4;1;2
Condutor Dormindo;Saida de leito carrocavel;Amanhecer;Ceu Claro;Caminhonete;Obito;1;4;5;4;1;2
Condutor Dormindo;Saida de leito carrocavel;Amanhecer;Ceu Claro;Motocicleta;Lesoes Leves;1;4;5;4;1;1
Condutor Dormindo;Saida de leito carrocavel;Amanhecer;Ceu Claro;Nao Informado;Ileso;2;4;5;4;1;3
Condutor Dormindo;Saida de leito carrocavel;Amanhecer;Ceu Claro;Nao Informado;Lesoes Leves;6;4;5;4;1;3
Condutor Dormindo;Saida de leito carrocavel;Amanhecer;Ceu Claro;Utilitario;Ileso;4;4;5;4;1;3
Condutor Dormindo;Saida de leito carrocavel;Amanhecer;Ceu Claro;Utilitario;Lesoes Graves;1;4;5;4;1;3
Condutor Dormindo;Saida de leito carrocavel;Amanhecer;Ceu Claro;Utilitario;Lesoes Leves;3;4;5;4;1;3
Condutor Dormindo;Saida de leito carrocavel;Amanhecer;Chuva;Automovel;Ileso;1;4;5;4;2;1
Condutor Dormindo;Saida de leito carrocavel;Amanhecer;Chuva;Automovel;Lesoes Leves;1;4;5;4;2;1
Condutor Dormindo;Saida de leito carrocavel;Amanhecer;Chuva;Automovel;Obito;1;4;5;4;2;1
Condutor Dormindo;Saida de leito carrocavel;Amanhecer;Chuva;Caminhao;Ileso;3;4;5;4;2;2
Condutor Dormindo;Saida de leito carrocavel;Amanhecer;Garoa/Chuvisco;Automovel;Ileso;4;4;5;4;3;1
Condutor Dormindo;Saida de leito carrocavel;Amanhecer;Garoa/Chuvisco;Automovel;Lesoes Leves;1;4;5;4;3;1
Condutor Dormindo;Saida de leito carrocavel;Amanhecer;Garoa/Chuvisco;Caminhao-trator;Lesoes Leves;1;4;5;4;3;2
Condutor Dormindo;Saida de leito carrocavel;Amanhecer;Garoa/Chuvisco;Nao Informado;Ileso;1;4;5;4;3;3
Condutor Dormindo;Saida de leito carrocavel;Amanhecer;Garoa/Chuvisco;Nao Informado;Lesoes Leves;1;4;5;4;3;3
Condutor Dormindo;Saida de leito carrocavel;Amanhecer;Ignorado;Onibus;Ileso;1;4;5;4;0;3
Condutor Dormindo;Saida de leito carrocavel;Amanhecer;Ignorado;Onibus;Lesoes Leves;4;4;5;4;0;3
Condutor Dormindo;Saida de leito carrocavel;Amanhecer;Nevoeiro/Neblina;Automovel;Ileso;1;4;5;4;4;1
Condutor Dormindo;Saida de leito carrocavel;Amanhecer;Nevoeiro/Neblina;Automovel;Lesoes Leves;3;4;5;4;4;1
Condutor Dormindo;Saida de leito carrocavel;Amanhecer;Nevoeiro/Neblina;Caminhonete;Lesoes Graves;1;4;5;4;4;2
Condutor Dormindo;Saida de leito carrocavel;Amanhecer;Nevoeiro/Neblina;Micro-onibus;Lesoes Graves;2;4;5;4;4;4
Condutor Dormindo;Saida de leito carrocavel;Amanhecer;Nevoeiro/Neblina;Micro-onibus;Lesoes Leves;14;4;5;4;4;4
Condutor Dormindo;Saida de leito carrocavel;Amanhecer;Nevoeiro/Neblina;Nao Informado;Ileso;1;4;5;4;4;3
Condutor Dormindo;Saida de leito carrocavel;Amanhecer;Nevoeiro/Neblina;Nao Informado;Lesoes Leves;1;4;5;4;4;3
Condutor Dormindo;Saida de leito carrocavel;Amanhecer;Nublado;Automovel;Lesoes Graves;1;4;5;4;2;1
Condutor Dormindo;Saida de leito carrocavel;Amanhecer;Nublado;Automovel;Lesoes Leves;7;4;5;4;2;1
Condutor Dormindo;Saida de leito carrocavel;Amanhecer;Nublado;Automovel;Obito;2;4;5;4;2;1
Condutor Dormindo;Saida de leito carrocavel;Amanhecer;Nublado;Caminhao;Ileso;2;4;5;4;2;2
Condutor Dormindo;Saida de leito carrocavel;Amanhecer;Nublado;Caminhao;Lesoes Leves;1;4;5;4;2;2
Condutor Dormindo;Saida de leito carrocavel;Amanhecer;Nublado;Caminhao;Obito;2;4;5;4;2;2
Condutor Dormindo;Saida de leito carrocavel;Amanhecer;Nublado;Caminhao-trator;Lesoes Leves;2;4;5;4;2;2
Condutor Dormindo;Saida de leito carrocavel;Amanhecer;Nublado;Caminhao-trator;Obito;3;4;5;4;2;2
Condutor Dormindo;Saida de leito carrocavel;Amanhecer;Nublado;Caminhonete;Ileso;1;4;5;4;2;2
Condutor Dormindo;Saida de leito carrocavel;Amanhecer;Nublado;Caminhonete;Lesoes Graves;2;4;5;4;2;2
Condutor Dormindo;Saida de leito carrocavel;Amanhecer;Nublado;Caminhonete;Lesoes Leves;4;4;5;4;2;2
Condutor Dormindo;Saida de leito carrocavel;Amanhecer;Nublado;Onibus;Ileso;1;4;5;4;2;3
Condutor Dormindo;Saida de leito carrocavel;Amanhecer;Nublado;Onibus;Lesoes Graves;2;4;5;4;2;3
Condutor Dormindo;Saida de leito carrocavel;Amanhecer;Nublado;Onibus;Lesoes Leves;4;4;5;4;2;3
Condutor Dormindo;Saida de leito carrocavel;Anoitecer;Ceu Claro;Automovel;Lesoes Graves;1;4;5;4;1;1
Condutor Dormindo;Saida de leito carrocavel;Anoitecer;Ceu Claro;Automovel;Lesoes Leves;3;4;5;4;1;1
Condutor Dormindo;Saida de leito carrocavel;Anoitecer;Ceu Claro;Caminhao-trator;Lesoes Graves;1;4;5;4;1;2
Condutor Dormindo;Saida de leito carrocavel;Anoitecer;Ceu Claro;Caminhonete;Ileso;1;4;5;4;1;2
Condutor Dormindo;Saida de leito carrocavel;Anoitecer;Ceu Claro;Caminhonete;Lesoes Leves;1;4;5;4;1;2
Condutor Dormindo;Saida de leito carrocavel;Anoitecer;Sol;Automovel;Ileso;1;4;5;4;3;1
Condutor Dormindo;Saida de leito carrocavel;Anoitecer;Sol;Automovel;Lesoes Graves;1;4;5;4;3;1
Condutor Dormindo;Saida de leito carrocavel;Anoitecer;Sol;Caminhao;Ileso;1;4;5;4;3;2
Condutor Dormindo;Saida de leito carrocavel;Plena Noite;Ceu Claro;Automovel;Ileso;21;4;5;2;1;1
Condutor Dormindo;Saida de leito carrocavel;Plena Noite;Ceu Claro;Automovel;Lesoes Graves;10;4;5;2;1;1
Condutor Dormindo;Saida de leito carrocavel;Plena Noite;Ceu Claro;Automovel;Lesoes Leves;38;4;5;2;1;1
Condutor Dormindo;Saida de leito carrocavel;Plena Noite;Ceu Claro;Automovel;Obito;6;4;5;2;1;1
Condutor Dormindo;Saida de leito carrocavel;Plena Noite;Ceu Claro;Caminhao;Ileso;5;4;5;2;1;2