causa_acidente;tipo_acidente;fase_dia;condicao_metereologica;tipo_veiculo;estado_fisico;count;causa_acidente_criterios;tipo_acidente_criterios;fase_dia_criterios;condicao_metereologica_criterios;tipo_veiculo_criterios
Condutor Dormindo;Saida de leito carrocavel;Plena Noite;Ceu Claro;Caminhao;Lesoes Graves;4;4;5;2;1;2
Condutor Dormindo;Saida de leito carrocavel;Plena Noite;Ceu Claro;Caminhao;Lesoes Leves;18;4;5;2;1;2
Condutor Dormindo;Saida de leito carrocavel;Plena Noite;Ceu Claro;Caminhao;Obito;7;4;5;2;1;2
Condutor Dormindo;Saida de leito carrocavel;Plena Noite;Ceu Claro;Caminhao-trator;Ileso;15;4;5;2;1;2
Condutor Dormindo;Saida de leito carrocavel;Plena Noite;Ceu Claro;Caminhao-trator;Lesoes Graves;6;4;5;2;1;2
Condutor Dormindo;Saida de leito carrocavel;Plena Noite;Ceu Claro;Caminhao-trator;Lesoes Leves;17;4;5;2;1;2
Condutor Dormindo;Saida de leito carrocavel;Plena Noite;Ceu Claro;Caminhao-trator;Obito;5;4;5;2;1;2
Condutor Dormindo;Saida de leito carrocavel;Plena Noite;Ceu Claro;Caminhonete;Ileso;4;4;5;2;1;2
Condutor Dormindo;Saida de leito carrocavel;Plena Noite;Ceu Claro;Caminhonete;Lesoes Graves;2;4;5;2;1;2
Condutor Dormindo;Saida de leito carrocavel;Plena Noite;Ceu Claro;Caminhonete;Lesoes Leves;4;4;5;2;1;2
Condutor Dormindo;Saida de leito carrocavel;Plena Noite;Ceu Claro;Motocicleta;Ileso;1;4;5;2;1;1
Condutor Dormindo;Saida de leito carrocavel;Plena Noite;Ceu Claro;Motocicleta;Lesoes Graves;3;4;5;2;1;1
Condutor Dormindo;Saida de leito carrocavel;Plena Noite;Ceu Claro;Motocicleta;Lesoes Leves;2;4;5;2;1;1
Condutor Dormindo;Saida de leito carrocavel;Plena Noite;Ceu Claro;Motocicleta;Obito;2;4;5;2;1;1
Condutor Dormindo;Saida de leito carrocavel;Plena Noite;Ceu Claro;Nao Informado;Lesoes Leves;1;4;5;2;1;3
Condutor Dormindo;Saida de leito carrocavel;Plena Noite;Ceu Claro;Nao se aplica;Obito;1;4;5;2;1;3
Condutor Dormindo;Saida de leito carrocavel;Plena Noite;Ceu Claro;Onibus;Ileso;21;4;5;2;1;3
Condutor Dormindo;Saida de leito carrocavel;Plena Noite;Ceu Claro;Onibus;Lesoes Graves;9;4;5;2;1;3
Condutor Dormindo;Saida de leito carrocavel;Plena Noite;Ceu Claro;Onibus;Lesoes Leves;5;4;5;2;1;3
Condutor Dormindo;Saida de leito carrocavel;Plena Noite;Ceu Claro;Onibus;Obito;20;4;5;2;1;3
Condutor Dormindo;Saida de leito carrocavel;Plena Noite;Ceu Claro;Utilitario;Lesoes Graves;1;4;5;2;1;3
Condutor Dormindo;Saida de leito carrocavel;Plena Noite;Ceu Claro;Utilitario;Lesoes Leves;2;4;5;2;1;3
Condutor Dormindo;Saida de leito carrocavel;Plena Noite;Chuva;Automovel;Ileso;9;4;5;2;2;1
Condutor Dormindo;Saida de leito carrocavel;Plena Noite;Chuva;Automovel;Lesoes Graves;3;4;5;2;2;1
Condutor Dormindo;Saida de leito carrocavel;Plena Noite;Chuva;Automovel;Lesoes Leves;9;4;5;2;2;1
Condutor Dormindo;Saida de leito carrocavel;Plena Noite;Chuva;Caminhao;Ileso;2;4;5;2;2;2
Condutor Dormindo;Saida de leito carrocavel;Plena Noite;Chuva;Caminhao;Lesoes Leves;5;4;5;2;2;2
Condutor Dormindo;Saida de leito carrocavel;Plena Noite;Chuva;Caminhao;Obito;1;4;5;2;2;2
Condutor Dormindo;Saida de leito carrocavel;Plena Noite;Chuva;Caminhao-trator;Ileso;1;4;5;2;2;2
Condutor Dormindo;Saida de leito carrocavel;Plena Noite;Chuva;Caminhao-trator;Lesoes Leves;1;4;5;2;2;2
Condutor Dormindo;Saida de leito carrocavel;Plena Noite;Chuva;Caminhao-trator;Obito;1;4;5;2;2;2
Condutor Dormindo;Saida de leito carrocavel;Plena Noite;Chuva;Caminhonete;Ileso;2;4;5;2;2;2
Condutor Dormindo;Saida de leito carrocavel;Plena Noite;Chuva;Caminhonete;Lesoes Graves;2;4;5;2;2;2
Condutor Dormindo;Saida de leito carrocavel;Plena Noite;Chuva;Caminhonete;Lesoes Leves;7;4;5;2;2;2
Condutor Dormindo;Saida de leito carrocavel;Plena Noite;Chuva;Utilitario;Ileso;1;4;5;2;2;3
Condutor Dormindo;Saida de leito carrocavel;Plena Noite;Garoa/Chuvisco;Automovel;Ileso;4;4;5;2;3;1
Condutor Dormindo;Saida de leito carrocavel;Plena Noite;Garoa/Chuvisco;Automovel;Lesoes Graves;3;4;5;2;3;1
Condutor Dormindo;Saida de leito carrocavel;Plena Noite;Garoa/Chuvisco;Automovel;Lesoes Leves;10;4;5;2;3;1
Condutor Dormindo;Saida de leito carrocavel;Plena Noite;Garoa/Chuvisco;Automovel;Obito;1;4;5;2;3;1
Condutor Dormindo;Saida de leito carrocavel;Plena Noite;Garoa/Chuvisco;Caminhao;Lesoes Graves;2;4;5;2;3;2
Condutor Dormindo;Saida de leito carrocavel;Plena Noite;Garoa/Chuvisco;Caminhao;Obito;1;4;5;2;3;2
Condutor Dormindo;Saida de leito carrocavel;Plena Noite;Garoa/Chuvisco;Caminhao-trator;Lesoes Leves;1;4;5;2;3;2
Condutor Dormindo;Saida de leito carrocavel;Plena Noite;Garoa/Chuvisco;Micro-onibus;Ileso;9;4;5;2;3;4
Condutor Dormindo;Saida de leito carrocavel;Plena Noite;Garoa/Chuvisco;Onibus;Ileso;14;4;5;2;3;3
Condutor Dormindo;Saida de leito carrocavel;Plena Noite;Garoa/Chuvisco;Onibus;Lesoes Graves;1;4;5;2;3;3
Condutor Dormindo;Saida de leito carrocavel;Plena Noite;Garoa/Chuvisco;Onibus;Lesoes Leves;38;4;5;2;3;3
Condutor Dormindo;Saida de leito carrocavel;Plena Noite;Garoa/Chuvisco;Utilitario;Lesoes Leves;1;4;5;2;3;3
Condutor Dormindo;Saida de leito carrocavel;Plena Noite;Ignorado;Automovel;Ileso;1;4;5;2;0;1
Condutor Dormindo;Saida de leito carrocavel;Plena Noite;Ignorado;Automovel;Lesoes Leves;1;4;5;2;0;1
Condutor Dormindo;Saida de leito carrocavel;Plena Noite;Ignorado;Automovel;Obito;3;4;5;2;0;1
Condutor Dormindo;Saida de leito carrocavel;Plena Noite;Ignorado;Caminhao-trator;Ileso;1;4;5;2;0;2
Condutor Dormindo;Saida de leito carrocavel;Plena Noite;Ignorado;Caminhao-trator;Lesoes Graves;1;4;5;2;0;2
Condutor Dormindo;Saida de leito carrocavel;Plena Noite;Nevoeiro/Neblina;Automovel;Ileso;1;4;5;2;4;1
Condutor Dormindo;Saida de leito carrocavel;Plena Noite;Nevoeiro/Neblina;Automovel;Lesoes Graves;1;4;5;2;4;1
Condutor Dormindo;Saida de leito carrocavel;Plena Noite;Nevoeiro/Neblina;Automovel;Lesoes Leves;1;4;5;2;4;1
Condutor Dormindo;Saida de leito carrocavel;Plena Noite;Nevoeiro/Neblina;Caminhao-trator;Lesoes Leves;1;4;5;2;4;2
Condutor Dormindo;Saida de leito carrocavel;Plena Noite;Nevoeiro/Neblina;Caminhonete;Lesoes Leves;1;4;5;2;4;2
Condutor Dormindo;Saida de leito carrocavel;Plena Noite;Nublado;Automovel;Ileso;22;4;5;2;2;1
Condutor Dormindo;Saida de leito carrocavel;Plena Noite;Nublado;Automovel;Lesoes Graves;19;4;5;2;2;1
Condutor Dormindo;Saida de leito carrocavel;Plena Noite;Nublado;Automovel;Lesoes Leves;25;4;5;2;2;1
Condutor Dormindo;Saida de leito carrocavel;Plena Noite;Nublado;Automovel;Obito;8;4;5;2;2;1
Condutor Dormindo;Saida de leito carrocavel;Plena Noite;Nublado;Caminhao;Ileso;3;4;5;2;2;2
Condutor Dormindo;Saida de leito carrocavel;Plena Noite;Nublado;Caminhao;Lesoes Graves;3;4;5;2;2;2
Condutor Dormindo;Saida de leito carrocavel;Plena Noite;Nublado;Caminhao;Lesoes Leves;7;4;5;2;2;2
Condutor Dormindo;Saida de leito carrocavel;Plena Noite;Nublado;Caminhao;Obito;1;4;5;2;2;2
Condutor Dormindo;Saida de leito carrocavel;Plena Noite;Nublado;Caminhao-trator;Ileso;7;4;5;2;2;2
Condutor Dormindo;Saida de leito carrocavel;Plena Noite;Nublado;Caminhao-trator;Lesoes Graves;4;4;5;2;2;2
Condutor Dormindo;Saida de leito carrocavel;Plena Noite;Nublado;Caminhao-trator;Lesoes Leves;8;4;5;2;2;2
Condutor Dormindo;Saida de leito carrocavel;Plena Noite;Nublado;Caminhonete;Ileso;4;4;5;2;2;2
Condutor Dormindo;Saida de leito carrocavel;Plena Noite;Nublado;Caminhonete;Lesoes Leves;6;4;5;2;2;2
Condutor Dormindo;Saida de leito carrocavel;Plena Noite;Nublado;Caminhonete;Obito;1;4;5;2;2;2
Condutor Dormindo;Saida de leito carrocavel;Plena Noite;Nublado;Motocicleta;Lesoes Graves;1;4;5;2;2;1
Condutor Dormindo;Saida de leito carrocavel;Plena Noite;Nublado;Motocicleta;Lesoes Leves;2;4;5;2;2;1
Condutor Dormindo;Saida de leito carrocavel;Plena Noite;Nublado;Motocicleta;Obito;1;4;5;2;2;1
Condutor Dormindo;Saida de leito carrocavel;Plena Noite;Nublado;Nao Informado;Ileso;1;4;5;2;2;3
Condutor Dormindo;Saida de leito carrocavel;Plena Noite;Nublado;Nao Informado;Lesoes Leves;5;4;5;2;2;3
Condutor Dormindo;Saida de leito carrocavel;Plena Noite;Nublado;Onibus;Ileso;2;4;5;2;2;3
Condutor Dormindo;Saida de leito carrocavel;Pleno dia;Ceu Claro;Automovel;Ileso;44;4;5;1;1;1
Condutor Dormindo;Saida de leito carrocavel;Pleno dia;Ceu Claro;Automovel;Lesoes Graves;25;4;5;1;1;1
Condutor Dormindo;Saida de leito carrocavel;Pleno dia;Ceu Claro;Automovel;Lesoes Leves;93;4;5;1;1;1
Condutor Dormindo;Saida de leito carrocavel;Pleno dia;Ceu Claro;Automovel;Obito;12;4;5;1;1;1
Condutor Dormindo;Saida de leito carrocavel;Pleno dia;Ceu Claro;Caminhao;Ileso;9;4;5;1;1;2
Condutor Dormindo;Saida de leito carrocavel;Pleno dia;Ceu Claro;Caminhao;Lesoes Graves;3;4;5;1;1;2
Condutor Dormindo;Saida de leito carrocavel;Pleno dia;Ceu Claro;Caminhao;Lesoes Leves;10;4;5;1;1;2
Condutor Dormindo;Saida de leito carrocavel;Pleno dia;Ceu Claro;Caminhao;Obito;1;4;5;1;1;2
Condutor Dormindo;Saida de leito carrocavel;Pleno dia;Ceu Claro;Caminhao-trator;Ileso;21;4;5;1;1;2
Condutor Dormindo;Saida de leito carrocavel;Pleno dia;Ceu Claro;Caminhao-trator;Lesoes Graves;3;4;5;1;1;2
Condutor Dormindo;Saida de leito carrocavel;Pleno dia;Ceu Claro;Caminhao-trator;Lesoes Leves;15;4;5;1;1;2
Condutor Dormindo;Saida de leito carrocavel;Pleno dia;Ceu Claro;Caminhao-trator;Obito;1;4;5;1;1;2
Condutor Dormindo;Saida de leito carrocavel;Pleno dia;Ceu Claro;Caminhonete;Ileso;11;4;5;1;1;2
Condutor Dormindo;Saida de leito carrocavel;Pleno dia;Ceu Claro;Caminhonete;Lesoes Graves;12;4;5;1;1;2
Condutor Dormindo;Saida de leito carrocavel;Pleno dia;Ceu Claro;Caminhonete;Lesoes Leves;25;4;5;1;1;2
Condutor Dormindo;Saida de leito carrocavel;Pleno dia;Ceu Claro;Caminhonete;Obito;4;4;5;1;1;2
Condutor Dormindo;Saida de leito carrocavel;Pleno dia;Ceu Claro;Micro-onibus;Ileso;2;4;5;1;1;4
Condutor Dormindo;Saida de leito carrocavel;Pleno dia;Ceu Claro;Micro-onibus;Lesoes Graves;1;4;5;1;1;4
Condutor Dormindo;Saida de leito carrocavel;Pleno dia;Ceu Claro;Micro-onibus;Lesoes Leves;9;4;5;1;1;4
Condutor Dormindo;Saida de leito carrocavel;Pleno dia;Ceu Claro;Motocicleta;Lesoes Graves;3;4;5;1;1;1
Condutor Dormindo;Saida de leito carrocavel;Pleno dia;Ceu Claro;Motocicleta;Lesoes Leves;3;4;5;1;1;1
Condutor Dormindo;Saida de leito carrocavel;Pleno dia;Ceu Claro;Motocicleta;Obito;6;4;5;1;1;1
Condutor Dormindo;Saida de leito carrocavel;Pleno dia;Ceu Claro;Motoneta;Lesoes Leves;2;4;5;1;1;3
Condutor Dormindo;Saida de leito carrocavel;Pleno dia;Ceu Claro;Nao Informado;Ileso;4;4;5;1;1;3
Condutor Dormindo;Saida de leito carrocavel;Pleno dia;Ceu Claro;Nao Informado;Lesoes Graves;5;4;5;1;1;3
Condutor Dormindo;Saida de leito carrocavel;Pleno dia;Ceu Claro;Nao Informado;Lesoes Leves;9;4;5;1;1;3
Condutor Dormindo;Saida de leito carrocavel;Pleno dia;Ceu Claro;Nao Informado;Obito;1;4;5;1;1;3
Condutor Dormindo;Saida de leito carrocavel;Pleno dia;Ceu Claro;Onibus;Ileso;21;4;5;1;1;3
Condutor Dormindo;Saida de leito carrocavel;Pleno dia;Ceu Claro;Onibus;Lesoes Graves;1;4;5;1;1;3
Condutor Dormindo;Saida de leito carrocavel;Pleno dia;Ceu Claro;Onibus;Lesoes Leves;11;4;5;1;1;3
Condutor Dormindo;Saida de leito carrocavel;Pleno dia;Ceu Claro;Utilitario;Lesoes Leves;3;4;5;1;1;3
Condutor Dormindo;Saida de leito carrocavel;Pleno dia;Ceu Claro;Utilitario;Obito;1;4;5;1;1;3
Condutor Dormindo;Saida de leito carrocavel;Pleno dia;Chuva;Automovel;Ileso;4;4;5;1;2;1
Condutor Dormindo;Saida de leito carrocavel;Pleno dia;Chuva;Automovel;Lesoes Graves;5;4;5;1;2;1
Condutor Dormindo;Saida de leito carrocavel;Pleno dia;Chuva;Automovel;Lesoes Leves;6;4;5;1;2;1
Condutor Dormindo;Saida de leito carrocavel;Pleno dia;Chuva;Caminhao;Lesoes Graves;1;4;5;1;2;2
Condutor Dormindo;Saida de leito carrocavel;Pleno dia;Chuva;Caminhao;Lesoes Leves;1;4;5;1;2;2
Condutor Dormindo;Saida de leito carrocavel;Pleno dia;Chuva;Caminhao-trator;Ileso;1;4;5;1;2;2
Condutor Dormindo;Saida de leito carrocavel;Pleno dia;Chuva;Caminhao-trator;Lesoes Graves;1;4;5;1;2;2
Condutor Dormindo;Saida de leito carrocavel;Pleno dia;Chuva;Caminhao-trator;Lesoes Leves;2;4;5;1;2;2
Condutor Dormindo;Saida de leito carrocavel;Pleno dia;Chuva;Caminhao-trator;Obito;1;4;5;1;2;2
Condutor Dormindo;Saida de leito carrocavel;Pleno dia;Chuva;Caminhonete;Lesoes Leves;1;4;5;1;2;2
Condutor Dormindo;Saida de leito carrocavel;Pleno dia;Garoa/Chuvisco;Automovel;Ileso;1;4;5;1;3;1
Condutor Dormindo;Saida de leito carrocavel;Pleno dia;Garoa/Chuvisco;Automovel;Lesoes Graves;1;4;5;1;3;1
Condutor Dormindo;Saida de leito carrocavel;Pleno dia;Garoa/Chuvisco;Automovel;Lesoes Leves;3;4;5;1;3;1
Condutor Dormindo;Saida de leito carrocavel;Pleno dia;Garoa/Chuvisco;Caminhao;Obito;1;4;5;1;3;2
Condutor Dormindo;Saida de leito carrocavel;Pleno dia;Garoa/Chuvisco;Caminhao-trator;Ileso;1;4;5;1;3;2
Condutor Dormindo;Saida de leito carrocavel;Pleno dia;Garoa/Chuvisco;Caminhao-trator;Lesoes Leves;1;4;5;1;3;2
Condutor Dormindo;Saida de leito carrocavel;Pleno dia;Ignorado;Automovel;Lesoes Leves;1;4;5;1;0;1
Condutor Dormindo;Saida de leito carrocavel;Pleno dia;Ignorado;Caminhao;Lesoes Leves;1;4;5;1;0;2
Condutor Dormindo;Saida de leito carrocavel;Pleno dia;Ignorado;Caminhonete;Lesoes Leves;1;4;5;1;0;2
Condutor Dormindo;Saida de leito carrocavel;Pleno dia;Nevoeiro/Neblina;Caminhao;Lesoes Leves;1;4;5;1;4;2
Condutor Dormindo;Saida de leito carrocavel;Pleno dia;Nublado;Automovel;Ileso;17;4;5;1;2;1
Condutor Dormindo;Saida de leito carrocavel;Pleno dia;Nublado;Automovel;Lesoes Graves;4;4;5;1;2;1
Condutor Dormindo;Saida de leito carrocavel;Pleno dia;Nublado;Automovel;Lesoes Leves;27;4;5;1;2;1
Condutor Dormindo;Saida de leito carrocavel;Pleno dia;Nublado;Automovel;Obito;3;4;5;1;2;1
Condutor Dormindo;Saida de leito carrocavel;Pleno dia;Nublado;Caminhao;Ileso;1;4;5;1;2;2
Condutor Dormindo;Saida de leito carrocavel;Pleno dia;Nublado;Caminhao;Lesoes Graves;1;4;5;1;2;2
Condutor Dormindo;Saida de leito carrocavel;Pleno dia;Nublado;Caminhao;Lesoes Leves;1;4;5;1;2;2
Condutor Dormindo;Saida de leito carrocavel;Pleno dia;Nublado;Caminhao-trator;Lesoes Leves;8;4;5;1;2;2
Condutor Dormindo;Saida de leito carrocavel;Pleno dia;Nublado;Caminhonete;Ileso;1;4;5;1;2;2
Condutor Dormindo;Saida de leito carrocavel;Pleno dia;Nublado;Caminhonete;Lesoes Graves;2;4;5;1;2;2
Condutor Dormindo;Saida de leito carrocavel;Pleno dia;Nublado;Caminhonete;Lesoes Leves;5;4;5;1;2;2
Condutor Dormindo;Saida de leito carrocavel;Pleno dia;Nublado;Motocicleta;Lesoes Leves;2;4;5;1;2;1
Condutor Dormindo;Saida de leito carrocavel;Pleno dia;Nublado;Nao Informado;Lesoes Leves;2;4;5;1;2;3
Condutor Dormindo;Saida de leito carrocavel;Pleno dia;Nublado;Nao se aplica;Lesoes Leves;1;4;5;1;2;3
Condutor Dormindo;Saida de leito carrocavel;Pleno dia;Nublado;Onibus;Ileso;1;4;5;1;2;3
Condutor Dormindo;Saida de leito carrocavel;Pleno dia;Nublado;Utilitario;Ileso;2;4;5;1;2;3
Condutor Dormindo;Saida de leito carrocavel;Pleno dia;Nublado;Utilitario;Lesoes Leves;4;4;5;1;2;3
Condutor Dormindo;Saida de leito carrocavel;Pleno dia;Sol;Automovel;Lesoes Graves;3;4;5;1;3;1
Condutor Dormindo;Saida de leito carrocavel;Pleno dia;Sol;Automovel;Lesoes Leves;6;4;5;1;3;1
Condutor Dormindo;Saida de leito carrocavel;Pleno dia;Sol;Automovel;Obito;2;4;5;1;3;1
Condutor Dormindo;Saida de leito carrocavel;Pleno dia;Sol;Caminhao;Ileso;4;4;5;1;3;2
Condutor Dormindo;Saida de leito carrocavel;Pleno dia;Sol;Caminhao;Lesoes Graves;4;4;5;1;3;2
Condutor Dormindo;Saida de leito carrocavel;Pleno dia;Sol;Caminhao;Lesoes Leves;1;4;5;1;3;2
Condutor Dormindo;Saida de leito carrocavel;Pleno dia;Sol;Caminhao;Obito;2;4;5;1;3;2
Condutor Dormindo;Saida de leito carrocavel;Pleno dia;Sol;Caminhao-trator;Ileso;2;4;5;1;3;2
Condutor Dormindo;Saida de leito carrocavel;Pleno dia;Sol;Caminhao-trator;Lesoes Graves;2;4;5;1;3;2
Condutor Dormindo;Saida de leito carrocavel;Pleno dia;Sol;Caminhao-trator;Lesoes Leves;4;4;5;1;3;2
Condutor Dormindo;Saida de leito carrocavel;Pleno dia;Sol;Caminhonete;Lesoes Leves;11;4;5;1;3;2
Condutor Dormindo;Saida de leito carrocavel;Pleno dia;Sol;Caminhonete;Obito;1;4;5;1;3;2
Condutor Dormindo;Saida de leito carrocavel;Pleno dia;Sol;Nao Informado;Lesoes Graves;1;4;5;1;3;3
Condutor Dormindo;Saida de leito carrocavel;Pleno dia;Sol;Nao Informado;Lesoes Leves;1;4;5;1;3;3
Condutor Dormindo;Saida de leito carrocavel;Pleno dia;Sol;Utilitario;Lesoes Leves;2;4;5;1;3;3
Condutor Dormindo;Tombamento;Amanhecer;Ceu Claro;Automovel;Ileso;3;4;5;4;1;1
Condutor Dormindo;Tombamento;Amanhecer;Ceu Claro;Automovel;Lesoes Graves;1;4;5;4;1;1
Condutor Dormindo;Tombamento;Amanhecer;Ceu Claro;Caminhao;Ileso;7;4;5;4;1;2
Condutor Dormindo;Tombamento;Amanhecer;Ceu Claro;Caminhao;Lesoes Graves;2;4;5;4;1;2
Condutor Dormindo;Tombamento;Amanhecer;Ceu Claro;Caminhao;Lesoes Leves;3;4;5;4;1;2
Condutor Dormindo;Tombamento;Amanhecer;Ceu Claro;Caminhao-trator;Ileso;4;4;5;4;1;2
Condutor Dormindo;Tombamento;Amanhecer;Ceu Claro;Caminhao-trator;Lesoes Graves;1;4;5;4;1;2
Condutor Dormindo;Tombamento;Amanhecer;Ceu Claro;Caminhao-trator;Lesoes Leves;3;4;5;4;1;2
Condutor Dormindo;Tombamento;Amanhecer;Ceu Claro;Caminhao-trator;Obito;1;4;5;4;1;2
Condutor Dormindo;Tombamento;Amanhecer;Ceu Claro;Caminhonete;Ileso;3;4;5;4;1;2
Condutor Dormindo;Tombamento;Amanhecer;Ceu Claro;Caminhonete;Lesoes Graves;1;4;5;4;1;2
Condutor Dormindo;Tombamento;Amanhecer;Ceu Claro;Caminhonete;Lesoes Leves;5;4;5;4;1;2
Condutor Dormindo;Tombamento;Amanhecer;Ceu Claro;Motocicleta;Lesoes Graves;3;4;5;4;1;1
Condutor Dormindo;Tombamento;Amanhecer;Ceu Claro;Motocicleta;Lesoes Leves;1;4;5;4;1;1
Condutor Dormindo;Tombamento;Amanhecer;Garoa/Chuvisco;Caminhao;Lesoes Leves;1;4;5;4;3;2
Condutor Dormindo;Tombamento;Amanhecer;Garoa/Chuvisco;Caminhao-trator;Lesoes Leves;1;4;5;4;3;2
Condutor Dormindo;Tombamento;Amanhecer;Ignorado;Caminhao;Lesoes Leves;2;4;5;4;0;2
Condutor Dormindo;Tombamento;Amanhecer;Ignorado;Motocicleta;Lesoes Graves;1;4;5;4;0;1
Condutor Dormindo;Tombamento;Amanhecer;Nevoeiro/Neblina;Caminhonete;Lesoes Graves;1;4;5;4;4;2
Condutor Dormindo;Tombamento;Amanhecer;Nublado;Automovel;Ileso;1;4;5;4;2;1
Condutor Dormindo;Tombamento;Amanhecer;Nublado;Automovel;Lesoes Leves;3;4;5;4;2;1
Condutor Dormindo;Tombamento;Amanhecer;Nublado;Caminhao;Lesoes Leves;1;4;5;4;2;2
Condutor Dormindo;Tombamento;Amanhecer;Nublado;Caminhao-trator;Lesoes Leves;1;4;5;4;2;2
Condutor Dormindo;Tombamento;Amanhecer;Nublado;Motocicleta;Lesoes Graves;1;4;5;4;2;1
Condutor Dormindo;Tombamento;Amanhecer;Nublado;Onibus;Lesoes Graves;2;4;5;4;2;3
Condutor Dormindo;Tombamento;Amanhecer;Nublado;Onibus;Lesoes Leves;4;4;5;4;2;3
Condutor Dormindo;Tombamento;Anoitecer;Ceu Claro;Automovel;Lesoes Leves;1;4;5;4;1;1
Condutor Dormindo;Tombamento;Anoitecer;Ceu Claro;Caminhao-trator;Lesoes Graves;1;4;5;4;1;2
Condutor Dormindo;Tombamento;Anoitecer;Nublado;Caminhao;Lesoes Leves;2;4;5;4;2;2
Condutor Dormindo;Tombamento;Anoitecer;Nublado;Motocicleta;Lesoes Leves;1;4;5;4;2;1
Condutor Dormindo;Tombamento;Plena Noite;Ceu Claro;Automovel;Ileso;3;4;5;2;1;1
Condutor Dormindo;Tombamento;Plena Noite;Ceu Claro;Automovel;Lesoes Graves;1;4;5;2;1;1
Condutor Dormindo;Tombamento;Plena Noite;Ceu Claro;Automovel;Lesoes Leves;5;4;5;2;1;1
Condutor Dormindo;Tombamento;Plena Noite;Ceu Claro;Automovel;Obito;2;4;5;2;1;1
Condutor Dormindo;Tombamento;Plena Noite;Ceu Claro;Caminhao;Ileso;6;4;5;2;1;2
Condutor Dormindo;Tombamento;Plena Noite;Ceu Claro;Caminhao;Lesoes Graves;3;4;5;2;1;2
Condutor Dormindo;Tombamento;Plena Noite;Ceu Claro;Caminhao;Lesoes Leves;10;4;5;2;1;2
Condutor Dormindo;Tombamento;Plena Noite;Ceu Claro;Caminhao;Obito;3;4;5;2;1;2
Condutor Dormindo;Tombamento;Plena Noite;Ceu Claro;Caminhao-trator;Ileso;9;4;5;2;1;2
Condutor Dormindo;Tombamento;Plena Noite;Ceu Claro;Caminhao-trator;Lesoes Graves;5;4;5;2;1;2
Condutor Dormindo;Tombamento;Plena Noite;Ceu Claro;Caminhao-trator;Lesoes Leves;14;4;5;2;1;2
Condutor Dormindo;Tombamento;Plena Noite;Ceu Claro;Caminhao-trator;Obito;4;4;5;2;1;2
Condutor Dormindo;Tombamento;Plena Noite;Ceu Claro;Caminhonete;Ileso;3;4;5;2;1;2
Condutor Dormindo;Tombamento;Plena Noite;Ceu Claro;Caminhonete;Lesoes Leves;1;4;5;2;1;2
Condutor Dormindo;Tombamento;Plena Noite;Ceu Claro;Motocicleta;Ileso;1;4;5;2;1;1
Condutor Dormindo;Tombamento;Plena Noite;Ceu Claro;Motocicleta;Lesoes Graves;6;4;5;2;1;1
Condutor Dormindo;Tombamento;Plena Noite;Ceu Claro;Motocicleta;Lesoes Leves;7;4;5;2;1;1
Condutor Dormindo;Tombamento;Plena Noite;Ceu Claro;Motocicleta;Obito;2;4;5;2;1;1
Condutor Dormindo;Tombamento;Plena Noite;Ceu Claro;Onibus;Ileso;25;4;5;2;1;3
Condutor Dormindo;Tombamento;Plena Noite;Ceu Claro;Onibus;Lesoes Graves;12;4;5;2;1;3
Condutor Dormindo;Tombamento;Plena Noite;Ceu Claro;Onibus;Lesoes Leves;10;4;5;2;1;3
Condutor Dormindo;Tombamento;Plena Noite;Ceu Claro;Onibus;Obito;20;4;5;2;1;3
Condutor Dormindo;Tombamento;Plena Noite;Chuva;Automovel;Ileso;2;4;5;2;2;1
Condutor Dormindo;Tombamento;Plena Noite;Chuva;Automovel;Lesoes Leves;1;4;5;2;2;1
Condutor Dormindo;Tombamento;Plena Noite;Chuva;Caminhao;Ileso;1;4;5;2;2;2
Condutor Dormindo;Tombamento;Plena Noite;Chuva;Caminhao;Lesoes Leves;3;4;5;2;2;2
Condutor Dormindo;Tombamento;Plena Noite;Chuva;Caminhao;Obito;1;4;5;2;2;2
Condutor Dormindo;Tombamento;Plena Noite;Chuva;Caminhao-trator;Ileso;1;4;5;2;2;2
Condutor Dormindo;Tombamento;Plena Noite;Chuva;Caminhao-trator;Lesoes Graves;1;4;5;2;2;2
Condutor Dormindo;Tombamento;Plena Noite;Chuva;Caminhao-trator;Lesoes Leves;1;4;5;2;2;2
Condutor Dormindo;Tombamento;Plena Noite;Chuva;Caminhao-trator;Obito;1;4;5;2;2;2
Condutor Dormindo;Tombamento;Plena Noite;Chuva;Caminhonete;Lesoes Leves;2;4;5;2;2;2
Condutor Dormindo;Tombamento;Plena Noite;Chuva;Onibus;Ileso;15;4;5;2;2;3
Condutor Dormindo;Tombamento;Plena Noite;Chuva;Onibus;Lesoes Graves;20;4;5;2;2;3
Condutor Dormindo;Tombamento;Plena Noite;Chuva;Onibus;Obito;1;4;5;2;2;3
Condutor Dormindo;Tombamento;Plena Noite;Chuva;Utilitario;Ileso;1;4;5;2;2;3
Condutor Dormindo;Tombamento;Plena Noite;Garoa/Chuvisco;Automovel;Lesoes Leves;1;4;5;2;3;1
Condutor Dormindo;Tombamento;Plena Noite;Garoa/Chuvisco;Caminhao;Ileso;1;4;5;2;3;2
Condutor Dormindo;Tombamento;Plena Noite;Garoa/Chuvisco;Caminhao;Lesoes Graves;3;4;5;2;3;2
Condutor Dormindo;Tombamento;Plena Noite;Garoa/Chuvisco;Caminhao-trator;Lesoes Leves;1;4;5;2;3;2
Condutor Dormindo;Tombamento;Plena Noite;Garoa/Chuvisco;Onibus;Ileso;30;4;5;2;3;3
Condutor Dormindo;Tombamento;Plena Noite;Garoa/Chuvisco;Onibus;Lesoes Graves;1;4;5;2;3;3
Condutor Dormindo;Tombamento;Plena Noite;Garoa/Chuvisco;Onibus;Lesoes Leves;45;4;5;2;3;3
Condutor Dormindo;Tombamento;Plena Noite;Ignorado;Caminhao-trator;Lesoes Graves;1;4;5;2;0;2
Condutor Dormindo;Tombamento;Plena Noite;Ignorado;Motocicleta;Lesoes Leves;1;4;5;2;0;1
Condutor Dormindo;Tombamento;Plena Noite;Nevoeiro/Neblina;Caminhao-trator;Lesoes Leves;1;4;5;2;4;2
Condutor Dormindo;Tombamento;Plena Noite;Nevoeiro/Neblina;Motoneta;Ileso;1;4;5;2;4;3
Condutor Dormindo;Tombamento;Plena Noite;Nublado;Automovel;Ileso;1;4;5;2;2;1
Condutor Dormindo;Tombamento;Plena Noite;Nublado;Automovel;Lesoes Graves;1;4;5;2;2;1
Condutor Dormindo;Tombamento;Plena Noite;Nublado;Automovel;Lesoes Leves;1;4;5;2;2;1
Condutor Dormindo;Tombamento;Plena Noite;Nublado;Caminhao;Ileso;1;4;5;2;2;2
Condutor Dormindo;Tombamento;Plena Noite;Nublado;Caminhao;Lesoes Graves;2;4;5;2;2;2
Condutor Dormindo;Tombamento;Plena Noite;Nublado;Caminhao;Lesoes Leves;5;4;5;2;2;2
Condutor Dormindo;Tombamento;Plena Noite;Nublado;Caminhao;Obito;1;4;5;2;2;2