causa_acidente;tipo_acidente;fase_dia;condicao_metereologica;tipo_veiculo;estado_fisico;count;causa_acidente_criterios;tipo_acidente_criterios;fase_dia_criterios;condicao_metereologica_criterios;tipo_veiculo_criterios
Condutor Dormindo;Tombamento;Plena Noite;Nublado;Caminhao-trator;Ileso;5;4;5;2;2;2
Condutor Dormindo;Tombamento;Plena Noite;Nublado;Caminhao-trator;Lesoes Graves;1;4;5;2;2;2
Condutor Dormindo;Tombamento;Plena Noite;Nublado;Caminhao-trator;Lesoes Leves;7;4;5;2;2;2
Condutor Dormindo;Tombamento;Plena Noite;Nublado;Caminhonete;Lesoes Graves;1;4;5;2;2;2
Condutor Dormindo;Tombamento;Plena Noite;Nublado;Caminhonete;Lesoes Leves;1;4;5;2;2;2
Condutor Dormindo;Tombamento;Plena Noite;Nublado;Motocicleta;Lesoes Leves;5;4;5;2;2;1
Condutor Dormindo;Tombamento;Plena Noite;Nublado;Motocicleta;Obito;2;4;5;2;2;1
Condutor Dormindo;Tombamento;Plena Noite;Nublado;Utilitario;Lesoes Leves;1;4;5;2;2;3
Condutor Dormindo;Tombamento;Pleno dia;Ceu Claro;Automovel;Ileso;10;4;5;1;1;1
Condutor Dormindo;Tombamento;Pleno dia;Ceu Claro;Automovel;Lesoes Graves;6;4;5;1;1;1
Condutor Dormindo;Tombamento;Pleno dia;Ceu Claro;Automovel;Lesoes Leves;11;4;5;1;1;1
Condutor Dormindo;Tombamento;Pleno dia;Ceu Claro;Automovel;Obito;6;4;5;1;1;1
Condutor Dormindo;Tombamento;Pleno dia;Ceu Claro;Caminhao;Ileso;5;4;5;1;1;2
Condutor Dormindo;Tombamento;Pleno dia;Ceu Claro;Caminhao;Lesoes Leves;1;4;5;1;1;2
Condutor Dormindo;Tombamento;Pleno dia;Ceu Claro;Caminhao-trator;Ileso;6;4;5;1;1;2
Condutor Dormindo;Tombamento;Pleno dia;Ceu Claro;Caminhao-trator;Lesoes Graves;4;4;5;1;1;2
Condutor Dormindo;Tombamento;Pleno dia;Ceu Claro;Caminhao-trator;Lesoes Leves;12;4;5;1;1;2
Condutor Dormindo;Tombamento;Pleno dia;Ceu Claro;Caminhao-trator;Obito;2;4;5;1;1;2
Condutor Dormindo;Tombamento;Pleno dia;Ceu Claro;Caminhonete;Ileso;7;4;5;1;1;2
Condutor Dormindo;Tombamento;Pleno dia;Ceu Claro;Caminhonete;Lesoes Leves;3;4;5;1;1;2
Condutor Dormindo;Tombamento;Pleno dia;Ceu Claro;Micro-onibus;Ileso;2;4;5;1;1;4
Condutor Dormindo;Tombamento;Pleno dia;Ceu Claro;Micro-onibus;Lesoes Leves;9;4;5;1;1;4
Condutor Dormindo;Tombamento;Pleno dia;Ceu Claro;Micro-onibus;Obito;1;4;5;1;1;4
Condutor Dormindo;Tombamento;Pleno dia;Ceu Claro;Motocicleta;Ileso;1;4;5;1;1;1
Condutor Dormindo;Tombamento;Pleno dia;Ceu Claro;Motocicleta;Lesoes Graves;3;4;5;1;1;1
Condutor Dormindo;Tombamento;Pleno dia;Ceu Claro;Motocicleta;Lesoes Leves;7;4;5;1;1;1
Condutor Dormindo;Tombamento;Pleno dia;Ceu Claro;Motocicleta;Obito;4;4;5;1;1;1
Condutor Dormindo;Tombamento;Pleno dia;Ceu Claro;Nao Informado;Ileso;1;4;5;1;1;3
Condutor Dormindo;Tombamento;Pleno dia;Ceu Claro;Nao Informado;Lesoes Leves;2;4;5;1;1;3
Condutor Dormindo;Tombamento;Pleno dia;Ceu Claro;Onibus;Ileso;20;4;5;1;1;3
Condutor Dormindo;Tombamento;Pleno dia;Ceu Claro;Onibus;Lesoes Graves;1;4;5;1;1;3
Condutor Dormindo;Tombamento;Pleno dia;Ceu Claro;Onibus;Lesoes Leves;9;4;5;1;1;3
Condutor Dormindo;Tombamento;Pleno dia;Ceu Claro;Utilitario;Lesoes Leves;1;4;5;1;1;3
Condutor Dormindo;Tombamento;Pleno dia;Chuva;Caminhao;Lesoes Leves;1;4;5;1;2;2
Condutor Dormindo;Tombamento;Pleno dia;Chuva;Caminhao-trator;Lesoes Leves;2;4;5;1;2;2
Condutor Dormindo;Tombamento;Pleno dia;Chuva;Caminhao-trator;Obito;1;4;5;1;2;2
Condutor Dormindo;Tombamento;Pleno dia;Chuva;Motocicleta;Lesoes Graves;1;4;5;1;2;1
Condutor Dormindo;Tombamento;Pleno dia;Chuva;Motocicleta;Lesoes Leves;1;4;5;1;2;1
Condutor Dormindo;Tombamento;Pleno dia;Garoa/Chuvisco;Caminhao-trator;Lesoes Graves;2;4;5;1;3;2
Condutor Dormindo;Tombamento;Pleno dia;Garoa/Chuvisco;Caminhao-trator;Lesoes Leves;1;4;5;1;3;2
Condutor Dormindo;Tombamento;Pleno dia;Garoa/Chuvisco;Caminhonete;Ileso;2;4;5;1;3;2
Condutor Dormindo;Tombamento;Pleno dia;Garoa/Chuvisco;Caminhonete;Lesoes Graves;1;4;5;1;3;2
Condutor Dormindo;Tombamento;Pleno dia;Ignorado;Caminhao;Lesoes Leves;1;4;5;1;0;2
Condutor Dormindo;Tombamento;Pleno dia;Nevoeiro/Neblina;Caminhao;Lesoes Leves;1;4;5;1;4;2
Condutor Dormindo;Tombamento;Pleno dia;Nublado;Automovel;Ileso;2;4;5;1;2;1
Condutor Dormindo;Tombamento;Pleno dia;Nublado;Automovel;Lesoes Leves;3;4;5;1;2;1
Condutor Dormindo;Tombamento;Pleno dia;Nublado;Automovel;Obito;1;4;5;1;2;1
Condutor Dormindo;Tombamento;Pleno dia;Nublado;Caminhao;Ileso;1;4;5;1;2;2
Condutor Dormindo;Tombamento;Pleno dia;Nublado;Caminhao-trator;Ileso;2;4;5;1;2;2
Condutor Dormindo;Tombamento;Pleno dia;Nublado;Caminhao-trator;Lesoes Leves;7;4;5;1;2;2
Condutor Dormindo;Tombamento;Pleno dia;Nublado;Caminhonete;Ileso;1;4;5;1;2;2
Condutor Dormindo;Tombamento;Pleno dia;Nublado;Caminhonete;Lesoes Graves;1;4;5;1;2;2
Condutor Dormindo;Tombamento;Pleno dia;Nublado;Caminhonete;Lesoes Leves;1;4;5;1;2;2
Condutor Dormindo;Tombamento;Pleno dia;Nublado;Motocicleta;Lesoes Graves;3;4;5;1;2;1
Condutor Dormindo;Tombamento;Pleno dia;Nublado;Motocicleta;Lesoes Leves;2;4;5;1;2;1
Condutor Dormindo;Tombamento;Pleno dia;Sol;Automovel;Lesoes Leves;4;4;5;1;3;1
Condutor Dormindo;Tombamento;Pleno dia;Sol;Automovel;Obito;1;4;5;1;3;1
Condutor Dormindo;Tombamento;Pleno dia;Sol;Caminhao;Ileso;3;4;5;1;3;2
Condutor Dormindo;Tombamento;Pleno dia;Sol;Caminhao-trator;Lesoes Graves;3;4;5;1;3;2
Condutor Dormindo;Tombamento;Pleno dia;Sol;Caminhao-trator;Lesoes Leves;4;4;5;1;3;2
Condutor Dormindo;Tombamento;Pleno dia;Sol;Caminhonete;Lesoes Leves;1;4;5;1;3;2
Condutor Dormindo;Tombamento;Pleno dia;Sol;Caminhonete;Obito;2;4;5;1;3;2
Condutor Dormindo;Tombamento;Pleno dia;Sol;Motocicleta;Ileso;2;4;5;1;3;1
Condutor Dormindo;Tombamento;Pleno dia;Sol;Motocicleta;Lesoes Leves;2;4;5;1;3;1
Condutor Dormindo;Tombamento;Pleno dia;Sol;Motoneta;Lesoes Graves;2;4;5;1;3;3
Condutor Dormindo;Tombamento;Pleno dia;Sol;Motoneta;Lesoes Leves;1;4;5;1;3;3
Condutor deixou de manter distancia do veiculo da frente;Atropelamento de Animal;Plena Noite;Ceu Claro;Automovel;Ileso;1;4;2;2;1;1
Condutor deixou de manter distancia do veiculo da frente;Atropelamento de Animal;Plena Noite;Ceu Claro;Motocicleta;Lesoes Leves;1;4;2;2;1;1
Condutor deixou de manter distancia do veiculo da frente;Atropelamento de Pedestre;Amanhecer;Nublado;Motocicleta;Lesoes Leves;2;4;4;4;2;1
Condutor deixou de manter distancia do veiculo da frente;Atropelamento de Pedestre;Amanhecer;Nublado;Motoneta;Obito;1;4;4;4;2;3
Condutor deixou de manter distancia do veiculo da frente;Atropelamento de Pedestre;Plena Noite;Ceu Claro;Automovel;Ileso;1;4;4;2;1;1
Condutor deixou de manter distancia do veiculo da frente;Atropelamento de Pedestre;Plena Noite;Ceu Claro;Automovel;Lesoes Leves;1;4;4;2;1;1
Condutor deixou de manter distancia do veiculo da frente;Atropelamento de Pedestre;Plena Noite;Ceu Claro;Caminhao;Lesoes Graves;1;4;4;2;1;2
Condutor deixou de manter distancia do veiculo da frente;Atropelamento de Pedestre;Plena Noite;Ceu Claro;Caminhao-trator;Ileso;1;4;4;2;1;2
Condutor deixou de manter distancia do veiculo da frente;Atropelamento de Pedestre;Plena Noite;Ceu Claro;Caminhao-trator;Lesoes Graves;1;4;4;2;1;2
Condutor deixou de manter distancia do veiculo da frente;Atropelamento de Pedestre;Plena Noite;Ceu Claro;Motoneta;Obito;3;4;4;2;1;3
Condutor deixou de manter distancia do veiculo da frente;Atropelamento de Pedestre;Plena Noite;Ceu Claro;Nao se aplica;Lesoes Leves;1;4;4;2;1;3
Condutor deixou de manter distancia do veiculo da frente;Atropelamento de Pedestre;Plena Noite;Nublado;Automovel;Ileso;1;4;4;2;2;1
Condutor deixou de manter distancia do veiculo da frente;Atropelamento de Pedestre;Plena Noite;Nublado;Caminhonete;Ileso;1;4;4;2;2;2
Condutor deixou de manter distancia do veiculo da frente;Atropelamento de Pedestre;Plena Noite;Nublado;Motocicleta;Obito;1;4;4;2;2;1
Condutor deixou de manter distancia do veiculo da frente;Atropelamento de Pedestre;Pleno dia;Ceu Claro;Automovel;Ileso;4;4;4;1;1;1
Condutor deixou de manter distancia do veiculo da frente;Atropelamento de Pedestre;Pleno dia;Ceu Claro;Automovel;Lesoes Leves;2;4;4;1;1;1
Condutor deixou de manter distancia do veiculo da frente;Atropelamento de Pedestre;Pleno dia;Ceu Claro;Caminhao;Ileso;1;4;4;1;1;2
Condutor deixou de manter distancia do veiculo da frente;Atropelamento de Pedestre;Pleno dia;Ceu Claro;Caminhao-trator;Ileso;3;4;4;1;1;2
Condutor deixou de manter distancia do veiculo da frente;Atropelamento de Pedestre;Pleno dia;Ceu Claro;Motocicleta;Ileso;1;4;4;1;1;1
Condutor deixou de manter distancia do veiculo da frente;Atropelamento de Pedestre;Pleno dia;Ceu Claro;Motocicleta;Obito;1;4;4;1;1;1
Condutor deixou de manter distancia do veiculo da frente;Atropelamento de Pedestre;Pleno dia;Ceu Claro;Nao se aplica;Lesoes Graves;1;4;4;1;1;3
Condutor deixou de manter distancia do veiculo da frente;Atropelamento de Pedestre;Pleno dia;Ceu Claro;Nao se aplica;Lesoes Leves;1;4;4;1;1;3
Condutor deixou de manter distancia do veiculo da frente;Atropelamento de Pedestre;Pleno dia;Ceu Claro;Nao se aplica;Obito;2;4;4;1;1;3
Condutor deixou de manter distancia do veiculo da frente;Atropelamento de Pedestre;Pleno dia;Nublado;Automovel;Ileso;2;4;4;1;2;1
Condutor deixou de manter distancia do veiculo da frente;Atropelamento de Pedestre;Pleno dia;Nublado;Caminhao;Ileso;1;4;4;1;2;2
Condutor deixou de manter distancia do veiculo da frente;Atropelamento de Pedestre;Pleno dia;Nublado;Caminhao-trator;Ileso;1;4;4;1;2;2
Condutor deixou de manter distancia do veiculo da frente;Atropelamento de Pedestre;Pleno dia;Nublado;Motocicleta;Obito;2;4;4;1;2;1
Condutor deixou de manter distancia do veiculo da frente;Atropelamento de Pedestre;Pleno dia;Nublado;Motoneta;Obito;1;4;4;1;2;3
Condutor deixou de manter distancia do veiculo da frente;Capotamento;Amanhecer;Garoa/Chuvisco;Automovel;Ileso;1;4;5;4;3;1
Condutor deixou de manter distancia do veiculo da frente;Capotamento;Amanhecer;Garoa/Chuvisco;Automovel;Lesoes Leves;2;4;5;4;3;1
Condutor deixou de manter distancia do veiculo da frente;Capotamento;Amanhecer;Nublado;Caminhonete;Lesoes Leves;2;4;5;4;2;2
Condutor deixou de manter distancia do veiculo da frente;Capotamento;Amanhecer;Nublado;Onibus;Ileso;1;4;5;4;2;3
Condutor deixou de manter distancia do veiculo da frente;Capotamento;Anoitecer;Ceu Claro;Automovel;Lesoes Leves;1;4;5;4;1;1
Condutor deixou de manter distancia do veiculo da frente;Capotamento;Anoitecer;Nublado;Automovel;Ileso;3;4;5;4;2;1
Condutor deixou de manter distancia do veiculo da frente;Capotamento;Anoitecer;Nublado;Motocicleta;Lesoes Leves;1;4;5;4;2;1
Condutor deixou de manter distancia do veiculo da frente;Capotamento;Plena Noite;Ceu Claro;Automovel;Ileso;12;4;5;2;1;1
Condutor deixou de manter distancia do veiculo da frente;Capotamento;Plena Noite;Ceu Claro;Automovel;Lesoes Graves;1;4;5;2;1;1
Condutor deixou de manter distancia do veiculo da frente;Capotamento;Plena Noite;Ceu Claro;Automovel;Lesoes Leves;10;4;5;2;1;1
Condutor deixou de manter distancia do veiculo da frente;Capotamento;Plena Noite;Ceu Claro;Caminhao-trator;Ileso;1;4;5;2;1;2
Condutor deixou de manter distancia do veiculo da frente;Capotamento;Plena Noite;Ceu Claro;Nao Informado;Ileso;5;4;5;2;1;3
Condutor deixou de manter distancia do veiculo da frente;Capotamento;Plena Noite;Nublado;Automovel;Ileso;6;4;5;2;2;1
Condutor deixou de manter distancia do veiculo da frente;Capotamento;Plena Noite;Nublado;Automovel;Lesoes Graves;1;4;5;2;2;1
Condutor deixou de manter distancia do veiculo da frente;Capotamento;Plena Noite;Nublado;Automovel;Lesoes Leves;6;4;5;2;2;1
Condutor deixou de manter distancia do veiculo da frente;Capotamento;Plena Noite;Nublado;Caminhao-trator;Ileso;2;4;5;2;2;2
Condutor deixou de manter distancia do veiculo da frente;Capotamento;Plena Noite;Nublado;Caminhonete;Ileso;1;4;5;2;2;2
Condutor deixou de manter distancia do veiculo da frente;Capotamento;Plena Noite;Nublado;Caminhonete;Lesoes Leves;1;4;5;2;2;2
Condutor deixou de manter distancia do veiculo da frente;Capotamento;Plena Noite;Nublado;Utilitario;Ileso;3;4;5;2;2;3
Condutor deixou de manter distancia do veiculo da frente;Capotamento;Pleno dia;Ceu Claro;Automovel;Ileso;24;4;5;1;1;1
Condutor deixou de manter distancia do veiculo da frente;Capotamento;Pleno dia;Ceu Claro;Automovel;Lesoes Graves;4;4;5;1;1;1
Condutor deixou de manter distancia do veiculo da frente;Capotamento;Pleno dia;Ceu Claro;Automovel;Lesoes Leves;32;4;5;1;1;1
Condutor deixou de manter distancia do veiculo da frente;Capotamento;Pleno dia;Ceu Claro;Automovel;Obito;1;4;5;1;1;1
Condutor deixou de manter distancia do veiculo da frente;Capotamento;Pleno dia;Ceu Claro;Caminhao;Ileso;5;4;5;1;1;2
Condutor deixou de manter distancia do veiculo da frente;Capotamento;Pleno dia;Ceu Claro;Caminhao;Lesoes Graves;1;4;5;1;1;2
Condutor deixou de manter distancia do veiculo da frente;Capotamento;Pleno dia;Ceu Claro;Caminhao-trator;Ileso;5;4;5;1;1;2
Condutor deixou de manter distancia do veiculo da frente;Capotamento;Pleno dia;Ceu Claro;Caminhao-trator;Lesoes Graves;1;4;5;1;1;2
Condutor deixou de manter distancia do veiculo da frente;Capotamento;Pleno dia;Ceu Claro;Caminhonete;Ileso;6;4;5;1;1;2
Condutor deixou de manter distancia do veiculo da frente;Capotamento;Pleno dia;Ceu Claro;Caminhonete;Lesoes Graves;1;4;5;1;1;2
Condutor deixou de manter distancia do veiculo da frente;Capotamento;Pleno dia;Ceu Claro;Caminhonete;Lesoes Leves;6;4;5;1;1;2
Condutor deixou de manter distancia do veiculo da frente;Capotamento;Pleno dia;Ceu Claro;Motocicleta;Lesoes Graves;4;4;5;1;1;1
Condutor deixou de manter distancia do veiculo da frente;Capotamento;Pleno dia;Ceu Claro;Motocicleta;Lesoes Leves;1;4;5;1;1;1
Condutor deixou de manter distancia do veiculo da frente;Capotamento;Pleno dia;Ceu Claro;Motocicleta;Obito;2;4;5;1;1;1
Condutor deixou de manter distancia do veiculo da frente;Capotamento;Pleno dia;Ceu Claro;Nao Informado;Ileso;1;4;5;1;1;3
Condutor deixou de manter distancia do veiculo da frente;Capotamento;Pleno dia;Ceu Claro;Nao Informado;Lesoes Graves;1;4;5;1;1;3
Condutor deixou de manter distancia do veiculo da frente;Capotamento;Pleno dia;Ceu Claro;Nao Informado;Lesoes Leves;1;4;5;1;1;3
Condutor deixou de manter distancia do veiculo da frente;Capotamento;Pleno dia;Ceu Claro;Nao se aplica;Obito;1;4;5;1;1;3
Condutor deixou de manter distancia do veiculo da frente;Capotamento;Pleno dia;Ceu Claro;Utilitario;Ileso;3;4;5;1;1;3
Condutor deixou de manter distancia do veiculo da frente;Capotamento;Pleno dia;Ceu Claro;Utilitario;Lesoes Leves;1;4;5;1;1;3
Condutor deixou de manter distancia do veiculo da frente;Capotamento;Pleno dia;Chuva;Automovel;Ileso;1;4;5;1;2;1
Condutor deixou de manter distancia do veiculo da frente;Capotamento;Pleno dia;Chuva;Automovel;Lesoes Leves;1;4;5;1;2;1
Condutor deixou de manter distancia do veiculo da frente;Capotamento;Pleno dia;Chuva;Micro-onibus;Ileso;1;4;5;1;2;4
Condutor deixou de manter distancia do veiculo da frente;Capotamento;Pleno dia;Nublado;Automovel;Ileso;2;4;5;1;2;1
Condutor deixou de manter distancia do veiculo da frente;Capotamento;Pleno dia;Nublado;Automovel;Lesoes Graves;2;4;5;1;2;1
Condutor deixou de manter distancia do veiculo da frente;Capotamento;Pleno dia;Nublado;Automovel;Lesoes Leves;2;4;5;1;2;1
Condutor deixou de manter distancia do veiculo da frente;Capotamento;Pleno dia;Nublado;Caminhonete;Ileso;2;4;5;1;2;2
Condutor deixou de manter distancia do veiculo da frente;Capotamento;Pleno dia;Nublado;Caminhonete;Lesoes Leves;2;4;5;1;2;2
Condutor deixou de manter distancia do veiculo da frente;Capotamento;Pleno dia;Nublado;Micro-onibus;Ileso;2;4;5;1;2;4
Condutor deixou de manter distancia do veiculo da frente;Capotamento;Pleno dia;Sol;Automovel;Lesoes Leves;2;4;5;1;3;1
Condutor deixou de manter distancia do veiculo da frente;Capotamento;Pleno dia;Sol;Caminhao;Ileso;1;4;5;1;3;2
Condutor deixou de manter distancia do veiculo da frente;Colisao com objeto;Amanhecer;Ceu Claro;Automovel;Ileso;3;4;5;4;1;1
Condutor deixou de manter distancia do veiculo da frente;Colisao com objeto;Amanhecer;Ceu Claro;Automovel;Lesoes Graves;1;4;5;4;1;1
Condutor deixou de manter distancia do veiculo da frente;Colisao com objeto;Amanhecer;Ceu Claro;Automovel;Lesoes Leves;2;4;5;4;1;1
Condutor deixou de manter distancia do veiculo da frente;Colisao com objeto;Amanhecer;Ceu Claro;Caminhao-trator;Ileso;1;4;5;4;1;2
Condutor deixou de manter distancia do veiculo da frente;Colisao com objeto;Amanhecer;Ceu Claro;Caminhao-trator;Lesoes Leves;2;4;5;4;1;2
Condutor deixou de manter distancia do veiculo da frente;Colisao com objeto;Amanhecer;Ceu Claro;Onibus;Ileso;31;4;5;4;1;3
Condutor deixou de manter distancia do veiculo da frente;Colisao com objeto;Amanhecer;Ceu Claro;Onibus;Lesoes Graves;7;4;5;4;1;3
Condutor deixou de manter distancia do veiculo da frente;Colisao com objeto;Amanhecer;Ceu Claro;Onibus;Lesoes Leves;1;4;5;4;1;3
Condutor deixou de manter distancia do veiculo da frente;Colisao com objeto;Amanhecer;Garoa/Chuvisco;Automovel;Ileso;1;4;5;4;3;1
Condutor deixou de manter distancia do veiculo da frente;Colisao com objeto;Amanhecer;Garoa/Chuvisco;Automovel;Lesoes Leves;2;4;5;4;3;1
Condutor deixou de manter distancia do veiculo da frente;Colisao com objeto;Amanhecer;Nevoeiro/Neblina;Automovel;Ileso;1;4;5;4;4;1
Condutor deixou de manter distancia do veiculo da frente;Colisao com objeto;Amanhecer;Nevoeiro/Neblina;Motocicleta;Lesoes Graves;1;4;5;4;4;1
Condutor deixou de manter distancia do veiculo da frente;Colisao com objeto;Amanhecer;Nublado;Automovel;Ileso;3;4;5;4;2;1
Condutor deixou de manter distancia do veiculo da frente;Colisao com objeto;Amanhecer;Nublado;Automovel;Lesoes Leves;1;4;5;4;2;1
Condutor deixou de manter distancia do veiculo da frente;Colisao com objeto;Amanhecer;Nublado;Caminhonete;Ileso;2;4;5;4;2;2
Condutor deixou de manter distancia do veiculo da frente;Colisao com objeto;Amanhecer;Nublado;Motocicleta;Lesoes Leves;1;4;5;4;2;1
Condutor deixou de manter distancia do veiculo da frente;Colisao com objeto;Amanhecer;Nublado;Onibus;Ileso;1;4;5;4;2;3
Condutor deixou de manter distancia do veiculo da frente;Colisao com objeto;Anoitecer;Ceu Claro;Automovel;Ileso;3;4;5;4;1;1
Condutor deixou de manter distancia do veiculo da frente;Colisao com objeto;Anoitecer;Ceu Claro;Automovel;Lesoes Leves;2;4;5;4;1;1
Condutor deixou de manter distancia do veiculo da frente;Colisao com objeto;Anoitecer;Ceu Claro;Caminhao;Ileso;1;4;5;4;1;2
Condutor deixou de manter distancia do veiculo da frente;Colisao com objeto;Anoitecer;Ceu Claro;Caminhao-trator;Ileso;1;4;5;4;1;2
Condutor deixou de manter distancia do veiculo da frente;Colisao com objeto;Anoitecer;Ceu Claro;Caminhonete;Ileso;1;4;5;4;1;2
Condutor deixou de manter distancia do veiculo da frente;Colisao com objeto;Anoitecer;Ceu Claro;Motocicleta;Ileso;1;4;5;4;1;1
Condutor deixou de manter distancia do veiculo da frente;Colisao com objeto;Anoitecer;Ceu Claro;Motocicleta;Lesoes Graves;2;4;5;4;1;1
Condutor deixou de manter distancia do veiculo da frente;Colisao com objeto;Anoitecer;Ceu Claro;Motocicleta;Lesoes Leves;3;4;5;4;1;1
Condutor deixou de manter distancia do veiculo da frente;Colisao com objeto;Anoitecer;Nublado;Automovel;Ileso;4;4;5;4;2;1
Condutor deixou de manter distancia do veiculo da frente;Colisao com objeto;Plena Noite;Ceu Claro;Automovel;Ileso;13;4;5;2;1;1
Condutor deixou de manter distancia do veiculo da frente;Colisao com objeto;Plena Noite;Ceu Claro;Automovel;Lesoes Graves;4;4;5;2;1;1
Condutor deixou de manter distancia do veiculo da frente;Colisao com objeto;Plena Noite;Ceu Claro;Automovel;Lesoes Leves;2;4;5;2;1;1
Condutor deixou de manter distancia do veiculo da frente;Colisao com objeto;Plena Noite;Ceu Claro;Caminhao;Ileso;3;4;5;2;1;2
Condutor deixou de manter distancia do veiculo da frente;Colisao com objeto;Plena Noite;Ceu Claro;Caminhao-trator;Lesoes Graves;1;4;5;2;1;2
Condutor deixou de manter distancia do veiculo da frente;Colisao com objeto;Plena Noite;Ceu Claro;Caminhao-trator;Lesoes Leves;1;4;5;2;1;2
Condutor deixou de manter distancia do veiculo da frente;Colisao com objeto;Plena Noite;Ceu Claro;Caminhao-trator;Obito;1;4;5;2;1;2
Condutor deixou de manter distancia do veiculo da frente;Colisao com objeto;Plena Noite;Ceu Claro;Caminhonete;Ileso;8;4;5;2;1;2
Condutor deixou de manter distancia do veiculo da frente;Colisao com objeto;Plena Noite;Ceu Claro;Caminhonete;Lesoes Leves;1;4;5;2;1;2
Condutor deixou de manter distancia do veiculo da frente;Colisao com objeto;Plena Noite;Ceu Claro;Motocicleta;Ileso;2;4;5;2;1;1
Condutor deixou de manter distancia do veiculo da frente;Colisao com objeto;Plena Noite;Ceu Claro;Motocicleta;Lesoes Leves;2;4;5;2;1;1
Condutor deixou de manter distancia do veiculo da frente;Colisao com objeto;Plena Noite;Ceu Claro;Motocicleta;Obito;2;4;5;2;1;1
Condutor deixou de manter distancia do veiculo da frente;Colisao com objeto;Plena Noite;Ceu Claro;Nao Informado;Ileso;2;4;5;2;1;3
Condutor deixou de manter distancia do veiculo da frente;Colisao com objeto;Plena Noite;Chuva;Automovel;Ileso;1;4;5;2;2;1
Condutor deixou de manter distancia do veiculo da frente;Colisao com objeto;Plena Noite;Chuva;Automovel;Lesoes Leves;1;4;5;2;2;1
Condutor deixou de manter distancia do veiculo da frente;Colisao com objeto;Plena Noite;Chuva;Caminhao-trator;Ileso;1;4;5;2;2;2
Condutor deixou de manter distancia do veiculo da frente;Colisao com objeto;Plena Noite;Chuva;Caminhonete;Ileso;1;4;5;2;2;2
Condutor deixou de manter distancia do veiculo da frente;Colisao com objeto;Plena Noite;Chuva;Motocicleta;Lesoes Graves;1;4;5;2;2;1
Condutor deixou de manter distancia do veiculo da frente;Colisao com objeto;Plena Noite;Chuva;Motocicleta;Lesoes Leves;1;4;5;2;2;1
Condutor deixou de manter distancia do veiculo da frente;Colisao com objeto;Plena Noite;Chuva;Motocicleta;Obito;1;4;5;2;2;1
Condutor deixou de manter distancia do veiculo da frente;Colisao com objeto;Plena Noite;Garoa/Chuvisco;Automovel;Ileso;1;4;5;2;3;1
Condutor deixou de manter distancia do veiculo da frente;Colisao com objeto;Plena Noite;Garoa/Chuvisco;Caminhao;Ileso;2;4;5;2;3;2
Condutor deixou de manter distancia do veiculo da frente;Colisao com objeto;Plena Noite;Garoa/Chuvisco;Caminhonete;Ileso;2;4;5;2;3;2
Condutor deixou de manter distancia do veiculo da frente;Colisao com objeto;Plena Noite;Garoa/Chuvisco;Caminhonete;Lesoes Leves;2;4;5;2;3;2
Condutor deixou de manter distancia do veiculo da frente;Colisao com objeto;Plena Noite;Garoa/Chuvisco;Motocicleta;Lesoes Leves;1;4;5;2;3;1
Condutor deixou de manter distancia do veiculo da frente;Colisao com objeto;Plena Noite;Nublado;Automovel;Ileso;11;4;5;2;2;1
Condutor deixou de manter distancia do veiculo da frente;Colisao com objeto;Plena Noite;Nublado;Automovel;Lesoes Leves;2;4;5;2;2;1
Condutor deixou de manter distancia do veiculo da frente;Colisao com objeto;Plena Noite;Nublado;Caminhonete;Ileso;1;4;5;2;2;2
Condutor deixou de manter distancia do veiculo da frente;Colisao com objeto;Plena Noite;Nublado;Motocicleta;Lesoes Leves;1;4;5;2;2;1
Condutor deixou de manter distancia do veiculo da frente;Colisao com objeto;Plena Noite;Nublado;Utilitario;Ileso;3;4;5;2;2;3
Condutor deixou de manter distancia do veiculo da frente;Colisao com objeto;Pleno dia;Ceu Claro;Automovel;Ileso;24;4;5;1;1;1
Condutor deixou de manter distancia do veiculo da frente;Colisao com objeto;Pleno dia;Ceu Claro;Automovel;Lesoes Graves;7;4;5;1;1;1
Condutor deixou de manter distancia do veiculo da frente;Colisao com objeto;Pleno dia;Ceu Claro;Automovel;Lesoes Leves;26;4;5;1;1;1