causa_acidente;tipo_acidente;fase_dia;condicao_metereologica;tipo_veiculo;estado_fisico;count;causa_acidente_criterios;tipo_acidente_criterios;fase_dia_criterios;condicao_metereologica_criterios;tipo_veiculo_criterios
Condutor deixou de manter distancia do veiculo da frente;Colisao traseira;Pleno dia;Ceu Claro;Ciclomotor;Lesoes Graves;1;4;5;1;1;4
Condutor deixou de manter distancia do veiculo da frente;Colisao traseira;Pleno dia;Ceu Claro;Ciclomotor;Lesoes Leves;3;4;5;1;1;4
Condutor deixou de manter distancia do veiculo da frente;Colisao traseira;Pleno dia;Ceu Claro;Micro-onibus;Ileso;4;4;5;1;1;4
Condutor deixou de manter distancia do veiculo da frente;Colisao traseira;Pleno dia;Ceu Claro;Micro-onibus;Lesoes Leves;4;4;5;1;1;4
Condutor deixou de manter distancia do veiculo da frente;Colisao traseira;Pleno dia;Ceu Claro;Motocicleta;Ileso;50;4;5;1;1;1
Condutor deixou de manter distancia do veiculo da frente;Colisao traseira;Pleno dia;Ceu Claro;Motocicleta;Lesoes Graves;111;4;5;1;1;1
Condutor deixou de manter distancia do veiculo da frente;Colisao traseira;Pleno dia;Ceu Claro;Motocicleta;Lesoes Leves;321;4;5;1;1;1
Condutor deixou de manter distancia do veiculo da frente;Colisao traseira;Pleno dia;Ceu Claro;Motocicleta;Obito;9;4;5;1;1;1
Condutor deixou de manter distancia do veiculo da frente;Colisao traseira;Pleno dia;Ceu Claro;Motoneta;Ileso;7;4;5;1;1;3
Condutor deixou de manter distancia do veiculo da frente;Colisao traseira;Pleno dia;Ceu Claro;Motoneta;Lesoes Graves;6;4;5;1;1;3
Condutor deixou de manter distancia do veiculo da frente;Colisao traseira;Pleno dia;Ceu Claro;Motoneta;Lesoes Leves;22;4;5;1;1;3
Condutor deixou de manter distancia do veiculo da frente;Colisao traseira;Pleno dia;Ceu Claro;Nao Informado;Ileso;46;4;5;1;1;3
Condutor deixou de manter distancia do veiculo da frente;Colisao traseira;Pleno dia;Ceu Claro;Nao Informado;Lesoes Graves;1;4;5;1;1;3
Condutor deixou de manter distancia do veiculo da frente;Colisao traseira;Pleno dia;Ceu Claro;Nao Informado;Lesoes Leves;5;4;5;1;1;3
Condutor deixou de manter distancia do veiculo da frente;Colisao traseira;Pleno dia;Ceu Claro;Nao se aplica;Lesoes Leves;1;4;5;1;1;3
Condutor deixou de manter distancia do veiculo da frente;Colisao traseira;Pleno dia;Ceu Claro;Onibus;Ileso;73;4;5;1;1;3
Condutor deixou de manter distancia do veiculo da frente;Colisao traseira;Pleno dia;Ceu Claro;Onibus;Lesoes Graves;5;4;5;1;1;3
Condutor deixou de manter distancia do veiculo da frente;Colisao traseira;Pleno dia;Ceu Claro;Onibus;Lesoes Leves;22;4;5;1;1;3
Condutor deixou de manter distancia do veiculo da frente;Colisao traseira;Pleno dia;Ceu Claro;Onibus;Obito;1;4;5;1;1;3
Condutor deixou de manter distancia do veiculo da frente;Colisao traseira;Pleno dia;Ceu Claro;Outros;Ileso;1;4;5;1;1;5
Condutor deixou de manter distancia do veiculo da frente;Colisao traseira;Pleno dia;Ceu Claro;Utilitario;Ileso;51;4;5;1;1;3
Condutor deixou de manter distancia do veiculo da frente;Colisao traseira;Pleno dia;Ceu Claro;Utilitario;Lesoes Leves;7;4;5;1;1;3
Condutor deixou de manter distancia do veiculo da frente;Colisao traseira;Pleno dia;Chuva;Automovel;Ileso;57;4;5;1;2;1
Condutor deixou de manter distancia do veiculo da frente;Colisao traseira;Pleno dia;Chuva;Automovel;Lesoes Graves;3;4;5;1;2;1
Condutor deixou de manter distancia do veiculo da frente;Colisao traseira;Pleno dia;Chuva;Automovel;Lesoes Leves;25;4;5;1;2;1
Condutor deixou de manter distancia do veiculo da frente;Colisao traseira;Pleno dia;Chuva;Caminhao;Ileso;11;4;5;1;2;2
Condutor deixou de manter distancia do veiculo da frente;Colisao traseira;Pleno dia;Chuva;Caminhao;Lesoes Leves;2;4;5;1;2;2
Condutor deixou de manter distancia do veiculo da frente;Colisao traseira;Pleno dia;Chuva;Caminhao-trator;Ileso;17;4;5;1;2;2
Condutor deixou de manter distancia do veiculo da frente;Colisao traseira;Pleno dia;Chuva;Caminhao-trator;Lesoes Graves;5;4;5;1;2;2
Condutor deixou de manter distancia do veiculo da frente;Colisao traseira;Pleno dia;Chuva;Caminhao-trator;Lesoes Leves;2;4;5;1;2;2
Condutor deixou de manter distancia do veiculo da frente;Colisao traseira;Pleno dia;Chuva;Caminhao-trator;Obito;1;4;5;1;2;2
Condutor deixou de manter distancia do veiculo da frente;Colisao traseira;Pleno dia;Chuva;Caminhonete;Ileso;26;4;5;1;2;2
Condutor deixou de manter distancia do veiculo da frente;Colisao traseira;Pleno dia;Chuva;Caminhonete;Lesoes Leves;9;4;5;1;2;2
Condutor deixou de manter distancia do veiculo da frente;Colisao traseira;Pleno dia;Chuva;Micro-onibus;Ileso;2;4;5;1;2;4
Condutor deixou de manter distancia do veiculo da frente;Colisao traseira;Pleno dia;Chuva;Micro-onibus;Lesoes Leves;2;4;5;1;2;4
Condutor deixou de manter distancia do veiculo da frente;Colisao traseira;Pleno dia;Chuva;Motocicleta;Ileso;3;4;5;1;2;1
Condutor deixou de manter distancia do veiculo da frente;Colisao traseira;Pleno dia;Chuva;Motocicleta;Lesoes Graves;9;4;5;1;2;1
Condutor deixou de manter distancia do veiculo da frente;Colisao traseira;Pleno dia;Chuva;Motocicleta;Lesoes Leves;16;4;5;1;2;1
Condutor deixou de manter distancia do veiculo da frente;Colisao traseira;Pleno dia;Chuva;Motoneta;Lesoes Leves;3;4;5;1;2;3
Condutor deixou de manter distancia do veiculo da frente;Colisao traseira;Pleno dia;Chuva;Nao Informado;Ileso;5;4;5;1;2;3
Condutor deixou de manter distancia do veiculo da frente;Colisao traseira;Pleno dia;Chuva;Nao se aplica;Ileso;1;4;5;1;2;3
Condutor deixou de manter distancia do veiculo da frente;Colisao traseira;Pleno dia;Chuva;Onibus;Ileso;3;4;5;1;2;3
Condutor deixou de manter distancia do veiculo da frente;Colisao traseira;Pleno dia;Chuva;Onibus;Lesoes Leves;6;4;5;1;2;3
Condutor deixou de manter distancia do veiculo da frente;Colisao traseira;Pleno dia;Chuva;Utilitario;Ileso;6;4;5;1;2;3
Condutor deixou de manter distancia do veiculo da frente;Colisao traseira;Pleno dia;Garoa/Chuvisco;Automovel;Ileso;33;4;5;1;3;1
Condutor deixou de manter distancia do veiculo da frente;Colisao traseira;Pleno dia;Garoa/Chuvisco;Automovel;Lesoes Graves;1;4;5;1;3;1
Condutor deixou de manter distancia do veiculo da frente;Colisao traseira;Pleno dia;Garoa/Chuvisco;Automovel;Lesoes Leves;14;4;5;1;3;1
Condutor deixou de manter distancia do veiculo da frente;Colisao traseira;Pleno dia;Garoa/Chuvisco;Caminhao;Lesoes Graves;1;4;5;1;3;2
Condutor deixou de manter distancia do veiculo da frente;Colisao traseira;Pleno dia;Garoa/Chuvisco;Caminhao;Lesoes Leves;1;4;5;1;3;2
Condutor deixou de manter distancia do veiculo da frente;Colisao traseira;Pleno dia;Garoa/Chuvisco;Caminhao-trator;Ileso;8;4;5;1;3;2
Condutor deixou de manter distancia do veiculo da frente;Colisao traseira;Pleno dia;Garoa/Chuvisco;Caminhao-trator;Lesoes Leves;1;4;5;1;3;2
Condutor deixou de manter distancia do veiculo da frente;Colisao traseira;Pleno dia;Garoa/Chuvisco;Caminhonete;Ileso;7;4;5;1;3;2
Condutor deixou de manter distancia do veiculo da frente;Colisao traseira;Pleno dia;Garoa/Chuvisco;Caminhonete;Lesoes Leves;3;4;5;1;3;2
Condutor deixou de manter distancia do veiculo da frente;Colisao traseira;Pleno dia;Garoa/Chuvisco;Motocicleta;Ileso;1;4;5;1;3;1
Condutor deixou de manter distancia do veiculo da frente;Colisao traseira;Pleno dia;Garoa/Chuvisco;Motocicleta;Lesoes Leves;11;4;5;1;3;1
Condutor deixou de manter distancia do veiculo da frente;Colisao traseira;Pleno dia;Garoa/Chuvisco;Motoneta;Lesoes Graves;2;4;5;1;3;3
Condutor deixou de manter distancia do veiculo da frente;Colisao traseira;Pleno dia;Garoa/Chuvisco;Nao Informado;Ileso;2;4;5;1;3;3
Condutor deixou de manter distancia do veiculo da frente;Colisao traseira;Pleno dia;Garoa/Chuvisco;Utilitario;Ileso;2;4;5;1;3;3
Condutor deixou de manter distancia do veiculo da frente;Colisao traseira;Pleno dia;Ignorado;Automovel;Ileso;2;4;5;1;0;1
Condutor deixou de manter distancia do veiculo da frente;Colisao traseira;Pleno dia;Ignorado;Automovel;Lesoes Leves;1;4;5;1;0;1
Condutor deixou de manter distancia do veiculo da frente;Colisao traseira;Pleno dia;Ignorado;Caminhao;Ileso;1;4;5;1;0;2
Condutor deixou de manter distancia do veiculo da frente;Colisao traseira;Pleno dia;Ignorado;Motocicleta;Lesoes Leves;1;4;5;1;0;1
Condutor deixou de manter distancia do veiculo da frente;Colisao traseira;Pleno dia;Ignorado;Motoneta;Lesoes Leves;1;4;5;1;0;3
Condutor deixou de manter distancia do veiculo da frente;Colisao traseira;Pleno dia;Nevoeiro/Neblina;Automovel;Ileso;2;4;5;1;4;1
Condutor deixou de manter distancia do veiculo da frente;Colisao traseira;Pleno dia;Nevoeiro/Neblina;Caminhao;Ileso;2;4;5;1;4;2
Condutor deixou de manter distancia do veiculo da frente;Colisao traseira;Pleno dia;Nevoeiro/Neblina;Onibus;Ileso;30;4;5;1;4;3
Condutor deixou de manter distancia do veiculo da frente;Colisao traseira;Pleno dia;Nevoeiro/Neblina;Onibus;Lesoes Leves;1;4;5;1;4;3
Condutor deixou de manter distancia do veiculo da frente;Colisao traseira;Pleno dia;Nublado;Automovel;Ileso;146;4;5;1;2;1
Condutor deixou de manter distancia do veiculo da frente;Colisao traseira;Pleno dia;Nublado;Automovel;Lesoes Graves;6;4;5;1;2;1
Condutor deixou de manter distancia do veiculo da frente;Colisao traseira;Pleno dia;Nublado;Automovel;Lesoes Leves;51;4;5;1;2;1
Condutor deixou de manter distancia do veiculo da frente;Colisao traseira;Pleno dia;Nublado;Automovel;Obito;6;4;5;1;2;1
Condutor deixou de manter distancia do veiculo da frente;Colisao traseira;Pleno dia;Nublado;Bicicleta;Ileso;1;4;5;1;2;3
Condutor deixou de manter distancia do veiculo da frente;Colisao traseira;Pleno dia;Nublado;Bicicleta;Lesoes Graves;1;4;5;1;2;3
Condutor deixou de manter distancia do veiculo da frente;Colisao traseira;Pleno dia;Nublado;Bicicleta;Lesoes Leves;1;4;5;1;2;3
Condutor deixou de manter distancia do veiculo da frente;Colisao traseira;Pleno dia;Nublado;Caminhao;Ileso;27;4;5;1;2;2
Condutor deixou de manter distancia do veiculo da frente;Colisao traseira;Pleno dia;Nublado;Caminhao;Lesoes Graves;2;4;5;1;2;2
Condutor deixou de manter distancia do veiculo da frente;Colisao traseira;Pleno dia;Nublado;Caminhao;Lesoes Leves;12;4;5;1;2;2
Condutor deixou de manter distancia do veiculo da frente;Colisao traseira;Pleno dia;Nublado;Caminhao-trator;Ileso;24;4;5;1;2;2
Condutor deixou de manter distancia do veiculo da frente;Colisao traseira;Pleno dia;Nublado;Caminhao-trator;Lesoes Graves;4;4;5;1;2;2
Condutor deixou de manter distancia do veiculo da frente;Colisao traseira;Pleno dia;Nublado;Caminhao-trator;Lesoes Leves;4;4;5;1;2;2
Condutor deixou de manter distancia do veiculo da frente;Colisao traseira;Pleno dia;Nublado;Caminhao-trator;Obito;1;4;5;1;2;2
Condutor deixou de manter distancia do veiculo da frente;Colisao traseira;Pleno dia;Nublado;Caminhonete;Ileso;38;4;5;1;2;2
Condutor deixou de manter distancia do veiculo da frente;Colisao traseira;Pleno dia;Nublado;Caminhonete;Lesoes Leves;6;4;5;1;2;2
Condutor deixou de manter distancia do veiculo da frente;Colisao traseira;Pleno dia;Nublado;Micro-onibus;Ileso;4;4;5;1;2;4
Condutor deixou de manter distancia do veiculo da frente;Colisao traseira;Pleno dia;Nublado;Micro-onibus;Lesoes Leves;13;4;5;1;2;4
Condutor deixou de manter distancia do veiculo da frente;Colisao traseira;Pleno dia;Nublado;Motocicleta;Ileso;4;4;5;1;2;1
Condutor deixou de manter distancia do veiculo da frente;Colisao traseira;Pleno dia;Nublado;Motocicleta;Lesoes Graves;17;4;5;1;2;1
Condutor deixou de manter distancia do veiculo da frente;Colisao traseira;Pleno dia;Nublado;Motocicleta;Lesoes Leves;71;4;5;1;2;1
Condutor deixou de manter distancia do veiculo da frente;Colisao traseira;Pleno dia;Nublado;Motocicleta;Obito;2;4;5;1;2;1
Condutor deixou de manter distancia do veiculo da frente;Colisao traseira;Pleno dia;Nublado;Motoneta;Lesoes Graves;1;4;5;1;2;3
Condutor deixou de manter distancia do veiculo da frente;Colisao traseira;Pleno dia;Nublado;Motoneta;Lesoes Leves;8;4;5;1;2;3
Condutor deixou de manter distancia do veiculo da frente;Colisao traseira;Pleno dia;Nublado;Motoneta;Obito;2;4;5;1;2;3
Condutor deixou de manter distancia do veiculo da frente;Colisao traseira;Pleno dia;Nublado;Nao Informado;Ileso;11;4;5;1;2;3
Condutor deixou de manter distancia do veiculo da frente;Colisao traseira;Pleno dia;Nublado;Nao Informado;Lesoes Leves;1;4;5;1;2;3
Condutor deixou de manter distancia do veiculo da frente;Colisao traseira;Pleno dia;Nublado;Onibus;Ileso;3;4;5;1;2;3
Condutor deixou de manter distancia do veiculo da frente;Colisao traseira;Pleno dia;Nublado;Onibus;Lesoes Leves;1;4;5;1;2;3
Condutor deixou de manter distancia do veiculo da frente;Colisao traseira;Pleno dia;Nublado;Utilitario;Ileso;8;4;5;1;2;3
Condutor deixou de manter distancia do veiculo da frente;Colisao traseira;Pleno dia;Nublado;Utilitario;Lesoes Leves;1;4;5;1;2;3
Condutor deixou de manter distancia do veiculo da frente;Colisao traseira;Pleno dia;Sol;Automovel;Ileso;81;4;5;1;3;1
Condutor deixou de manter distancia do veiculo da frente;Colisao traseira;Pleno dia;Sol;Automovel;Lesoes Graves;4;4;5;1;3;1
Condutor deixou de manter distancia do veiculo da frente;Colisao traseira;Pleno dia;Sol;Automovel;Lesoes Leves;25;4;5;1;3;1
Condutor deixou de manter distancia do veiculo da frente;Colisao traseira;Pleno dia;Sol;Caminhao;Ileso;26;4;5;1;3;2
Condutor deixou de manter distancia do veiculo da frente;Colisao traseira;Pleno dia;Sol;Caminhao;Lesoes Leves;3;4;5;1;3;2
Condutor deixou de manter distancia do veiculo da frente;Colisao traseira;Pleno dia;Sol;Caminhao-trator;Ileso;6;4;5;1;3;2
Condutor deixou de manter distancia do veiculo da frente;Colisao traseira;Pleno dia;Sol;Caminhao-trator;Lesoes Graves;1;4;5;1;3;2
Condutor deixou de manter distancia do veiculo da frente;Colisao traseira;Pleno dia;Sol;Caminhao-trator;Lesoes Leves;4;4;5;1;3;2
Condutor deixou de manter distancia do veiculo da frente;Colisao traseira;Pleno dia;Sol;Caminhonete;Ileso;40;4;5;1;3;2
Condutor deixou de manter distancia do veiculo da frente;Colisao traseira;Pleno dia;Sol;Caminhonete;Lesoes Leves;3;4;5;1;3;2
Condutor deixou de manter distancia do veiculo da frente;Colisao traseira;Pleno dia;Sol;Micro-onibus;Lesoes Graves;2;4;5;1;3;4
Condutor deixou de manter distancia do veiculo da frente;Colisao traseira;Pleno dia;Sol;Micro-onibus;Lesoes Leves;2;4;5;1;3;4
Condutor deixou de manter distancia do veiculo da frente;Colisao traseira;Pleno dia;Sol;Motocicleta;Ileso;6;4;5;1;3;1
Condutor deixou de manter distancia do veiculo da frente;Colisao traseira;Pleno dia;Sol;Motocicleta;Lesoes Graves;21;4;5;1;3;1
Condutor deixou de manter distancia do veiculo da frente;Colisao traseira;Pleno dia;Sol;Motocicleta;Lesoes Leves;60;4;5;1;3;1
Condutor deixou de manter distancia do veiculo da frente;Colisao traseira;Pleno dia;Sol;Motoneta;Ileso;1;4;5;1;3;3
Condutor deixou de manter distancia do veiculo da frente;Colisao traseira;Pleno dia;Sol;Motoneta;Lesoes Leves;3;4;5;1;3;3
Condutor deixou de manter distancia do veiculo da frente;Colisao traseira;Pleno dia;Sol;Nao Informado;Ileso;8;4;5;1;3;3
Condutor deixou de manter distancia do veiculo da frente;Colisao traseira;Pleno dia;Sol;Onibus;Ileso;2;4;5;1;3;3
Condutor deixou de manter distancia do veiculo da frente;Colisao traseira;Pleno dia;Sol;Utilitario;Ileso;4;4;5;1;3;3
Condutor deixou de manter distancia do veiculo da frente;Derramamento de carga;Plena Noite;Ceu Claro;Caminhao;Ileso;1;4;3;2;1;2
Condutor deixou de manter distancia do veiculo da frente;Derramamento de carga;Plena Noite;Ceu Claro;Caminhao-trator;Lesoes Graves;1;4;3;2;1;2
Condutor deixou de manter distancia do veiculo da frente;Derramamento de carga;Plena Noite;Ceu Claro;Caminhao-trator;Lesoes Leves;2;4;3;2;1;2
Condutor deixou de manter distancia do veiculo da frente;Derramamento de carga;Plena Noite;Ceu Claro;Caminhao-trator;Obito;1;4;3;2;1;2
Condutor deixou de manter distancia do veiculo da frente;Derramamento de carga;Plena Noite;Nublado;Caminhao;Lesoes Leves;1;4;3;2;2;2
Condutor deixou de manter distancia do veiculo da frente;Derramamento de carga;Plena Noite;Nublado;Caminhao-trator;Ileso;1;4;3;2;2;2
Condutor deixou de manter distancia do veiculo da frente;Derramamento de carga;Pleno dia;Ceu Claro;Automovel;Ileso;4;4;3;1;1;1
Condutor deixou de manter distancia do veiculo da frente;Derramamento de carga;Pleno dia;Ceu Claro;Caminhao;Ileso;4;4;3;1;1;2
Condutor deixou de manter distancia do veiculo da frente;Derramamento de carga;Pleno dia;Ceu Claro;Caminhao-trator;Ileso;2;4;3;1;1;2
Condutor deixou de manter distancia do veiculo da frente;Derramamento de carga;Pleno dia;Ceu Claro;Caminhao-trator;Lesoes Graves;2;4;3;1;1;2
Condutor deixou de manter distancia do veiculo da frente;Derramamento de carga;Pleno dia;Ceu Claro;Caminhao-trator;Lesoes Leves;1;4;3;1;1;2
Condutor deixou de manter distancia do veiculo da frente;Derramamento de carga;Pleno dia;Ceu Claro;Caminhonete;Ileso;1;4;3;1;1;2
Condutor deixou de manter distancia do veiculo da frente;Derramamento de carga;Pleno dia;Ceu Claro;Onibus;Ileso;12;4;3;1;1;3
Condutor deixou de manter distancia do veiculo da frente;Derramamento de carga;Pleno dia;Ceu Claro;Onibus;Lesoes Graves;5;4;3;1;1;3
Condutor deixou de manter distancia do veiculo da frente;Derramamento de carga;Pleno dia;Ceu Claro;Onibus;Lesoes Leves;16;4;3;1;1;3
Condutor deixou de manter distancia do veiculo da frente;Derramamento de carga;Pleno dia;Ceu Claro;Onibus;Obito;1;4;3;1;1;3
Condutor deixou de manter distancia do veiculo da frente;Derramamento de carga;Pleno dia;Ceu Claro;Utilitario;Ileso;3;4;3;1;1;3
Condutor deixou de manter distancia do veiculo da frente;Derramamento de carga;Pleno dia;Chuva;Caminhao;Lesoes Graves;1;4;3;1;2;2
Condutor deixou de manter distancia do veiculo da frente;Derramamento de carga;Pleno dia;Chuva;Caminhao-trator;Lesoes Graves;1;4;3;1;2;2
Condutor deixou de manter distancia do veiculo da frente;Derramamento de carga;Pleno dia;Chuva;Caminhao-trator;Obito;2;4;3;1;2;2
Condutor deixou de manter distancia do veiculo da frente;Derramamento de carga;Pleno dia;Nublado;Automovel;Ileso;1;4;3;1;2;1
Condutor deixou de manter distancia do veiculo da frente;Derramamento de carga;Pleno dia;Nublado;Automovel;Lesoes Graves;1;4;3;1;2;1
Condutor deixou de manter distancia do veiculo da frente;Derramamento de carga;Pleno dia;Nublado;Caminhao-trator;Ileso;1;4;3;1;2;2
Condutor deixou de manter distancia do veiculo da frente;Derramamento de carga;Pleno dia;Nublado;Caminhao-trator;Lesoes Leves;1;4;3;1;2;2
Condutor deixou de manter distancia do veiculo da frente;Derramamento de carga;Pleno dia;Nublado;Caminhonete;Ileso;2;4;3;1;2;2
Condutor deixou de manter distancia do veiculo da frente;Engavetamento;Anoitecer;Ceu Claro;Automovel;Ileso;22;4;3;4;1;1
Condutor deixou de manter distancia do veiculo da frente;Engavetamento;Anoitecer;Ceu Claro;Automovel;Lesoes Graves;1;4;3;4;1;1
Condutor deixou de manter distancia do veiculo da frente;Engavetamento;Anoitecer;Ceu Claro;Automovel;Lesoes Leves;4;4;3;4;1;1
Condutor deixou de manter distancia do veiculo da frente;Engavetamento;Anoitecer;Ceu Claro;Caminhao;Ileso;3;4;3;4;1;2
Condutor deixou de manter distancia do veiculo da frente;Engavetamento;Anoitecer;Ceu Claro;Caminhao-trator;Ileso;2;4;3;4;1;2
Condutor deixou de manter distancia do veiculo da frente;Engavetamento;Anoitecer;Ceu Claro;Caminhonete;Ileso;2;4;3;4;1;2
Condutor deixou de manter distancia do veiculo da frente;Engavetamento;Anoitecer;Ceu Claro;Caminhonete;Lesoes Leves;1;4;3;4;1;2
Condutor deixou de manter distancia do veiculo da frente;Engavetamento;Anoitecer;Ceu Claro;Micro-onibus;Lesoes Graves;1;4;3;4;1;4
Condutor deixou de manter distancia do veiculo da frente;Engavetamento;Anoitecer;Ceu Claro;Motocicleta;Lesoes Leves;1;4;3;4;1;1
Condutor deixou de manter distancia do veiculo da frente;Engavetamento;Anoitecer;Chuva;Automovel;Ileso;11;4;3;4;2;1
Condutor deixou de manter distancia do veiculo da frente;Engavetamento;Anoitecer;Chuva;Automovel;Lesoes Graves;1;4;3;4;2;1
Condutor deixou de manter distancia do veiculo da frente;Engavetamento;Anoitecer;Chuva;Automovel;Lesoes Leves;1;4;3;4;2;1
Condutor deixou de manter distancia do veiculo da frente;Engavetamento;Anoitecer;Chuva;Caminhao;Ileso;2;4;3;4;2;2
Condutor deixou de manter distancia do veiculo da frente;Engavetamento;Anoitecer;Chuva;Caminhao-trator;Ileso;1;4;3;4;2;2
Condutor deixou de manter distancia do veiculo da frente;Engavetamento;Anoitecer;Chuva;Caminhonete;Ileso;1;4;3;4;2;2
Condutor deixou de manter distancia do veiculo da frente;Engavetamento;Anoitecer;Chuva;Caminhonete;Lesoes Leves;1;4;3;4;2;2
Condutor deixou de manter distancia do veiculo da frente;Engavetamento;Anoitecer;Chuva;Motocicleta;Lesoes Leves;1;4;3;4;2;1
Condutor deixou de manter distancia do veiculo da frente;Engavetamento;Anoitecer;Chuva;Utilitario;Ileso;1;4;3;4;2;3
Condutor deixou de manter distancia do veiculo da frente;Engavetamento;Anoitecer;Garoa/Chuvisco;Automovel;Ileso;6;4;3;4;3;1
Condutor deixou de manter distancia do veiculo da frente;Engavetamento;Anoitecer;Garoa/Chuvisco;Automovel;Lesoes Leves;4;4;3;4;3;1
Condutor deixou de manter distancia do veiculo da frente;Engavetamento;Anoitecer;Garoa/Chuvisco;Caminhonete;Ileso;1;4;3;4;3;2
Condutor deixou de manter distancia do veiculo da frente;Engavetamento;Anoitecer;Ignorado;Automovel;Ileso;1;4;3;4;0;1
Condutor deixou de manter distancia do veiculo da frente;Engavetamento;Anoitecer;Ignorado;Caminhao;Ileso;3;4;3;4;0;2
Condutor deixou de manter distancia do veiculo da frente;Engavetamento;Anoitecer;Ignorado;Caminhonete;Ileso;1;4;3;4;0;2
Condutor deixou de manter distancia do veiculo da frente;Engavetamento;Anoitecer;Ignorado;Micro-onibus;Ileso;1;4;3;4;0;4
Condutor deixou de manter distancia do veiculo da frente;Engavetamento;Anoitecer;Nublado;Automovel;Ileso;3;4;3;4;2;1
Condutor deixou de manter distancia do veiculo da frente;Engavetamento;Anoitecer;Nublado;Caminhao;Ileso;2;4;3;4;2;2
Condutor deixou de manter distancia do veiculo da frente;Engavetamento;Anoitecer;Nublado;Motoneta;Lesoes Leves;1;4;3;4;2;3
Condutor deixou de manter distancia do veiculo da frente;Engavetamento;Plena Noite;Ceu Claro;Automovel;Ileso;28;4;3;2;1;1
Condutor deixou de manter distancia do veiculo da frente;Engavetamento;Plena Noite;Ceu Claro;Automovel;Lesoes Leves;4;4;3;2;1;1
Condutor deixou de manter distancia do veiculo da frente;Engavetamento;Plena Noite;Ceu Claro;Caminhao;Ileso;4;4;3;2;1;2
Condutor deixou de manter distancia do veiculo da frente;Engavetamento;Plena Noite;Ceu Claro;Caminhao;Lesoes Leves;2;4;3;2;1;2
Condutor deixou de manter distancia do veiculo da frente;Engavetamento;Plena Noite;Ceu Claro;Caminhao-trator;Ileso;1;4;3;2;1;2
Condutor deixou de manter distancia do veiculo da frente;Engavetamento;Plena Noite;Ceu Claro;Caminhao-trator;Lesoes Leves;1;4;3;2;1;2
Condutor deixou de manter distancia do veiculo da frente;Engavetamento;Plena Noite;Ceu Claro;Caminhonete;Ileso;2;4;3;2;1;2
Condutor deixou de manter distancia do veiculo da frente;Engavetamento;Plena Noite;Ceu Claro;Caminhonete;Lesoes Leves;1;4;3;2;1;2
Condutor deixou de manter distancia do veiculo da frente;Engavetamento;Plena Noite;Ceu Claro;Micro-onibus;Ileso;1;4;3;2;1;4
Condutor deixou de manter distancia do veiculo da frente;Engavetamento;Plena Noite;Ceu Claro;Micro-onibus;Lesoes Leves;1;4;3;2;1;4