causa_acidente;tipo_acidente;fase_dia;condicao_metereologica;tipo_veiculo;estado_fisico;count;causa_acidente_criterios;tipo_acidente_criterios;fase_dia_criterios;condicao_metereologica_criterios;tipo_veiculo_criterios
Condutor deixou de manter distancia do veiculo da frente;Engavetamento;Plena Noite;Ceu Claro;Motocicleta;Ileso;2;4;3;2;1;1
Condutor deixou de manter distancia do veiculo da frente;Engavetamento;Plena Noite;Ceu Claro;Motocicleta;Lesoes Leves;1;4;3;2;1;1
Condutor deixou de manter distancia do veiculo da frente;Engavetamento;Plena Noite;Ceu Claro;Nao Informado;Ileso;2;4;3;2;1;3
Condutor deixou de manter distancia do veiculo da frente;Engavetamento;Plena Noite;Chuva;Automovel;Ileso;11;4;3;2;2;1
Condutor deixou de manter distancia do veiculo da frente;Engavetamento;Plena Noite;Chuva;Automovel;Lesoes Graves;1;4;3;2;2;1
Condutor deixou de manter distancia do veiculo da frente;Engavetamento;Plena Noite;Chuva;Automovel;Lesoes Leves;8;4;3;2;2;1
Condutor deixou de manter distancia do veiculo da frente;Engavetamento;Plena Noite;Chuva;Automovel;Obito;1;4;3;2;2;1
Condutor deixou de manter distancia do veiculo da frente;Engavetamento;Plena Noite;Chuva;Caminhao;Ileso;4;4;3;2;2;2
Condutor deixou de manter distancia do veiculo da frente;Engavetamento;Plena Noite;Chuva;Caminhao-trator;Ileso;1;4;3;2;2;2
Condutor deixou de manter distancia do veiculo da frente;Engavetamento;Plena Noite;Chuva;Caminhonete;Ileso;1;4;3;2;2;2
Condutor deixou de manter distancia do veiculo da frente;Engavetamento;Plena Noite;Chuva;Caminhonete;Lesoes Leves;3;4;3;2;2;2
Condutor deixou de manter distancia do veiculo da frente;Engavetamento;Plena Noite;Chuva;Nao Informado;Ileso;6;4;3;2;2;3
Condutor deixou de manter distancia do veiculo da frente;Engavetamento;Plena Noite;Garoa/Chuvisco;Automovel;Ileso;6;4;3;2;3;1
Condutor deixou de manter distancia do veiculo da frente;Engavetamento;Plena Noite;Garoa/Chuvisco;Caminhao;Ileso;1;4;3;2;3;2
Condutor deixou de manter distancia do veiculo da frente;Engavetamento;Plena Noite;Garoa/Chuvisco;Caminhonete;Ileso;1;4;3;2;3;2
Condutor deixou de manter distancia do veiculo da frente;Engavetamento;Plena Noite;Garoa/Chuvisco;Utilitario;Ileso;1;4;3;2;3;3
Condutor deixou de manter distancia do veiculo da frente;Engavetamento;Plena Noite;Nublado;Automovel;Ileso;16;4;3;2;2;1
Condutor deixou de manter distancia do veiculo da frente;Engavetamento;Plena Noite;Nublado;Automovel;Lesoes Graves;1;4;3;2;2;1
Condutor deixou de manter distancia do veiculo da frente;Engavetamento;Plena Noite;Nublado;Automovel;Lesoes Leves;4;4;3;2;2;1
Condutor deixou de manter distancia do veiculo da frente;Engavetamento;Plena Noite;Nublado;Caminhao;Obito;1;4;3;2;2;2
Condutor deixou de manter distancia do veiculo da frente;Engavetamento;Plena Noite;Nublado;Caminhao-trator;Ileso;4;4;3;2;2;2
Condutor deixou de manter distancia do veiculo da frente;Engavetamento;Plena Noite;Nublado;Caminhonete;Obito;1;4;3;2;2;2
Condutor deixou de manter distancia do veiculo da frente;Engavetamento;Plena Noite;Nublado;Utilitario;Ileso;2;4;3;2;2;3
Condutor deixou de manter distancia do veiculo da frente;Engavetamento;Pleno dia;Ceu Claro;Automovel;Ileso;222;4;3;1;1;1
Condutor deixou de manter distancia do veiculo da frente;Engavetamento;Pleno dia;Ceu Claro;Automovel;Lesoes Graves;8;4;3;1;1;1
Condutor deixou de manter distancia do veiculo da frente;Engavetamento;Pleno dia;Ceu Claro;Automovel;Lesoes Leves;72;4;3;1;1;1
Condutor deixou de manter distancia do veiculo da frente;Engavetamento;Pleno dia;Ceu Claro;Automovel;Obito;7;4;3;1;1;1
Condutor deixou de manter distancia do veiculo da frente;Engavetamento;Pleno dia;Ceu Claro;Caminhao;Ileso;27;4;3;1;1;2
Condutor deixou de manter distancia do veiculo da frente;Engavetamento;Pleno dia;Ceu Claro;Caminhao;Lesoes Leves;4;4;3;1;1;2
Condutor deixou de manter distancia do veiculo da frente;Engavetamento;Pleno dia;Ceu Claro;Caminhao-trator;Ileso;20;4;3;1;1;2
Condutor deixou de manter distancia do veiculo da frente;Engavetamento;Pleno dia;Ceu Claro;Caminhao-trator;Lesoes Graves;2;4;3;1;1;2
Condutor deixou de manter distancia do veiculo da frente;Engavetamento;Pleno dia;Ceu Claro;Caminhao-trator;Lesoes Leves;3;4;3;1;1;2
Condutor deixou de manter distancia do veiculo da frente;Engavetamento;Pleno dia;Ceu Claro;Caminhao-trator;Obito;1;4;3;1;1;2
Condutor deixou de manter distancia do veiculo da frente;Engavetamento;Pleno dia;Ceu Claro;Caminhonete;Ileso;67;4;3;1;1;2
Condutor deixou de manter distancia do veiculo da frente;Engavetamento;Pleno dia;Ceu Claro;Caminhonete;Lesoes Graves;1;4;3;1;1;2
Condutor deixou de manter distancia do veiculo da frente;Engavetamento;Pleno dia;Ceu Claro;Caminhonete;Lesoes Leves;10;4;3;1;1;2
Condutor deixou de manter distancia do veiculo da frente;Engavetamento;Pleno dia;Ceu Claro;Caminhonete;Obito;1;4;3;1;1;2
Condutor deixou de manter distancia do veiculo da frente;Engavetamento;Pleno dia;Ceu Claro;Micro-onibus;Obito;1;4;3;1;1;4
Condutor deixou de manter distancia do veiculo da frente;Engavetamento;Pleno dia;Ceu Claro;Motocicleta;Ileso;3;4;3;1;1;1
Condutor deixou de manter distancia do veiculo da frente;Engavetamento;Pleno dia;Ceu Claro;Motocicleta;Lesoes Graves;5;4;3;1;1;1
Condutor deixou de manter distancia do veiculo da frente;Engavetamento;Pleno dia;Ceu Claro;Motocicleta;Lesoes Leves;20;4;3;1;1;1
Condutor deixou de manter distancia do veiculo da frente;Engavetamento;Pleno dia;Ceu Claro;Motoneta;Lesoes Graves;1;4;3;1;1;3
Condutor deixou de manter distancia do veiculo da frente;Engavetamento;Pleno dia;Ceu Claro;Motoneta;Lesoes Leves;1;4;3;1;1;3
Condutor deixou de manter distancia do veiculo da frente;Engavetamento;Pleno dia;Ceu Claro;Nao Informado;Ileso;20;4;3;1;1;3
Condutor deixou de manter distancia do veiculo da frente;Engavetamento;Pleno dia;Ceu Claro;Nao Informado;Lesoes Leves;6;4;3;1;1;3
Condutor deixou de manter distancia do veiculo da frente;Engavetamento;Pleno dia;Ceu Claro;Onibus;Ileso;7;4;3;1;1;3
Condutor deixou de manter distancia do veiculo da frente;Engavetamento;Pleno dia;Ceu Claro;Onibus;Lesoes Leves;1;4;3;1;1;3
Condutor deixou de manter distancia do veiculo da frente;Engavetamento;Pleno dia;Ceu Claro;Outros;Ileso;1;4;3;1;1;5
Condutor deixou de manter distancia do veiculo da frente;Engavetamento;Pleno dia;Ceu Claro;Utilitario;Ileso;8;4;3;1;1;3
Condutor deixou de manter distancia do veiculo da frente;Engavetamento;Pleno dia;Ceu Claro;Utilitario;Lesoes Leves;1;4;3;1;1;3
Condutor deixou de manter distancia do veiculo da frente;Engavetamento;Pleno dia;Chuva;Automovel;Ileso;24;4;3;1;2;1
Condutor deixou de manter distancia do veiculo da frente;Engavetamento;Pleno dia;Chuva;Automovel;Lesoes Graves;3;4;3;1;2;1
Condutor deixou de manter distancia do veiculo da frente;Engavetamento;Pleno dia;Chuva;Automovel;Lesoes Leves;5;4;3;1;2;1
Condutor deixou de manter distancia do veiculo da frente;Engavetamento;Pleno dia;Chuva;Caminhao;Ileso;2;4;3;1;2;2
Condutor deixou de manter distancia do veiculo da frente;Engavetamento;Pleno dia;Chuva;Caminhao;Lesoes Graves;1;4;3;1;2;2
Condutor deixou de manter distancia do veiculo da frente;Engavetamento;Pleno dia;Chuva;Caminhao;Lesoes Leves;2;4;3;1;2;2
Condutor deixou de manter distancia do veiculo da frente;Engavetamento;Pleno dia;Chuva;Caminhao-trator;Ileso;5;4;3;1;2;2
Condutor deixou de manter distancia do veiculo da frente;Engavetamento;Pleno dia;Chuva;Caminhonete;Ileso;6;4;3;1;2;2
Condutor deixou de manter distancia do veiculo da frente;Engavetamento;Pleno dia;Chuva;Caminhonete;Lesoes Leves;1;4;3;1;2;2
Condutor deixou de manter distancia do veiculo da frente;Engavetamento;Pleno dia;Chuva;Chassi-plataforma;Ileso;1;4;3;1;2;5
Condutor deixou de manter distancia do veiculo da frente;Engavetamento;Pleno dia;Chuva;Chassi-plataforma;Lesoes Graves;1;4;3;1;2;5
Condutor deixou de manter distancia do veiculo da frente;Engavetamento;Pleno dia;Chuva;Motocicleta;Lesoes Leves;4;4;3;1;2;1
Condutor deixou de manter distancia do veiculo da frente;Engavetamento;Pleno dia;Chuva;Nao Informado;Ileso;1;4;3;1;2;3
Condutor deixou de manter distancia do veiculo da frente;Engavetamento;Pleno dia;Garoa/Chuvisco;Automovel;Ileso;17;4;3;1;3;1
Condutor deixou de manter distancia do veiculo da frente;Engavetamento;Pleno dia;Garoa/Chuvisco;Automovel;Lesoes Leves;4;4;3;1;3;1
Condutor deixou de manter distancia do veiculo da frente;Engavetamento;Pleno dia;Garoa/Chuvisco;Caminhao;Ileso;3;4;3;1;3;2
Condutor deixou de manter distancia do veiculo da frente;Engavetamento;Pleno dia;Garoa/Chuvisco;Caminhao;Lesoes Leves;2;4;3;1;3;2
Condutor deixou de manter distancia do veiculo da frente;Engavetamento;Pleno dia;Garoa/Chuvisco;Caminhonete;Ileso;2;4;3;1;3;2
Condutor deixou de manter distancia do veiculo da frente;Engavetamento;Pleno dia;Garoa/Chuvisco;Caminhonete;Lesoes Leves;1;4;3;1;3;2
Condutor deixou de manter distancia do veiculo da frente;Engavetamento;Pleno dia;Garoa/Chuvisco;Motocicleta;Ileso;1;4;3;1;3;1
Condutor deixou de manter distancia do veiculo da frente;Engavetamento;Pleno dia;Garoa/Chuvisco;Motocicleta;Lesoes Leves;2;4;3;1;3;1
Condutor deixou de manter distancia do veiculo da frente;Engavetamento;Pleno dia;Garoa/Chuvisco;Nao Informado;Lesoes Leves;1;4;3;1;3;3
Condutor deixou de manter distancia do veiculo da frente;Engavetamento;Pleno dia;Nublado;Automovel;Ileso;41;4;3;1;2;1
Condutor deixou de manter distancia do veiculo da frente;Engavetamento;Pleno dia;Nublado;Automovel;Lesoes Graves;1;4;3;1;2;1
Condutor deixou de manter distancia do veiculo da frente;Engavetamento;Pleno dia;Nublado;Automovel;Lesoes Leves;13;4;3;1;2;1
Condutor deixou de manter distancia do veiculo da frente;Engavetamento;Pleno dia;Nublado;Caminhao;Ileso;2;4;3;1;2;2
Condutor deixou de manter distancia do veiculo da frente;Engavetamento;Pleno dia;Nublado;Caminhao;Lesoes Leves;1;4;3;1;2;2
Condutor deixou de manter distancia do veiculo da frente;Engavetamento;Pleno dia;Nublado;Caminhao-trator;Ileso;3;4;3;1;2;2
Condutor deixou de manter distancia do veiculo da frente;Engavetamento;Pleno dia;Nublado;Caminhonete;Ileso;3;4;3;1;2;2
Condutor deixou de manter distancia do veiculo da frente;Engavetamento;Pleno dia;Nublado;Caminhonete;Lesoes Graves;2;4;3;1;2;2
Condutor deixou de manter distancia do veiculo da frente;Engavetamento;Pleno dia;Nublado;Caminhonete;Lesoes Leves;1;4;3;1;2;2
Condutor deixou de manter distancia do veiculo da frente;Engavetamento;Pleno dia;Nublado;Motocicleta;Ileso;2;4;3;1;2;1
Condutor deixou de manter distancia do veiculo da frente;Engavetamento;Pleno dia;Nublado;Motocicleta;Lesoes Leves;4;4;3;1;2;1
Condutor deixou de manter distancia do veiculo da frente;Engavetamento;Pleno dia;Nublado;Onibus;Lesoes Leves;1;4;3;1;2;3
Condutor deixou de manter distancia do veiculo da frente;Engavetamento;Pleno dia;Nublado;Utilitario;Ileso;1;4;3;1;2;3
Condutor deixou de manter distancia do veiculo da frente;Engavetamento;Pleno dia;Sol;Automovel;Ileso;47;4;3;1;3;1
Condutor deixou de manter distancia do veiculo da frente;Engavetamento;Pleno dia;Sol;Automovel;Lesoes Leves;18;4;3;1;3;1
Condutor deixou de manter distancia do veiculo da frente;Engavetamento;Pleno dia;Sol;Caminhao-trator;Ileso;2;4;3;1;3;2
Condutor deixou de manter distancia do veiculo da frente;Engavetamento;Pleno dia;Sol;Caminhao-trator;Lesoes Graves;1;4;3;1;3;2
Condutor deixou de manter distancia do veiculo da frente;Engavetamento;Pleno dia;Sol;Caminhao-trator;Lesoes Leves;1;4;3;1;3;2
Condutor deixou de manter distancia do veiculo da frente;Engavetamento;Pleno dia;Sol;Caminhonete;Ileso;15;4;3;1;3;2
Condutor deixou de manter distancia do veiculo da frente;Engavetamento;Pleno dia;Sol;Caminhonete;Lesoes Leves;4;4;3;1;3;2
Condutor deixou de manter distancia do veiculo da frente;Engavetamento;Pleno dia;Sol;Nao Informado;Ileso;4;4;3;1;3;3
Condutor deixou de manter distancia do veiculo da frente;Eventos atipicos;Plena Noite;Ceu Claro;Automovel;Ileso;1;4;2;2;1;1
Condutor deixou de manter distancia do veiculo da frente;Eventos atipicos;Plena Noite;Ceu Claro;Caminhonete;Ileso;1;4;2;2;1;2
Condutor deixou de manter distancia do veiculo da frente;Eventos atipicos;Pleno dia;Ceu Claro;Automovel;Ileso;2;4;2;1;1;1
Condutor deixou de manter distancia do veiculo da frente;Eventos atipicos;Pleno dia;Ceu Claro;Motocicleta;Lesoes Leves;1;4;2;1;1;1
Condutor deixou de manter distancia do veiculo da frente;Incendio;Anoitecer;Ceu Claro;Caminhao-trator;Ileso;1;4;2;4;1;2
Condutor deixou de manter distancia do veiculo da frente;Incendio;Anoitecer;Ceu Claro;Caminhao-trator;Lesoes Leves;1;4;2;4;1;2
Condutor deixou de manter distancia do veiculo da frente;Incendio;Plena Noite;Nublado;Automovel;Ileso;2;4;2;2;2;1
Condutor deixou de manter distancia do veiculo da frente;Incendio;Pleno dia;Ceu Claro;Caminhao-trator;Ileso;1;4;2;1;1;2
Condutor deixou de manter distancia do veiculo da frente;Incendio;Pleno dia;Ceu Claro;Caminhao-trator;Lesoes Leves;1;4;2;1;1;2
Condutor deixou de manter distancia do veiculo da frente;Incendio;Pleno dia;Nublado;Caminhao-trator;Lesoes Leves;1;4;2;1;2;2
Condutor deixou de manter distancia do veiculo da frente;Queda de ocupante de veiculo;Amanhecer;Ceu Claro;Caminhonete;Ileso;1;4;5;4;1;2
Condutor deixou de manter distancia do veiculo da frente;Queda de ocupante de veiculo;Amanhecer;Ceu Claro;Motocicleta;Lesoes Graves;3;4;5;4;1;1
Condutor deixou de manter distancia do veiculo da frente;Queda de ocupante de veiculo;Amanhecer;Ceu Claro;Motocicleta;Lesoes Leves;2;4;5;4;1;1
Condutor deixou de manter distancia do veiculo da frente;Queda de ocupante de veiculo;Amanhecer;Ceu Claro;Motoneta;Lesoes Graves;1;4;5;4;1;3
Condutor deixou de manter distancia do veiculo da frente;Queda de ocupante de veiculo;Amanhecer;Ceu Claro;Motoneta;Lesoes Leves;1;4;5;4;1;3
Condutor deixou de manter distancia do veiculo da frente;Queda de ocupante de veiculo;Amanhecer;Ceu Claro;Nao Informado;Ileso;2;4;5;4;1;3
Condutor deixou de manter distancia do veiculo da frente;Queda de ocupante de veiculo;Amanhecer;Chuva;Automovel;Ileso;1;4;5;4;2;1
Condutor deixou de manter distancia do veiculo da frente;Queda de ocupante de veiculo;Amanhecer;Chuva;Motocicleta;Lesoes Leves;1;4;5;4;2;1
Condutor deixou de manter distancia do veiculo da frente;Queda de ocupante de veiculo;Amanhecer;Ignorado;Motocicleta;Lesoes Graves;1;4;5;4;0;1
Condutor deixou de manter distancia do veiculo da frente;Queda de ocupante de veiculo;Amanhecer;Ignorado;Onibus;Ileso;1;4;5;4;0;3
Condutor deixou de manter distancia do veiculo da frente;Queda de ocupante de veiculo;Amanhecer;Nevoeiro/Neblina;Automovel;Ileso;1;4;5;4;4;1
Condutor deixou de manter distancia do veiculo da frente;Queda de ocupante de veiculo;Amanhecer;Nevoeiro/Neblina;Motocicleta;Lesoes Graves;1;4;5;4;4;1
Condutor deixou de manter distancia do veiculo da frente;Queda de ocupante de veiculo;Amanhecer;Nublado;Automovel;Ileso;6;4;5;4;2;1
Condutor deixou de manter distancia do veiculo da frente;Queda de ocupante de veiculo;Amanhecer;Nublado;Motocicleta;Lesoes Graves;2;4;5;4;2;1
Condutor deixou de manter distancia do veiculo da frente;Queda de ocupante de veiculo;Amanhecer;Nublado;Motocicleta;Lesoes Leves;5;4;5;4;2;1
Condutor deixou de manter distancia do veiculo da frente;Queda de ocupante de veiculo;Amanhecer;Nublado;Motoneta;Lesoes Leves;1;4;5;4;2;3
Condutor deixou de manter distancia do veiculo da frente;Queda de ocupante de veiculo;Amanhecer;Nublado;Motoneta;Obito;2;4;5;4;2;3
Condutor deixou de manter distancia do veiculo da frente;Queda de ocupante de veiculo;Anoitecer;Ceu Claro;Automovel;Ileso;24;4;5;4;1;1
Condutor deixou de manter distancia do veiculo da frente;Queda de ocupante de veiculo;Anoitecer;Ceu Claro;Automovel;Lesoes Graves;1;4;5;4;1;1
Condutor deixou de manter distancia do veiculo da frente;Queda de ocupante de veiculo;Anoitecer;Ceu Claro;Automovel;Lesoes Leves;2;4;5;4;1;1
Condutor deixou de manter distancia do veiculo da frente;Queda de ocupante de veiculo;Anoitecer;Ceu Claro;Caminhao;Ileso;1;4;5;4;1;2
Condutor deixou de manter distancia do veiculo da frente;Queda de ocupante de veiculo;Anoitecer;Ceu Claro;Ciclomotor;Lesoes Leves;1;4;5;4;1;4
Condutor deixou de manter distancia do veiculo da frente;Queda de ocupante de veiculo;Anoitecer;Ceu Claro;Motocicleta;Ileso;5;4;5;4;1;1
Condutor deixou de manter distancia do veiculo da frente;Queda de ocupante de veiculo;Anoitecer;Ceu Claro;Motocicleta;Lesoes Graves;20;4;5;4;1;1
Condutor deixou de manter distancia do veiculo da frente;Queda de ocupante de veiculo;Anoitecer;Ceu Claro;Motocicleta;Lesoes Leves;28;4;5;4;1;1
Condutor deixou de manter distancia do veiculo da frente;Queda de ocupante de veiculo;Anoitecer;Ceu Claro;Motoneta;Lesoes Graves;2;4;5;4;1;3
Condutor deixou de manter distancia do veiculo da frente;Queda de ocupante de veiculo;Anoitecer;Ceu Claro;Motoneta;Lesoes Leves;4;4;5;4;1;3
Condutor deixou de manter distancia do veiculo da frente;Queda de ocupante de veiculo;Anoitecer;Ceu Claro;Nao Informado;Ileso;1;4;5;4;1;3
Condutor deixou de manter distancia do veiculo da frente;Queda de ocupante de veiculo;Anoitecer;Chuva;Automovel;Ileso;1;4;5;4;2;1
Condutor deixou de manter distancia do veiculo da frente;Queda de ocupante de veiculo;Anoitecer;Chuva;Motocicleta;Lesoes Graves;1;4;5;4;2;1
Condutor deixou de manter distancia do veiculo da frente;Queda de ocupante de veiculo;Anoitecer;Chuva;Motocicleta;Lesoes Leves;1;4;5;4;2;1
Condutor deixou de manter distancia do veiculo da frente;Queda de ocupante de veiculo;Anoitecer;Garoa/Chuvisco;Caminhonete;Ileso;1;4;5;4;3;2
Condutor deixou de manter distancia do veiculo da frente;Queda de ocupante de veiculo;Anoitecer;Garoa/Chuvisco;Motocicleta;Lesoes Leves;1;4;5;4;3;1
Condutor deixou de manter distancia do veiculo da frente;Queda de ocupante de veiculo;Anoitecer;Nublado;Automovel;Ileso;8;4;5;4;2;1
Condutor deixou de manter distancia do veiculo da frente;Queda de ocupante de veiculo;Anoitecer;Nublado;Caminhao;Ileso;2;4;5;4;2;2
Condutor deixou de manter distancia do veiculo da frente;Queda de ocupante de veiculo;Anoitecer;Nublado;Caminhonete;Ileso;1;4;5;4;2;2
Condutor deixou de manter distancia do veiculo da frente;Queda de ocupante de veiculo;Anoitecer;Nublado;Motocicleta;Lesoes Leves;10;4;5;4;2;1
Condutor deixou de manter distancia do veiculo da frente;Queda de ocupante de veiculo;Anoitecer;Nublado;Motoneta;Lesoes Leves;2;4;5;4;2;3
Condutor deixou de manter distancia do veiculo da frente;Queda de ocupante de veiculo;Plena Noite;Ceu Claro;Automovel;Ileso;50;4;5;2;1;1
Condutor deixou de manter distancia do veiculo da frente;Queda de ocupante de veiculo;Plena Noite;Ceu Claro;Automovel;Lesoes Leves;4;4;5;2;1;1
Condutor deixou de manter distancia do veiculo da frente;Queda de ocupante de veiculo;Plena Noite;Ceu Claro;Bicicleta;Lesoes Graves;2;4;5;2;1;3
Condutor deixou de manter distancia do veiculo da frente;Queda de ocupante de veiculo;Plena Noite;Ceu Claro;Bicicleta;Lesoes Leves;1;4;5;2;1;3
Condutor deixou de manter distancia do veiculo da frente;Queda de ocupante de veiculo;Plena Noite;Ceu Claro;Bicicleta;Obito;1;4;5;2;1;3
Condutor deixou de manter distancia do veiculo da frente;Queda de ocupante de veiculo;Plena Noite;Ceu Claro;Caminhao;Ileso;4;4;5;2;1;2
Condutor deixou de manter distancia do veiculo da frente;Queda de ocupante de veiculo;Plena Noite;Ceu Claro;Caminhao-trator;Ileso;4;4;5;2;1;2
Condutor deixou de manter distancia do veiculo da frente;Queda de ocupante de veiculo;Plena Noite;Ceu Claro;Caminhao-trator;Lesoes Graves;1;4;5;2;1;2
Condutor deixou de manter distancia do veiculo da frente;Queda de ocupante de veiculo;Plena Noite;Ceu Claro;Caminhao-trator;Lesoes Leves;1;4;5;2;1;2
Condutor deixou de manter distancia do veiculo da frente;Queda de ocupante de veiculo;Plena Noite;Ceu Claro;Caminhao-trator;Obito;1;4;5;2;1;2
Condutor deixou de manter distancia do veiculo da frente;Queda de ocupante de veiculo;Plena Noite;Ceu Claro;Caminhonete;Ileso;16;4;5;2;1;2
Condutor deixou de manter distancia do veiculo da frente;Queda de ocupante de veiculo;Plena Noite;Ceu Claro;Ciclomotor;Lesoes Graves;2;4;5;2;1;4
Condutor deixou de manter distancia do veiculo da frente;Queda de ocupante de veiculo;Plena Noite;Ceu Claro;Ciclomotor;Obito;2;4;5;2;1;4
Condutor deixou de manter distancia do veiculo da frente;Queda de ocupante de veiculo;Plena Noite;Ceu Claro;Motocicleta;Ileso;7;4;5;2;1;1
Condutor deixou de manter distancia do veiculo da frente;Queda de ocupante de veiculo;Plena Noite;Ceu Claro;Motocicleta;Lesoes Graves;29;4;5;2;1;1
Condutor deixou de manter distancia do veiculo da frente;Queda de ocupante de veiculo;Plena Noite;Ceu Claro;Motocicleta;Lesoes Leves;73;4;5;2;1;1
Condutor deixou de manter distancia do veiculo da frente;Queda de ocupante de veiculo;Plena Noite;Ceu Claro;Motocicleta;Obito;6;4;5;2;1;1
Condutor deixou de manter distancia do veiculo da frente;Queda de ocupante de veiculo;Plena Noite;Ceu Claro;Motoneta;Ileso;3;4;5;2;1;3
Condutor deixou de manter distancia do veiculo da frente;Queda de ocupante de veiculo;Plena Noite;Ceu Claro;Motoneta;Lesoes Leves;10;4;5;2;1;3
Condutor deixou de manter distancia do veiculo da frente;Queda de ocupante de veiculo;Plena Noite;Ceu Claro;Motoneta;Obito;3;4;5;2;1;3
Condutor deixou de manter distancia do veiculo da frente;Queda de ocupante de veiculo;Plena Noite;Ceu Claro;Nao Informado;Ileso;3;4;5;2;1;3
Condutor deixou de manter distancia do veiculo da frente;Queda de ocupante de veiculo;Plena Noite;Ceu Claro;Nao Informado;Lesoes Leves;1;4;5;2;1;3
Condutor deixou de manter distancia do veiculo da frente;Queda de ocupante de veiculo;Plena Noite;Ceu Claro;Onibus;Ileso;2;4;5;2;1;3
Condutor deixou de manter distancia do veiculo da frente;Queda de ocupante de veiculo;Plena Noite;Ceu Claro;Utilitario;Ileso;1;4;5;2;1;3
Condutor deixou de manter distancia do veiculo da frente;Queda de ocupante de veiculo;Plena Noite;Chuva;Automovel;Ileso;11;4;5;2;2;1
Condutor deixou de manter distancia do veiculo da frente;Queda de ocupante de veiculo;Plena Noite;Chuva;Caminhonete;Ileso;1;4;5;2;2;2
Condutor deixou de manter distancia do veiculo da frente;Queda de ocupante de veiculo;Plena Noite;Chuva;Micro-onibus;Ileso;1;4;5;2;2;4
Condutor deixou de manter distancia do veiculo da frente;Queda de ocupante de veiculo;Plena Noite;Chuva;Motocicleta;Ileso;2;4;5;2;2;1
Condutor deixou de manter distancia do veiculo da frente;Queda de ocupante de veiculo;Plena Noite;Chuva;Motocicleta;Lesoes Graves;4;4;5;2;2;1
Condutor deixou de manter distancia do veiculo da frente;Queda de ocupante de veiculo;Plena Noite;Chuva;Motocicleta;Lesoes Leves;10;4;5;2;2;1
Condutor deixou de manter distancia do veiculo da frente;Queda de ocupante de veiculo;Plena Noite;Chuva;Motocicleta;Obito;2;4;5;2;2;1
Condutor deixou de manter distancia do veiculo da frente;Queda de ocupante de veiculo;Plena Noite;Chuva;Motoneta;Lesoes Graves;1;4;5;2;2;3
Condutor deixou de manter distancia do veiculo da frente;Queda de ocupante de veiculo;Plena Noite;Garoa/Chuvisco;Automovel;Ileso;4;4;5;2;3;1
Condutor deixou de manter distancia do veiculo da frente;Queda de ocupante de veiculo;Plena Noite;Garoa/Chuvisco;Automovel;Lesoes Leves;1;4;5;2;3;1
Condutor deixou de manter distancia do veiculo da frente;Queda de ocupante de veiculo;Plena Noite;Garoa/Chuvisco;Motocicleta;Ileso;1;4;5;2;3;1