causa_acidente;tipo_acidente;fase_dia;condicao_metereologica;tipo_veiculo;estado_fisico;count;causa_acidente_criterios;tipo_acidente_criterios;fase_dia_criterios;condicao_metereologica_criterios;tipo_veiculo_criterios
Condutor deixou de manter distancia do veiculo da frente;Tombamento;Pleno dia;Nublado;Nao Informado;Ileso;2;4;5;1;2;3
Condutor deixou de manter distancia do veiculo da frente;Tombamento;Pleno dia;Nublado;Onibus;Ileso;1;4;5;1;2;3
Condutor deixou de manter distancia do veiculo da frente;Tombamento;Pleno dia;Nublado;Utilitario;Ileso;3;4;5;1;2;3
Condutor deixou de manter distancia do veiculo da frente;Tombamento;Pleno dia;Sol;Automovel;Ileso;27;4;5;1;3;1
Condutor deixou de manter distancia do veiculo da frente;Tombamento;Pleno dia;Sol;Automovel;Lesoes Leves;1;4;5;1;3;1
Condutor deixou de manter distancia do veiculo da frente;Tombamento;Pleno dia;Sol;Caminhao;Ileso;4;4;5;1;3;2
Condutor deixou de manter distancia do veiculo da frente;Tombamento;Pleno dia;Sol;Caminhao-trator;Ileso;1;4;5;1;3;2
Condutor deixou de manter distancia do veiculo da frente;Tombamento;Pleno dia;Sol;Caminhao-trator;Lesoes Leves;3;4;5;1;3;2
Condutor deixou de manter distancia do veiculo da frente;Tombamento;Pleno dia;Sol;Caminhonete;Ileso;9;4;5;1;3;2
Condutor deixou de manter distancia do veiculo da frente;Tombamento;Pleno dia;Sol;Motocicleta;Ileso;3;4;5;1;3;1
Condutor deixou de manter distancia do veiculo da frente;Tombamento;Pleno dia;Sol;Motocicleta;Lesoes Graves;13;4;5;1;3;1
Condutor deixou de manter distancia do veiculo da frente;Tombamento;Pleno dia;Sol;Motocicleta;Lesoes Leves;32;4;5;1;3;1
Condutor deixou de manter distancia do veiculo da frente;Tombamento;Pleno dia;Sol;Motocicleta;Obito;1;4;5;1;3;1
Condutor deixou de manter distancia do veiculo da frente;Tombamento;Pleno dia;Sol;Motoneta;Ileso;1;4;5;1;3;3
Condutor deixou de manter distancia do veiculo da frente;Tombamento;Pleno dia;Sol;Motoneta;Lesoes Leves;4;4;5;1;3;3
Condutor deixou de manter distancia do veiculo da frente;Tombamento;Pleno dia;Sol;Nao Informado;Ileso;2;4;5;1;3;3
Condutor deixou de manter distancia do veiculo da frente;Tombamento;Pleno dia;Sol;Onibus;Ileso;1;4;5;1;3;3
Condutor desrespeitou a iluminacao vermelha do semaforo;Atropelamento de Pedestre;Plena Noite;Ceu Claro;Caminhonete;Ileso;1;1;4;2;1;2
Condutor desrespeitou a iluminacao vermelha do semaforo;Atropelamento de Pedestre;Plena Noite;Ceu Claro;Nao se aplica;Lesoes Graves;1;1;4;2;1;3
Condutor desrespeitou a iluminacao vermelha do semaforo;Colisao com objeto;Pleno dia;Ceu Claro;Automovel;Ileso;1;1;5;1;1;1
Condutor desrespeitou a iluminacao vermelha do semaforo;Colisao com objeto;Pleno dia;Ceu Claro;Automovel;Lesoes Leves;3;1;5;1;1;1
Condutor desrespeitou a iluminacao vermelha do semaforo;Colisao frontal;Anoitecer;Chuva;Motocicleta;Ileso;2;1;5;4;2;1
Condutor desrespeitou a iluminacao vermelha do semaforo;Colisao frontal;Anoitecer;Chuva;Motocicleta;Lesoes Leves;2;1;5;4;2;1
Condutor desrespeitou a iluminacao vermelha do semaforo;Colisao frontal;Pleno dia;Ceu Claro;Automovel;Ileso;4;1;5;1;1;1
Condutor desrespeitou a iluminacao vermelha do semaforo;Colisao frontal;Pleno dia;Ceu Claro;Automovel;Lesoes Leves;1;1;5;1;1;1
Condutor desrespeitou a iluminacao vermelha do semaforo;Colisao frontal;Pleno dia;Ceu Claro;Caminhao;Ileso;2;1;5;1;1;2
Condutor desrespeitou a iluminacao vermelha do semaforo;Colisao transversal;Amanhecer;Ceu Claro;Automovel;Ileso;1;1;5;4;1;1
Condutor desrespeitou a iluminacao vermelha do semaforo;Colisao transversal;Amanhecer;Ceu Claro;Automovel;Lesoes Leves;1;1;5;4;1;1
Condutor desrespeitou a iluminacao vermelha do semaforo;Colisao transversal;Amanhecer;Ceu Claro;Caminhonete;Lesoes Leves;1;1;5;4;1;2
Condutor desrespeitou a iluminacao vermelha do semaforo;Colisao transversal;Amanhecer;Ceu Claro;Motocicleta;Lesoes Graves;1;1;5;4;1;1
Condutor desrespeitou a iluminacao vermelha do semaforo;Colisao transversal;Amanhecer;Ceu Claro;Motocicleta;Lesoes Leves;2;1;5;4;1;1
Condutor desrespeitou a iluminacao vermelha do semaforo;Colisao transversal;Anoitecer;Ceu Claro;Automovel;Ileso;3;1;5;4;1;1
Condutor desrespeitou a iluminacao vermelha do semaforo;Colisao transversal;Anoitecer;Ceu Claro;Ciclomotor;Lesoes Leves;1;1;5;4;1;4
Condutor desrespeitou a iluminacao vermelha do semaforo;Colisao transversal;Anoitecer;Ceu Claro;Motocicleta;Lesoes Graves;2;1;5;4;1;1
Condutor desrespeitou a iluminacao vermelha do semaforo;Colisao transversal;Anoitecer;Ceu Claro;Motoneta;Lesoes Leves;1;1;5;4;1;3
Condutor desrespeitou a iluminacao vermelha do semaforo;Colisao transversal;Plena Noite;Ceu Claro;Automovel;Ileso;9;1;5;2;1;1
Condutor desrespeitou a iluminacao vermelha do semaforo;Colisao transversal;Plena Noite;Ceu Claro;Automovel;Lesoes Leves;2;1;5;2;1;1
Condutor desrespeitou a iluminacao vermelha do semaforo;Colisao transversal;Plena Noite;Ceu Claro;Caminhao-trator;Ileso;1;1;5;2;1;2
Condutor desrespeitou a iluminacao vermelha do semaforo;Colisao transversal;Plena Noite;Ceu Claro;Caminhonete;Lesoes Leves;3;1;5;2;1;2
Condutor desrespeitou a iluminacao vermelha do semaforo;Colisao transversal;Plena Noite;Ceu Claro;Ciclomotor;Lesoes Graves;1;1;5;2;1;4
Condutor desrespeitou a iluminacao vermelha do semaforo;Colisao transversal;Plena Noite;Ceu Claro;Motocicleta;Lesoes Graves;7;1;5;2;1;1
Condutor desrespeitou a iluminacao vermelha do semaforo;Colisao transversal;Plena Noite;Ceu Claro;Motocicleta;Lesoes Leves;6;1;5;2;1;1
Condutor desrespeitou a iluminacao vermelha do semaforo;Colisao transversal;Plena Noite;Ceu Claro;Motocicleta;Obito;1;1;5;2;1;1
Condutor desrespeitou a iluminacao vermelha do semaforo;Colisao transversal;Plena Noite;Ceu Claro;Motoneta;Lesoes Graves;2;1;5;2;1;3
Condutor desrespeitou a iluminacao vermelha do semaforo;Colisao transversal;Plena Noite;Ceu Claro;Motoneta;Lesoes Leves;1;1;5;2;1;3
Condutor desrespeitou a iluminacao vermelha do semaforo;Colisao transversal;Plena Noite;Ceu Claro;Nao Informado;Ileso;4;1;5;2;1;3
Condutor desrespeitou a iluminacao vermelha do semaforo;Colisao transversal;Plena Noite;Ceu Claro;Onibus;Ileso;1;1;5;2;1;3
Condutor desrespeitou a iluminacao vermelha do semaforo;Colisao transversal;Plena Noite;Chuva;Automovel;Ileso;3;1;5;2;2;1
Condutor desrespeitou a iluminacao vermelha do semaforo;Colisao transversal;Plena Noite;Chuva;Bicicleta;Lesoes Leves;1;1;5;2;2;3
Condutor desrespeitou a iluminacao vermelha do semaforo;Colisao transversal;Plena Noite;Chuva;Motocicleta;Lesoes Graves;1;1;5;2;2;1
Condutor desrespeitou a iluminacao vermelha do semaforo;Colisao transversal;Plena Noite;Chuva;Motocicleta;Lesoes Leves;2;1;5;2;2;1
Condutor desrespeitou a iluminacao vermelha do semaforo;Colisao transversal;Plena Noite;Garoa/Chuvisco;Automovel;Ileso;1;1;5;2;3;1
Condutor desrespeitou a iluminacao vermelha do semaforo;Colisao transversal;Plena Noite;Garoa/Chuvisco;Motocicleta;Lesoes Leves;1;1;5;2;3;1
Condutor desrespeitou a iluminacao vermelha do semaforo;Colisao transversal;Plena Noite;Nublado;Automovel;Ileso;2;1;5;2;2;1
Condutor desrespeitou a iluminacao vermelha do semaforo;Colisao transversal;Plena Noite;Nublado;Motocicleta;Lesoes Leves;3;1;5;2;2;1
Condutor desrespeitou a iluminacao vermelha do semaforo;Colisao transversal;Pleno dia;Ceu Claro;Automovel;Ileso;32;1;5;1;1;1
Condutor desrespeitou a iluminacao vermelha do semaforo;Colisao transversal;Pleno dia;Ceu Claro;Automovel;Lesoes Graves;1;1;5;1;1;1
Condutor desrespeitou a iluminacao vermelha do semaforo;Colisao transversal;Pleno dia;Ceu Claro;Automovel;Lesoes Leves;6;1;5;1;1;1
Condutor desrespeitou a iluminacao vermelha do semaforo;Colisao transversal;Pleno dia;Ceu Claro;Caminhao;Ileso;6;1;5;1;1;2
Condutor desrespeitou a iluminacao vermelha do semaforo;Colisao transversal;Pleno dia;Ceu Claro;Caminhao-trator;Ileso;4;1;5;1;1;2
Condutor desrespeitou a iluminacao vermelha do semaforo;Colisao transversal;Pleno dia;Ceu Claro;Caminhonete;Ileso;3;1;5;1;1;2
Condutor desrespeitou a iluminacao vermelha do semaforo;Colisao transversal;Pleno dia;Ceu Claro;Caminhonete;Lesoes Leves;4;1;5;1;1;2
Condutor desrespeitou a iluminacao vermelha do semaforo;Colisao transversal;Pleno dia;Ceu Claro;Ciclomotor;Lesoes Leves;2;1;5;1;1;4
Condutor desrespeitou a iluminacao vermelha do semaforo;Colisao transversal;Pleno dia;Ceu Claro;Micro-onibus;Ileso;1;1;5;1;1;4
Condutor desrespeitou a iluminacao vermelha do semaforo;Colisao transversal;Pleno dia;Ceu Claro;Motocicleta;Ileso;3;1;5;1;1;1
Condutor desrespeitou a iluminacao vermelha do semaforo;Colisao transversal;Pleno dia;Ceu Claro;Motocicleta;Lesoes Graves;8;1;5;1;1;1
Condutor desrespeitou a iluminacao vermelha do semaforo;Colisao transversal;Pleno dia;Ceu Claro;Motocicleta;Lesoes Leves;17;1;5;1;1;1
Condutor desrespeitou a iluminacao vermelha do semaforo;Colisao transversal;Pleno dia;Ceu Claro;Motoneta;Lesoes Graves;2;1;5;1;1;3
Condutor desrespeitou a iluminacao vermelha do semaforo;Colisao transversal;Pleno dia;Ceu Claro;Motoneta;Lesoes Leves;2;1;5;1;1;3
Condutor desrespeitou a iluminacao vermelha do semaforo;Colisao transversal;Pleno dia;Ceu Claro;Motoneta;Obito;1;1;5;1;1;3
Condutor desrespeitou a iluminacao vermelha do semaforo;Colisao transversal;Pleno dia;Ceu Claro;Utilitario;Ileso;1;1;5;1;1;3
Condutor desrespeitou a iluminacao vermelha do semaforo;Colisao transversal;Pleno dia;Ceu Claro;Utilitario;Lesoes Leves;1;1;5;1;1;3
Condutor desrespeitou a iluminacao vermelha do semaforo;Colisao transversal;Pleno dia;Chuva;Automovel;Ileso;1;1;5;1;2;1
Condutor desrespeitou a iluminacao vermelha do semaforo;Colisao transversal;Pleno dia;Chuva;Automovel;Lesoes Leves;1;1;5;1;2;1
Condutor desrespeitou a iluminacao vermelha do semaforo;Colisao transversal;Pleno dia;Chuva;Caminhao;Ileso;1;1;5;1;2;2
Condutor desrespeitou a iluminacao vermelha do semaforo;Colisao transversal;Pleno dia;Chuva;Micro-onibus;Ileso;1;1;5;1;2;4
Condutor desrespeitou a iluminacao vermelha do semaforo;Colisao transversal;Pleno dia;Chuva;Motocicleta;Lesoes Graves;2;1;5;1;2;1
Condutor desrespeitou a iluminacao vermelha do semaforo;Colisao transversal;Pleno dia;Chuva;Motocicleta;Lesoes Leves;1;1;5;1;2;1
Condutor desrespeitou a iluminacao vermelha do semaforo;Colisao transversal;Pleno dia;Garoa/Chuvisco;Automovel;Ileso;2;1;5;1;3;1
Condutor desrespeitou a iluminacao vermelha do semaforo;Colisao transversal;Pleno dia;Nublado;Automovel;Ileso;4;1;5;1;2;1
Condutor desrespeitou a iluminacao vermelha do semaforo;Colisao transversal;Pleno dia;Nublado;Caminhao-trator;Ileso;2;1;5;1;2;2
Condutor desrespeitou a iluminacao vermelha do semaforo;Colisao transversal;Pleno dia;Nublado;Motocicleta;Lesoes Leves;4;1;5;1;2;1
Condutor desrespeitou a iluminacao vermelha do semaforo;Colisao transversal;Pleno dia;Nublado;Motoneta;Lesoes Graves;2;1;5;1;2;3
Condutor desrespeitou a iluminacao vermelha do semaforo;Colisao transversal;Pleno dia;Sol;Automovel;Ileso;2;1;5;1;3;1
Condutor desrespeitou a iluminacao vermelha do semaforo;Colisao transversal;Pleno dia;Sol;Automovel;Lesoes Leves;2;1;5;1;3;1
Condutor desrespeitou a iluminacao vermelha do semaforo;Colisao transversal;Pleno dia;Sol;Caminhonete;Ileso;1;1;5;1;3;2
Condutor desrespeitou a iluminacao vermelha do semaforo;Colisao transversal;Pleno dia;Sol;Motocicleta;Lesoes Graves;4;1;5;1;3;1
Condutor desrespeitou a iluminacao vermelha do semaforo;Colisao transversal;Pleno dia;Sol;Motocicleta;Lesoes Leves;7;1;5;1;3;1
Condutor desrespeitou a iluminacao vermelha do semaforo;Colisao transversal;Pleno dia;Sol;Motoneta;Lesoes Graves;1;1;5;1;3;3
Condutor desrespeitou a iluminacao vermelha do semaforo;Colisao traseira;Plena Noite;Ceu Claro;Automovel;Ileso;1;1;5;2;1;1
Condutor desrespeitou a iluminacao vermelha do semaforo;Colisao traseira;Plena Noite;Ceu Claro;Motocicleta;Lesoes Leves;1;1;5;2;1;1
Condutor desrespeitou a iluminacao vermelha do semaforo;Colisao traseira;Pleno dia;Nublado;Automovel;Lesoes Leves;1;1;5;1;2;1
Condutor desrespeitou a iluminacao vermelha do semaforo;Colisao traseira;Pleno dia;Nublado;Caminhao-trator;Ileso;1;1;5;1;2;2
Condutor desrespeitou a iluminacao vermelha do semaforo;Engavetamento;Pleno dia;Ceu Claro;Caminhao;Ileso;1;1;3;1;1;2
Condutor desrespeitou a iluminacao vermelha do semaforo;Engavetamento;Pleno dia;Ceu Claro;Caminhonete;Ileso;1;1;3;1;1;2
Condutor desrespeitou a iluminacao vermelha do semaforo;Engavetamento;Pleno dia;Ceu Claro;Micro-onibus;Obito;1;1;3;1;1;4
Condutor desrespeitou a iluminacao vermelha do semaforo;Engavetamento;Pleno dia;Ceu Claro;Motocicleta;Ileso;1;1;3;1;1;1
Condutor desrespeitou a iluminacao vermelha do semaforo;Queda de ocupante de veiculo;Amanhecer;Ceu Claro;Caminhonete;Lesoes Leves;1;1;5;4;1;2
Condutor desrespeitou a iluminacao vermelha do semaforo;Queda de ocupante de veiculo;Amanhecer;Ceu Claro;Motocicleta;Lesoes Graves;1;1;5;4;1;1
Condutor desrespeitou a iluminacao vermelha do semaforo;Queda de ocupante de veiculo;Anoitecer;Ceu Claro;Automovel;Ileso;2;1;5;4;1;1
Condutor desrespeitou a iluminacao vermelha do semaforo;Queda de ocupante de veiculo;Anoitecer;Ceu Claro;Motocicleta;Lesoes Graves;2;1;5;4;1;1
Condutor desrespeitou a iluminacao vermelha do semaforo;Queda de ocupante de veiculo;Anoitecer;Ceu Claro;Motoneta;Lesoes Leves;1;1;5;4;1;3
Condutor desrespeitou a iluminacao vermelha do semaforo;Queda de ocupante de veiculo;Anoitecer;Chuva;Motocicleta;Ileso;2;1;5;4;2;1
Condutor desrespeitou a iluminacao vermelha do semaforo;Queda de ocupante de veiculo;Anoitecer;Chuva;Motocicleta;Lesoes Leves;2;1;5;4;2;1
Condutor desrespeitou a iluminacao vermelha do semaforo;Queda de ocupante de veiculo;Plena Noite;Ceu Claro;Automovel;Ileso;5;1;5;2;1;1
Condutor desrespeitou a iluminacao vermelha do semaforo;Queda de ocupante de veiculo;Plena Noite;Ceu Claro;Caminhao-trator;Ileso;1;1;5;2;1;2
Condutor desrespeitou a iluminacao vermelha do semaforo;Queda de ocupante de veiculo;Plena Noite;Ceu Claro;Ciclomotor;Lesoes Graves;1;1;5;2;1;4
Condutor desrespeitou a iluminacao vermelha do semaforo;Queda de ocupante de veiculo;Plena Noite;Ceu Claro;Motocicleta;Lesoes Graves;4;1;5;2;1;1
Condutor desrespeitou a iluminacao vermelha do semaforo;Queda de ocupante de veiculo;Plena Noite;Ceu Claro;Motocicleta;Lesoes Leves;4;1;5;2;1;1
Condutor desrespeitou a iluminacao vermelha do semaforo;Queda de ocupante de veiculo;Plena Noite;Ceu Claro;Motocicleta;Obito;1;1;5;2;1;1
Condutor desrespeitou a iluminacao vermelha do semaforo;Queda de ocupante de veiculo;Plena Noite;Ceu Claro;Motoneta;Lesoes Graves;2;1;5;2;1;3
Condutor desrespeitou a iluminacao vermelha do semaforo;Queda de ocupante de veiculo;Plena Noite;Ceu Claro;Motoneta;Lesoes Leves;1;1;5;2;1;3
Condutor desrespeitou a iluminacao vermelha do semaforo;Queda de ocupante de veiculo;Plena Noite;Ceu Claro;Nao Informado;Ileso;4;1;5;2;1;3
Condutor desrespeitou a iluminacao vermelha do semaforo;Queda de ocupante de veiculo;Plena Noite;Chuva;Automovel;Ileso;1;1;5;2;2;1
Condutor desrespeitou a iluminacao vermelha do semaforo;Queda de ocupante de veiculo;Plena Noite;Chuva;Motocicleta;Lesoes Graves;1;1;5;2;2;1
Condutor desrespeitou a iluminacao vermelha do semaforo;Queda de ocupante de veiculo;Plena Noite;Chuva;Motocicleta;Lesoes Leves;1;1;5;2;2;1
Condutor desrespeitou a iluminacao vermelha do semaforo;Queda de ocupante de veiculo;Plena Noite;Garoa/Chuvisco;Automovel;Ileso;1;1;5;2;3;1
Condutor desrespeitou a iluminacao vermelha do semaforo;Queda de ocupante de veiculo;Plena Noite;Garoa/Chuvisco;Motocicleta;Lesoes Leves;1;1;5;2;3;1
Condutor desrespeitou a iluminacao vermelha do semaforo;Queda de ocupante de veiculo;Plena Noite;Nublado;Automovel;Ileso;1;1;5;2;2;1
Condutor desrespeitou a iluminacao vermelha do semaforo;Queda de ocupante de veiculo;Plena Noite;Nublado;Motocicleta;Lesoes Leves;2;1;5;2;2;1
Condutor desrespeitou a iluminacao vermelha do semaforo;Queda de ocupante de veiculo;Pleno dia;Ceu Claro;Automovel;Ileso;8;1;5;1;1;1
Condutor desrespeitou a iluminacao vermelha do semaforo;Queda de ocupante de veiculo;Pleno dia;Ceu Claro;Caminhao;Ileso;5;1;5;1;1;2
Condutor desrespeitou a iluminacao vermelha do semaforo;Queda de ocupante de veiculo;Pleno dia;Ceu Claro;Caminhonete;Ileso;3;1;5;1;1;2
Condutor desrespeitou a iluminacao vermelha do semaforo;Queda de ocupante de veiculo;Pleno dia;Ceu Claro;Caminhonete;Lesoes Leves;1;1;5;1;1;2
Condutor desrespeitou a iluminacao vermelha do semaforo;Queda de ocupante de veiculo;Pleno dia;Ceu Claro;Ciclomotor;Lesoes Leves;2;1;5;1;1;4
Condutor desrespeitou a iluminacao vermelha do semaforo;Queda de ocupante de veiculo;Pleno dia;Ceu Claro;Micro-onibus;Obito;1;1;5;1;1;4
Condutor desrespeitou a iluminacao vermelha do semaforo;Queda de ocupante de veiculo;Pleno dia;Ceu Claro;Motocicleta;Ileso;3;1;5;1;1;1
Condutor desrespeitou a iluminacao vermelha do semaforo;Queda de ocupante de veiculo;Pleno dia;Ceu Claro;Motocicleta;Lesoes Graves;5;1;5;1;1;1
Condutor desrespeitou a iluminacao vermelha do semaforo;Queda de ocupante de veiculo;Pleno dia;Ceu Claro;Motocicleta;Lesoes Leves;9;1;5;1;1;1
Condutor desrespeitou a iluminacao vermelha do semaforo;Queda de ocupante de veiculo;Pleno dia;Ceu Claro;Motoneta;Lesoes Graves;1;1;5;1;1;3
Condutor desrespeitou a iluminacao vermelha do semaforo;Queda de ocupante de veiculo;Pleno dia;Ceu Claro;Motoneta;Lesoes Leves;1;1;5;1;1;3
Condutor desrespeitou a iluminacao vermelha do semaforo;Queda de ocupante de veiculo;Pleno dia;Ceu Claro;Motoneta;Obito;1;1;5;1;1;3
Condutor desrespeitou a iluminacao vermelha do semaforo;Queda de ocupante de veiculo;Pleno dia;Chuva;Micro-onibus;Ileso;1;1;5;1;2;4
Condutor desrespeitou a iluminacao vermelha do semaforo;Queda de ocupante de veiculo;Pleno dia;Chuva;Motocicleta;Lesoes Graves;1;1;5;1;2;1
Condutor desrespeitou a iluminacao vermelha do semaforo;Queda de ocupante de veiculo;Pleno dia;Chuva;Motocicleta;Lesoes Leves;1;1;5;1;2;1
Condutor desrespeitou a iluminacao vermelha do semaforo;Queda de ocupante de veiculo;Pleno dia;Nublado;Motocicleta;Lesoes Leves;4;1;5;1;2;1
Condutor desrespeitou a iluminacao vermelha do semaforo;Queda de ocupante de veiculo;Pleno dia;Sol;Motocicleta;Lesoes Graves;2;1;5;1;3;1
Condutor desrespeitou a iluminacao vermelha do semaforo;Queda de ocupante de veiculo;Pleno dia;Sol;Motocicleta;Lesoes Leves;3;1;5;1;3;1
Condutor desrespeitou a iluminacao vermelha do semaforo;Saida de leito carrocavel;Amanhecer;Ceu Claro;Caminhonete;Lesoes Leves;1;1;5;4;1;2
Condutor desrespeitou a iluminacao vermelha do semaforo;Saida de leito carrocavel;Amanhecer;Ceu Claro;Motocicleta;Lesoes Graves;1;1;5;4;1;1
Condutor desrespeitou a iluminacao vermelha do semaforo;Saida de leito carrocavel;Pleno dia;Ceu Claro;Caminhao-trator;Ileso;1;1;5;1;1;2
Condutor desrespeitou a iluminacao vermelha do semaforo;Saida de leito carrocavel;Pleno dia;Ceu Claro;Utilitario;Ileso;1;1;5;1;1;3
Condutor desrespeitou a iluminacao vermelha do semaforo;Saida de leito carrocavel;Pleno dia;Ceu Claro;Utilitario;Lesoes Leves;1;1;5;1;1;3
Condutor desrespeitou a iluminacao vermelha do semaforo;Tombamento;Amanhecer;Ceu Claro;Caminhonete;Lesoes Leves;1;1;5;4;1;2
Condutor desrespeitou a iluminacao vermelha do semaforo;Tombamento;Amanhecer;Ceu Claro;Motocicleta;Lesoes Graves;1;1;5;4;1;1
Condutor desrespeitou a iluminacao vermelha do semaforo;Tombamento;Anoitecer;Ceu Claro;Automovel;Ileso;2;1;5;4;1;1
Condutor desrespeitou a iluminacao vermelha do semaforo;Tombamento;Anoitecer;Ceu Claro;Motocicleta;Lesoes Graves;2;1;5;4;1;1
Condutor desrespeitou a iluminacao vermelha do semaforo;Tombamento;Anoitecer;Ceu Claro;Motoneta;Lesoes Leves;1;1;5;4;1;3
Condutor desrespeitou a iluminacao vermelha do semaforo;Tombamento;Anoitecer;Chuva;Motocicleta;Ileso;2;1;5;4;2;1
Condutor desrespeitou a iluminacao vermelha do semaforo;Tombamento;Anoitecer;Chuva;Motocicleta;Lesoes Leves;2;1;5;4;2;1
Condutor desrespeitou a iluminacao vermelha do semaforo;Tombamento;Plena Noite;Ceu Claro;Automovel;Ileso;5;1;5;2;1;1
Condutor desrespeitou a iluminacao vermelha do semaforo;Tombamento;Plena Noite;Ceu Claro;Caminhao-trator;Ileso;1;1;5;2;1;2
Condutor desrespeitou a iluminacao vermelha do semaforo;Tombamento;Plena Noite;Ceu Claro;Ciclomotor;Lesoes Graves;1;1;5;2;1;4
Condutor desrespeitou a iluminacao vermelha do semaforo;Tombamento;Plena Noite;Ceu Claro;Motocicleta;Lesoes Graves;4;1;5;2;1;1
Condutor desrespeitou a iluminacao vermelha do semaforo;Tombamento;Plena Noite;Ceu Claro;Motocicleta;Lesoes Leves;4;1;5;2;1;1
Condutor desrespeitou a iluminacao vermelha do semaforo;Tombamento;Plena Noite;Ceu Claro;Motocicleta;Obito;1;1;5;2;1;1
Condutor desrespeitou a iluminacao vermelha do semaforo;Tombamento;Plena Noite;Ceu Claro;Motoneta;Lesoes Graves;2;1;5;2;1;3
Condutor desrespeitou a iluminacao vermelha do semaforo;Tombamento;Plena Noite;Ceu Claro;Motoneta;Lesoes Leves;1;1;5;2;1;3
Condutor desrespeitou a iluminacao vermelha do semaforo;Tombamento;Plena Noite;Ceu Claro;Nao Informado;Ileso;4;1;5;2;1;3
Condutor desrespeitou a iluminacao vermelha do semaforo;Tombamento;Plena Noite;Chuva;Automovel;Ileso;1;1;5;2;2;1
Condutor desrespeitou a iluminacao vermelha do semaforo;Tombamento;Plena Noite;Chuva;Motocicleta;Lesoes Graves;1;1;5;2;2;1
Condutor desrespeitou a iluminacao vermelha do semaforo;Tombamento;Plena Noite;Chuva;Motocicleta;Lesoes Leves;1;1;5;2;2;1
Condutor desrespeitou a iluminacao vermelha do semaforo;Tombamento;Plena Noite;Garoa/Chuvisco;Automovel;Ileso;1;1;5;2;3;1
Condutor desrespeitou a iluminacao vermelha do semaforo;Tombamento;Plena Noite;Garoa/Chuvisco;Motocicleta;Lesoes Leves;1;1;5;2;3;1
Condutor desrespeitou a iluminacao vermelha do semaforo;Tombamento;Plena Noite;Nublado;Automovel;Ileso;1;1;5;2;2;1
Condutor desrespeitou a iluminacao vermelha do semaforo;Tombamento;Plena Noite;Nublado;Motocicleta;Lesoes Leves;2;1;5;2;2;1
Condutor desrespeitou a iluminacao vermelha do semaforo;Tombamento;Pleno dia;Ceu Claro;Automovel;Ileso;7;1;5;1;1;1
Condutor desrespeitou a iluminacao vermelha do semaforo;Tombamento;Pleno dia;Ceu Claro;Caminhao;Ileso;5;1;5;1;1;2
Condutor desrespeitou a iluminacao vermelha do semaforo;Tombamento;Pleno dia;Ceu Claro;Caminhonete;Ileso;2;1;5;1;1;2
Condutor desrespeitou a iluminacao vermelha do semaforo;Tombamento;Pleno dia;Ceu Claro;Ciclomotor;Lesoes Leves;2;1;5;1;1;4
Condutor desrespeitou a iluminacao vermelha do semaforo;Tombamento;Pleno dia;Ceu Claro;Micro-onibus;Obito;1;1;5;1;1;4
Condutor desrespeitou a iluminacao vermelha do semaforo;Tombamento;Pleno dia;Ceu Claro;Motocicleta;Ileso;3;1;5;1;1;1
Condutor desrespeitou a iluminacao vermelha do semaforo;Tombamento;Pleno dia;Ceu Claro;Motocicleta;Lesoes Graves;3;1;5;1;1;1
Condutor desrespeitou a iluminacao vermelha do semaforo;Tombamento;Pleno dia;Ceu Claro;Motocicleta;Lesoes Leves;9;1;5;1;1;1
Condutor desrespeitou a iluminacao vermelha do semaforo;Tombamento;Pleno dia;Ceu Claro;Motoneta;Lesoes Graves;1;1;5;1;1;3
Condutor desrespeitou a iluminacao vermelha do semaforo;Tombamento;Pleno dia;Ceu Claro;Motoneta;Lesoes Leves;1;1;5;1;1;3
Condutor desrespeitou a iluminacao vermelha do semaforo;Tombamento;Pleno dia;Ceu Claro;Motoneta;Obito;1;1;5;1;1;3
Condutor desrespeitou a iluminacao vermelha do semaforo;Tombamento;Pleno dia;Nublado;Motocicleta;Lesoes Leves;4;1;5;1;2;1
Condutor desrespeitou a iluminacao vermelha do semaforo;Tombamento;Pleno dia;Sol;Motocicleta;Lesoes Graves;2;1;5;1;3;1