causa_acidente;tipo_acidente;fase_dia;condicao_metereologica;tipo_veiculo;estado_fisico;count;causa_acidente_criterios;tipo_acidente_criterios;fase_dia_criterios;condicao_metereologica_criterios;tipo_veiculo_criterios
Condutor nao acionou o farol baixo durante o dia em rodovias de pista simples;Colisao transversal;Pleno dia;Ceu Claro;Automovel;Lesoes Leves;1;1;5;1;1;1
Condutor nao acionou o farol baixo durante o dia em rodovias de pista simples;Colisao transversal;Pleno dia;Ceu Claro;Motocicleta;Lesoes Leves;1;1;5;1;1;1
Condutor usando celular;Atropelamento de Animal;Plena Noite;Nublado;Caminhonete;Ileso;1;2;2;2;2;2
Condutor usando celular;Atropelamento de Animal;Plena Noite;Nublado;Caminhonete;Lesoes Leves;1;2;2;2;2;2
Condutor usando celular;Atropelamento de Pedestre;Plena Noite;Ceu Claro;Caminhonete;Ileso;1;2;4;2;1;2
Condutor usando celular;Atropelamento de Pedestre;Plena Noite;Ceu Claro;Nao se aplica;Lesoes Leves;1;2;4;2;1;3
Condutor usando celular;Atropelamento de Pedestre;Plena Noite;Ceu Claro;Nao se aplica;Obito;1;2;4;2;1;3
Condutor usando celular;Atropelamento de Pedestre;Plena Noite;Nublado;Nao se aplica;Lesoes Graves;1;2;4;2;2;3
Condutor usando celular;Atropelamento de Pedestre;Plena Noite;Nublado;Onibus;Ileso;25;2;4;2;2;3
Condutor usando celular;Atropelamento de Pedestre;Pleno dia;Ceu Claro;Caminhao-trator;Ileso;1;2;4;1;1;2
Condutor usando celular;Atropelamento de Pedestre;Pleno dia;Ceu Claro;Nao se aplica;Obito;1;2;4;1;1;3
Condutor usando celular;Atropelamento de Pedestre;Pleno dia;Nublado;Automovel;Ileso;1;2;4;1;2;1
Condutor usando celular;Atropelamento de Pedestre;Pleno dia;Nublado;Nao se aplica;Lesoes Graves;1;2;4;1;2;3
Condutor usando celular;Capotamento;Amanhecer;Ceu Claro;Nao Informado;Ileso;1;2;5;4;1;3
Condutor usando celular;Capotamento;Amanhecer;Ceu Claro;Nao Informado;Lesoes Leves;5;2;5;4;1;3
Condutor usando celular;Capotamento;Amanhecer;Nevoeiro/Neblina;Nao Informado;Ileso;1;2;5;4;4;3
Condutor usando celular;Capotamento;Amanhecer;Nevoeiro/Neblina;Nao Informado;Lesoes Leves;1;2;5;4;4;3
Condutor usando celular;Capotamento;Plena Noite;Ceu Claro;Automovel;Ileso;3;2;5;2;1;1
Condutor usando celular;Capotamento;Plena Noite;Ceu Claro;Automovel;Lesoes Graves;1;2;5;2;1;1
Condutor usando celular;Capotamento;Plena Noite;Ceu Claro;Automovel;Lesoes Leves;3;2;5;2;1;1
Condutor usando celular;Capotamento;Plena Noite;Ceu Claro;Caminhao;Ileso;2;2;5;2;1;2
Condutor usando celular;Capotamento;Plena Noite;Ceu Claro;Caminhao;Obito;1;2;5;2;1;2
Condutor usando celular;Capotamento;Plena Noite;Ceu Claro;Caminhao-trator;Ileso;1;2;5;2;1;2
Condutor usando celular;Capotamento;Plena Noite;Ceu Claro;Caminhonete;Lesoes Graves;2;2;5;2;1;2
Condutor usando celular;Capotamento;Plena Noite;Ceu Claro;Caminhonete;Lesoes Leves;2;2;5;2;1;2
Condutor usando celular;Capotamento;Plena Noite;Chuva;Automovel;Lesoes Graves;1;2;5;2;2;1
Condutor usando celular;Capotamento;Plena Noite;Nublado;Automovel;Ileso;1;2;5;2;2;1
Condutor usando celular;Capotamento;Plena Noite;Nublado;Automovel;Lesoes Graves;3;2;5;2;2;1
Condutor usando celular;Capotamento;Plena Noite;Nublado;Automovel;Lesoes Leves;2;2;5;2;2;1
Condutor usando celular;Capotamento;Plena Noite;Nublado;Caminhao;Lesoes Graves;1;2;5;2;2;2
Condutor usando celular;Capotamento;Plena Noite;Nublado;Nao Informado;Lesoes Leves;4;2;5;2;2;3
Condutor usando celular;Capotamento;Pleno dia;Ceu Claro;Automovel;Ileso;2;2;5;1;1;1
Condutor usando celular;Capotamento;Pleno dia;Ceu Claro;Automovel;Lesoes Graves;1;2;5;1;1;1
Condutor usando celular;Capotamento;Pleno dia;Ceu Claro;Automovel;Lesoes Leves;5;2;5;1;1;1
Condutor usando celular;Capotamento;Pleno dia;Ceu Claro;Caminhao-trator;Obito;1;2;5;1;1;2
Condutor usando celular;Capotamento;Pleno dia;Ceu Claro;Caminhonete;Ileso;3;2;5;1;1;2
Condutor usando celular;Capotamento;Pleno dia;Ceu Claro;Caminhonete;Lesoes Leves;2;2;5;1;1;2
Condutor usando celular;Capotamento;Pleno dia;Garoa/Chuvisco;Caminhonete;Ileso;2;2;5;1;3;2
Condutor usando celular;Capotamento;Pleno dia;Garoa/Chuvisco;Caminhonete;Lesoes Leves;1;2;5;1;3;2
Condutor usando celular;Capotamento;Pleno dia;Garoa/Chuvisco;Motocicleta;Lesoes Leves;1;2;5;1;3;1
Condutor usando celular;Capotamento;Pleno dia;Ignorado;Automovel;Lesoes Leves;1;2;5;1;0;1
Condutor usando celular;Capotamento;Pleno dia;Nublado;Automovel;Lesoes Leves;2;2;5;1;2;1
Condutor usando celular;Capotamento;Pleno dia;Nublado;Caminhao-trator;Ileso;1;2;5;1;2;2
Condutor usando celular;Capotamento;Pleno dia;Sol;Automovel;Ileso;1;2;5;1;3;1
Condutor usando celular;Capotamento;Pleno dia;Sol;Caminhao;Lesoes Graves;1;2;5;1;3;2
Condutor usando celular;Capotamento;Pleno dia;Sol;Caminhao;Obito;1;2;5;1;3;2
Condutor usando celular;Colisao com objeto;Amanhecer;Ceu Claro;Caminhonete;Obito;1;2;5;4;1;2
Condutor usando celular;Colisao com objeto;Amanhecer;Ceu Claro;Nao Informado;Ileso;1;2;5;4;1;3
Condutor usando celular;Colisao com objeto;Amanhecer;Ceu Claro;Nao Informado;Lesoes Leves;5;2;5;4;1;3
Condutor usando celular;Colisao com objeto;Amanhecer;Nevoeiro/Neblina;Nao Informado;Ileso;1;2;5;4;4;3
Condutor usando celular;Colisao com objeto;Amanhecer;Nevoeiro/Neblina;Nao Informado;Lesoes Leves;1;2;5;4;4;3
Condutor usando celular;Colisao com objeto;Anoitecer;Ceu Claro;Motocicleta;Lesoes Leves;1;2;5;4;1;1
Condutor usando celular;Colisao com objeto;Plena Noite;Ceu Claro;Automovel;Ileso;5;2;5;2;1;1
Condutor usando celular;Colisao com objeto;Plena Noite;Ceu Claro;Automovel;Lesoes Graves;1;2;5;2;1;1
Condutor usando celular;Colisao com objeto;Plena Noite;Ceu Claro;Automovel;Lesoes Leves;2;2;5;2;1;1
Condutor usando celular;Colisao com objeto;Plena Noite;Ceu Claro;Caminhao;Ileso;2;2;5;2;1;2
Condutor usando celular;Colisao com objeto;Plena Noite;Ceu Claro;Caminhao;Lesoes Graves;1;2;5;2;1;2
Condutor usando celular;Colisao com objeto;Plena Noite;Ceu Claro;Caminhao;Obito;1;2;5;2;1;2
Condutor usando celular;Colisao com objeto;Plena Noite;Ceu Claro;Caminhonete;Lesoes Graves;2;2;5;2;1;2
Condutor usando celular;Colisao com objeto;Plena Noite;Ceu Claro;Caminhonete;Lesoes Leves;2;2;5;2;1;2
Condutor usando celular;Colisao com objeto;Plena Noite;Chuva;Automovel;Ileso;3;2;5;2;2;1
Condutor usando celular;Colisao com objeto;Plena Noite;Chuva;Automovel;Lesoes Graves;2;2;5;2;2;1
Condutor usando celular;Colisao com objeto;Plena Noite;Chuva;Onibus;Ileso;15;2;5;2;2;3
Condutor usando celular;Colisao com objeto;Plena Noite;Chuva;Onibus;Lesoes Graves;20;2;5;2;2;3
Condutor usando celular;Colisao com objeto;Plena Noite;Chuva;Onibus;Obito;1;2;5;2;2;3
Condutor usando celular;Colisao com objeto;Plena Noite;Nublado;Automovel;Ileso;1;2;5;2;2;1
Condutor usando celular;Colisao com objeto;Plena Noite;Nublado;Automovel;Lesoes Graves;1;2;5;2;2;1
Condutor usando celular;Colisao com objeto;Plena Noite;Nublado;Automovel;Lesoes Leves;2;2;5;2;2;1
Condutor usando celular;Colisao com objeto;Plena Noite;Nublado;Caminhao;Lesoes Graves;1;2;5;2;2;2
Condutor usando celular;Colisao com objeto;Plena Noite;Nublado;Caminhao-trator;Lesoes Leves;1;2;5;2;2;2
Condutor usando celular;Colisao com objeto;Plena Noite;Nublado;Motocicleta;Obito;1;2;5;2;2;1
Condutor usando celular;Colisao com objeto;Pleno dia;Ceu Claro;Automovel;Ileso;5;2;5;1;1;1
Condutor usando celular;Colisao com objeto;Pleno dia;Ceu Claro;Automovel;Lesoes Graves;3;2;5;1;1;1
Condutor usando celular;Colisao com objeto;Pleno dia;Ceu Claro;Automovel;Lesoes Leves;3;2;5;1;1;1
Condutor usando celular;Colisao com objeto;Pleno dia;Ceu Claro;Caminhao-trator;Ileso;1;2;5;1;1;2
Condutor usando celular;Colisao com objeto;Pleno dia;Ceu Claro;Caminhao-trator;Lesoes Leves;1;2;5;1;1;2
Condutor usando celular;Colisao com objeto;Pleno dia;Ceu Claro;Onibus;Ileso;10;2;5;1;1;3
Condutor usando celular;Colisao com objeto;Pleno dia;Ceu Claro;Onibus;Lesoes Leves;6;2;5;1;1;3
Condutor usando celular;Colisao com objeto;Pleno dia;Chuva;Automovel;Ileso;1;2;5;1;2;1
Condutor usando celular;Colisao com objeto;Pleno dia;Chuva;Automovel;Lesoes Leves;1;2;5;1;2;1
Condutor usando celular;Colisao com objeto;Pleno dia;Garoa/Chuvisco;Caminhonete;Ileso;2;2;5;1;3;2
Condutor usando celular;Colisao com objeto;Pleno dia;Garoa/Chuvisco;Caminhonete;Lesoes Leves;1;2;5;1;3;2
Condutor usando celular;Colisao com objeto;Pleno dia;Garoa/Chuvisco;Motocicleta;Lesoes Leves;1;2;5;1;3;1
Condutor usando celular;Colisao com objeto;Pleno dia;Nublado;Automovel;Ileso;5;2;5;1;2;1
Condutor usando celular;Colisao com objeto;Pleno dia;Nublado;Automovel;Lesoes Leves;4;2;5;1;2;1
Condutor usando celular;Colisao com objeto;Pleno dia;Nublado;Caminhao;Ileso;1;2;5;1;2;2
Condutor usando celular;Colisao com objeto;Pleno dia;Nublado;Caminhao-trator;Ileso;3;2;5;1;2;2
Condutor usando celular;Colisao com objeto;Pleno dia;Nublado;Caminhao-trator;Lesoes Leves;1;2;5;1;2;2
Condutor usando celular;Colisao com objeto;Pleno dia;Nublado;Motocicleta;Obito;2;2;5;1;2;1
Condutor usando celular;Colisao com objeto;Pleno dia;Nublado;Motoneta;Obito;1;2;5;1;2;3
Condutor usando celular;Colisao com objeto;Pleno dia;Nublado;Onibus;Ileso;2;2;5;1;2;3
Condutor usando celular;Colisao com objeto;Pleno dia;Sol;Automovel;Lesoes Graves;1;2;5;1;3;1
Condutor usando celular;Colisao com objeto;Pleno dia;Sol;Caminhao;Lesoes Graves;1;2;5;1;3;2
Condutor usando celular;Colisao com objeto;Pleno dia;Sol;Caminhao;Obito;1;2;5;1;3;2
Condutor usando celular;Colisao com objeto;Pleno dia;Sol;Caminhao-trator;Lesoes Graves;1;2;5;1;3;2
Condutor usando celular;Colisao frontal;Amanhecer;Ceu Claro;Caminhao-trator;Obito;2;2;5;4;1;2
Condutor usando celular;Colisao frontal;Plena Noite;Ignorado;Automovel;Lesoes Leves;1;2;5;2;0;1
Condutor usando celular;Colisao frontal;Plena Noite;Ignorado;Caminhao-trator;Ileso;1;2;5;2;0;2
Condutor usando celular;Colisao frontal;Plena Noite;Nublado;Automovel;Ileso;2;2;5;2;2;1
Condutor usando celular;Colisao frontal;Plena Noite;Nublado;Automovel;Lesoes Graves;2;2;5;2;2;1
Condutor usando celular;Colisao frontal;Plena Noite;Nublado;Bicicleta;Lesoes Graves;1;2;5;2;2;3
Condutor usando celular;Colisao frontal;Plena Noite;Nublado;Motocicleta;Lesoes Leves;2;2;5;2;2;1
Condutor usando celular;Colisao frontal;Plena Noite;Nublado;Motocicleta;Obito;1;2;5;2;2;1
Condutor usando celular;Colisao frontal;Plena Noite;Nublado;Nao Informado;Lesoes Leves;4;2;5;2;2;3
Condutor usando celular;Colisao frontal;Pleno dia;Ceu Claro;Automovel;Ileso;1;2;5;1;1;1
Condutor usando celular;Colisao frontal;Pleno dia;Ceu Claro;Automovel;Lesoes Graves;2;2;5;1;1;1
Condutor usando celular;Colisao frontal;Pleno dia;Ceu Claro;Automovel;Lesoes Leves;2;2;5;1;1;1
Condutor usando celular;Colisao frontal;Pleno dia;Ceu Claro;Automovel;Obito;1;2;5;1;1;1
Condutor usando celular;Colisao frontal;Pleno dia;Ceu Claro;Caminhao;Ileso;1;2;5;1;1;2
Condutor usando celular;Colisao frontal;Pleno dia;Ceu Claro;Caminhao;Lesoes Leves;1;2;5;1;1;2
Condutor usando celular;Colisao frontal;Pleno dia;Ceu Claro;Caminhao-trator;Ileso;1;2;5;1;1;2
Condutor usando celular;Colisao frontal;Pleno dia;Ceu Claro;Caminhonete;Lesoes Graves;5;2;5;1;1;2
Condutor usando celular;Colisao frontal;Pleno dia;Ceu Claro;Caminhonete;Lesoes Leves;1;2;5;1;1;2
Condutor usando celular;Colisao frontal;Pleno dia;Ceu Claro;Caminhonete;Obito;1;2;5;1;1;2
Condutor usando celular;Colisao frontal;Pleno dia;Ceu Claro;Nao Informado;Ileso;1;2;5;1;1;3
Condutor usando celular;Colisao frontal;Pleno dia;Ceu Claro;Onibus;Ileso;9;2;5;1;1;3
Condutor usando celular;Colisao frontal;Pleno dia;Ceu Claro;Onibus;Lesoes Graves;1;2;5;1;1;3
Condutor usando celular;Colisao frontal;Pleno dia;Ceu Claro;Onibus;Lesoes Leves;5;2;5;1;1;3
Condutor usando celular;Colisao frontal;Pleno dia;Chuva;Caminhao-trator;Lesoes Leves;1;2;5;1;2;2
Condutor usando celular;Colisao frontal;Pleno dia;Chuva;Utilitario;Lesoes Graves;1;2;5;1;2;3
Condutor usando celular;Colisao frontal;Pleno dia;Nublado;Caminhao-trator;Ileso;1;2;5;1;2;2
Condutor usando celular;Colisao frontal;Pleno dia;Nublado;Motoneta;Obito;1;2;5;1;2;3
Condutor usando celular;Colisao frontal;Pleno dia;Sol;Caminhao;Ileso;1;2;5;1;3;2
Condutor usando celular;Colisao frontal;Pleno dia;Sol;Caminhonete;Obito;2;2;5;1;3;2
Condutor usando celular;Colisao lateral mesmo sentido;Plena Noite;Ceu Claro;Automovel;Ileso;2;2;5;2;1;1
Condutor usando celular;Colisao lateral mesmo sentido;Plena Noite;Ceu Claro;Motocicleta;Lesoes Leves;3;2;5;2;1;1
Condutor usando celular;Colisao lateral mesmo sentido;Pleno dia;Ceu Claro;Caminhao-trator;Lesoes Graves;1;2;5;1;1;2
Condutor usando celular;Colisao lateral mesmo sentido;Pleno dia;Ceu Claro;Caminhao-trator;Lesoes Leves;1;2;5;1;1;2
Condutor usando celular;Colisao lateral mesmo sentido;Pleno dia;Ceu Claro;Caminhonete;Ileso;2;2;5;1;1;2
Condutor usando celular;Colisao lateral mesmo sentido;Pleno dia;Ceu Claro;Motocicleta;Lesoes Graves;1;2;5;1;1;1
Condutor usando celular;Colisao lateral mesmo sentido;Pleno dia;Garoa/Chuvisco;Caminhonete;Ileso;2;2;5;1;3;2
Condutor usando celular;Colisao lateral mesmo sentido;Pleno dia;Garoa/Chuvisco;Caminhonete;Lesoes Leves;1;2;5;1;3;2
Condutor usando celular;Colisao lateral mesmo sentido;Pleno dia;Garoa/Chuvisco;Motocicleta;Lesoes Leves;1;2;5;1;3;1
Condutor usando celular;Colisao lateral mesmo sentido;Pleno dia;Ignorado;Caminhao;Ileso;2;2;5;1;0;2
Condutor usando celular;Colisao lateral mesmo sentido;Pleno dia;Ignorado;Caminhao;Lesoes Leves;1;2;5;1;0;2
Condutor usando celular;Colisao lateral mesmo sentido;Pleno dia;Ignorado;Caminhao-trator;Ileso;1;2;5;1;0;2
Condutor usando celular;Colisao lateral mesmo sentido;Pleno dia;Ignorado;Caminhao-trator;Lesoes Leves;1;2;5;1;0;2
Condutor usando celular;Colisao lateral mesmo sentido;Pleno dia;Ignorado;Caminhao-trator;Obito;1;2;5;1;0;2
Condutor usando celular;Colisao lateral mesmo sentido;Pleno dia;Nublado;Automovel;Ileso;2;2;5;1;2;1
Condutor usando celular;Colisao lateral mesmo sentido;Pleno dia;Nublado;Automovel;Lesoes Leves;1;2;5;1;2;1
Condutor usando celular;Colisao lateral mesmo sentido;Pleno dia;Nublado;Caminhao-trator;Ileso;1;2;5;1;2;2
Condutor usando celular;Colisao lateral mesmo sentido;Pleno dia;Nublado;Caminhonete;Ileso;1;2;5;1;2;2
Condutor usando celular;Colisao lateral mesmo sentido;Pleno dia;Nublado;Motocicleta;Lesoes Leves;1;2;5;1;2;1
Condutor usando celular;Colisao lateral sentido oposto;Amanhecer;Ceu Claro;Automovel;Lesoes Graves;1;2;4;4;1;1
Condutor usando celular;Colisao lateral sentido oposto;Amanhecer;Ceu Claro;Caminhao-trator;Ileso;1;2;4;4;1;2
Condutor usando celular;Colisao lateral sentido oposto;Pleno dia;Ceu Claro;Caminhao-trator;Obito;1;2;4;1;1;2
Condutor usando celular;Colisao lateral sentido oposto;Pleno dia;Ceu Claro;Caminhonete;Ileso;1;2;4;1;1;2
Condutor usando celular;Colisao lateral sentido oposto;Pleno dia;Nublado;Automovel;Ileso;4;2;4;1;2;1
Condutor usando celular;Colisao lateral sentido oposto;Pleno dia;Nublado;Automovel;Lesoes Leves;2;2;4;1;2;1
Condutor usando celular;Colisao lateral sentido oposto;Pleno dia;Nublado;Caminhao;Ileso;1;2;4;1;2;2
Condutor usando celular;Colisao lateral sentido oposto;Pleno dia;Nublado;Motocicleta;Lesoes Graves;2;2;4;1;2;1
Condutor usando celular;Colisao transversal;Plena Noite;Ceu Claro;Automovel;Ileso;1;2;5;2;1;1
Condutor usando celular;Colisao transversal;Plena Noite;Ceu Claro;Caminhao;Ileso;2;2;5;2;1;2
Condutor usando celular;Colisao transversal;Plena Noite;Ceu Claro;Caminhao;Obito;1;2;5;2;1;2
Condutor usando celular;Colisao transversal;Plena Noite;Ceu Claro;Caminhonete;Lesoes Graves;2;2;5;2;1;2
Condutor usando celular;Colisao transversal;Plena Noite;Ceu Claro;Caminhonete;Lesoes Leves;2;2;5;2;1;2
Condutor usando celular;Colisao transversal;Plena Noite;Ceu Claro;Ciclomotor;Lesoes Graves;1;2;5;2;1;4
Condutor usando celular;Colisao transversal;Plena Noite;Nublado;Automovel;Ileso;2;2;5;2;2;1
Condutor usando celular;Colisao transversal;Plena Noite;Nublado;Motocicleta;Lesoes Leves;1;2;5;2;2;1
Condutor usando celular;Colisao transversal;Pleno dia;Ceu Claro;Automovel;Ileso;7;2;5;1;1;1
Condutor usando celular;Colisao transversal;Pleno dia;Ceu Claro;Automovel;Lesoes Leves;1;2;5;1;1;1
Condutor usando celular;Colisao transversal;Pleno dia;Ceu Claro;Automovel;Obito;2;2;5;1;1;1
Condutor usando celular;Colisao transversal;Pleno dia;Ceu Claro;Caminhao;Ileso;1;2;5;1;1;2
Condutor usando celular;Colisao transversal;Pleno dia;Ceu Claro;Motocicleta;Lesoes Leves;2;2;5;1;1;1
Condutor usando celular;Colisao transversal;Pleno dia;Nublado;Motoneta;Lesoes Leves;1;2;5;1;2;3
Condutor usando celular;Colisao transversal;Pleno dia;Nublado;Nao Informado;Ileso;1;2;5;1;2;3
Condutor usando celular;Colisao transversal;Pleno dia;Sol;Automovel;Lesoes Leves;4;2;5;1;3;1
Condutor usando celular;Colisao transversal;Pleno dia;Sol;Caminhonete;Lesoes Leves;1;2;5;1;3;2
Condutor usando celular;Colisao traseira;Amanhecer;Chuva;Caminhao;Lesoes Leves;3;2;5;4;2;2
Condutor usando celular;Colisao traseira;Amanhecer;Chuva;Caminhao-trator;Ileso;1;2;5;4;2;2
Condutor usando celular;Colisao traseira;Amanhecer;Nublado;Automovel;Ileso;1;2;5;4;2;1
Condutor usando celular;Colisao traseira;Amanhecer;Nublado;Automovel;Lesoes Leves;1;2;5;4;2;1
Condutor usando celular;Colisao traseira;Amanhecer;Nublado;Caminhao-trator;Ileso;1;2;5;4;2;2
Condutor usando celular;Colisao traseira;Amanhecer;Nublado;Motocicleta;Lesoes Leves;1;2;5;4;2;1
Condutor usando celular;Colisao traseira;Anoitecer;Nublado;Caminhonete;Ileso;1;2;5;4;2;2
Condutor usando celular;Colisao traseira;Anoitecer;Nublado;Utilitario;Lesoes Leves;1;2;5;4;2;3
Condutor usando celular;Colisao traseira;Plena Noite;Ceu Claro;Automovel;Ileso;4;2;5;2;1;1
Condutor usando celular;Colisao traseira;Plena Noite;Ceu Claro;Automovel;Lesoes Graves;1;2;5;2;1;1
Condutor usando celular;Colisao traseira;Plena Noite;Ceu Claro;Automovel;Lesoes Leves;7;2;5;2;1;1
Condutor usando celular;Colisao traseira;Plena Noite;Ceu Claro;Caminhao;Ileso;1;2;5;2;1;2
Condutor usando celular;Colisao traseira;Plena Noite;Ceu Claro;Caminhao;Obito;1;2;5;2;1;2
Condutor usando celular;Colisao traseira;Plena Noite;Ceu Claro;Caminhao-trator;Ileso;4;2;5;2;1;2
Condutor usando celular;Colisao traseira;Plena Noite;Ceu Claro;Caminhao-trator;Lesoes Leves;1;2;5;2;1;2
Condutor usando celular;Colisao traseira;Plena Noite;Ceu Claro;Caminhonete;Ileso;2;2;5;2;1;2
Condutor usando celular;Colisao traseira;Plena Noite;Ceu Claro;Motocicleta;Lesoes Graves;1;2;5;2;1;1
Condutor usando celular;Colisao traseira;Plena Noite;Ceu Claro;Motocicleta;Lesoes Leves;2;2;5;2;1;1
Condutor usando celular;Colisao traseira;Plena Noite;Ceu Claro;Nao Informado;Lesoes Graves;1;2;5;2;1;3
Condutor usando celular;Colisao traseira;Plena Noite;Ceu Claro;Onibus;Lesoes Graves;1;2;5;2;1;3
Condutor usando celular;Colisao traseira;Plena Noite;Chuva;Automovel;Ileso;7;2;5;2;2;1
Condutor usando celular;Colisao traseira;Plena Noite;Chuva;Motocicleta;Lesoes Leves;3;2;5;2;2;1
Condutor usando celular;Colisao traseira;Plena Noite;Garoa/Chuvisco;Caminhao-trator;Ileso;1;2;5;2;3;2
Condutor usando celular;Colisao traseira;Plena Noite;Garoa/Chuvisco;Caminhao-trator;Lesoes Leves;1;2;5;2;3;2
Condutor usando celular;Colisao traseira;Plena Noite;Nublado;Caminhao-trator;Ileso;1;2;5;2;2;2
Condutor usando celular;Colisao traseira;Plena Noite;Nublado;Motocicleta;Lesoes Leves;2;2;5;2;2;1
Condutor usando celular;Colisao traseira;Plena Noite;Nublado;Motocicleta;Obito;1;2;5;2;2;1
Condutor usando celular;Colisao traseira;Pleno dia;Ceu Claro;Automovel;Ileso;9;2;5;1;1;1
Condutor usando celular;Colisao traseira;Pleno dia;Ceu Claro;Automovel;Lesoes Graves;1;2;5;1;1;1
Condutor usando celular;Colisao traseira;Pleno dia;Ceu Claro;Automovel;Lesoes Leves;10;2;5;1;1;1
Condutor usando celular;Colisao traseira;Pleno dia;Ceu Claro;Caminhao;Lesoes Graves;2;2;5;1;1;2
Condutor usando celular;Colisao traseira;Pleno dia;Ceu Claro;Caminhao;Lesoes Leves;1;2;5;1;1;2
Condutor usando celular;Colisao traseira;Pleno dia;Ceu Claro;Caminhao;Obito;1;2;5;1;1;2
Condutor usando celular;Colisao traseira;Pleno dia;Ceu Claro;Caminhao-trator;Ileso;10;2;5;1;1;2
Condutor usando celular;Colisao traseira;Pleno dia;Ceu Claro;Caminhao-trator;Lesoes Leves;1;2;5;1;1;2
Condutor usando celular;Colisao traseira;Pleno dia;Ceu Claro;Caminhonete;Ileso;6;2;5;1;1;2
Condutor usando celular;Colisao traseira;Pleno dia;Ceu Claro;Caminhonete;Lesoes Leves;1;2;5;1;1;2
Condutor usando celular;Colisao traseira;Pleno dia;Ceu Claro;Caminhonete;Obito;1;2;5;1;1;2
Condutor usando celular;Colisao traseira;Pleno dia;Ceu Claro;Motocicleta;Lesoes Leves;5;2;5;1;1;1
Condutor usando celular;Colisao traseira;Pleno dia;Ceu Claro;Motocicleta;Obito;1;2;5;1;1;1
Condutor usando celular;Colisao traseira;Pleno dia;Ceu Claro;Nao Informado;Ileso;4;2;5;1;1;3
Condutor usando celular;Colisao traseira;Pleno dia;Ceu Claro;Onibus;Ileso;10;2;5;1;1;3
Condutor usando celular;Colisao traseira;Pleno dia;Ceu Claro;Onibus;Lesoes Graves;2;2;5;1;1;3
Condutor usando celular;Colisao traseira;Pleno dia;Ceu Claro;Onibus;Lesoes Leves;5;2;5;1;1;3
Condutor usando celular;Colisao traseira;Pleno dia;Ceu Claro;Outros;Ileso;1;2;5;1;1;5
Condutor usando celular;Colisao traseira;Pleno dia;Chuva;Automovel;Ileso;1;2;5;1;2;1
Condutor usando celular;Colisao traseira;Pleno dia;Chuva;Automovel;Lesoes Graves;1;2;5;1;2;1
Condutor usando celular;Colisao traseira;Pleno dia;Chuva;Caminhao;Ileso;1;2;5;1;2;2
Condutor usando celular;Colisao traseira;Pleno dia;Chuva;Caminhao-trator;Ileso;1;2;5;1;2;2
Condutor usando celular;Colisao traseira;Pleno dia;Nublado;Automovel;Ileso;2;2;5;1;2;1
Condutor usando celular;Colisao traseira;Pleno dia;Nublado;Automovel;Lesoes Leves;2;2;5;1;2;1
Condutor usando celular;Colisao traseira;Pleno dia;Nublado;Caminhao-trator;Ileso;1;2;5;1;2;2
Condutor usando celular;Colisao traseira;Pleno dia;Nublado;Caminhao-trator;Lesoes Leves;1;2;5;1;2;2
Condutor usando celular;Colisao traseira;Pleno dia;Nublado;Onibus;Lesoes Leves;1;2;5;1;2;3
Condutor usando celular;Colisao traseira;Pleno dia;Sol;Automovel;Ileso;1;2;5;1;3;1
Condutor usando celular;Colisao traseira;Pleno dia;Sol;Caminhonete;Ileso;2;2;5;1;3;2
Condutor usando celular;Colisao traseira;Pleno dia;Sol;Motocicleta;Lesoes Graves;1;2;5;1;3;1
Condutor usando celular;Colisao traseira;Pleno dia;Sol;Motocicleta;Lesoes Leves;1;2;5;1;3;1
Condutor usando celular;Derramamento de carga;Amanhecer;Ceu Claro;Caminhao-trator;Obito;2;2;3;4;1;2
Condutor usando celular;Derramamento de carga;Plena Noite;Ceu Claro;Caminhao-trator;Ileso;1;2;3;2;1;2
Condutor usando celular;Derramamento de carga;Plena Noite;Nublado;Caminhao;Lesoes Graves;1;2;3;2;2;2
Condutor usando celular;Derramamento de carga;Plena Noite;Nublado;Caminhao-trator;Lesoes Leves;1;2;3;2;2;2
Condutor usando celular;Derramamento de carga;Plena Noite;Nublado;Motocicleta;Obito;1;2;3;2;2;1
Condutor usando celular;Derramamento de carga;Pleno dia;Ceu Claro;Caminhao-trator;Lesoes Graves;1;2;3;1;1;2
Condutor usando celular;Derramamento de carga;Pleno dia;Ceu Claro;Caminhao-trator;Lesoes Leves;2;2;3;1;1;2
Condutor usando celular;Derramamento de carga;Pleno dia;Ceu Claro;Caminhonete;Ileso;2;2;3;1;1;2
Condutor usando celular;Derramamento de carga;Pleno dia;Nublado;Caminhao-trator;Lesoes Leves;1;2;3;1;2;2
Condutor usando celular;Engavetamento;Plena Noite;Ceu Claro;Automovel;Ileso;3;2;3;2;1;1
Condutor usando celular;Engavetamento;Plena Noite;Ceu Claro;Automovel;Lesoes Leves;1;2;3;2;1;1