causa_acidente;tipo_acidente;fase_dia;condicao_metereologica;tipo_veiculo;estado_fisico;count;causa_acidente_criterios;tipo_acidente_criterios;fase_dia_criterios;condicao_metereologica_criterios;tipo_veiculo_criterios
Conversao proibida;Colisao frontal;Pleno dia;Ceu Claro;Automovel;Lesoes Leves;11;3;5;1;1;1
Conversao proibida;Colisao frontal;Pleno dia;Ceu Claro;Caminhao;Ileso;1;3;5;1;1;2
Conversao proibida;Colisao frontal;Pleno dia;Ceu Claro;Caminhao-trator;Ileso;3;3;5;1;1;2
Conversao proibida;Colisao frontal;Pleno dia;Ceu Claro;Caminhao-trator;Lesoes Graves;3;3;5;1;1;2
Conversao proibida;Colisao frontal;Pleno dia;Ceu Claro;Caminhao-trator;Lesoes Leves;1;3;5;1;1;2
Conversao proibida;Colisao frontal;Pleno dia;Ceu Claro;Caminhonete;Ileso;4;3;5;1;1;2
Conversao proibida;Colisao frontal;Pleno dia;Ceu Claro;Caminhonete;Lesoes Graves;1;3;5;1;1;2
Conversao proibida;Colisao frontal;Pleno dia;Ceu Claro;Motocicleta;Ileso;2;3;5;1;1;1
Conversao proibida;Colisao frontal;Pleno dia;Ceu Claro;Motocicleta;Lesoes Graves;5;3;5;1;1;1
Conversao proibida;Colisao frontal;Pleno dia;Ceu Claro;Motocicleta;Lesoes Leves;6;3;5;1;1;1
Conversao proibida;Colisao frontal;Pleno dia;Ceu Claro;Motoneta;Ileso;2;3;5;1;1;3
Conversao proibida;Colisao frontal;Pleno dia;Ceu Claro;Motoneta;Lesoes Graves;1;3;5;1;1;3
Conversao proibida;Colisao frontal;Pleno dia;Ceu Claro;Motoneta;Lesoes Leves;1;3;5;1;1;3
Conversao proibida;Colisao frontal;Pleno dia;Ceu Claro;Nao Informado;Ileso;1;3;5;1;1;3
Conversao proibida;Colisao frontal;Pleno dia;Ceu Claro;Nao Informado;Lesoes Leves;1;3;5;1;1;3
Conversao proibida;Colisao frontal;Pleno dia;Ceu Claro;Onibus;Ileso;1;3;5;1;1;3
Conversao proibida;Colisao frontal;Pleno dia;Chuva;Caminhao;Ileso;1;3;5;1;2;2
Conversao proibida;Colisao frontal;Pleno dia;Chuva;Motocicleta;Obito;1;3;5;1;2;1
Conversao proibida;Colisao frontal;Pleno dia;Nublado;Automovel;Ileso;5;3;5;1;2;1
Conversao proibida;Colisao frontal;Pleno dia;Nublado;Automovel;Lesoes Leves;6;3;5;1;2;1
Conversao proibida;Colisao frontal;Pleno dia;Nublado;Caminhao;Ileso;1;3;5;1;2;2
Conversao proibida;Colisao frontal;Pleno dia;Nublado;Motocicleta;Lesoes Leves;2;3;5;1;2;1
Conversao proibida;Colisao frontal;Pleno dia;Nublado;Onibus;Lesoes Leves;1;3;5;1;2;3
Conversao proibida;Colisao frontal;Pleno dia;Sol;Motocicleta;Lesoes Leves;3;3;5;1;3;1
Conversao proibida;Colisao lateral mesmo sentido;Amanhecer;Ceu Claro;Automovel;Ileso;1;3;5;4;1;1
Conversao proibida;Colisao lateral mesmo sentido;Amanhecer;Ceu Claro;Nao Informado;Ileso;1;3;5;4;1;3
Conversao proibida;Colisao lateral mesmo sentido;Anoitecer;Ceu Claro;Caminhonete;Ileso;2;3;5;4;1;2
Conversao proibida;Colisao lateral mesmo sentido;Anoitecer;Ceu Claro;Motocicleta;Ileso;2;3;5;4;1;1
Conversao proibida;Colisao lateral mesmo sentido;Anoitecer;Ceu Claro;Motocicleta;Lesoes Graves;1;3;5;4;1;1
Conversao proibida;Colisao lateral mesmo sentido;Anoitecer;Nublado;Motocicleta;Lesoes Leves;2;3;5;4;2;1
Conversao proibida;Colisao lateral mesmo sentido;Plena Noite;Ceu Claro;Automovel;Ileso;10;3;5;2;1;1
Conversao proibida;Colisao lateral mesmo sentido;Plena Noite;Ceu Claro;Caminhao;Ileso;1;3;5;2;1;2
Conversao proibida;Colisao lateral mesmo sentido;Plena Noite;Ceu Claro;Caminhonete;Ileso;1;3;5;2;1;2
Conversao proibida;Colisao lateral mesmo sentido;Plena Noite;Ceu Claro;Motocicleta;Ileso;1;3;5;2;1;1
Conversao proibida;Colisao lateral mesmo sentido;Plena Noite;Ceu Claro;Motocicleta;Lesoes Graves;3;3;5;2;1;1
Conversao proibida;Colisao lateral mesmo sentido;Plena Noite;Ceu Claro;Motocicleta;Lesoes Leves;6;3;5;2;1;1
Conversao proibida;Colisao lateral mesmo sentido;Plena Noite;Ceu Claro;Motoneta;Lesoes Graves;1;3;5;2;1;3
Conversao proibida;Colisao lateral mesmo sentido;Plena Noite;Ceu Claro;Motoneta;Lesoes Leves;4;3;5;2;1;3
Conversao proibida;Colisao lateral mesmo sentido;Plena Noite;Chuva;Automovel;Ileso;1;3;5;2;2;1
Conversao proibida;Colisao lateral mesmo sentido;Plena Noite;Chuva;Motocicleta;Lesoes Leves;1;3;5;2;2;1
Conversao proibida;Colisao lateral mesmo sentido;Plena Noite;Garoa/Chuvisco;Automovel;Ileso;4;3;5;2;3;1
Conversao proibida;Colisao lateral mesmo sentido;Plena Noite;Garoa/Chuvisco;Automovel;Lesoes Leves;2;3;5;2;3;1
Conversao proibida;Colisao lateral mesmo sentido;Plena Noite;Nublado;Automovel;Ileso;2;3;5;2;2;1
Conversao proibida;Colisao lateral mesmo sentido;Plena Noite;Nublado;Automovel;Lesoes Leves;3;3;5;2;2;1
Conversao proibida;Colisao lateral mesmo sentido;Plena Noite;Nublado;Motocicleta;Lesoes Leves;1;3;5;2;2;1
Conversao proibida;Colisao lateral mesmo sentido;Pleno dia;Ceu Claro;Automovel;Ileso;22;3;5;1;1;1
Conversao proibida;Colisao lateral mesmo sentido;Pleno dia;Ceu Claro;Automovel;Lesoes Leves;5;3;5;1;1;1
Conversao proibida;Colisao lateral mesmo sentido;Pleno dia;Ceu Claro;Bicicleta;Lesoes Graves;1;3;5;1;1;3
Conversao proibida;Colisao lateral mesmo sentido;Pleno dia;Ceu Claro;Bicicleta;Lesoes Leves;1;3;5;1;1;3
Conversao proibida;Colisao lateral mesmo sentido;Pleno dia;Ceu Claro;Caminhao;Ileso;3;3;5;1;1;2
Conversao proibida;Colisao lateral mesmo sentido;Pleno dia;Ceu Claro;Caminhao-trator;Ileso;1;3;5;1;1;2
Conversao proibida;Colisao lateral mesmo sentido;Pleno dia;Ceu Claro;Caminhao-trator;Lesoes Graves;1;3;5;1;1;2
Conversao proibida;Colisao lateral mesmo sentido;Pleno dia;Ceu Claro;Caminhonete;Ileso;8;3;5;1;1;2
Conversao proibida;Colisao lateral mesmo sentido;Pleno dia;Ceu Claro;Caminhonete;Lesoes Leves;1;3;5;1;1;2
Conversao proibida;Colisao lateral mesmo sentido;Pleno dia;Ceu Claro;Motocicleta;Ileso;1;3;5;1;1;1
Conversao proibida;Colisao lateral mesmo sentido;Pleno dia;Ceu Claro;Motocicleta;Lesoes Graves;5;3;5;1;1;1
Conversao proibida;Colisao lateral mesmo sentido;Pleno dia;Ceu Claro;Motocicleta;Lesoes Leves;24;3;5;1;1;1
Conversao proibida;Colisao lateral mesmo sentido;Pleno dia;Ceu Claro;Motocicleta;Obito;1;3;5;1;1;1
Conversao proibida;Colisao lateral mesmo sentido;Pleno dia;Ceu Claro;Motoneta;Ileso;1;3;5;1;1;3
Conversao proibida;Colisao lateral mesmo sentido;Pleno dia;Ceu Claro;Motoneta;Lesoes Leves;3;3;5;1;1;3
Conversao proibida;Colisao lateral mesmo sentido;Pleno dia;Ceu Claro;Nao Informado;Ileso;1;3;5;1;1;3
Conversao proibida;Colisao lateral mesmo sentido;Pleno dia;Ceu Claro;Onibus;Ileso;1;3;5;1;1;3
Conversao proibida;Colisao lateral mesmo sentido;Pleno dia;Ceu Claro;Utilitario;Ileso;2;3;5;1;1;3
Conversao proibida;Colisao lateral mesmo sentido;Pleno dia;Ceu Claro;Utilitario;Lesoes Leves;1;3;5;1;1;3
Conversao proibida;Colisao lateral mesmo sentido;Pleno dia;Garoa/Chuvisco;Motocicleta;Lesoes Leves;1;3;5;1;3;1
Conversao proibida;Colisao lateral mesmo sentido;Pleno dia;Nublado;Automovel;Ileso;6;3;5;1;2;1
Conversao proibida;Colisao lateral mesmo sentido;Pleno dia;Nublado;Automovel;Lesoes Leves;1;3;5;1;2;1
Conversao proibida;Colisao lateral mesmo sentido;Pleno dia;Nublado;Caminhao;Ileso;1;3;5;1;2;2
Conversao proibida;Colisao lateral mesmo sentido;Pleno dia;Nublado;Caminhao-trator;Ileso;1;3;5;1;2;2
Conversao proibida;Colisao lateral mesmo sentido;Pleno dia;Nublado;Caminhonete;Ileso;1;3;5;1;2;2
Conversao proibida;Colisao lateral mesmo sentido;Pleno dia;Nublado;Motocicleta;Lesoes Graves;2;3;5;1;2;1
Conversao proibida;Colisao lateral mesmo sentido;Pleno dia;Nublado;Motocicleta;Lesoes Leves;1;3;5;1;2;1
Conversao proibida;Colisao lateral mesmo sentido;Pleno dia;Nublado;Motoneta;Lesoes Graves;2;3;5;1;2;3
Conversao proibida;Colisao lateral mesmo sentido;Pleno dia;Nublado;Motoneta;Lesoes Leves;2;3;5;1;2;3
Conversao proibida;Colisao lateral mesmo sentido;Pleno dia;Nublado;Nao Informado;Ileso;2;3;5;1;2;3
Conversao proibida;Colisao lateral mesmo sentido;Pleno dia;Sol;Automovel;Ileso;6;3;5;1;3;1
Conversao proibida;Colisao lateral mesmo sentido;Pleno dia;Sol;Automovel;Lesoes Leves;3;3;5;1;3;1
Conversao proibida;Colisao lateral mesmo sentido;Pleno dia;Sol;Caminhonete;Ileso;2;3;5;1;3;2
Conversao proibida;Colisao lateral mesmo sentido;Pleno dia;Sol;Caminhonete;Lesoes Leves;1;3;5;1;3;2
Conversao proibida;Colisao lateral mesmo sentido;Pleno dia;Sol;Motocicleta;Lesoes Graves;1;3;5;1;3;1
Conversao proibida;Colisao lateral mesmo sentido;Pleno dia;Sol;Motocicleta;Lesoes Leves;3;3;5;1;3;1
Conversao proibida;Colisao lateral sentido oposto;Amanhecer;Ceu Claro;Motocicleta;Lesoes Graves;2;3;4;4;1;1
Conversao proibida;Colisao lateral sentido oposto;Plena Noite;Ceu Claro;Automovel;Ileso;2;3;4;2;1;1
Conversao proibida;Colisao lateral sentido oposto;Plena Noite;Ceu Claro;Caminhonete;Ileso;1;3;4;2;1;2
Conversao proibida;Colisao lateral sentido oposto;Plena Noite;Ceu Claro;Motocicleta;Lesoes Graves;1;3;4;2;1;1
Conversao proibida;Colisao lateral sentido oposto;Plena Noite;Ceu Claro;Motoneta;Lesoes Graves;1;3;4;2;1;3
Conversao proibida;Colisao lateral sentido oposto;Plena Noite;Chuva;Automovel;Ileso;1;3;4;2;2;1
Conversao proibida;Colisao lateral sentido oposto;Plena Noite;Chuva;Caminhonete;Ileso;3;3;4;2;2;2
Conversao proibida;Colisao lateral sentido oposto;Pleno dia;Ceu Claro;Automovel;Ileso;2;3;4;1;1;1
Conversao proibida;Colisao lateral sentido oposto;Pleno dia;Ceu Claro;Automovel;Lesoes Leves;1;3;4;1;1;1
Conversao proibida;Colisao lateral sentido oposto;Pleno dia;Ceu Claro;Caminhao-trator;Lesoes Graves;1;3;4;1;1;2
Conversao proibida;Colisao lateral sentido oposto;Pleno dia;Ceu Claro;Motocicleta;Lesoes Leves;1;3;4;1;1;1
Conversao proibida;Colisao lateral sentido oposto;Pleno dia;Nublado;Automovel;Ileso;1;3;4;1;2;1
Conversao proibida;Colisao lateral sentido oposto;Pleno dia;Nublado;Caminhonete;Ileso;1;3;4;1;2;2
Conversao proibida;Colisao lateral sentido oposto;Pleno dia;Nublado;Motocicleta;Lesoes Graves;1;3;4;1;2;1
Conversao proibida;Colisao lateral sentido oposto;Pleno dia;Nublado;Motocicleta;Lesoes Leves;1;3;4;1;2;1
Conversao proibida;Colisao transversal;Amanhecer;Nublado;Automovel;Ileso;2;3;5;4;2;1
Conversao proibida;Colisao transversal;Amanhecer;Nublado;Automovel;Lesoes Graves;2;3;5;4;2;1
Conversao proibida;Colisao transversal;Amanhecer;Nublado;Automovel;Lesoes Leves;1;3;5;4;2;1
Conversao proibida;Colisao transversal;Amanhecer;Nublado;Caminhao;Ileso;1;3;5;4;2;2
Conversao proibida;Colisao transversal;Amanhecer;Nublado;Motocicleta;Lesoes Graves;1;3;5;4;2;1
Conversao proibida;Colisao transversal;Amanhecer;Sol;Automovel;Ileso;1;3;5;4;3;1
Conversao proibida;Colisao transversal;Amanhecer;Sol;Motoneta;Lesoes Leves;1;3;5;4;3;3
Conversao proibida;Colisao transversal;Anoitecer;Ceu Claro;Automovel;Ileso;3;3;5;4;1;1
Conversao proibida;Colisao transversal;Anoitecer;Ceu Claro;Caminhao;Ileso;2;3;5;4;1;2
Conversao proibida;Colisao transversal;Anoitecer;Ceu Claro;Caminhonete;Ileso;3;3;5;4;1;2
Conversao proibida;Colisao transversal;Anoitecer;Ceu Claro;Motocicleta;Lesoes Graves;3;3;5;4;1;1
Conversao proibida;Colisao transversal;Anoitecer;Ceu Claro;Motocicleta;Lesoes Leves;2;3;5;4;1;1
Conversao proibida;Colisao transversal;Anoitecer;Ceu Claro;Motocicleta;Obito;1;3;5;4;1;1
Conversao proibida;Colisao transversal;Anoitecer;Ceu Claro;Motoneta;Lesoes Leves;1;3;5;4;1;3
Conversao proibida;Colisao transversal;Anoitecer;Ceu Claro;Motoneta;Obito;1;3;5;4;1;3
Conversao proibida;Colisao transversal;Anoitecer;Ignorado;Caminhonete;Ileso;1;3;5;4;0;2
Conversao proibida;Colisao transversal;Anoitecer;Ignorado;Motocicleta;Lesoes Graves;1;3;5;4;0;1
Conversao proibida;Colisao transversal;Anoitecer;Nublado;Automovel;Ileso;1;3;5;4;2;1
Conversao proibida;Colisao transversal;Anoitecer;Nublado;Motocicleta;Lesoes Leves;2;3;5;4;2;1
Conversao proibida;Colisao transversal;Anoitecer;Nublado;Onibus;Ileso;1;3;5;4;2;3
Conversao proibida;Colisao transversal;Plena Noite;Ceu Claro;Automovel;Ileso;28;3;5;2;1;1
Conversao proibida;Colisao transversal;Plena Noite;Ceu Claro;Automovel;Lesoes Graves;2;3;5;2;1;1
Conversao proibida;Colisao transversal;Plena Noite;Ceu Claro;Automovel;Lesoes Leves;12;3;5;2;1;1
Conversao proibida;Colisao transversal;Plena Noite;Ceu Claro;Automovel;Obito;1;3;5;2;1;1
Conversao proibida;Colisao transversal;Plena Noite;Ceu Claro;Bicicleta;Obito;1;3;5;2;1;3
Conversao proibida;Colisao transversal;Plena Noite;Ceu Claro;Caminhao-trator;Ileso;5;3;5;2;1;2
Conversao proibida;Colisao transversal;Plena Noite;Ceu Claro;Caminhonete;Ileso;2;3;5;2;1;2
Conversao proibida;Colisao transversal;Plena Noite;Ceu Claro;Micro-onibus;Ileso;1;3;5;2;1;4
Conversao proibida;Colisao transversal;Plena Noite;Ceu Claro;Motocicleta;Ileso;1;3;5;2;1;1
Conversao proibida;Colisao transversal;Plena Noite;Ceu Claro;Motocicleta;Lesoes Graves;11;3;5;2;1;1
Conversao proibida;Colisao transversal;Plena Noite;Ceu Claro;Motocicleta;Lesoes Leves;8;3;5;2;1;1
Conversao proibida;Colisao transversal;Plena Noite;Ceu Claro;Motocicleta;Obito;2;3;5;2;1;1
Conversao proibida;Colisao transversal;Plena Noite;Ceu Claro;Motoneta;Lesoes Graves;3;3;5;2;1;3
Conversao proibida;Colisao transversal;Plena Noite;Ceu Claro;Motoneta;Lesoes Leves;1;3;5;2;1;3
Conversao proibida;Colisao transversal;Plena Noite;Ceu Claro;Onibus;Ileso;2;3;5;2;1;3
Conversao proibida;Colisao transversal;Plena Noite;Ceu Claro;Utilitario;Ileso;1;3;5;2;1;3
Conversao proibida;Colisao transversal;Plena Noite;Chuva;Automovel;Ileso;2;3;5;2;2;1
Conversao proibida;Colisao transversal;Plena Noite;Chuva;Automovel;Lesoes Graves;2;3;5;2;2;1
Conversao proibida;Colisao transversal;Plena Noite;Chuva;Bicicleta;Lesoes Leves;1;3;5;2;2;3
Conversao proibida;Colisao transversal;Plena Noite;Chuva;Caminhonete;Ileso;3;3;5;2;2;2
Conversao proibida;Colisao transversal;Plena Noite;Chuva;Caminhonete;Lesoes Leves;3;3;5;2;2;2
Conversao proibida;Colisao transversal;Plena Noite;Chuva;Micro-onibus;Ileso;1;3;5;2;2;4
Conversao proibida;Colisao transversal;Plena Noite;Chuva;Micro-onibus;Lesoes Leves;3;3;5;2;2;4
Conversao proibida;Colisao transversal;Plena Noite;Chuva;Motocicleta;Lesoes Leves;4;3;5;2;2;1
Conversao proibida;Colisao transversal;Plena Noite;Garoa/Chuvisco;Automovel;Ileso;1;3;5;2;3;1
Conversao proibida;Colisao transversal;Plena Noite;Garoa/Chuvisco;Motocicleta;Lesoes Leves;2;3;5;2;3;1
Conversao proibida;Colisao transversal;Plena Noite;Garoa/Chuvisco;Motoneta;Lesoes Graves;1;3;5;2;3;3
Conversao proibida;Colisao transversal;Plena Noite;Ignorado;Motocicleta;Lesoes Graves;1;3;5;2;0;1
Conversao proibida;Colisao transversal;Plena Noite;Nublado;Automovel;Ileso;7;3;5;2;2;1
Conversao proibida;Colisao transversal;Plena Noite;Nublado;Automovel;Lesoes Leves;1;3;5;2;2;1
Conversao proibida;Colisao transversal;Plena Noite;Nublado;Bicicleta;Lesoes Leves;1;3;5;2;2;3
Conversao proibida;Colisao transversal;Plena Noite;Nublado;Caminhao-trator;Ileso;1;3;5;2;2;2
Conversao proibida;Colisao transversal;Plena Noite;Nublado;Motocicleta;Ileso;2;3;5;2;2;1
Conversao proibida;Colisao transversal;Plena Noite;Nublado;Motocicleta;Lesoes Graves;1;3;5;2;2;1
Conversao proibida;Colisao transversal;Plena Noite;Nublado;Motocicleta;Lesoes Leves;6;3;5;2;2;1
Conversao proibida;Colisao transversal;Plena Noite;Nublado;Motoneta;Ileso;1;3;5;2;2;3
Conversao proibida;Colisao transversal;Plena Noite;Nublado;Motoneta;Lesoes Leves;1;3;5;2;2;3
Conversao proibida;Colisao transversal;Plena Noite;Nublado;Nao Informado;Ileso;1;3;5;2;2;3
Conversao proibida;Colisao transversal;Pleno dia;Ceu Claro;Automovel;Ileso;62;3;5;1;1;1
Conversao proibida;Colisao transversal;Pleno dia;Ceu Claro;Automovel;Lesoes Graves;4;3;5;1;1;1
Conversao proibida;Colisao transversal;Pleno dia;Ceu Claro;Automovel;Lesoes Leves;34;3;5;1;1;1
Conversao proibida;Colisao transversal;Pleno dia;Ceu Claro;Caminhao;Ileso;13;3;5;1;1;2
Conversao proibida;Colisao transversal;Pleno dia;Ceu Claro;Caminhao;Lesoes Graves;1;3;5;1;1;2
Conversao proibida;Colisao transversal;Pleno dia;Ceu Claro;Caminhao-trator;Ileso;8;3;5;1;1;2
Conversao proibida;Colisao transversal;Pleno dia;Ceu Claro;Caminhao-trator;Lesoes Graves;3;3;5;1;1;2
Conversao proibida;Colisao transversal;Pleno dia;Ceu Claro;Caminhao-trator;Lesoes Leves;1;3;5;1;1;2
Conversao proibida;Colisao transversal;Pleno dia;Ceu Claro;Caminhonete;Ileso;17;3;5;1;1;2
Conversao proibida;Colisao transversal;Pleno dia;Ceu Claro;Caminhonete;Lesoes Graves;2;3;5;1;1;2
Conversao proibida;Colisao transversal;Pleno dia;Ceu Claro;Caminhonete;Lesoes Leves;6;3;5;1;1;2
Conversao proibida;Colisao transversal;Pleno dia;Ceu Claro;Ciclomotor;Lesoes Leves;1;3;5;1;1;4
Conversao proibida;Colisao transversal;Pleno dia;Ceu Claro;Micro-onibus;Ileso;5;3;5;1;1;4
Conversao proibida;Colisao transversal;Pleno dia;Ceu Claro;Motocicleta;Ileso;3;3;5;1;1;1
Conversao proibida;Colisao transversal;Pleno dia;Ceu Claro;Motocicleta;Lesoes Graves;22;3;5;1;1;1
Conversao proibida;Colisao transversal;Pleno dia;Ceu Claro;Motocicleta;Lesoes Leves;43;3;5;1;1;1
Conversao proibida;Colisao transversal;Pleno dia;Ceu Claro;Motocicleta;Obito;4;3;5;1;1;1
Conversao proibida;Colisao transversal;Pleno dia;Ceu Claro;Motoneta;Ileso;1;3;5;1;1;3
Conversao proibida;Colisao transversal;Pleno dia;Ceu Claro;Motoneta;Lesoes Graves;1;3;5;1;1;3
Conversao proibida;Colisao transversal;Pleno dia;Ceu Claro;Motoneta;Lesoes Leves;6;3;5;1;1;3
Conversao proibida;Colisao transversal;Pleno dia;Ceu Claro;Nao Informado;Ileso;7;3;5;1;1;3
Conversao proibida;Colisao transversal;Pleno dia;Ceu Claro;Nao Informado;Lesoes Graves;1;3;5;1;1;3
Conversao proibida;Colisao transversal;Pleno dia;Ceu Claro;Nao Informado;Lesoes Leves;2;3;5;1;1;3
Conversao proibida;Colisao transversal;Pleno dia;Ceu Claro;Trator de rodas;Ileso;1;3;5;1;1;5
Conversao proibida;Colisao transversal;Pleno dia;Ceu Claro;Utilitario;Ileso;2;3;5;1;1;3
Conversao proibida;Colisao transversal;Pleno dia;Ceu Claro;Utilitario;Lesoes Leves;4;3;5;1;1;3
Conversao proibida;Colisao transversal;Pleno dia;Chuva;Automovel;Ileso;4;3;5;1;2;1
Conversao proibida;Colisao transversal;Pleno dia;Chuva;Automovel;Lesoes Leves;9;3;5;1;2;1
Conversao proibida;Colisao transversal;Pleno dia;Chuva;Caminhao;Ileso;1;3;5;1;2;2
Conversao proibida;Colisao transversal;Pleno dia;Chuva;Caminhao-trator;Ileso;1;3;5;1;2;2
Conversao proibida;Colisao transversal;Pleno dia;Chuva;Caminhonete;Ileso;3;3;5;1;2;2
Conversao proibida;Colisao transversal;Pleno dia;Chuva;Caminhonete;Lesoes Leves;1;3;5;1;2;2
Conversao proibida;Colisao transversal;Pleno dia;Chuva;Ciclomotor;Lesoes Leves;1;3;5;1;2;4
Conversao proibida;Colisao transversal;Pleno dia;Chuva;Motocicleta;Lesoes Graves;1;3;5;1;2;1
Conversao proibida;Colisao transversal;Pleno dia;Chuva;Motocicleta;Lesoes Leves;2;3;5;1;2;1
Conversao proibida;Colisao transversal;Pleno dia;Chuva;Motoneta;Lesoes Graves;1;3;5;1;2;3
Conversao proibida;Colisao transversal;Pleno dia;Garoa/Chuvisco;Automovel;Ileso;1;3;5;1;3;1
Conversao proibida;Colisao transversal;Pleno dia;Garoa/Chuvisco;Automovel;Lesoes Leves;6;3;5;1;3;1
Conversao proibida;Colisao transversal;Pleno dia;Garoa/Chuvisco;Caminhonete;Ileso;3;3;5;1;3;2
Conversao proibida;Colisao transversal;Pleno dia;Garoa/Chuvisco;Caminhonete;Lesoes Leves;1;3;5;1;3;2
Conversao proibida;Colisao transversal;Pleno dia;Garoa/Chuvisco;Motocicleta;Ileso;1;3;5;1;3;1
Conversao proibida;Colisao transversal;Pleno dia;Garoa/Chuvisco;Motocicleta;Lesoes Leves;1;3;5;1;3;1
Conversao proibida;Colisao transversal;Pleno dia;Nublado;Automovel;Ileso;23;3;5;1;2;1
Conversao proibida;Colisao transversal;Pleno dia;Nublado;Automovel;Lesoes Graves;3;3;5;1;2;1
Conversao proibida;Colisao transversal;Pleno dia;Nublado;Automovel;Lesoes Leves;7;3;5;1;2;1
Conversao proibida;Colisao transversal;Pleno dia;Nublado;Automovel;Obito;3;3;5;1;2;1
Conversao proibida;Colisao transversal;Pleno dia;Nublado;Bicicleta;Lesoes Leves;1;3;5;1;2;3
Conversao proibida;Colisao transversal;Pleno dia;Nublado;Caminhao;Ileso;6;3;5;1;2;2
Conversao proibida;Colisao transversal;Pleno dia;Nublado;Caminhao-trator;Ileso;1;3;5;1;2;2
Conversao proibida;Colisao transversal;Pleno dia;Nublado;Caminhonete;Ileso;1;3;5;1;2;2
Conversao proibida;Colisao transversal;Pleno dia;Nublado;Caminhonete;Lesoes Leves;1;3;5;1;2;2
Conversao proibida;Colisao transversal;Pleno dia;Nublado;Motocicleta;Ileso;1;3;5;1;2;1
Conversao proibida;Colisao transversal;Pleno dia;Nublado;Motocicleta;Lesoes Graves;8;3;5;1;2;1
Conversao proibida;Colisao transversal;Pleno dia;Nublado;Motocicleta;Lesoes Leves;12;3;5;1;2;1
Conversao proibida;Colisao transversal;Pleno dia;Nublado;Motocicleta;Obito;2;3;5;1;2;1
Conversao proibida;Colisao transversal;Pleno dia;Nublado;Motoneta;Lesoes Leves;2;3;5;1;2;3
Conversao proibida;Colisao transversal;Pleno dia;Nublado;Nao Informado;Ileso;2;3;5;1;2;3
Conversao proibida;Colisao transversal;Pleno dia;Nublado;Utilitario;Ileso;1;3;5;1;2;3
Conversao proibida;Colisao transversal;Pleno dia;Sol;Automovel;Ileso;15;3;5;1;3;1
Conversao proibida;Colisao transversal;Pleno dia;Sol;Automovel;Lesoes Graves;2;3;5;1;3;1
Conversao proibida;Colisao transversal;Pleno dia;Sol;Automovel;Lesoes Leves;8;3;5;1;3;1
Conversao proibida;Colisao transversal;Pleno dia;Sol;Caminhao-trator;Ileso;2;3;5;1;3;2
Conversao proibida;Colisao transversal;Pleno dia;Sol;Caminhonete;Ileso;5;3;5;1;3;2
Conversao proibida;Colisao transversal;Pleno dia;Sol;Micro-onibus;Ileso;1;3;5;1;3;4
Conversao proibida;Colisao transversal;Pleno dia;Sol;Micro-onibus;Lesoes Leves;1;3;5;1;3;4
Conversao proibida;Colisao transversal;Pleno dia;Sol;Motocicleta;Lesoes Graves;2;3;5;1;3;1
Conversao proibida;Colisao transversal;Pleno dia;Sol;Motocicleta;Lesoes Leves;8;3;5;1;3;1
Conversao proibida;Colisao transversal;Pleno dia;Sol;Motocicleta;Obito;1;3;5;1;3;1
Conversao proibida;Colisao transversal;Pleno dia;Sol;Motoneta;Lesoes Leves;1;3;5;1;3;3
Conversao proibida;Colisao transversal;Pleno dia;Sol;Utilitario;Ileso;1;3;5;1;3;3
Conversao proibida;Colisao traseira;Anoitecer;Ceu Claro;Automovel;Ileso;2;3;5;4;1;1
Conversao proibida;Colisao traseira;Anoitecer;Ceu Claro;Caminhao;Ileso;1;3;5;4;1;2
Conversao proibida;Colisao traseira;Anoitecer;Ceu Claro;Motocicleta;Lesoes Graves;1;3;5;4;1;1
Conversao proibida;Colisao traseira;Anoitecer;Ceu Claro;Motocicleta;Lesoes Leves;3;3;5;4;1;1
Conversao proibida;Colisao traseira;Plena Noite;Chuva;Automovel;Lesoes Graves;2;3;5;2;2;1
Conversao proibida;Colisao traseira;Plena Noite;Chuva;Micro-onibus;Ileso;1;3;5;2;2;4
Conversao proibida;Colisao traseira;Plena Noite;Chuva;Micro-onibus;Lesoes Leves;3;3;5;2;2;4
Conversao proibida;Colisao traseira;Plena Noite;Garoa/Chuvisco;Automovel;Ileso;2;3;5;2;3;1
Conversao proibida;Colisao traseira;Plena Noite;Nublado;Automovel;Ileso;3;3;5;2;2;1
Conversao proibida;Colisao traseira;Plena Noite;Nublado;Automovel;Lesoes Leves;6;3;5;2;2;1
Conversao proibida;Colisao traseira;Plena Noite;Nublado;Caminhao;Ileso;1;3;5;2;2;2
Conversao proibida;Colisao traseira;Pleno dia;Ceu Claro;Automovel;Ileso;14;3;5;1;1;1
Conversao proibida;Colisao traseira;Pleno dia;Ceu Claro;Automovel;Lesoes Graves;2;3;5;1;1;1
Conversao proibida;Colisao traseira;Pleno dia;Ceu Claro;Automovel;Lesoes Leves;3;3;5;1;1;1
Conversao proibida;Colisao traseira;Pleno dia;Ceu Claro;Caminhao;Ileso;3;3;5;1;1;2
Conversao proibida;Colisao traseira;Pleno dia;Ceu Claro;Caminhonete;Ileso;4;3;5;1;1;2
Conversao proibida;Colisao traseira;Pleno dia;Ceu Claro;Motocicleta;Ileso;1;3;5;1;1;1
Conversao proibida;Colisao traseira;Pleno dia;Ceu Claro;Motocicleta;Lesoes Graves;3;3;5;1;1;1
Conversao proibida;Colisao traseira;Pleno dia;Ceu Claro;Motocicleta;Lesoes Leves;7;3;5;1;1;1
Conversao proibida;Colisao traseira;Pleno dia;Chuva;Automovel;Lesoes Leves;1;3;5;1;2;1
Conversao proibida;Colisao traseira;Pleno dia;Chuva;Caminhao-trator;Ileso;1;3;5;1;2;2