causa_acidente;tipo_acidente;fase_dia;condicao_metereologica;tipo_veiculo;estado_fisico;count;causa_acidente_criterios;tipo_acidente_criterios;fase_dia_criterios;condicao_metereologica_criterios;tipo_veiculo_criterios
Curva acentuada;Capotamento;Pleno dia;Chuva;Automovel;Lesoes Leves;8;3;5;1;2;1
Curva acentuada;Capotamento;Pleno dia;Chuva;Automovel;Obito;2;3;5;1;2;1
Curva acentuada;Capotamento;Pleno dia;Chuva;Caminhonete;Ileso;1;3;5;1;2;2
Curva acentuada;Capotamento;Pleno dia;Chuva;Caminhonete;Lesoes Graves;1;3;5;1;2;2
Curva acentuada;Capotamento;Pleno dia;Chuva;Motocicleta;Obito;1;3;5;1;2;1
Curva acentuada;Capotamento;Pleno dia;Chuva;Utilitario;Ileso;2;3;5;1;2;3
Curva acentuada;Capotamento;Pleno dia;Garoa/Chuvisco;Automovel;Ileso;1;3;5;1;3;1
Curva acentuada;Capotamento;Pleno dia;Garoa/Chuvisco;Automovel;Lesoes Leves;2;3;5;1;3;1
Curva acentuada;Capotamento;Pleno dia;Garoa/Chuvisco;Caminhonete;Lesoes Leves;3;3;5;1;3;2
Curva acentuada;Capotamento;Pleno dia;Garoa/Chuvisco;Nao Informado;Ileso;1;3;5;1;3;3
Curva acentuada;Capotamento;Pleno dia;Garoa/Chuvisco;Nao Informado;Lesoes Leves;1;3;5;1;3;3
Curva acentuada;Capotamento;Pleno dia;Nublado;Automovel;Ileso;5;3;5;1;2;1
Curva acentuada;Capotamento;Pleno dia;Nublado;Automovel;Lesoes Graves;2;3;5;1;2;1
Curva acentuada;Capotamento;Pleno dia;Nublado;Automovel;Lesoes Leves;4;3;5;1;2;1
Curva acentuada;Capotamento;Pleno dia;Nublado;Caminhao;Lesoes Leves;1;3;5;1;2;2
Curva acentuada;Capotamento;Pleno dia;Nublado;Caminhao-trator;Lesoes Graves;1;3;5;1;2;2
Curva acentuada;Capotamento;Pleno dia;Nublado;Caminhao-trator;Lesoes Leves;1;3;5;1;2;2
Curva acentuada;Capotamento;Pleno dia;Nublado;Caminhonete;Ileso;3;3;5;1;2;2
Curva acentuada;Capotamento;Pleno dia;Nublado;Caminhonete;Lesoes Leves;3;3;5;1;2;2
Curva acentuada;Capotamento;Pleno dia;Sol;Caminhao-trator;Lesoes Graves;2;3;5;1;3;2
Curva acentuada;Colisao com objeto;Amanhecer;Ceu Claro;Caminhao-trator;Ileso;1;3;5;4;1;2
Curva acentuada;Colisao com objeto;Amanhecer;Ceu Claro;Caminhao-trator;Lesoes Leves;1;3;5;4;1;2
Curva acentuada;Colisao com objeto;Amanhecer;Ceu Claro;Caminhonete;Ileso;2;3;5;4;1;2
Curva acentuada;Colisao com objeto;Amanhecer;Chuva;Caminhonete;Lesoes Graves;1;3;5;4;2;2
Curva acentuada;Colisao com objeto;Amanhecer;Nublado;Automovel;Lesoes Leves;2;3;5;4;2;1
Curva acentuada;Colisao com objeto;Amanhecer;Nublado;Caminhao-trator;Lesoes Graves;1;3;5;4;2;2
Curva acentuada;Colisao com objeto;Amanhecer;Nublado;Caminhao-trator;Lesoes Leves;1;3;5;4;2;2
Curva acentuada;Colisao com objeto;Anoitecer;Chuva;Automovel;Ileso;2;3;5;4;2;1
Curva acentuada;Colisao com objeto;Anoitecer;Chuva;Automovel;Lesoes Leves;5;3;5;4;2;1
Curva acentuada;Colisao com objeto;Anoitecer;Garoa/Chuvisco;Caminhao-trator;Lesoes Leves;1;3;5;4;3;2
Curva acentuada;Colisao com objeto;Anoitecer;Garoa/Chuvisco;Caminhonete;Lesoes Leves;1;3;5;4;3;2
Curva acentuada;Colisao com objeto;Plena Noite;Ceu Claro;Automovel;Ileso;1;3;5;2;1;1
Curva acentuada;Colisao com objeto;Plena Noite;Ceu Claro;Automovel;Lesoes Leves;4;3;5;2;1;1
Curva acentuada;Colisao com objeto;Plena Noite;Ceu Claro;Automovel;Obito;1;3;5;2;1;1
Curva acentuada;Colisao com objeto;Plena Noite;Ceu Claro;Caminhao-trator;Ileso;1;3;5;2;1;2
Curva acentuada;Colisao com objeto;Plena Noite;Ceu Claro;Caminhao-trator;Lesoes Leves;1;3;5;2;1;2
Curva acentuada;Colisao com objeto;Plena Noite;Ceu Claro;Caminhao-trator;Obito;1;3;5;2;1;2
Curva acentuada;Colisao com objeto;Plena Noite;Chuva;Automovel;Ileso;4;3;5;2;2;1
Curva acentuada;Colisao com objeto;Plena Noite;Chuva;Automovel;Lesoes Leves;1;3;5;2;2;1
Curva acentuada;Colisao com objeto;Plena Noite;Chuva;Caminhao-trator;Lesoes Graves;2;3;5;2;2;2
Curva acentuada;Colisao com objeto;Plena Noite;Chuva;Caminhao-trator;Lesoes Leves;2;3;5;2;2;2
Curva acentuada;Colisao com objeto;Plena Noite;Garoa/Chuvisco;Automovel;Ileso;1;3;5;2;3;1
Curva acentuada;Colisao com objeto;Plena Noite;Garoa/Chuvisco;Automovel;Lesoes Leves;1;3;5;2;3;1
Curva acentuada;Colisao com objeto;Plena Noite;Garoa/Chuvisco;Caminhao-trator;Ileso;1;3;5;2;3;2
Curva acentuada;Colisao com objeto;Plena Noite;Garoa/Chuvisco;Caminhao-trator;Lesoes Leves;2;3;5;2;3;2
Curva acentuada;Colisao com objeto;Plena Noite;Nevoeiro/Neblina;Caminhao;Lesoes Leves;1;3;5;2;4;2
Curva acentuada;Colisao com objeto;Plena Noite;Nevoeiro/Neblina;Caminhao-trator;Ileso;1;3;5;2;4;2
Curva acentuada;Colisao com objeto;Plena Noite;Nublado;Caminhao-trator;Lesoes Leves;1;3;5;2;2;2
Curva acentuada;Colisao com objeto;Pleno dia;Ceu Claro;Automovel;Ileso;2;3;5;1;1;1
Curva acentuada;Colisao com objeto;Pleno dia;Ceu Claro;Automovel;Lesoes Graves;1;3;5;1;1;1
Curva acentuada;Colisao com objeto;Pleno dia;Ceu Claro;Automovel;Lesoes Leves;4;3;5;1;1;1
Curva acentuada;Colisao com objeto;Pleno dia;Ceu Claro;Caminhao;Lesoes Graves;2;3;5;1;1;2
Curva acentuada;Colisao com objeto;Pleno dia;Ceu Claro;Caminhao;Lesoes Leves;2;3;5;1;1;2
Curva acentuada;Colisao com objeto;Pleno dia;Ceu Claro;Caminhao;Obito;1;3;5;1;1;2
Curva acentuada;Colisao com objeto;Pleno dia;Ceu Claro;Caminhao-trator;Ileso;9;3;5;1;1;2
Curva acentuada;Colisao com objeto;Pleno dia;Ceu Claro;Caminhao-trator;Lesoes Graves;2;3;5;1;1;2
Curva acentuada;Colisao com objeto;Pleno dia;Ceu Claro;Caminhao-trator;Lesoes Leves;6;3;5;1;1;2
Curva acentuada;Colisao com objeto;Pleno dia;Ceu Claro;Motocicleta;Lesoes Graves;4;3;5;1;1;1
Curva acentuada;Colisao com objeto;Pleno dia;Ceu Claro;Motocicleta;Lesoes Leves;4;3;5;1;1;1
Curva acentuada;Colisao com objeto;Pleno dia;Ceu Claro;Onibus;Ileso;1;3;5;1;1;3
Curva acentuada;Colisao com objeto;Pleno dia;Chuva;Automovel;Ileso;3;3;5;1;2;1
Curva acentuada;Colisao com objeto;Pleno dia;Chuva;Automovel;Lesoes Leves;7;3;5;1;2;1
Curva acentuada;Colisao com objeto;Pleno dia;Chuva;Caminhao;Lesoes Leves;1;3;5;1;2;2
Curva acentuada;Colisao com objeto;Pleno dia;Chuva;Caminhao-trator;Ileso;1;3;5;1;2;2
Curva acentuada;Colisao com objeto;Pleno dia;Chuva;Caminhao-trator;Lesoes Leves;1;3;5;1;2;2
Curva acentuada;Colisao com objeto;Pleno dia;Chuva;Caminhonete;Ileso;4;3;5;1;2;2
Curva acentuada;Colisao com objeto;Pleno dia;Chuva;Caminhonete;Lesoes Leves;3;3;5;1;2;2
Curva acentuada;Colisao com objeto;Pleno dia;Chuva;Motocicleta;Obito;1;3;5;1;2;1
Curva acentuada;Colisao com objeto;Pleno dia;Chuva;Nao Informado;Ileso;1;3;5;1;2;3
Curva acentuada;Colisao com objeto;Pleno dia;Chuva;Nao Informado;Lesoes Leves;2;3;5;1;2;3
Curva acentuada;Colisao com objeto;Pleno dia;Chuva;Utilitario;Ileso;2;3;5;1;2;3
Curva acentuada;Colisao com objeto;Pleno dia;Chuva;Utilitario;Lesoes Leves;1;3;5;1;2;3
Curva acentuada;Colisao com objeto;Pleno dia;Garoa/Chuvisco;Automovel;Ileso;14;3;5;1;3;1
Curva acentuada;Colisao com objeto;Pleno dia;Garoa/Chuvisco;Automovel;Lesoes Leves;4;3;5;1;3;1
Curva acentuada;Colisao com objeto;Pleno dia;Garoa/Chuvisco;Caminhonete;Ileso;1;3;5;1;3;2
Curva acentuada;Colisao com objeto;Pleno dia;Garoa/Chuvisco;Caminhonete;Lesoes Leves;5;3;5;1;3;2
Curva acentuada;Colisao com objeto;Pleno dia;Garoa/Chuvisco;Nao Informado;Ileso;1;3;5;1;3;3
Curva acentuada;Colisao com objeto;Pleno dia;Garoa/Chuvisco;Nao Informado;Lesoes Leves;1;3;5;1;3;3
Curva acentuada;Colisao com objeto;Pleno dia;Nublado;Automovel;Ileso;4;3;5;1;2;1
Curva acentuada;Colisao com objeto;Pleno dia;Nublado;Automovel;Lesoes Leves;3;3;5;1;2;1
Curva acentuada;Colisao com objeto;Pleno dia;Nublado;Caminhao;Lesoes Leves;1;3;5;1;2;2
Curva acentuada;Colisao com objeto;Pleno dia;Nublado;Caminhao-trator;Ileso;1;3;5;1;2;2
Curva acentuada;Colisao com objeto;Pleno dia;Nublado;Caminhao-trator;Lesoes Graves;1;3;5;1;2;2
Curva acentuada;Colisao com objeto;Pleno dia;Sol;Caminhao-trator;Lesoes Leves;1;3;5;1;3;2
Curva acentuada;Colisao com objeto;Pleno dia;Sol;Motocicleta;Lesoes Leves;1;3;5;1;3;1
Curva acentuada;Colisao frontal;Amanhecer;Ceu Claro;Caminhao-trator;Ileso;2;3;5;4;1;2
Curva acentuada;Colisao frontal;Amanhecer;Ceu Claro;Caminhao-trator;Lesoes Graves;1;3;5;4;1;2
Curva acentuada;Colisao frontal;Amanhecer;Ceu Claro;Caminhao-trator;Lesoes Leves;1;3;5;4;1;2
Curva acentuada;Colisao frontal;Anoitecer;Ceu Claro;Caminhonete;Ileso;1;3;5;4;1;2
Curva acentuada;Colisao frontal;Anoitecer;Ceu Claro;Motocicleta;Lesoes Graves;1;3;5;4;1;1
Curva acentuada;Colisao frontal;Anoitecer;Chuva;Caminhao;Lesoes Leves;1;3;5;4;2;2
Curva acentuada;Colisao frontal;Anoitecer;Chuva;Caminhonete;Lesoes Graves;1;3;5;4;2;2
Curva acentuada;Colisao frontal;Anoitecer;Chuva;Motoneta;Lesoes Graves;1;3;5;4;2;3
Curva acentuada;Colisao frontal;Anoitecer;Garoa/Chuvisco;Automovel;Lesoes Graves;1;3;5;4;3;1
Curva acentuada;Colisao frontal;Anoitecer;Garoa/Chuvisco;Automovel;Lesoes Leves;1;3;5;4;3;1
Curva acentuada;Colisao frontal;Anoitecer;Garoa/Chuvisco;Caminhao;Ileso;1;3;5;4;3;2
Curva acentuada;Colisao frontal;Anoitecer;Garoa/Chuvisco;Onibus;Ileso;1;3;5;4;3;3
Curva acentuada;Colisao frontal;Plena Noite;Ceu Claro;Automovel;Ileso;1;3;5;2;1;1
Curva acentuada;Colisao frontal;Plena Noite;Ceu Claro;Caminhao-trator;Ileso;1;3;5;2;1;2
Curva acentuada;Colisao frontal;Plena Noite;Ceu Claro;Caminhonete;Ileso;1;3;5;2;1;2
Curva acentuada;Colisao frontal;Plena Noite;Ceu Claro;Motocicleta;Lesoes Graves;1;3;5;2;1;1
Curva acentuada;Colisao frontal;Plena Noite;Ceu Claro;Motocicleta;Lesoes Leves;1;3;5;2;1;1
Curva acentuada;Colisao frontal;Plena Noite;Ceu Claro;Motocicleta;Obito;2;3;5;2;1;1
Curva acentuada;Colisao frontal;Plena Noite;Chuva;Automovel;Ileso;1;3;5;2;2;1
Curva acentuada;Colisao frontal;Plena Noite;Chuva;Automovel;Lesoes Graves;1;3;5;2;2;1
Curva acentuada;Colisao frontal;Plena Noite;Chuva;Automovel;Lesoes Leves;5;3;5;2;2;1
Curva acentuada;Colisao frontal;Plena Noite;Chuva;Automovel;Obito;1;3;5;2;2;1
Curva acentuada;Colisao frontal;Plena Noite;Chuva;Nao Informado;Lesoes Graves;1;3;5;2;2;3
Curva acentuada;Colisao frontal;Plena Noite;Garoa/Chuvisco;Automovel;Lesoes Graves;2;3;5;2;3;1
Curva acentuada;Colisao frontal;Plena Noite;Garoa/Chuvisco;Automovel;Obito;10;3;5;2;3;1
Curva acentuada;Colisao frontal;Plena Noite;Garoa/Chuvisco;Caminhao-trator;Ileso;4;3;5;2;3;2
Curva acentuada;Colisao frontal;Pleno dia;Ceu Claro;Automovel;Ileso;1;3;5;1;1;1
Curva acentuada;Colisao frontal;Pleno dia;Ceu Claro;Automovel;Lesoes Graves;6;3;5;1;1;1
Curva acentuada;Colisao frontal;Pleno dia;Ceu Claro;Automovel;Lesoes Leves;4;3;5;1;1;1
Curva acentuada;Colisao frontal;Pleno dia;Ceu Claro;Automovel;Obito;2;3;5;1;1;1
Curva acentuada;Colisao frontal;Pleno dia;Ceu Claro;Caminhao-trator;Ileso;3;3;5;1;1;2
Curva acentuada;Colisao frontal;Pleno dia;Ceu Claro;Caminhao-trator;Lesoes Graves;1;3;5;1;1;2
Curva acentuada;Colisao frontal;Pleno dia;Ceu Claro;Caminhao-trator;Lesoes Leves;2;3;5;1;1;2
Curva acentuada;Colisao frontal;Pleno dia;Ceu Claro;Caminhonete;Ileso;2;3;5;1;1;2
Curva acentuada;Colisao frontal;Pleno dia;Ceu Claro;Caminhonete;Lesoes Graves;1;3;5;1;1;2
Curva acentuada;Colisao frontal;Pleno dia;Ceu Claro;Caminhonete;Lesoes Leves;1;3;5;1;1;2
Curva acentuada;Colisao frontal;Pleno dia;Ceu Claro;Motocicleta;Lesoes Graves;1;3;5;1;1;1
Curva acentuada;Colisao frontal;Pleno dia;Chuva;Automovel;Lesoes Graves;5;3;5;1;2;1
Curva acentuada;Colisao frontal;Pleno dia;Chuva;Automovel;Lesoes Leves;4;3;5;1;2;1
Curva acentuada;Colisao frontal;Pleno dia;Chuva;Automovel;Obito;4;3;5;1;2;1
Curva acentuada;Colisao frontal;Pleno dia;Chuva;Caminhao-trator;Ileso;2;3;5;1;2;2
Curva acentuada;Colisao frontal;Pleno dia;Chuva;Motocicleta;Obito;1;3;5;1;2;1
Curva acentuada;Colisao lateral mesmo sentido;Plena Noite;Ceu Claro;Automovel;Ileso;1;3;5;2;1;1
Curva acentuada;Colisao lateral mesmo sentido;Plena Noite;Ceu Claro;Automovel;Lesoes Leves;2;3;5;2;1;1
Curva acentuada;Colisao lateral mesmo sentido;Plena Noite;Ceu Claro;Caminhao-trator;Ileso;1;3;5;2;1;2
Curva acentuada;Colisao lateral mesmo sentido;Plena Noite;Nevoeiro/Neblina;Caminhao;Lesoes Leves;1;3;5;2;4;2
Curva acentuada;Colisao lateral mesmo sentido;Plena Noite;Nevoeiro/Neblina;Caminhao-trator;Ileso;1;3;5;2;4;2
Curva acentuada;Colisao lateral mesmo sentido;Pleno dia;Ceu Claro;Automovel;Ileso;3;3;5;1;1;1
Curva acentuada;Colisao lateral mesmo sentido;Pleno dia;Ceu Claro;Automovel;Lesoes Leves;2;3;5;1;1;1
Curva acentuada;Colisao lateral mesmo sentido;Pleno dia;Ceu Claro;Caminhao;Ileso;5;3;5;1;1;2
Curva acentuada;Colisao lateral mesmo sentido;Pleno dia;Ceu Claro;Caminhao-trator;Ileso;5;3;5;1;1;2
Curva acentuada;Colisao lateral mesmo sentido;Pleno dia;Ceu Claro;Caminhonete;Ileso;1;3;5;1;1;2
Curva acentuada;Colisao lateral mesmo sentido;Pleno dia;Ceu Claro;Motocicleta;Lesoes Graves;1;3;5;1;1;1
Curva acentuada;Colisao lateral mesmo sentido;Pleno dia;Ceu Claro;Nao se aplica;Lesoes Graves;2;3;5;1;1;3
Curva acentuada;Colisao lateral mesmo sentido;Pleno dia;Chuva;Automovel;Ileso;3;3;5;1;2;1
Curva acentuada;Colisao lateral mesmo sentido;Pleno dia;Chuva;Automovel;Lesoes Leves;1;3;5;1;2;1
Curva acentuada;Colisao lateral mesmo sentido;Pleno dia;Chuva;Caminhao-trator;Ileso;1;3;5;1;2;2
Curva acentuada;Colisao lateral mesmo sentido;Pleno dia;Chuva;Caminhao-trator;Lesoes Graves;1;3;5;1;2;2
Curva acentuada;Colisao lateral mesmo sentido;Pleno dia;Chuva;Caminhonete;Ileso;4;3;5;1;2;2
Curva acentuada;Colisao lateral mesmo sentido;Pleno dia;Chuva;Motocicleta;Lesoes Graves;1;3;5;1;2;1
Curva acentuada;Colisao lateral mesmo sentido;Pleno dia;Chuva;Onibus;Ileso;1;3;5;1;2;3
Curva acentuada;Colisao lateral mesmo sentido;Pleno dia;Nublado;Automovel;Ileso;1;3;5;1;2;1
Curva acentuada;Colisao lateral mesmo sentido;Pleno dia;Nublado;Caminhonete;Ileso;1;3;5;1;2;2
Curva acentuada;Colisao lateral mesmo sentido;Pleno dia;Nublado;Micro-onibus;Ileso;3;3;5;1;2;4
Curva acentuada;Colisao lateral mesmo sentido;Pleno dia;Nublado;Motocicleta;Lesoes Leves;1;3;5;1;2;1
Curva acentuada;Colisao lateral mesmo sentido;Pleno dia;Nublado;Utilitario;Ileso;1;3;5;1;2;3
Curva acentuada;Colisao lateral mesmo sentido;Pleno dia;Sol;Automovel;Ileso;1;3;5;1;3;1
Curva acentuada;Colisao lateral mesmo sentido;Pleno dia;Sol;Automovel;Lesoes Leves;1;3;5;1;3;1
Curva acentuada;Colisao lateral sentido oposto;Amanhecer;Ceu Claro;Caminhao-trator;Ileso;2;3;4;4;1;2
Curva acentuada;Colisao lateral sentido oposto;Amanhecer;Ceu Claro;Caminhao-trator;Lesoes Graves;1;3;4;4;1;2
Curva acentuada;Colisao lateral sentido oposto;Amanhecer;Ceu Claro;Caminhao-trator;Lesoes Leves;1;3;4;4;1;2
Curva acentuada;Colisao lateral sentido oposto;Plena Noite;Ceu Claro;Caminhao;Ileso;1;3;4;2;1;2
Curva acentuada;Colisao lateral sentido oposto;Plena Noite;Ceu Claro;Caminhao;Lesoes Leves;1;3;4;2;1;2
Curva acentuada;Colisao lateral sentido oposto;Plena Noite;Ceu Claro;Micro-onibus;Ileso;2;3;4;2;1;4
Curva acentuada;Colisao lateral sentido oposto;Plena Noite;Ceu Claro;Motocicleta;Lesoes Graves;1;3;4;2;1;1
Curva acentuada;Colisao lateral sentido oposto;Plena Noite;Chuva;Automovel;Ileso;1;3;4;2;2;1
Curva acentuada;Colisao lateral sentido oposto;Plena Noite;Chuva;Automovel;Lesoes Leves;2;3;4;2;2;1
Curva acentuada;Colisao lateral sentido oposto;Plena Noite;Chuva;Caminhao-trator;Ileso;1;3;4;2;2;2
Curva acentuada;Colisao lateral sentido oposto;Plena Noite;Chuva;Caminhao-trator;Lesoes Leves;1;3;4;2;2;2
Curva acentuada;Colisao lateral sentido oposto;Plena Noite;Nublado;Automovel;Ileso;3;3;4;2;2;1
Curva acentuada;Colisao lateral sentido oposto;Plena Noite;Nublado;Automovel;Lesoes Graves;1;3;4;2;2;1
Curva acentuada;Colisao lateral sentido oposto;Plena Noite;Nublado;Automovel;Lesoes Leves;2;3;4;2;2;1
Curva acentuada;Colisao lateral sentido oposto;Plena Noite;Nublado;Caminhonete;Ileso;3;3;4;2;2;2
Curva acentuada;Colisao lateral sentido oposto;Pleno dia;Ceu Claro;Automovel;Ileso;2;3;4;1;1;1
Curva acentuada;Colisao lateral sentido oposto;Pleno dia;Ceu Claro;Automovel;Lesoes Graves;5;3;4;1;1;1
Curva acentuada;Colisao lateral sentido oposto;Pleno dia;Ceu Claro;Automovel;Lesoes Leves;7;3;4;1;1;1
Curva acentuada;Colisao lateral sentido oposto;Pleno dia;Ceu Claro;Caminhao-trator;Ileso;1;3;4;1;1;2
Curva acentuada;Colisao lateral sentido oposto;Pleno dia;Ceu Claro;Caminhonete;Ileso;5;3;4;1;1;2
Curva acentuada;Colisao lateral sentido oposto;Pleno dia;Chuva;Automovel;Ileso;7;3;4;1;2;1
Curva acentuada;Colisao lateral sentido oposto;Pleno dia;Chuva;Automovel;Lesoes Leves;6;3;4;1;2;1
Curva acentuada;Colisao lateral sentido oposto;Pleno dia;Chuva;Caminhao-trator;Ileso;1;3;4;1;2;2
Curva acentuada;Colisao lateral sentido oposto;Pleno dia;Nublado;Automovel;Ileso;3;3;4;1;2;1
Curva acentuada;Colisao lateral sentido oposto;Pleno dia;Nublado;Caminhao-trator;Lesoes Graves;1;3;4;1;2;2
Curva acentuada;Colisao lateral sentido oposto;Pleno dia;Nublado;Caminhao-trator;Lesoes Leves;1;3;4;1;2;2
Curva acentuada;Colisao lateral sentido oposto;Pleno dia;Nublado;Caminhonete;Ileso;2;3;4;1;2;2
Curva acentuada;Colisao lateral sentido oposto;Pleno dia;Nublado;Caminhonete;Lesoes Leves;2;3;4;1;2;2
Curva acentuada;Colisao lateral sentido oposto;Pleno dia;Nublado;Micro-onibus;Ileso;3;3;4;1;2;4
Curva acentuada;Colisao lateral sentido oposto;Pleno dia;Sol;Caminhao-trator;Ileso;1;3;4;1;3;2
Curva acentuada;Colisao lateral sentido oposto;Pleno dia;Sol;Motocicleta;Lesoes Graves;1;3;4;1;3;1
Curva acentuada;Colisao transversal;Amanhecer;Ceu Claro;Automovel;Lesoes Graves;1;3;5;4;1;1
Curva acentuada;Colisao transversal;Amanhecer;Ceu Claro;Automovel;Obito;1;3;5;4;1;1
Curva acentuada;Colisao transversal;Amanhecer;Ceu Claro;Caminhonete;Lesoes Leves;2;3;5;4;1;2
Curva acentuada;Colisao transversal;Anoitecer;Chuva;Caminhao;Lesoes Leves;1;3;5;4;2;2
Curva acentuada;Colisao transversal;Anoitecer;Chuva;Caminhonete;Ileso;2;3;5;4;2;2
Curva acentuada;Colisao transversal;Anoitecer;Chuva;Caminhonete;Lesoes Graves;1;3;5;4;2;2
Curva acentuada;Colisao transversal;Anoitecer;Chuva;Motocicleta;Obito;1;3;5;4;2;1
Curva acentuada;Colisao transversal;Anoitecer;Chuva;Motoneta;Lesoes Graves;1;3;5;4;2;3
Curva acentuada;Colisao transversal;Plena Noite;Ceu Claro;Automovel;Ileso;1;3;5;2;1;1
Curva acentuada;Colisao transversal;Plena Noite;Ceu Claro;Caminhao-trator;Ileso;1;3;5;2;1;2
Curva acentuada;Colisao transversal;Plena Noite;Ceu Claro;Caminhao-trator;Lesoes Graves;1;3;5;2;1;2
Curva acentuada;Colisao transversal;Plena Noite;Ceu Claro;Onibus;Ileso;1;3;5;2;1;3
Curva acentuada;Colisao transversal;Plena Noite;Chuva;Caminhao-trator;Ileso;1;3;5;2;2;2
Curva acentuada;Colisao transversal;Plena Noite;Chuva;Caminhonete;Lesoes Leves;1;3;5;2;2;2
Curva acentuada;Colisao transversal;Plena Noite;Garoa/Chuvisco;Automovel;Lesoes Graves;1;3;5;2;3;1
Curva acentuada;Colisao transversal;Plena Noite;Garoa/Chuvisco;Automovel;Obito;5;3;5;2;3;1
Curva acentuada;Colisao transversal;Plena Noite;Garoa/Chuvisco;Caminhao-trator;Ileso;2;3;5;2;3;2
Curva acentuada;Colisao transversal;Plena Noite;Ignorado;Motocicleta;Lesoes Graves;1;3;5;2;0;1
Curva acentuada;Colisao transversal;Pleno dia;Ceu Claro;Automovel;Ileso;4;3;5;1;1;1
Curva acentuada;Colisao transversal;Pleno dia;Ceu Claro;Automovel;Lesoes Leves;2;3;5;1;1;1
Curva acentuada;Colisao transversal;Pleno dia;Chuva;Automovel;Lesoes Leves;2;3;5;1;2;1
Curva acentuada;Colisao transversal;Pleno dia;Chuva;Automovel;Obito;2;3;5;1;2;1
Curva acentuada;Colisao transversal;Pleno dia;Chuva;Caminhao-trator;Ileso;2;3;5;1;2;2
Curva acentuada;Colisao transversal;Pleno dia;Chuva;Caminhonete;Ileso;2;3;5;1;2;2
Curva acentuada;Colisao transversal;Pleno dia;Chuva;Utilitario;Lesoes Graves;4;3;5;1;2;3
Curva acentuada;Colisao transversal;Pleno dia;Chuva;Utilitario;Lesoes Leves;2;3;5;1;2;3
Curva acentuada;Colisao transversal;Pleno dia;Nublado;Automovel;Ileso;5;3;5;1;2;1
Curva acentuada;Colisao transversal;Pleno dia;Nublado;Automovel;Lesoes Leves;2;3;5;1;2;1
Curva acentuada;Colisao transversal;Pleno dia;Nublado;Caminhao-trator;Ileso;1;3;5;1;2;2
Curva acentuada;Colisao transversal;Pleno dia;Nublado;Caminhonete;Lesoes Leves;1;3;5;1;2;2
Curva acentuada;Colisao traseira;Plena Noite;Ceu Claro;Automovel;Ileso;4;3;5;2;1;1
Curva acentuada;Colisao traseira;Plena Noite;Ceu Claro;Automovel;Lesoes Leves;2;3;5;2;1;1
Curva acentuada;Colisao traseira;Plena Noite;Ceu Claro;Caminhonete;Ileso;1;3;5;2;1;2
Curva acentuada;Colisao traseira;Plena Noite;Ceu Claro;Motocicleta;Lesoes Leves;1;3;5;2;1;1
Curva acentuada;Colisao traseira;Plena Noite;Nublado;Caminhao;Ileso;1;3;5;2;2;2
Curva acentuada;Colisao traseira;Plena Noite;Nublado;Caminhao-trator;Lesoes Leves;2;3;5;2;2;2
Curva acentuada;Colisao traseira;Pleno dia;Ceu Claro;Automovel;Ileso;1;3;5;1;1;1
Curva acentuada;Colisao traseira;Pleno dia;Ceu Claro;Automovel;Lesoes Graves;4;3;5;1;1;1
Curva acentuada;Colisao traseira;Pleno dia;Ceu Claro;Automovel;Lesoes Leves;1;3;5;1;1;1
Curva acentuada;Colisao traseira;Pleno dia;Ceu Claro;Caminhonete;Ileso;1;3;5;1;1;2
Curva acentuada;Colisao traseira;Pleno dia;Chuva;Automovel;Ileso;2;3;5;1;2;1
Curva acentuada;Colisao traseira;Pleno dia;Chuva;Automovel;Lesoes Leves;1;3;5;1;2;1
Curva acentuada;Colisao traseira;Pleno dia;Chuva;Caminhao-trator;Ileso;1;3;5;1;2;2
Curva acentuada;Colisao traseira;Pleno dia;Chuva;Caminhao-trator;Lesoes Graves;1;3;5;1;2;2
Curva acentuada;Colisao traseira;Pleno dia;Chuva;Caminhao-trator;Lesoes Leves;2;3;5;1;2;2
Curva acentuada;Colisao traseira;Pleno dia;Chuva;Caminhonete;Ileso;4;3;5;1;2;2
Curva acentuada;Colisao traseira;Pleno dia;Chuva;Onibus;Ileso;1;3;5;1;2;3
Curva acentuada;Colisao traseira;Pleno dia;Nublado;Automovel;Ileso;1;3;5;1;2;1
Curva acentuada;Colisao traseira;Pleno dia;Sol;Caminhao-trator;Ileso;1;3;5;1;3;2
Curva acentuada;Colisao traseira;Pleno dia;Sol;Caminhao-trator;Lesoes Leves;3;3;5;1;3;2
Curva acentuada;Derramamento de carga;Amanhecer;Ceu Claro;Caminhao;Ileso;1;3;3;4;1;2
Curva acentuada;Derramamento de carga;Amanhecer;Ceu Claro;Caminhao-trator;Ileso;1;3;3;4;1;2
Curva acentuada;Derramamento de carga;Amanhecer;Ceu Claro;Caminhao-trator;Lesoes Graves;2;3;3;4;1;2
Curva acentuada;Derramamento de carga;Amanhecer;Ceu Claro;Caminhao-trator;Lesoes Leves;1;3;3;4;1;2
Curva acentuada;Derramamento de carga;Amanhecer;Nublado;Caminhao-trator;Lesoes Graves;1;3;3;4;2;2
Curva acentuada;Derramamento de carga;Amanhecer;Nublado;Caminhao-trator;Lesoes Leves;1;3;3;4;2;2
Curva acentuada;Derramamento de carga;Plena Noite;Ceu Claro;Caminhao-trator;Ileso;1;3;3;2;1;2
Curva acentuada;Derramamento de carga;Plena Noite;Ceu Claro;Caminhao-trator;Lesoes Graves;1;3;3;2;1;2
Curva acentuada;Derramamento de carga;Plena Noite;Ceu Claro;Caminhao-trator;Lesoes Leves;1;3;3;2;1;2
Curva acentuada;Derramamento de carga;Plena Noite;Nublado;Caminhao;Lesoes Leves;1;3;3;2;2;2
Curva acentuada;Derramamento de carga;Plena Noite;Nublado;Caminhao-trator;Lesoes Graves;1;3;3;2;2;2
Curva acentuada;Derramamento de carga;Pleno dia;Ceu Claro;Caminhao;Lesoes Graves;1;3;3;1;1;2
Curva acentuada;Derramamento de carga;Pleno dia;Ceu Claro;Caminhao;Lesoes Leves;3;3;3;1;1;2
Curva acentuada;Derramamento de carga;Pleno dia;Ceu Claro;Caminhao-trator;Ileso;4;3;3;1;1;2
Curva acentuada;Derramamento de carga;Pleno dia;Ceu Claro;Caminhao-trator;Lesoes Leves;6;3;3;1;1;2
Curva acentuada;Derramamento de carga;Pleno dia;Ceu Claro;Caminhao-trator;Obito;1;3;3;1;1;2
Curva acentuada;Derramamento de carga;Pleno dia;Chuva;Caminhao;Lesoes Leves;1;3;3;1;2;2
Curva acentuada;Derramamento de carga;Pleno dia;Nublado;Caminhao-trator;Ileso;2;3;3;1;2;2
Curva acentuada;Derramamento de carga;Pleno dia;Nublado;Caminhao-trator;Lesoes Graves;1;3;3;1;2;2