causa_acidente;tipo_acidente;fase_dia;condicao_metereologica;tipo_veiculo;estado_fisico;count;causa_acidente_criterios;tipo_acidente_criterios;fase_dia_criterios;condicao_metereologica_criterios;tipo_veiculo_criterios
Curva acentuada;Derramamento de carga;Pleno dia;Nublado;Caminhao-trator;Lesoes Leves;1;3;3;1;2;2
Curva acentuada;Derramamento de carga;Pleno dia;Nublado;Caminhao-trator;Obito;1;3;3;1;2;2
Curva acentuada;Derramamento de carga;Pleno dia;Nublado;Nao se aplica;Ileso;1;3;3;1;2;3
Curva acentuada;Derramamento de carga;Pleno dia;Sol;Caminhao-trator;Lesoes Graves;1;3;3;1;3;2
Curva acentuada;Derramamento de carga;Pleno dia;Sol;Caminhao-trator;Lesoes Leves;2;3;3;1;3;2
Curva acentuada;Engavetamento;Plena Noite;Nublado;Automovel;Ileso;4;3;3;2;2;1
Curva acentuada;Engavetamento;Plena Noite;Nublado;Automovel;Lesoes Leves;2;3;3;2;2;1
Curva acentuada;Engavetamento;Plena Noite;Nublado;Caminhao;Obito;1;3;3;2;2;2
Curva acentuada;Engavetamento;Plena Noite;Nublado;Caminhao-trator;Ileso;2;3;3;2;2;2
Curva acentuada;Engavetamento;Plena Noite;Nublado;Caminhonete;Obito;1;3;3;2;2;2
Curva acentuada;Engavetamento;Pleno dia;Ceu Claro;Automovel;Ileso;2;3;3;1;1;1
Curva acentuada;Engavetamento;Pleno dia;Ceu Claro;Automovel;Lesoes Leves;1;3;3;1;1;1
Curva acentuada;Engavetamento;Pleno dia;Ceu Claro;Caminhao;Ileso;1;3;3;1;1;2
Curva acentuada;Engavetamento;Pleno dia;Ceu Claro;Caminhonete;Ileso;1;3;3;1;1;2
Curva acentuada;Eventos atipicos;Pleno dia;Nublado;Caminhao-trator;Ileso;1;3;2;1;2;2
Curva acentuada;Incendio;Amanhecer;Nublado;Caminhao-trator;Lesoes Leves;1;3;2;4;2;2
Curva acentuada;Incendio;Plena Noite;Ceu Claro;Automovel;Obito;1;3;2;2;1;1
Curva acentuada;Incendio;Pleno dia;Ceu Claro;Automovel;Lesoes Graves;2;3;2;1;1;1
Curva acentuada;Incendio;Pleno dia;Ceu Claro;Automovel;Lesoes Leves;2;3;2;1;1;1
Curva acentuada;Incendio;Pleno dia;Ceu Claro;Caminhao;Lesoes Graves;1;3;2;1;1;2
Curva acentuada;Incendio;Pleno dia;Ceu Claro;Caminhao;Lesoes Leves;1;3;2;1;1;2
Curva acentuada;Incendio;Pleno dia;Ceu Claro;Caminhao-trator;Lesoes Leves;1;3;2;1;1;2
Curva acentuada;Queda de ocupante de veiculo;Amanhecer;Nublado;Caminhao-trator;Lesoes Graves;1;3;5;4;2;2
Curva acentuada;Queda de ocupante de veiculo;Anoitecer;Ceu Claro;Caminhonete;Ileso;1;3;5;4;1;2
Curva acentuada;Queda de ocupante de veiculo;Anoitecer;Ceu Claro;Motocicleta;Lesoes Graves;1;3;5;4;1;1
Curva acentuada;Queda de ocupante de veiculo;Anoitecer;Chuva;Caminhao;Lesoes Leves;1;3;5;4;2;2
Curva acentuada;Queda de ocupante de veiculo;Anoitecer;Chuva;Caminhonete;Lesoes Graves;1;3;5;4;2;2
Curva acentuada;Queda de ocupante de veiculo;Anoitecer;Chuva;Motoneta;Lesoes Graves;1;3;5;4;2;3
Curva acentuada;Queda de ocupante de veiculo;Plena Noite;Ceu Claro;Automovel;Ileso;1;3;5;2;1;1
Curva acentuada;Queda de ocupante de veiculo;Plena Noite;Ceu Claro;Caminhonete;Ileso;1;3;5;2;1;2
Curva acentuada;Queda de ocupante de veiculo;Plena Noite;Ceu Claro;Motocicleta;Lesoes Graves;2;3;5;2;1;1
Curva acentuada;Queda de ocupante de veiculo;Plena Noite;Ceu Claro;Motocicleta;Lesoes Leves;1;3;5;2;1;1
Curva acentuada;Queda de ocupante de veiculo;Plena Noite;Ceu Claro;Motocicleta;Obito;1;3;5;2;1;1
Curva acentuada;Queda de ocupante de veiculo;Plena Noite;Ceu Claro;Motoneta;Ileso;1;3;5;2;1;3
Curva acentuada;Queda de ocupante de veiculo;Plena Noite;Ceu Claro;Motoneta;Lesoes Graves;1;3;5;2;1;3
Curva acentuada;Queda de ocupante de veiculo;Plena Noite;Ceu Claro;Motoneta;Lesoes Leves;1;3;5;2;1;3
Curva acentuada;Queda de ocupante de veiculo;Plena Noite;Chuva;Motocicleta;Lesoes Leves;1;3;5;2;2;1
Curva acentuada;Queda de ocupante de veiculo;Plena Noite;Ignorado;Motocicleta;Lesoes Graves;1;3;5;2;0;1
Curva acentuada;Queda de ocupante de veiculo;Pleno dia;Ceu Claro;Motocicleta;Lesoes Graves;4;3;5;1;1;1
Curva acentuada;Queda de ocupante de veiculo;Pleno dia;Ceu Claro;Motocicleta;Lesoes Leves;9;3;5;1;1;1
Curva acentuada;Queda de ocupante de veiculo;Pleno dia;Ceu Claro;Motocicleta;Obito;1;3;5;1;1;1
Curva acentuada;Queda de ocupante de veiculo;Pleno dia;Chuva;Automovel;Ileso;2;3;5;1;2;1
Curva acentuada;Queda de ocupante de veiculo;Pleno dia;Chuva;Automovel;Lesoes Leves;1;3;5;1;2;1
Curva acentuada;Queda de ocupante de veiculo;Pleno dia;Chuva;Motocicleta;Lesoes Graves;1;3;5;1;2;1
Curva acentuada;Queda de ocupante de veiculo;Pleno dia;Chuva;Motocicleta;Obito;2;3;5;1;2;1
Curva acentuada;Queda de ocupante de veiculo;Pleno dia;Nublado;Caminhao-trator;Ileso;1;3;5;1;2;2
Curva acentuada;Queda de ocupante de veiculo;Pleno dia;Nublado;Caminhao-trator;Obito;1;3;5;1;2;2
Curva acentuada;Queda de ocupante de veiculo;Pleno dia;Nublado;Motocicleta;Lesoes Graves;1;3;5;1;2;1
Curva acentuada;Queda de ocupante de veiculo;Pleno dia;Sol;Caminhao-trator;Ileso;1;3;5;1;3;2
Curva acentuada;Queda de ocupante de veiculo;Pleno dia;Sol;Motocicleta;Lesoes Graves;1;3;5;1;3;1
Curva acentuada;Queda de ocupante de veiculo;Pleno dia;Sol;Motocicleta;Lesoes Leves;1;3;5;1;3;1
Curva acentuada;Saida de leito carrocavel;Amanhecer;Ceu Claro;Caminhao;Ileso;1;3;5;4;1;2
Curva acentuada;Saida de leito carrocavel;Amanhecer;Ceu Claro;Caminhao-trator;Ileso;3;3;5;4;1;2
Curva acentuada;Saida de leito carrocavel;Amanhecer;Ceu Claro;Caminhao-trator;Lesoes Graves;3;3;5;4;1;2
Curva acentuada;Saida de leito carrocavel;Amanhecer;Ceu Claro;Caminhao-trator;Lesoes Leves;2;3;5;4;1;2
Curva acentuada;Saida de leito carrocavel;Amanhecer;Chuva;Caminhonete;Lesoes Graves;1;3;5;4;2;2
Curva acentuada;Saida de leito carrocavel;Amanhecer;Nublado;Automovel;Lesoes Leves;1;3;5;4;2;1
Curva acentuada;Saida de leito carrocavel;Amanhecer;Nublado;Caminhao-trator;Lesoes Graves;1;3;5;4;2;2
Curva acentuada;Saida de leito carrocavel;Amanhecer;Nublado;Caminhao-trator;Lesoes Leves;1;3;5;4;2;2
Curva acentuada;Saida de leito carrocavel;Anoitecer;Chuva;Caminhao-trator;Obito;1;3;5;4;2;2
Curva acentuada;Saida de leito carrocavel;Anoitecer;Chuva;Caminhonete;Ileso;2;3;5;4;2;2
Curva acentuada;Saida de leito carrocavel;Anoitecer;Chuva;Motocicleta;Obito;1;3;5;4;2;1
Curva acentuada;Saida de leito carrocavel;Anoitecer;Garoa/Chuvisco;Automovel;Ileso;1;3;5;4;3;1
Curva acentuada;Saida de leito carrocavel;Anoitecer;Garoa/Chuvisco;Automovel;Lesoes Graves;1;3;5;4;3;1
Curva acentuada;Saida de leito carrocavel;Anoitecer;Garoa/Chuvisco;Caminhao;Ileso;1;3;5;4;3;2
Curva acentuada;Saida de leito carrocavel;Anoitecer;Garoa/Chuvisco;Caminhao-trator;Lesoes Leves;1;3;5;4;3;2
Curva acentuada;Saida de leito carrocavel;Anoitecer;Garoa/Chuvisco;Caminhonete;Lesoes Leves;1;3;5;4;3;2
Curva acentuada;Saida de leito carrocavel;Anoitecer;Nublado;Motocicleta;Lesoes Graves;1;3;5;4;2;1
Curva acentuada;Saida de leito carrocavel;Plena Noite;Ceu Claro;Automovel;Ileso;2;3;5;2;1;1
Curva acentuada;Saida de leito carrocavel;Plena Noite;Ceu Claro;Automovel;Lesoes Leves;5;3;5;2;1;1
Curva acentuada;Saida de leito carrocavel;Plena Noite;Ceu Claro;Automovel;Obito;1;3;5;2;1;1
Curva acentuada;Saida de leito carrocavel;Plena Noite;Ceu Claro;Caminhao;Ileso;1;3;5;2;1;2
Curva acentuada;Saida de leito carrocavel;Plena Noite;Ceu Claro;Caminhao;Lesoes Leves;1;3;5;2;1;2
Curva acentuada;Saida de leito carrocavel;Plena Noite;Ceu Claro;Caminhao-trator;Ileso;2;3;5;2;1;2
Curva acentuada;Saida de leito carrocavel;Plena Noite;Ceu Claro;Caminhao-trator;Lesoes Graves;2;3;5;2;1;2
Curva acentuada;Saida de leito carrocavel;Plena Noite;Ceu Claro;Caminhao-trator;Obito;1;3;5;2;1;2
Curva acentuada;Saida de leito carrocavel;Plena Noite;Ceu Claro;Micro-onibus;Ileso;2;3;5;2;1;4
Curva acentuada;Saida de leito carrocavel;Plena Noite;Ceu Claro;Motocicleta;Lesoes Graves;2;3;5;2;1;1
Curva acentuada;Saida de leito carrocavel;Plena Noite;Chuva;Automovel;Ileso;4;3;5;2;2;1
Curva acentuada;Saida de leito carrocavel;Plena Noite;Chuva;Automovel;Lesoes Leves;5;3;5;2;2;1
Curva acentuada;Saida de leito carrocavel;Plena Noite;Garoa/Chuvisco;Caminhao-trator;Ileso;1;3;5;2;3;2
Curva acentuada;Saida de leito carrocavel;Plena Noite;Garoa/Chuvisco;Caminhao-trator;Lesoes Leves;3;3;5;2;3;2
Curva acentuada;Saida de leito carrocavel;Plena Noite;Nevoeiro/Neblina;Caminhao;Lesoes Leves;1;3;5;2;4;2
Curva acentuada;Saida de leito carrocavel;Plena Noite;Nevoeiro/Neblina;Caminhao-trator;Ileso;1;3;5;2;4;2
Curva acentuada;Saida de leito carrocavel;Plena Noite;Nublado;Automovel;Lesoes Graves;1;3;5;2;2;1
Curva acentuada;Saida de leito carrocavel;Plena Noite;Nublado;Caminhao-trator;Lesoes Graves;1;3;5;2;2;2
Curva acentuada;Saida de leito carrocavel;Plena Noite;Nublado;Caminhao-trator;Lesoes Leves;1;3;5;2;2;2
Curva acentuada;Saida de leito carrocavel;Plena Noite;Nublado;Caminhonete;Lesoes Leves;1;3;5;2;2;2
Curva acentuada;Saida de leito carrocavel;Pleno dia;Ceu Claro;Automovel;Ileso;7;3;5;1;1;1
Curva acentuada;Saida de leito carrocavel;Pleno dia;Ceu Claro;Automovel;Lesoes Graves;4;3;5;1;1;1
Curva acentuada;Saida de leito carrocavel;Pleno dia;Ceu Claro;Automovel;Lesoes Leves;16;3;5;1;1;1
Curva acentuada;Saida de leito carrocavel;Pleno dia;Ceu Claro;Caminhao;Ileso;3;3;5;1;1;2
Curva acentuada;Saida de leito carrocavel;Pleno dia;Ceu Claro;Caminhao;Lesoes Graves;1;3;5;1;1;2
Curva acentuada;Saida de leito carrocavel;Pleno dia;Ceu Claro;Caminhao;Lesoes Leves;2;3;5;1;1;2
Curva acentuada;Saida de leito carrocavel;Pleno dia;Ceu Claro;Caminhao-trator;Ileso;9;3;5;1;1;2
Curva acentuada;Saida de leito carrocavel;Pleno dia;Ceu Claro;Caminhao-trator;Lesoes Leves;11;3;5;1;1;2
Curva acentuada;Saida de leito carrocavel;Pleno dia;Ceu Claro;Caminhao-trator;Obito;1;3;5;1;1;2
Curva acentuada;Saida de leito carrocavel;Pleno dia;Ceu Claro;Caminhonete;Ileso;3;3;5;1;1;2
Curva acentuada;Saida de leito carrocavel;Pleno dia;Ceu Claro;Caminhonete;Lesoes Graves;1;3;5;1;1;2
Curva acentuada;Saida de leito carrocavel;Pleno dia;Ceu Claro;Caminhonete;Lesoes Leves;1;3;5;1;1;2
Curva acentuada;Saida de leito carrocavel;Pleno dia;Ceu Claro;Motocicleta;Lesoes Graves;5;3;5;1;1;1
Curva acentuada;Saida de leito carrocavel;Pleno dia;Ceu Claro;Motocicleta;Obito;1;3;5;1;1;1
Curva acentuada;Saida de leito carrocavel;Pleno dia;Ceu Claro;Onibus;Ileso;1;3;5;1;1;3
Curva acentuada;Saida de leito carrocavel;Pleno dia;Ceu Claro;Utilitario;Ileso;2;3;5;1;1;3
Curva acentuada;Saida de leito carrocavel;Pleno dia;Ceu Claro;Utilitario;Lesoes Leves;1;3;5;1;1;3
Curva acentuada;Saida de leito carrocavel;Pleno dia;Chuva;Automovel;Ileso;11;3;5;1;2;1
Curva acentuada;Saida de leito carrocavel;Pleno dia;Chuva;Automovel;Lesoes Graves;3;3;5;1;2;1
Curva acentuada;Saida de leito carrocavel;Pleno dia;Chuva;Automovel;Lesoes Leves;13;3;5;1;2;1
Curva acentuada;Saida de leito carrocavel;Pleno dia;Chuva;Caminhao;Lesoes Leves;1;3;5;1;2;2
Curva acentuada;Saida de leito carrocavel;Pleno dia;Chuva;Caminhao-trator;Ileso;1;3;5;1;2;2
Curva acentuada;Saida de leito carrocavel;Pleno dia;Chuva;Caminhao-trator;Lesoes Leves;3;3;5;1;2;2
Curva acentuada;Saida de leito carrocavel;Pleno dia;Chuva;Caminhonete;Lesoes Leves;7;3;5;1;2;2
Curva acentuada;Saida de leito carrocavel;Pleno dia;Chuva;Motocicleta;Obito;2;3;5;1;2;1
Curva acentuada;Saida de leito carrocavel;Pleno dia;Chuva;Utilitario;Ileso;2;3;5;1;2;3
Curva acentuada;Saida de leito carrocavel;Pleno dia;Garoa/Chuvisco;Automovel;Ileso;15;3;5;1;3;1
Curva acentuada;Saida de leito carrocavel;Pleno dia;Garoa/Chuvisco;Automovel;Lesoes Leves;5;3;5;1;3;1
Curva acentuada;Saida de leito carrocavel;Pleno dia;Garoa/Chuvisco;Caminhonete;Ileso;1;3;5;1;3;2
Curva acentuada;Saida de leito carrocavel;Pleno dia;Garoa/Chuvisco;Caminhonete;Lesoes Leves;5;3;5;1;3;2
Curva acentuada;Saida de leito carrocavel;Pleno dia;Garoa/Chuvisco;Nao Informado;Ileso;1;3;5;1;3;3
Curva acentuada;Saida de leito carrocavel;Pleno dia;Garoa/Chuvisco;Nao Informado;Lesoes Leves;1;3;5;1;3;3
Curva acentuada;Saida de leito carrocavel;Pleno dia;Nublado;Automovel;Ileso;3;3;5;1;2;1
Curva acentuada;Saida de leito carrocavel;Pleno dia;Nublado;Automovel;Lesoes Graves;2;3;5;1;2;1
Curva acentuada;Saida de leito carrocavel;Pleno dia;Nublado;Automovel;Lesoes Leves;3;3;5;1;2;1
Curva acentuada;Saida de leito carrocavel;Pleno dia;Nublado;Caminhao-trator;Lesoes Graves;2;3;5;1;2;2
Curva acentuada;Saida de leito carrocavel;Pleno dia;Nublado;Caminhao-trator;Lesoes Leves;3;3;5;1;2;2
Curva acentuada;Saida de leito carrocavel;Pleno dia;Nublado;Caminhonete;Ileso;3;3;5;1;2;2
Curva acentuada;Saida de leito carrocavel;Pleno dia;Nublado;Caminhonete;Lesoes Leves;3;3;5;1;2;2
Curva acentuada;Saida de leito carrocavel;Pleno dia;Nublado;Nao se aplica;Ileso;1;3;5;1;2;3
Curva acentuada;Saida de leito carrocavel;Pleno dia;Sol;Caminhao-trator;Lesoes Graves;2;3;5;1;3;2
Curva acentuada;Saida de leito carrocavel;Pleno dia;Sol;Caminhonete;Ileso;1;3;5;1;3;2
Curva acentuada;Saida de leito carrocavel;Pleno dia;Sol;Caminhonete;Lesoes Leves;1;3;5;1;3;2
Curva acentuada;Tombamento;Amanhecer;Ceu Claro;Caminhao;Ileso;1;3;5;4;1;2
Curva acentuada;Tombamento;Amanhecer;Ceu Claro;Caminhao-trator;Ileso;4;3;5;4;1;2
Curva acentuada;Tombamento;Amanhecer;Ceu Claro;Caminhao-trator;Lesoes Graves;4;3;5;4;1;2
Curva acentuada;Tombamento;Amanhecer;Ceu Claro;Caminhao-trator;Lesoes Leves;4;3;5;4;1;2
Curva acentuada;Tombamento;Amanhecer;Ignorado;Caminhao-trator;Lesoes Leves;1;3;5;4;0;2
Curva acentuada;Tombamento;Amanhecer;Nublado;Caminhao-trator;Lesoes Leves;2;3;5;4;2;2
Curva acentuada;Tombamento;Anoitecer;Ceu Claro;Caminhonete;Ileso;1;3;5;4;1;2
Curva acentuada;Tombamento;Anoitecer;Ceu Claro;Motocicleta;Lesoes Graves;1;3;5;4;1;1
Curva acentuada;Tombamento;Anoitecer;Chuva;Caminhao-trator;Obito;1;3;5;4;2;2
Curva acentuada;Tombamento;Anoitecer;Chuva;Caminhonete;Ileso;2;3;5;4;2;2
Curva acentuada;Tombamento;Anoitecer;Chuva;Motocicleta;Obito;1;3;5;4;2;1
Curva acentuada;Tombamento;Anoitecer;Garoa/Chuvisco;Caminhao-trator;Lesoes Leves;1;3;5;4;3;2
Curva acentuada;Tombamento;Anoitecer;Nublado;Caminhao-trator;Lesoes Leves;1;3;5;4;2;2
Curva acentuada;Tombamento;Plena Noite;Ceu Claro;Caminhao;Ileso;1;3;5;2;1;2
Curva acentuada;Tombamento;Plena Noite;Ceu Claro;Caminhao;Lesoes Leves;1;3;5;2;1;2
Curva acentuada;Tombamento;Plena Noite;Ceu Claro;Caminhao-trator;Ileso;2;3;5;2;1;2
Curva acentuada;Tombamento;Plena Noite;Ceu Claro;Caminhao-trator;Lesoes Graves;2;3;5;2;1;2
Curva acentuada;Tombamento;Plena Noite;Ceu Claro;Caminhao-trator;Lesoes Leves;3;3;5;2;1;2
Curva acentuada;Tombamento;Plena Noite;Ceu Claro;Caminhao-trator;Obito;1;3;5;2;1;2
Curva acentuada;Tombamento;Plena Noite;Ceu Claro;Motocicleta;Lesoes Graves;2;3;5;2;1;1
Curva acentuada;Tombamento;Plena Noite;Ceu Claro;Motocicleta;Lesoes Leves;1;3;5;2;1;1
Curva acentuada;Tombamento;Plena Noite;Ceu Claro;Motocicleta;Obito;1;3;5;2;1;1
Curva acentuada;Tombamento;Plena Noite;Ceu Claro;Motoneta;Lesoes Graves;1;3;5;2;1;3
Curva acentuada;Tombamento;Plena Noite;Chuva;Automovel;Lesoes Leves;4;3;5;2;2;1
Curva acentuada;Tombamento;Plena Noite;Chuva;Caminhao-trator;Lesoes Graves;1;3;5;2;2;2
Curva acentuada;Tombamento;Plena Noite;Chuva;Caminhao-trator;Lesoes Leves;1;3;5;2;2;2
Curva acentuada;Tombamento;Plena Noite;Chuva;Motocicleta;Lesoes Leves;1;3;5;2;2;1
Curva acentuada;Tombamento;Plena Noite;Garoa/Chuvisco;Caminhao-trator;Lesoes Leves;2;3;5;2;3;2
Curva acentuada;Tombamento;Plena Noite;Garoa/Chuvisco;Onibus;Ileso;30;3;5;2;3;3
Curva acentuada;Tombamento;Plena Noite;Garoa/Chuvisco;Onibus;Lesoes Leves;8;3;5;2;3;3
Curva acentuada;Tombamento;Plena Noite;Ignorado;Motocicleta;Lesoes Graves;1;3;5;2;0;1
Curva acentuada;Tombamento;Plena Noite;Nevoeiro/Neblina;Caminhao;Lesoes Leves;1;3;5;2;4;2
Curva acentuada;Tombamento;Plena Noite;Nevoeiro/Neblina;Caminhao-trator;Ileso;1;3;5;2;4;2
Curva acentuada;Tombamento;Plena Noite;Nublado;Caminhao;Ileso;1;3;5;2;2;2
Curva acentuada;Tombamento;Plena Noite;Nublado;Caminhao;Lesoes Leves;1;3;5;2;2;2
Curva acentuada;Tombamento;Plena Noite;Nublado;Caminhao-trator;Lesoes Leves;4;3;5;2;2;2
Curva acentuada;Tombamento;Pleno dia;Ceu Claro;Automovel;Ileso;6;3;5;1;1;1
Curva acentuada;Tombamento;Pleno dia;Ceu Claro;Automovel;Lesoes Graves;2;3;5;1;1;1
Curva acentuada;Tombamento;Pleno dia;Ceu Claro;Automovel;Lesoes Leves;4;3;5;1;1;1
Curva acentuada;Tombamento;Pleno dia;Ceu Claro;Caminhao;Ileso;3;3;5;1;1;2
Curva acentuada;Tombamento;Pleno dia;Ceu Claro;Caminhao;Lesoes Graves;2;3;5;1;1;2
Curva acentuada;Tombamento;Pleno dia;Ceu Claro;Caminhao;Lesoes Leves;4;3;5;1;1;2
Curva acentuada;Tombamento;Pleno dia;Ceu Claro;Caminhao;Obito;1;3;5;1;1;2
Curva acentuada;Tombamento;Pleno dia;Ceu Claro;Caminhao-trator;Ileso;7;3;5;1;1;2
Curva acentuada;Tombamento;Pleno dia;Ceu Claro;Caminhao-trator;Lesoes Graves;6;3;5;1;1;2
Curva acentuada;Tombamento;Pleno dia;Ceu Claro;Caminhao-trator;Lesoes Leves;18;3;5;1;1;2
Curva acentuada;Tombamento;Pleno dia;Ceu Claro;Caminhao-trator;Obito;1;3;5;1;1;2
Curva acentuada;Tombamento;Pleno dia;Ceu Claro;Caminhonete;Lesoes Graves;1;3;5;1;1;2
Curva acentuada;Tombamento;Pleno dia;Ceu Claro;Motocicleta;Lesoes Graves;2;3;5;1;1;1
Curva acentuada;Tombamento;Pleno dia;Ceu Claro;Motocicleta;Lesoes Leves;10;3;5;1;1;1
Curva acentuada;Tombamento;Pleno dia;Chuva;Automovel;Lesoes Leves;1;3;5;1;2;1
Curva acentuada;Tombamento;Pleno dia;Chuva;Caminhao;Lesoes Leves;1;3;5;1;2;2
Curva acentuada;Tombamento;Pleno dia;Chuva;Caminhao-trator;Lesoes Graves;1;3;5;1;2;2
Curva acentuada;Tombamento;Pleno dia;Chuva;Caminhao-trator;Lesoes Leves;1;3;5;1;2;2
Curva acentuada;Tombamento;Pleno dia;Chuva;Caminhao-trator;Obito;1;3;5;1;2;2
Curva acentuada;Tombamento;Pleno dia;Chuva;Caminhonete;Lesoes Leves;5;3;5;1;2;2
Curva acentuada;Tombamento;Pleno dia;Chuva;Utilitario;Ileso;3;3;5;1;2;3
Curva acentuada;Tombamento;Pleno dia;Chuva;Utilitario;Lesoes Leves;2;3;5;1;2;3
Curva acentuada;Tombamento;Pleno dia;Ignorado;Motocicleta;Lesoes Leves;1;3;5;1;0;1
Curva acentuada;Tombamento;Pleno dia;Nublado;Automovel;Ileso;3;3;5;1;2;1
Curva acentuada;Tombamento;Pleno dia;Nublado;Caminhao;Lesoes Leves;1;3;5;1;2;2
Curva acentuada;Tombamento;Pleno dia;Nublado;Caminhao-trator;Ileso;1;3;5;1;2;2
Curva acentuada;Tombamento;Pleno dia;Nublado;Caminhao-trator;Lesoes Graves;2;3;5;1;2;2
Curva acentuada;Tombamento;Pleno dia;Nublado;Caminhao-trator;Lesoes Leves;4;3;5;1;2;2
Curva acentuada;Tombamento;Pleno dia;Nublado;Caminhao-trator;Obito;1;3;5;1;2;2
Curva acentuada;Tombamento;Pleno dia;Nublado;Caminhonete;Ileso;2;3;5;1;2;2
Curva acentuada;Tombamento;Pleno dia;Nublado;Caminhonete;Lesoes Leves;2;3;5;1;2;2
Curva acentuada;Tombamento;Pleno dia;Nublado;Motocicleta;Lesoes Graves;1;3;5;1;2;1
Curva acentuada;Tombamento;Pleno dia;Nublado;Motocicleta;Lesoes Leves;2;3;5;1;2;1
Curva acentuada;Tombamento;Pleno dia;Nublado;Nao se aplica;Ileso;1;3;5;1;2;3
Curva acentuada;Tombamento;Pleno dia;Sol;Caminhao-trator;Ileso;2;3;5;1;3;2
Curva acentuada;Tombamento;Pleno dia;Sol;Caminhao-trator;Lesoes Graves;3;3;5;1;3;2
Curva acentuada;Tombamento;Pleno dia;Sol;Caminhao-trator;Lesoes Leves;7;3;5;1;3;2
Curva acentuada;Tombamento;Pleno dia;Sol;Motocicleta;Lesoes Graves;1;3;5;1;3;1
Curva acentuada;Tombamento;Pleno dia;Sol;Motocicleta;Lesoes Leves;3;3;5;1;3;1
Declive acentuado;Atropelamento de Pedestre;Amanhecer;Ceu Claro;Automovel;Ileso;3;2;4;4;1;1
Declive acentuado;Atropelamento de Pedestre;Amanhecer;Ceu Claro;Nao se aplica;Obito;1;2;4;4;1;3
Declive acentuado;Capotamento;Plena Noite;Ceu Claro;Caminhao;Lesoes Graves;1;2;5;2;1;2
Declive acentuado;Capotamento;Pleno dia;Ceu Claro;Automovel;Lesoes Leves;1;2;5;1;1;1
Declive acentuado;Capotamento;Pleno dia;Ceu Claro;Caminhao;Lesoes Graves;1;2;5;1;1;2
Declive acentuado;Capotamento;Pleno dia;Ceu Claro;Caminhao;Lesoes Leves;1;2;5;1;1;2
Declive acentuado;Capotamento;Pleno dia;Ceu Claro;Caminhao-trator;Obito;1;2;5;1;1;2
Declive acentuado;Capotamento;Pleno dia;Ceu Claro;Caminhonete;Lesoes Graves;1;2;5;1;1;2
Declive acentuado;Capotamento;Pleno dia;Ceu Claro;Caminhonete;Lesoes Leves;3;2;5;1;1;2
Declive acentuado;Capotamento;Pleno dia;Chuva;Automovel;Ileso;1;2;5;1;2;1
Declive acentuado;Capotamento;Pleno dia;Chuva;Automovel;Lesoes Leves;1;2;5;1;2;1
Declive acentuado;Capotamento;Pleno dia;Chuva;Utilitario;Ileso;3;2;5;1;2;3
Declive acentuado;Capotamento;Pleno dia;Chuva;Utilitario;Lesoes Leves;1;2;5;1;2;3
Declive acentuado;Capotamento;Pleno dia;Sol;Caminhao-trator;Lesoes Graves;2;2;5;1;3;2
Declive acentuado;Colisao com objeto;Amanhecer;Ceu Claro;Caminhao-trator;Ileso;1;2;5;4;1;2
Declive acentuado;Colisao com objeto;Amanhecer;Nublado;Caminhao;Obito;2;2;5;4;2;2
Declive acentuado;Colisao com objeto;Amanhecer;Nublado;Caminhao-trator;Lesoes Leves;1;2;5;4;2;2
Declive acentuado;Colisao com objeto;Anoitecer;Chuva;Automovel;Ileso;1;2;5;4;2;1
Declive acentuado;Colisao com objeto;Anoitecer;Chuva;Automovel;Lesoes Leves;2;2;5;4;2;1
Declive acentuado;Colisao com objeto;Anoitecer;Garoa/Chuvisco;Automovel;Ileso;1;2;5;4;3;1
Declive acentuado;Colisao com objeto;Anoitecer;Garoa/Chuvisco;Automovel;Lesoes Leves;1;2;5;4;3;1
Declive acentuado;Colisao com objeto;Plena Noite;Ceu Claro;Automovel;Ileso;1;2;5;2;1;1
Declive acentuado;Colisao com objeto;Plena Noite;Ceu Claro;Automovel;Lesoes Leves;2;2;5;2;1;1
Declive acentuado;Colisao com objeto;Plena Noite;Ceu Claro;Caminhao;Ileso;1;2;5;2;1;2
Declive acentuado;Colisao com objeto;Plena Noite;Ceu Claro;Caminhao-trator;Lesoes Graves;1;2;5;2;1;2
Declive acentuado;Colisao com objeto;Plena Noite;Ceu Claro;Caminhao-trator;Lesoes Leves;4;2;5;2;1;2
Declive acentuado;Colisao com objeto;Plena Noite;Ceu Claro;Caminhao-trator;Obito;1;2;5;2;1;2
Declive acentuado;Colisao com objeto;Plena Noite;Ceu Claro;Caminhonete;Ileso;6;2;5;2;1;2
Declive acentuado;Colisao com objeto;Plena Noite;Ceu Claro;Caminhonete;Lesoes Graves;3;2;5;2;1;2
Declive acentuado;Colisao com objeto;Plena Noite;Ceu Claro;Caminhonete;Lesoes Leves;3;2;5;2;1;2
Declive acentuado;Colisao com objeto;Plena Noite;Ceu Claro;Caminhonete;Obito;3;2;5;2;1;2
Declive acentuado;Colisao com objeto;Plena Noite;Ceu Claro;Motocicleta;Ileso;1;2;5;2;1;1
Declive acentuado;Colisao com objeto;Plena Noite;Ceu Claro;Motocicleta;Lesoes Graves;1;2;5;2;1;1
Declive acentuado;Colisao com objeto;Plena Noite;Ceu Claro;Motocicleta;Lesoes Leves;1;2;5;2;1;1
Declive acentuado;Colisao com objeto;Plena Noite;Garoa/Chuvisco;Automovel;Ileso;5;2;5;2;3;1
Declive acentuado;Colisao com objeto;Pleno dia;Ceu Claro;Automovel;Ileso;1;2;5;1;1;1
Declive acentuado;Colisao com objeto;Pleno dia;Ceu Claro;Automovel;Lesoes Leves;1;2;5;1;1;1
Declive acentuado;Colisao com objeto;Pleno dia;Ceu Claro;Caminhao;Lesoes Graves;1;2;5;1;1;2
Declive acentuado;Colisao com objeto;Pleno dia;Ceu Claro;Caminhao;Lesoes Leves;1;2;5;1;1;2
Declive acentuado;Colisao com objeto;Pleno dia;Ceu Claro;Caminhao-trator;Lesoes Leves;2;2;5;1;1;2
Declive acentuado;Colisao com objeto;Pleno dia;Ceu Claro;Caminhonete;Lesoes Leves;1;2;5;1;1;2
Declive acentuado;Colisao com objeto;Pleno dia;Chuva;Automovel;Ileso;2;2;5;1;2;1
Declive acentuado;Colisao com objeto;Pleno dia;Chuva;Automovel;Lesoes Leves;2;2;5;1;2;1
Declive acentuado;Colisao com objeto;Pleno dia;Chuva;Caminhonete;Ileso;4;2;5;1;2;2
Declive acentuado;Colisao com objeto;Pleno dia;Chuva;Nao Informado;Ileso;1;2;5;1;2;3
Declive acentuado;Colisao com objeto;Pleno dia;Garoa/Chuvisco;Caminhao-trator;Ileso;1;2;5;1;3;2
Declive acentuado;Colisao com objeto;Pleno dia;Garoa/Chuvisco;Utilitario;Ileso;4;2;5;1;3;3
Declive acentuado;Colisao com objeto;Pleno dia;Nublado;Automovel;Ileso;1;2;5;1;2;1
Declive acentuado;Colisao com objeto;Pleno dia;Nublado;Caminhao;Lesoes Graves;1;2;5;1;2;2