causa_acidente;tipo_acidente;fase_dia;condicao_metereologica;tipo_veiculo;estado_fisico;count;causa_acidente_criterios;tipo_acidente_criterios;fase_dia_criterios;condicao_metereologica_criterios;tipo_veiculo_criterios
Deixar de acionar o farol da motocicleta (ou similar);Saida de leito carrocavel;Amanhecer;Nublado;Motocicleta;Lesoes Leves;1;1;5;4;2;1
Deixar de acionar o farol da motocicleta (ou similar);Saida de leito carrocavel;Plena Noite;Nublado;Automovel;Ileso;3;1;5;2;2;1
Deixar de acionar o farol da motocicleta (ou similar);Saida de leito carrocavel;Plena Noite;Nublado;Motocicleta;Lesoes Graves;1;1;5;2;2;1
Deixar de acionar o farol da motocicleta (ou similar);Saida de leito carrocavel;Plena Noite;Nublado;Motocicleta;Obito;1;1;5;2;2;1
Deixar de acionar o farol da motocicleta (ou similar);Tombamento;Anoitecer;Ceu Claro;Automovel;Ileso;1;1;5;4;1;1
Deixar de acionar o farol da motocicleta (ou similar);Tombamento;Anoitecer;Ceu Claro;Motocicleta;Lesoes Graves;1;1;5;4;1;1
Deixar de acionar o farol da motocicleta (ou similar);Tombamento;Plena Noite;Ceu Claro;Automovel;Ileso;1;1;5;2;1;1
Deixar de acionar o farol da motocicleta (ou similar);Tombamento;Plena Noite;Ceu Claro;Caminhonete;Ileso;4;1;5;2;1;2
Deixar de acionar o farol da motocicleta (ou similar);Tombamento;Plena Noite;Ceu Claro;Motocicleta;Obito;1;1;5;2;1;1
Deixar de acionar o farol da motocicleta (ou similar);Tombamento;Plena Noite;Ceu Claro;Motoneta;Lesoes Leves;1;1;5;2;1;3
Deixar de acionar o farol da motocicleta (ou similar);Tombamento;Plena Noite;Garoa/Chuvisco;Motocicleta;Lesoes Leves;1;1;5;2;3;1
Deixar de acionar o farol da motocicleta (ou similar);Tombamento;Plena Noite;Garoa/Chuvisco;Utilitario;Ileso;1;1;5;2;3;3
Deixar de acionar o farol da motocicleta (ou similar);Tombamento;Plena Noite;Nublado;Automovel;Ileso;3;1;5;2;2;1
Deixar de acionar o farol da motocicleta (ou similar);Tombamento;Plena Noite;Nublado;Motocicleta;Lesoes Graves;1;1;5;2;2;1
Deixar de acionar o farol da motocicleta (ou similar);Tombamento;Plena Noite;Nublado;Motocicleta;Lesoes Leves;2;1;5;2;2;1
Deixar de acionar o farol da motocicleta (ou similar);Tombamento;Plena Noite;Nublado;Motocicleta;Obito;1;1;5;2;2;1
Deixar de acionar o farol da motocicleta (ou similar);Tombamento;Pleno dia;Ceu Claro;Caminhonete;Ileso;1;1;5;1;1;2
Deixar de acionar o farol da motocicleta (ou similar);Tombamento;Pleno dia;Ceu Claro;Motocicleta;Lesoes Graves;1;1;5;1;1;1
Deixar de acionar o farol da motocicleta (ou similar);Tombamento;Pleno dia;Ceu Claro;Motocicleta;Lesoes Leves;1;1;5;1;1;1
Demais Fenomenos da natureza;Capotamento;Anoitecer;Chuva;Automovel;Lesoes Leves;2;1;5;4;2;1
Demais Fenomenos da natureza;Capotamento;Pleno dia;Chuva;Automovel;Lesoes Leves;1;1;5;1;2;1
Demais Fenomenos da natureza;Colisao com objeto;Amanhecer;Chuva;Caminhao;Lesoes Graves;2;1;5;4;2;2
Demais Fenomenos da natureza;Colisao com objeto;Anoitecer;Ceu Claro;Automovel;Ileso;1;1;5;4;1;1
Demais Fenomenos da natureza;Colisao com objeto;Plena Noite;Chuva;Motocicleta;Lesoes Leves;1;1;5;2;2;1
Demais Fenomenos da natureza;Colisao com objeto;Plena Noite;Chuva;Utilitario;Ileso;2;1;5;2;2;3
Demais Fenomenos da natureza;Colisao com objeto;Pleno dia;Ceu Claro;Motocicleta;Ileso;1;1;5;1;1;1
Demais Fenomenos da natureza;Colisao com objeto;Pleno dia;Ceu Claro;Motocicleta;Lesoes Leves;1;1;5;1;1;1
Demais Fenomenos da natureza;Colisao com objeto;Pleno dia;Ceu Claro;Motocicleta;Obito;1;1;5;1;1;1
Demais Fenomenos da natureza;Colisao com objeto;Pleno dia;Chuva;Automovel;Lesoes Leves;2;1;5;1;2;1
Demais Fenomenos da natureza;Colisao com objeto;Pleno dia;Chuva;Nao Informado;Ileso;1;1;5;1;2;3
Demais Fenomenos da natureza;Colisao transversal;Amanhecer;Ceu Claro;Bicicleta;Lesoes Leves;1;1;5;4;1;3
Demais Fenomenos da natureza;Colisao transversal;Amanhecer;Ceu Claro;Caminhonete;Ileso;4;1;5;4;1;2
Demais Fenomenos da natureza;Colisao transversal;Anoitecer;Ceu Claro;Automovel;Ileso;2;1;5;4;1;1
Demais Fenomenos da natureza;Colisao transversal;Anoitecer;Ceu Claro;Automovel;Lesoes Leves;3;1;5;4;1;1
Demais Fenomenos da natureza;Colisao transversal;Pleno dia;Ceu Claro;Automovel;Ileso;1;1;5;1;1;1
Demais Fenomenos da natureza;Colisao transversal;Pleno dia;Ceu Claro;Automovel;Lesoes Graves;5;1;5;1;1;1
Demais Fenomenos da natureza;Colisao transversal;Pleno dia;Ceu Claro;Automovel;Lesoes Leves;7;1;5;1;1;1
Demais Fenomenos da natureza;Colisao transversal;Pleno dia;Ceu Claro;Caminhonete;Lesoes Leves;1;1;5;1;1;2
Demais Fenomenos da natureza;Colisao transversal;Pleno dia;Sol;Caminhonete;Ileso;1;1;5;1;3;2
Demais Fenomenos da natureza;Colisao transversal;Pleno dia;Sol;Motoneta;Lesoes Leves;1;1;5;1;3;3
Demais Fenomenos da natureza;Colisao traseira;Amanhecer;Ceu Claro;Caminhao-trator;Ileso;1;1;5;4;1;2
Demais Fenomenos da natureza;Colisao traseira;Amanhecer;Ceu Claro;Caminhao-trator;Lesoes Leves;1;1;5;4;1;2
Demais Fenomenos da natureza;Colisao traseira;Amanhecer;Sol;Automovel;Lesoes Graves;1;1;5;4;3;1
Demais Fenomenos da natureza;Colisao traseira;Amanhecer;Sol;Automovel;Lesoes Leves;2;1;5;4;3;1
Demais Fenomenos da natureza;Colisao traseira;Amanhecer;Sol;Caminhao;Lesoes Graves;1;1;5;4;3;2
Demais Fenomenos da natureza;Colisao traseira;Amanhecer;Sol;Caminhao-trator;Ileso;2;1;5;4;3;2
Demais Fenomenos da natureza;Colisao traseira;Anoitecer;Ceu Claro;Caminhao;Lesoes Graves;1;1;5;4;1;2
Demais Fenomenos da natureza;Colisao traseira;Anoitecer;Ceu Claro;Caminhao;Lesoes Leves;1;1;5;4;1;2
Demais Fenomenos da natureza;Colisao traseira;Anoitecer;Ceu Claro;Caminhao;Obito;1;1;5;4;1;2
Demais Fenomenos da natureza;Colisao traseira;Anoitecer;Ceu Claro;Caminhao-trator;Ileso;1;1;5;4;1;2
Demais Fenomenos da natureza;Colisao traseira;Anoitecer;Sol;Automovel;Ileso;1;1;5;4;3;1
Demais Fenomenos da natureza;Colisao traseira;Anoitecer;Sol;Motocicleta;Lesoes Leves;2;1;5;4;3;1
Demais Fenomenos da natureza;Colisao traseira;Plena Noite;Chuva;Automovel;Ileso;5;1;5;2;2;1
Demais Fenomenos da natureza;Colisao traseira;Plena Noite;Chuva;Automovel;Lesoes Leves;1;1;5;2;2;1
Demais Fenomenos da natureza;Colisao traseira;Pleno dia;Ceu Claro;Automovel;Ileso;1;1;5;1;1;1
Demais Fenomenos da natureza;Colisao traseira;Pleno dia;Ceu Claro;Caminhao;Ileso;1;1;5;1;1;2
Demais Fenomenos da natureza;Colisao traseira;Pleno dia;Ceu Claro;Micro-onibus;Ileso;1;1;5;1;1;4
Demais Fenomenos da natureza;Colisao traseira;Pleno dia;Ceu Claro;Motocicleta;Lesoes Graves;1;1;5;1;1;1
Demais Fenomenos da natureza;Colisao traseira;Pleno dia;Ceu Claro;Motocicleta;Lesoes Leves;2;1;5;1;1;1
Demais Fenomenos da natureza;Colisao traseira;Pleno dia;Ceu Claro;Motoneta;Lesoes Leves;2;1;5;1;1;3
Demais Fenomenos da natureza;Colisao traseira;Pleno dia;Chuva;Automovel;Ileso;3;1;5;1;2;1
Demais Fenomenos da natureza;Colisao traseira;Pleno dia;Chuva;Automovel;Lesoes Leves;5;1;5;1;2;1
Demais Fenomenos da natureza;Colisao traseira;Pleno dia;Chuva;Caminhonete;Ileso;6;1;5;1;2;2
Demais Fenomenos da natureza;Colisao traseira;Pleno dia;Chuva;Caminhonete;Lesoes Leves;1;1;5;1;2;2
Demais Fenomenos da natureza;Colisao traseira;Pleno dia;Chuva;Nao Informado;Ileso;1;1;5;1;2;3
Demais Fenomenos da natureza;Colisao traseira;Pleno dia;Nublado;Caminhao-trator;Ileso;1;1;5;1;2;2
Demais Fenomenos da natureza;Eventos atipicos;Anoitecer;Chuva;Automovel;Ileso;2;1;2;4;2;1
Demais Fenomenos da natureza;Eventos atipicos;Anoitecer;Chuva;Automovel;Lesoes Leves;2;1;2;4;2;1
Demais Fenomenos da natureza;Eventos atipicos;Plena Noite;Chuva;Caminhao;Lesoes Leves;1;1;2;2;2;2
Demais Fenomenos da natureza;Eventos atipicos;Pleno dia;Ceu Claro;Automovel;Ileso;4;1;2;1;1;1
Demais Fenomenos da natureza;Eventos atipicos;Pleno dia;Ceu Claro;Automovel;Lesoes Leves;1;1;2;1;1;1
Demais Fenomenos da natureza;Eventos atipicos;Pleno dia;Chuva;Automovel;Lesoes Leves;1;1;2;1;2;1
Demais Fenomenos da natureza;Incendio;Plena Noite;Ceu Claro;Caminhonete;Ileso;1;1;2;2;1;2
Demais Fenomenos da natureza;Queda de ocupante de veiculo;Amanhecer;Ceu Claro;Bicicleta;Lesoes Leves;1;1;5;4;1;3
Demais Fenomenos da natureza;Queda de ocupante de veiculo;Amanhecer;Ceu Claro;Caminhonete;Ileso;4;1;5;4;1;2
Demais Fenomenos da natureza;Queda de ocupante de veiculo;Anoitecer;Ceu Claro;Motocicleta;Lesoes Leves;1;1;5;4;1;1
Demais Fenomenos da natureza;Queda de ocupante de veiculo;Anoitecer;Sol;Automovel;Ileso;1;1;5;4;3;1
Demais Fenomenos da natureza;Queda de ocupante de veiculo;Anoitecer;Sol;Motocicleta;Lesoes Leves;2;1;5;4;3;1
Demais Fenomenos da natureza;Queda de ocupante de veiculo;Plena Noite;Chuva;Motocicleta;Lesoes Leves;1;1;5;2;2;1
Demais Fenomenos da natureza;Queda de ocupante de veiculo;Pleno dia;Ceu Claro;Automovel;Ileso;1;1;5;1;1;1
Demais Fenomenos da natureza;Queda de ocupante de veiculo;Pleno dia;Ceu Claro;Caminhao;Ileso;1;1;5;1;1;2
Demais Fenomenos da natureza;Queda de ocupante de veiculo;Pleno dia;Ceu Claro;Motocicleta;Lesoes Graves;1;1;5;1;1;1
Demais Fenomenos da natureza;Queda de ocupante de veiculo;Pleno dia;Ceu Claro;Motocicleta;Lesoes Leves;2;1;5;1;1;1
Demais Fenomenos da natureza;Queda de ocupante de veiculo;Pleno dia;Ceu Claro;Motocicleta;Obito;1;1;5;1;1;1
Demais Fenomenos da natureza;Queda de ocupante de veiculo;Pleno dia;Chuva;Motocicleta;Lesoes Leves;1;1;5;1;2;1
Demais Fenomenos da natureza;Queda de ocupante de veiculo;Pleno dia;Chuva;Motocicleta;Obito;1;1;5;1;2;1
Demais Fenomenos da natureza;Queda de ocupante de veiculo;Pleno dia;Sol;Motocicleta;Lesoes Leves;1;1;5;1;3;1
Demais Fenomenos da natureza;Saida de leito carrocavel;Anoitecer;Ceu Claro;Motocicleta;Lesoes Leves;1;1;5;4;1;1
Demais Fenomenos da natureza;Saida de leito carrocavel;Anoitecer;Chuva;Automovel;Lesoes Leves;2;1;5;4;2;1
Demais Fenomenos da natureza;Saida de leito carrocavel;Plena Noite;Chuva;Caminhao;Lesoes Leves;1;1;5;2;2;2
Demais Fenomenos da natureza;Saida de leito carrocavel;Plena Noite;Ignorado;Automovel;Lesoes Leves;2;1;5;2;0;1
Demais Fenomenos da natureza;Saida de leito carrocavel;Pleno dia;Chuva;Automovel;Lesoes Leves;1;1;5;1;2;1
Demais Fenomenos da natureza;Saida de leito carrocavel;Pleno dia;Garoa/Chuvisco;Caminhonete;Ileso;5;1;5;1;3;2
Demais Fenomenos da natureza;Saida de leito carrocavel;Pleno dia;Nublado;Caminhao-trator;Ileso;1;1;5;1;2;2
Demais Fenomenos da natureza;Tombamento;Anoitecer;Ceu Claro;Motocicleta;Lesoes Leves;1;1;5;4;1;1
Demais Fenomenos da natureza;Tombamento;Plena Noite;Ignorado;Automovel;Lesoes Leves;2;1;5;2;0;1
Demais Fenomenos da natureza;Tombamento;Pleno dia;Ceu Claro;Automovel;Ileso;1;1;5;1;1;1
Demais Fenomenos da natureza;Tombamento;Pleno dia;Ceu Claro;Caminhao-trator;Lesoes Leves;1;1;5;1;1;2
Demais Fenomenos da natureza;Tombamento;Pleno dia;Ceu Claro;Motocicleta;Lesoes Graves;1;1;5;1;1;1
Demais Fenomenos da natureza;Tombamento;Pleno dia;Ceu Claro;Motocicleta;Lesoes Leves;1;1;5;1;1;1
Demais Fenomenos da natureza;Tombamento;Pleno dia;Chuva;Motocicleta;Lesoes Leves;1;1;5;1;2;1
Demais Fenomenos da natureza;Tombamento;Pleno dia;Sol;Caminhonete;Ileso;1;1;5;1;3;2
Demais Fenomenos da natureza;Tombamento;Pleno dia;Sol;Motocicleta;Lesoes Leves;1;1;5;1;3;1
Demais Fenomenos da natureza;Tombamento;Pleno dia;Sol;Motoneta;Lesoes Leves;1;1;5;1;3;3
Demais falhas mecanicas ou eletricas;Atropelamento de Animal;Plena Noite;Ceu Claro;Caminhonete;Ileso;2;4;2;2;1;2
Demais falhas mecanicas ou eletricas;Atropelamento de Pedestre;Amanhecer;Nublado;Automovel;Ileso;1;4;4;4;2;1
Demais falhas mecanicas ou eletricas;Atropelamento de Pedestre;Amanhecer;Nublado;Automovel;Obito;1;4;4;4;2;1
Demais falhas mecanicas ou eletricas;Atropelamento de Pedestre;Amanhecer;Nublado;Caminhao-trator;Ileso;2;4;4;4;2;2
Demais falhas mecanicas ou eletricas;Atropelamento de Pedestre;Plena Noite;Ceu Claro;Automovel;Ileso;2;4;4;2;1;1
Demais falhas mecanicas ou eletricas;Atropelamento de Pedestre;Plena Noite;Ceu Claro;Automovel;Lesoes Graves;1;4;4;2;1;1
Demais falhas mecanicas ou eletricas;Atropelamento de Pedestre;Plena Noite;Ceu Claro;Caminhao-trator;Lesoes Leves;1;4;4;2;1;2
Demais falhas mecanicas ou eletricas;Atropelamento de Pedestre;Plena Noite;Chuva;Caminhao;Ileso;1;4;4;2;2;2
Demais falhas mecanicas ou eletricas;Atropelamento de Pedestre;Plena Noite;Chuva;Motocicleta;Lesoes Graves;1;4;4;2;2;1
Demais falhas mecanicas ou eletricas;Atropelamento de Pedestre;Plena Noite;Nublado;Caminhao;Ileso;1;4;4;2;2;2
Demais falhas mecanicas ou eletricas;Atropelamento de Pedestre;Plena Noite;Nublado;Nao se aplica;Lesoes Leves;2;4;4;2;2;3
Demais falhas mecanicas ou eletricas;Atropelamento de Pedestre;Pleno dia;Ceu Claro;Caminhao-trator;Ileso;1;4;4;1;1;2
Demais falhas mecanicas ou eletricas;Atropelamento de Pedestre;Pleno dia;Ceu Claro;Caminhonete;Ileso;1;4;4;1;1;2
Demais falhas mecanicas ou eletricas;Atropelamento de Pedestre;Pleno dia;Ceu Claro;Motocicleta;Obito;1;4;4;1;1;1
Demais falhas mecanicas ou eletricas;Atropelamento de Pedestre;Pleno dia;Ceu Claro;Nao se aplica;Lesoes Graves;1;4;4;1;1;3
Demais falhas mecanicas ou eletricas;Atropelamento de Pedestre;Pleno dia;Ceu Claro;Nao se aplica;Lesoes Leves;1;4;4;1;1;3
Demais falhas mecanicas ou eletricas;Atropelamento de Pedestre;Pleno dia;Sol;Caminhao;Ileso;2;4;4;1;3;2
Demais falhas mecanicas ou eletricas;Atropelamento de Pedestre;Pleno dia;Sol;Nao se aplica;Lesoes Leves;1;4;4;1;3;3
Demais falhas mecanicas ou eletricas;Capotamento;Amanhecer;Nublado;Nao Informado;Lesoes Graves;4;4;5;4;2;3
Demais falhas mecanicas ou eletricas;Capotamento;Amanhecer;Nublado;Nao Informado;Lesoes Leves;1;4;5;4;2;3
Demais falhas mecanicas ou eletricas;Capotamento;Anoitecer;Ceu Claro;Automovel;Lesoes Leves;1;4;5;4;1;1
Demais falhas mecanicas ou eletricas;Capotamento;Anoitecer;Chuva;Caminhonete;Ileso;1;4;5;4;2;2
Demais falhas mecanicas ou eletricas;Capotamento;Anoitecer;Chuva;Caminhonete;Lesoes Leves;1;4;5;4;2;2
Demais falhas mecanicas ou eletricas;Capotamento;Anoitecer;Chuva;Utilitario;Ileso;7;4;5;4;2;3
Demais falhas mecanicas ou eletricas;Capotamento;Anoitecer;Chuva;Utilitario;Lesoes Leves;2;4;5;4;2;3
Demais falhas mecanicas ou eletricas;Capotamento;Plena Noite;Ceu Claro;Automovel;Lesoes Graves;1;4;5;2;1;1
Demais falhas mecanicas ou eletricas;Capotamento;Plena Noite;Ceu Claro;Automovel;Lesoes Leves;3;4;5;2;1;1
Demais falhas mecanicas ou eletricas;Capotamento;Plena Noite;Ceu Claro;Caminhao;Ileso;1;4;5;2;1;2
Demais falhas mecanicas ou eletricas;Capotamento;Plena Noite;Ceu Claro;Caminhao;Lesoes Leves;3;4;5;2;1;2
Demais falhas mecanicas ou eletricas;Capotamento;Plena Noite;Ceu Claro;Caminhao-trator;Ileso;1;4;5;2;1;2
Demais falhas mecanicas ou eletricas;Capotamento;Plena Noite;Ceu Claro;Caminhao-trator;Obito;1;4;5;2;1;2
Demais falhas mecanicas ou eletricas;Capotamento;Plena Noite;Ceu Claro;Caminhonete;Ileso;1;4;5;2;1;2
Demais falhas mecanicas ou eletricas;Capotamento;Plena Noite;Ceu Claro;Caminhonete;Lesoes Leves;2;4;5;2;1;2
Demais falhas mecanicas ou eletricas;Capotamento;Plena Noite;Chuva;Automovel;Lesoes Graves;1;4;5;2;2;1
Demais falhas mecanicas ou eletricas;Capotamento;Plena Noite;Chuva;Automovel;Lesoes Leves;2;4;5;2;2;1
Demais falhas mecanicas ou eletricas;Capotamento;Plena Noite;Ignorado;Automovel;Lesoes Leves;1;4;5;2;0;1
Demais falhas mecanicas ou eletricas;Capotamento;Plena Noite;Nublado;Automovel;Ileso;2;4;5;2;2;1
Demais falhas mecanicas ou eletricas;Capotamento;Plena Noite;Nublado;Automovel;Lesoes Graves;1;4;5;2;2;1
Demais falhas mecanicas ou eletricas;Capotamento;Plena Noite;Nublado;Automovel;Lesoes Leves;1;4;5;2;2;1
Demais falhas mecanicas ou eletricas;Capotamento;Plena Noite;Nublado;Caminhao;Ileso;1;4;5;2;2;2
Demais falhas mecanicas ou eletricas;Capotamento;Plena Noite;Nublado;Caminhao-trator;Ileso;2;4;5;2;2;2
Demais falhas mecanicas ou eletricas;Capotamento;Plena Noite;Nublado;Caminhonete;Ileso;1;4;5;2;2;2
Demais falhas mecanicas ou eletricas;Capotamento;Plena Noite;Nublado;Caminhonete;Lesoes Graves;8;4;5;2;2;2
Demais falhas mecanicas ou eletricas;Capotamento;Plena Noite;Nublado;Caminhonete;Lesoes Leves;2;4;5;2;2;2
Demais falhas mecanicas ou eletricas;Capotamento;Plena Noite;Nublado;Nao Informado;Lesoes Graves;1;4;5;2;2;3
Demais falhas mecanicas ou eletricas;Capotamento;Pleno dia;Ceu Claro;Automovel;Ileso;12;4;5;1;1;1
Demais falhas mecanicas ou eletricas;Capotamento;Pleno dia;Ceu Claro;Automovel;Lesoes Graves;10;4;5;1;1;1
Demais falhas mecanicas ou eletricas;Capotamento;Pleno dia;Ceu Claro;Automovel;Lesoes Leves;23;4;5;1;1;1
Demais falhas mecanicas ou eletricas;Capotamento;Pleno dia;Ceu Claro;Caminhao;Ileso;5;4;5;1;1;2
Demais falhas mecanicas ou eletricas;Capotamento;Pleno dia;Ceu Claro;Caminhao;Lesoes Graves;1;4;5;1;1;2
Demais falhas mecanicas ou eletricas;Capotamento;Pleno dia;Ceu Claro;Caminhao;Lesoes Leves;1;4;5;1;1;2
Demais falhas mecanicas ou eletricas;Capotamento;Pleno dia;Ceu Claro;Caminhao-trator;Ileso;4;4;5;1;1;2
Demais falhas mecanicas ou eletricas;Capotamento;Pleno dia;Ceu Claro;Caminhao-trator;Lesoes Graves;1;4;5;1;1;2
Demais falhas mecanicas ou eletricas;Capotamento;Pleno dia;Ceu Claro;Caminhao-trator;Lesoes Leves;1;4;5;1;1;2
Demais falhas mecanicas ou eletricas;Capotamento;Pleno dia;Ceu Claro;Caminhonete;Ileso;2;4;5;1;1;2
Demais falhas mecanicas ou eletricas;Capotamento;Pleno dia;Ceu Claro;Caminhonete;Lesoes Graves;2;4;5;1;1;2
Demais falhas mecanicas ou eletricas;Capotamento;Pleno dia;Ceu Claro;Caminhonete;Lesoes Leves;5;4;5;1;1;2
Demais falhas mecanicas ou eletricas;Capotamento;Pleno dia;Ceu Claro;Caminhonete;Obito;1;4;5;1;1;2
Demais falhas mecanicas ou eletricas;Capotamento;Pleno dia;Ceu Claro;Micro-onibus;Ileso;2;4;5;1;1;4
Demais falhas mecanicas ou eletricas;Capotamento;Pleno dia;Ceu Claro;Micro-onibus;Lesoes Leves;4;4;5;1;1;4
Demais falhas mecanicas ou eletricas;Capotamento;Pleno dia;Ceu Claro;Nao Informado;Ileso;3;4;5;1;1;3
Demais falhas mecanicas ou eletricas;Capotamento;Pleno dia;Ceu Claro;Nao Informado;Lesoes Leves;1;4;5;1;1;3
Demais falhas mecanicas ou eletricas;Capotamento;Pleno dia;Ceu Claro;Triciclo;Lesoes Graves;2;4;5;1;1;5
Demais falhas mecanicas ou eletricas;Capotamento;Pleno dia;Chuva;Automovel;Ileso;1;4;5;1;2;1
Demais falhas mecanicas ou eletricas;Capotamento;Pleno dia;Chuva;Caminhao;Lesoes Graves;1;4;5;1;2;2
Demais falhas mecanicas ou eletricas;Capotamento;Pleno dia;Chuva;Caminhao;Lesoes Leves;1;4;5;1;2;2
Demais falhas mecanicas ou eletricas;Capotamento;Pleno dia;Chuva;Caminhonete;Ileso;1;4;5;1;2;2
Demais falhas mecanicas ou eletricas;Capotamento;Pleno dia;Chuva;Caminhonete;Lesoes Leves;4;4;5;1;2;2
Demais falhas mecanicas ou eletricas;Capotamento;Pleno dia;Garoa/Chuvisco;Automovel;Lesoes Leves;1;4;5;1;3;1
Demais falhas mecanicas ou eletricas;Capotamento;Pleno dia;Garoa/Chuvisco;Utilitario;Ileso;1;4;5;1;3;3
Demais falhas mecanicas ou eletricas;Capotamento;Pleno dia;Garoa/Chuvisco;Utilitario;Lesoes Leves;2;4;5;1;3;3
Demais falhas mecanicas ou eletricas;Capotamento;Pleno dia;Nublado;Automovel;Ileso;5;4;5;1;2;1
Demais falhas mecanicas ou eletricas;Capotamento;Pleno dia;Nublado;Automovel;Lesoes Graves;6;4;5;1;2;1
Demais falhas mecanicas ou eletricas;Capotamento;Pleno dia;Nublado;Automovel;Lesoes Leves;15;4;5;1;2;1
Demais falhas mecanicas ou eletricas;Capotamento;Pleno dia;Nublado;Automovel;Obito;1;4;5;1;2;1
Demais falhas mecanicas ou eletricas;Capotamento;Pleno dia;Nublado;Caminhao;Ileso;1;4;5;1;2;2
Demais falhas mecanicas ou eletricas;Capotamento;Pleno dia;Nublado;Caminhao;Lesoes Graves;1;4;5;1;2;2
Demais falhas mecanicas ou eletricas;Capotamento;Pleno dia;Nublado;Caminhao;Lesoes Leves;3;4;5;1;2;2
Demais falhas mecanicas ou eletricas;Capotamento;Pleno dia;Nublado;Caminhao;Obito;1;4;5;1;2;2
Demais falhas mecanicas ou eletricas;Capotamento;Pleno dia;Nublado;Caminhao-trator;Ileso;1;4;5;1;2;2
Demais falhas mecanicas ou eletricas;Capotamento;Pleno dia;Nublado;Caminhonete;Ileso;1;4;5;1;2;2
Demais falhas mecanicas ou eletricas;Capotamento;Pleno dia;Nublado;Caminhonete;Lesoes Leves;1;4;5;1;2;2
Demais falhas mecanicas ou eletricas;Capotamento;Pleno dia;Sol;Caminhao;Lesoes Graves;1;4;5;1;3;2
Demais falhas mecanicas ou eletricas;Capotamento;Pleno dia;Sol;Caminhao-trator;Lesoes Leves;1;4;5;1;3;2
Demais falhas mecanicas ou eletricas;Capotamento;Pleno dia;Sol;Caminhonete;Ileso;1;4;5;1;3;2
Demais falhas mecanicas ou eletricas;Capotamento;Pleno dia;Sol;Caminhonete;Lesoes Leves;6;4;5;1;3;2
Demais falhas mecanicas ou eletricas;Colisao com objeto;Amanhecer;Ceu Claro;Automovel;Lesoes Leves;3;4;5;4;1;1
Demais falhas mecanicas ou eletricas;Colisao com objeto;Amanhecer;Ceu Claro;Caminhao;Ileso;4;4;5;4;1;2
Demais falhas mecanicas ou eletricas;Colisao com objeto;Amanhecer;Ceu Claro;Caminhao-trator;Ileso;5;4;5;4;1;2
Demais falhas mecanicas ou eletricas;Colisao com objeto;Amanhecer;Ceu Claro;Caminhao-trator;Lesoes Leves;1;4;5;4;1;2
Demais falhas mecanicas ou eletricas;Colisao com objeto;Amanhecer;Ceu Claro;Caminhonete;Lesoes Graves;1;4;5;4;1;2
Demais falhas mecanicas ou eletricas;Colisao com objeto;Amanhecer;Nevoeiro/Neblina;Micro-onibus;Lesoes Graves;2;4;5;4;4;4
Demais falhas mecanicas ou eletricas;Colisao com objeto;Amanhecer;Nevoeiro/Neblina;Micro-onibus;Lesoes Leves;14;4;5;4;4;4
Demais falhas mecanicas ou eletricas;Colisao com objeto;Amanhecer;Nublado;Automovel;Ileso;1;4;5;4;2;1
Demais falhas mecanicas ou eletricas;Colisao com objeto;Amanhecer;Nublado;Automovel;Lesoes Leves;3;4;5;4;2;1
Demais falhas mecanicas ou eletricas;Colisao com objeto;Amanhecer;Nublado;Caminhao-trator;Ileso;1;4;5;4;2;2
Demais falhas mecanicas ou eletricas;Colisao com objeto;Amanhecer;Nublado;Caminhao-trator;Lesoes Leves;1;4;5;4;2;2
Demais falhas mecanicas ou eletricas;Colisao com objeto;Amanhecer;Nublado;Caminhonete;Ileso;1;4;5;4;2;2
Demais falhas mecanicas ou eletricas;Colisao com objeto;Amanhecer;Nublado;Caminhonete;Lesoes Leves;4;4;5;4;2;2
Demais falhas mecanicas ou eletricas;Colisao com objeto;Amanhecer;Nublado;Motocicleta;Lesoes Graves;1;4;5;4;2;1
Demais falhas mecanicas ou eletricas;Colisao com objeto;Amanhecer;Nublado;Nao Informado;Lesoes Graves;4;4;5;4;2;3
Demais falhas mecanicas ou eletricas;Colisao com objeto;Amanhecer;Nublado;Nao Informado;Lesoes Leves;1;4;5;4;2;3
Demais falhas mecanicas ou eletricas;Colisao com objeto;Anoitecer;Ceu Claro;Automovel;Ileso;2;4;5;4;1;1
Demais falhas mecanicas ou eletricas;Colisao com objeto;Anoitecer;Ceu Claro;Automovel;Lesoes Leves;1;4;5;4;1;1
Demais falhas mecanicas ou eletricas;Colisao com objeto;Anoitecer;Ceu Claro;Caminhao;Ileso;1;4;5;4;1;2
Demais falhas mecanicas ou eletricas;Colisao com objeto;Anoitecer;Ceu Claro;Caminhao;Lesoes Leves;1;4;5;4;1;2
Demais falhas mecanicas ou eletricas;Colisao com objeto;Anoitecer;Ceu Claro;Caminhonete;Ileso;3;4;5;4;1;2
Demais falhas mecanicas ou eletricas;Colisao com objeto;Anoitecer;Ceu Claro;Caminhonete;Lesoes Graves;1;4;5;4;1;2
Demais falhas mecanicas ou eletricas;Colisao com objeto;Anoitecer;Ceu Claro;Caminhonete;Lesoes Leves;1;4;5;4;1;2
Demais falhas mecanicas ou eletricas;Colisao com objeto;Anoitecer;Ceu Claro;Motocicleta;Lesoes Leves;1;4;5;4;1;1
Demais falhas mecanicas ou eletricas;Colisao com objeto;Anoitecer;Garoa/Chuvisco;Automovel;Ileso;2;4;5;4;3;1
Demais falhas mecanicas ou eletricas;Colisao com objeto;Anoitecer;Garoa/Chuvisco;Automovel;Lesoes Leves;1;4;5;4;3;1
Demais falhas mecanicas ou eletricas;Colisao com objeto;Anoitecer;Garoa/Chuvisco;Caminhao-trator;Ileso;3;4;5;4;3;2