causa_acidente;tipo_acidente;fase_dia;condicao_metereologica;tipo_veiculo;estado_fisico;count;causa_acidente_criterios;tipo_acidente_criterios;fase_dia_criterios;condicao_metereologica_criterios;tipo_veiculo_criterios
Demais falhas mecanicas ou eletricas;Colisao com objeto;Anoitecer;Nublado;Automovel;Ileso;4;4;5;4;2;1
Demais falhas mecanicas ou eletricas;Colisao com objeto;Anoitecer;Nublado;Caminhao-trator;Lesoes Leves;4;4;5;4;2;2
Demais falhas mecanicas ou eletricas;Colisao com objeto;Plena Noite;Ceu Claro;Automovel;Ileso;8;4;5;2;1;1
Demais falhas mecanicas ou eletricas;Colisao com objeto;Plena Noite;Ceu Claro;Automovel;Lesoes Graves;1;4;5;2;1;1
Demais falhas mecanicas ou eletricas;Colisao com objeto;Plena Noite;Ceu Claro;Automovel;Lesoes Leves;2;4;5;2;1;1
Demais falhas mecanicas ou eletricas;Colisao com objeto;Plena Noite;Ceu Claro;Caminhao;Ileso;5;4;5;2;1;2
Demais falhas mecanicas ou eletricas;Colisao com objeto;Plena Noite;Ceu Claro;Caminhao;Lesoes Leves;1;4;5;2;1;2
Demais falhas mecanicas ou eletricas;Colisao com objeto;Plena Noite;Ceu Claro;Caminhao-trator;Ileso;2;4;5;2;1;2
Demais falhas mecanicas ou eletricas;Colisao com objeto;Plena Noite;Ceu Claro;Caminhao-trator;Lesoes Graves;2;4;5;2;1;2
Demais falhas mecanicas ou eletricas;Colisao com objeto;Plena Noite;Ceu Claro;Caminhao-trator;Lesoes Leves;3;4;5;2;1;2
Demais falhas mecanicas ou eletricas;Colisao com objeto;Plena Noite;Ceu Claro;Caminhonete;Ileso;3;4;5;2;1;2
Demais falhas mecanicas ou eletricas;Colisao com objeto;Plena Noite;Ceu Claro;Caminhonete;Lesoes Leves;2;4;5;2;1;2
Demais falhas mecanicas ou eletricas;Colisao com objeto;Plena Noite;Ceu Claro;Micro-onibus;Lesoes Leves;1;4;5;2;1;4
Demais falhas mecanicas ou eletricas;Colisao com objeto;Plena Noite;Ceu Claro;Motocicleta;Lesoes Graves;2;4;5;2;1;1
Demais falhas mecanicas ou eletricas;Colisao com objeto;Plena Noite;Ceu Claro;Motocicleta;Lesoes Leves;2;4;5;2;1;1
Demais falhas mecanicas ou eletricas;Colisao com objeto;Plena Noite;Ceu Claro;Motoneta;Lesoes Graves;1;4;5;2;1;3
Demais falhas mecanicas ou eletricas;Colisao com objeto;Plena Noite;Ceu Claro;Nao Informado;Lesoes Graves;1;4;5;2;1;3
Demais falhas mecanicas ou eletricas;Colisao com objeto;Plena Noite;Ceu Claro;Nao Informado;Obito;1;4;5;2;1;3
Demais falhas mecanicas ou eletricas;Colisao com objeto;Plena Noite;Chuva;Automovel;Lesoes Graves;1;4;5;2;2;1
Demais falhas mecanicas ou eletricas;Colisao com objeto;Plena Noite;Chuva;Automovel;Lesoes Leves;1;4;5;2;2;1
Demais falhas mecanicas ou eletricas;Colisao com objeto;Plena Noite;Chuva;Caminhonete;Ileso;1;4;5;2;2;2
Demais falhas mecanicas ou eletricas;Colisao com objeto;Plena Noite;Chuva;Onibus;Ileso;15;4;5;2;2;3
Demais falhas mecanicas ou eletricas;Colisao com objeto;Plena Noite;Chuva;Onibus;Lesoes Graves;20;4;5;2;2;3
Demais falhas mecanicas ou eletricas;Colisao com objeto;Plena Noite;Chuva;Onibus;Obito;1;4;5;2;2;3
Demais falhas mecanicas ou eletricas;Colisao com objeto;Plena Noite;Garoa/Chuvisco;Caminhonete;Ileso;1;4;5;2;3;2
Demais falhas mecanicas ou eletricas;Colisao com objeto;Plena Noite;Ignorado;Automovel;Lesoes Leves;1;4;5;2;0;1
Demais falhas mecanicas ou eletricas;Colisao com objeto;Plena Noite;Nublado;Automovel;Ileso;4;4;5;2;2;1
Demais falhas mecanicas ou eletricas;Colisao com objeto;Plena Noite;Nublado;Automovel;Lesoes Graves;4;4;5;2;2;1
Demais falhas mecanicas ou eletricas;Colisao com objeto;Plena Noite;Nublado;Automovel;Lesoes Leves;11;4;5;2;2;1
Demais falhas mecanicas ou eletricas;Colisao com objeto;Plena Noite;Nublado;Caminhao;Ileso;2;4;5;2;2;2
Demais falhas mecanicas ou eletricas;Colisao com objeto;Plena Noite;Nublado;Nao se aplica;Lesoes Leves;2;4;5;2;2;3
Demais falhas mecanicas ou eletricas;Colisao com objeto;Pleno dia;Ceu Claro;Automovel;Ileso;15;4;5;1;1;1
Demais falhas mecanicas ou eletricas;Colisao com objeto;Pleno dia;Ceu Claro;Automovel;Lesoes Graves;4;4;5;1;1;1
Demais falhas mecanicas ou eletricas;Colisao com objeto;Pleno dia;Ceu Claro;Automovel;Lesoes Leves;28;4;5;1;1;1
Demais falhas mecanicas ou eletricas;Colisao com objeto;Pleno dia;Ceu Claro;Bicicleta;Lesoes Leves;1;4;5;1;1;3
Demais falhas mecanicas ou eletricas;Colisao com objeto;Pleno dia;Ceu Claro;Caminhao;Ileso;12;4;5;1;1;2
Demais falhas mecanicas ou eletricas;Colisao com objeto;Pleno dia;Ceu Claro;Caminhao;Lesoes Graves;1;4;5;1;1;2
Demais falhas mecanicas ou eletricas;Colisao com objeto;Pleno dia;Ceu Claro;Caminhao;Lesoes Leves;6;4;5;1;1;2
Demais falhas mecanicas ou eletricas;Colisao com objeto;Pleno dia;Ceu Claro;Caminhao-trator;Ileso;14;4;5;1;1;2
Demais falhas mecanicas ou eletricas;Colisao com objeto;Pleno dia;Ceu Claro;Caminhao-trator;Lesoes Graves;2;4;5;1;1;2
Demais falhas mecanicas ou eletricas;Colisao com objeto;Pleno dia;Ceu Claro;Caminhao-trator;Lesoes Leves;6;4;5;1;1;2
Demais falhas mecanicas ou eletricas;Colisao com objeto;Pleno dia;Ceu Claro;Caminhonete;Ileso;8;4;5;1;1;2
Demais falhas mecanicas ou eletricas;Colisao com objeto;Pleno dia;Ceu Claro;Caminhonete;Lesoes Graves;4;4;5;1;1;2
Demais falhas mecanicas ou eletricas;Colisao com objeto;Pleno dia;Ceu Claro;Caminhonete;Lesoes Leves;3;4;5;1;1;2
Demais falhas mecanicas ou eletricas;Colisao com objeto;Pleno dia;Ceu Claro;Caminhonete;Obito;2;4;5;1;1;2
Demais falhas mecanicas ou eletricas;Colisao com objeto;Pleno dia;Ceu Claro;Motocicleta;Ileso;1;4;5;1;1;1
Demais falhas mecanicas ou eletricas;Colisao com objeto;Pleno dia;Ceu Claro;Motocicleta;Lesoes Graves;3;4;5;1;1;1
Demais falhas mecanicas ou eletricas;Colisao com objeto;Pleno dia;Ceu Claro;Motocicleta;Lesoes Leves;11;4;5;1;1;1
Demais falhas mecanicas ou eletricas;Colisao com objeto;Pleno dia;Ceu Claro;Motocicleta;Obito;1;4;5;1;1;1
Demais falhas mecanicas ou eletricas;Colisao com objeto;Pleno dia;Ceu Claro;Motoneta;Lesoes Graves;1;4;5;1;1;3
Demais falhas mecanicas ou eletricas;Colisao com objeto;Pleno dia;Ceu Claro;Motoneta;Lesoes Leves;1;4;5;1;1;3
Demais falhas mecanicas ou eletricas;Colisao com objeto;Pleno dia;Ceu Claro;Nao Informado;Ileso;3;4;5;1;1;3
Demais falhas mecanicas ou eletricas;Colisao com objeto;Pleno dia;Ceu Claro;Nao Informado;Lesoes Leves;2;4;5;1;1;3
Demais falhas mecanicas ou eletricas;Colisao com objeto;Pleno dia;Ceu Claro;Onibus;Ileso;2;4;5;1;1;3
Demais falhas mecanicas ou eletricas;Colisao com objeto;Pleno dia;Ceu Claro;Onibus;Lesoes Leves;21;4;5;1;1;3
Demais falhas mecanicas ou eletricas;Colisao com objeto;Pleno dia;Chuva;Automovel;Ileso;6;4;5;1;2;1
Demais falhas mecanicas ou eletricas;Colisao com objeto;Pleno dia;Chuva;Automovel;Lesoes Leves;2;4;5;1;2;1
Demais falhas mecanicas ou eletricas;Colisao com objeto;Pleno dia;Chuva;Caminhao;Ileso;1;4;5;1;2;2
Demais falhas mecanicas ou eletricas;Colisao com objeto;Pleno dia;Chuva;Caminhao;Lesoes Leves;1;4;5;1;2;2
Demais falhas mecanicas ou eletricas;Colisao com objeto;Pleno dia;Chuva;Caminhonete;Ileso;1;4;5;1;2;2
Demais falhas mecanicas ou eletricas;Colisao com objeto;Pleno dia;Chuva;Caminhonete;Lesoes Leves;3;4;5;1;2;2
Demais falhas mecanicas ou eletricas;Colisao com objeto;Pleno dia;Chuva;Nao Informado;Ileso;1;4;5;1;2;3
Demais falhas mecanicas ou eletricas;Colisao com objeto;Pleno dia;Chuva;Nao Informado;Lesoes Leves;3;4;5;1;2;3
Demais falhas mecanicas ou eletricas;Colisao com objeto;Pleno dia;Chuva;Onibus;Ileso;1;4;5;1;2;3
Demais falhas mecanicas ou eletricas;Colisao com objeto;Pleno dia;Chuva;Onibus;Lesoes Graves;1;4;5;1;2;3
Demais falhas mecanicas ou eletricas;Colisao com objeto;Pleno dia;Chuva;Onibus;Lesoes Leves;5;4;5;1;2;3
Demais falhas mecanicas ou eletricas;Colisao com objeto;Pleno dia;Chuva;Utilitario;Lesoes Leves;2;4;5;1;2;3
Demais falhas mecanicas ou eletricas;Colisao com objeto;Pleno dia;Garoa/Chuvisco;Automovel;Ileso;2;4;5;1;3;1
Demais falhas mecanicas ou eletricas;Colisao com objeto;Pleno dia;Garoa/Chuvisco;Caminhao;Ileso;4;4;5;1;3;2
Demais falhas mecanicas ou eletricas;Colisao com objeto;Pleno dia;Garoa/Chuvisco;Caminhao;Lesoes Leves;2;4;5;1;3;2
Demais falhas mecanicas ou eletricas;Colisao com objeto;Pleno dia;Garoa/Chuvisco;Caminhao;Obito;1;4;5;1;3;2
Demais falhas mecanicas ou eletricas;Colisao com objeto;Pleno dia;Garoa/Chuvisco;Caminhao-trator;Ileso;2;4;5;1;3;2
Demais falhas mecanicas ou eletricas;Colisao com objeto;Pleno dia;Garoa/Chuvisco;Caminhao-trator;Lesoes Graves;2;4;5;1;3;2
Demais falhas mecanicas ou eletricas;Colisao com objeto;Pleno dia;Garoa/Chuvisco;Caminhao-trator;Lesoes Leves;1;4;5;1;3;2
Demais falhas mecanicas ou eletricas;Colisao com objeto;Pleno dia;Garoa/Chuvisco;Caminhonete;Ileso;4;4;5;1;3;2
Demais falhas mecanicas ou eletricas;Colisao com objeto;Pleno dia;Garoa/Chuvisco;Nao Informado;Ileso;1;4;5;1;3;3
Demais falhas mecanicas ou eletricas;Colisao com objeto;Pleno dia;Nublado;Automovel;Ileso;15;4;5;1;2;1
Demais falhas mecanicas ou eletricas;Colisao com objeto;Pleno dia;Nublado;Automovel;Lesoes Graves;3;4;5;1;2;1
Demais falhas mecanicas ou eletricas;Colisao com objeto;Pleno dia;Nublado;Automovel;Lesoes Leves;12;4;5;1;2;1
Demais falhas mecanicas ou eletricas;Colisao com objeto;Pleno dia;Nublado;Caminhao;Ileso;2;4;5;1;2;2
Demais falhas mecanicas ou eletricas;Colisao com objeto;Pleno dia;Nublado;Caminhao;Lesoes Leves;8;4;5;1;2;2
Demais falhas mecanicas ou eletricas;Colisao com objeto;Pleno dia;Nublado;Caminhao-trator;Ileso;8;4;5;1;2;2
Demais falhas mecanicas ou eletricas;Colisao com objeto;Pleno dia;Nublado;Caminhonete;Ileso;3;4;5;1;2;2
Demais falhas mecanicas ou eletricas;Colisao com objeto;Pleno dia;Nublado;Caminhonete;Lesoes Graves;2;4;5;1;2;2
Demais falhas mecanicas ou eletricas;Colisao com objeto;Pleno dia;Nublado;Caminhonete;Lesoes Leves;1;4;5;1;2;2
Demais falhas mecanicas ou eletricas;Colisao com objeto;Pleno dia;Nublado;Caminhonete;Obito;2;4;5;1;2;2
Demais falhas mecanicas ou eletricas;Colisao com objeto;Pleno dia;Nublado;Motocicleta;Lesoes Graves;1;4;5;1;2;1
Demais falhas mecanicas ou eletricas;Colisao com objeto;Pleno dia;Nublado;Motocicleta;Lesoes Leves;2;4;5;1;2;1
Demais falhas mecanicas ou eletricas;Colisao com objeto;Pleno dia;Nublado;Motoneta;Obito;1;4;5;1;2;3
Demais falhas mecanicas ou eletricas;Colisao com objeto;Pleno dia;Nublado;Triciclo;Lesoes Leves;1;4;5;1;2;5
Demais falhas mecanicas ou eletricas;Colisao com objeto;Pleno dia;Nublado;Utilitario;Ileso;1;4;5;1;2;3
Demais falhas mecanicas ou eletricas;Colisao com objeto;Pleno dia;Nublado;Utilitario;Lesoes Leves;1;4;5;1;2;3
Demais falhas mecanicas ou eletricas;Colisao com objeto;Pleno dia;Sol;Automovel;Ileso;2;4;5;1;3;1
Demais falhas mecanicas ou eletricas;Colisao com objeto;Pleno dia;Sol;Automovel;Lesoes Leves;1;4;5;1;3;1
Demais falhas mecanicas ou eletricas;Colisao com objeto;Pleno dia;Sol;Caminhao;Lesoes Graves;1;4;5;1;3;2
Demais falhas mecanicas ou eletricas;Colisao com objeto;Pleno dia;Sol;Caminhao;Lesoes Leves;1;4;5;1;3;2
Demais falhas mecanicas ou eletricas;Colisao com objeto;Pleno dia;Sol;Caminhao;Obito;1;4;5;1;3;2
Demais falhas mecanicas ou eletricas;Colisao com objeto;Pleno dia;Sol;Caminhao-trator;Lesoes Graves;1;4;5;1;3;2
Demais falhas mecanicas ou eletricas;Colisao com objeto;Pleno dia;Sol;Caminhao-trator;Lesoes Leves;1;4;5;1;3;2
Demais falhas mecanicas ou eletricas;Colisao com objeto;Pleno dia;Sol;Motocicleta;Lesoes Leves;4;4;5;1;3;1
Demais falhas mecanicas ou eletricas;Colisao com objeto;Pleno dia;Sol;Motoneta;Lesoes Graves;1;4;5;1;3;3
Demais falhas mecanicas ou eletricas;Colisao frontal;Amanhecer;Ceu Claro;Caminhao-trator;Ileso;1;4;5;4;1;2
Demais falhas mecanicas ou eletricas;Colisao frontal;Amanhecer;Ceu Claro;Nao Informado;Ileso;2;4;5;4;1;3
Demais falhas mecanicas ou eletricas;Colisao frontal;Anoitecer;Chuva;Caminhonete;Ileso;1;4;5;4;2;2
Demais falhas mecanicas ou eletricas;Colisao frontal;Anoitecer;Chuva;Caminhonete;Lesoes Leves;1;4;5;4;2;2
Demais falhas mecanicas ou eletricas;Colisao frontal;Anoitecer;Chuva;Utilitario;Ileso;3;4;5;4;2;3
Demais falhas mecanicas ou eletricas;Colisao frontal;Anoitecer;Chuva;Utilitario;Lesoes Leves;1;4;5;4;2;3
Demais falhas mecanicas ou eletricas;Colisao frontal;Plena Noite;Ceu Claro;Automovel;Ileso;3;4;5;2;1;1
Demais falhas mecanicas ou eletricas;Colisao frontal;Plena Noite;Ceu Claro;Caminhao;Lesoes Leves;2;4;5;2;1;2
Demais falhas mecanicas ou eletricas;Colisao frontal;Plena Noite;Ceu Claro;Caminhao-trator;Ileso;1;4;5;2;1;2
Demais falhas mecanicas ou eletricas;Colisao frontal;Plena Noite;Ceu Claro;Caminhonete;Ileso;3;4;5;2;1;2
Demais falhas mecanicas ou eletricas;Colisao frontal;Plena Noite;Ceu Claro;Motocicleta;Lesoes Graves;2;4;5;2;1;1
Demais falhas mecanicas ou eletricas;Colisao frontal;Plena Noite;Ignorado;Automovel;Ileso;1;4;5;2;0;1
Demais falhas mecanicas ou eletricas;Colisao frontal;Plena Noite;Ignorado;Caminhao-trator;Ileso;1;4;5;2;0;2
Demais falhas mecanicas ou eletricas;Colisao frontal;Plena Noite;Ignorado;Caminhonete;Lesoes Leves;2;4;5;2;0;2
Demais falhas mecanicas ou eletricas;Colisao frontal;Plena Noite;Nublado;Automovel;Ileso;1;4;5;2;2;1
Demais falhas mecanicas ou eletricas;Colisao frontal;Plena Noite;Nublado;Automovel;Lesoes Graves;2;4;5;2;2;1
Demais falhas mecanicas ou eletricas;Colisao frontal;Plena Noite;Nublado;Caminhao;Ileso;1;4;5;2;2;2
Demais falhas mecanicas ou eletricas;Colisao frontal;Plena Noite;Nublado;Caminhao-trator;Ileso;2;4;5;2;2;2
Demais falhas mecanicas ou eletricas;Colisao frontal;Plena Noite;Nublado;Caminhonete;Lesoes Graves;8;4;5;2;2;2
Demais falhas mecanicas ou eletricas;Colisao frontal;Plena Noite;Nublado;Motocicleta;Lesoes Graves;1;4;5;2;2;1
Demais falhas mecanicas ou eletricas;Colisao frontal;Pleno dia;Ceu Claro;Automovel;Ileso;4;4;5;1;1;1
Demais falhas mecanicas ou eletricas;Colisao frontal;Pleno dia;Ceu Claro;Automovel;Lesoes Graves;14;4;5;1;1;1
Demais falhas mecanicas ou eletricas;Colisao frontal;Pleno dia;Ceu Claro;Automovel;Lesoes Leves;2;4;5;1;1;1
Demais falhas mecanicas ou eletricas;Colisao frontal;Pleno dia;Ceu Claro;Caminhao;Ileso;3;4;5;1;1;2
Demais falhas mecanicas ou eletricas;Colisao frontal;Pleno dia;Ceu Claro;Caminhao;Lesoes Graves;1;4;5;1;1;2
Demais falhas mecanicas ou eletricas;Colisao frontal;Pleno dia;Ceu Claro;Caminhao-trator;Ileso;5;4;5;1;1;2
Demais falhas mecanicas ou eletricas;Colisao frontal;Pleno dia;Ceu Claro;Caminhao-trator;Lesoes Leves;3;4;5;1;1;2
Demais falhas mecanicas ou eletricas;Colisao frontal;Pleno dia;Ceu Claro;Caminhonete;Ileso;6;4;5;1;1;2
Demais falhas mecanicas ou eletricas;Colisao frontal;Pleno dia;Ceu Claro;Caminhonete;Lesoes Graves;2;4;5;1;1;2
Demais falhas mecanicas ou eletricas;Colisao frontal;Pleno dia;Ceu Claro;Motocicleta;Lesoes Graves;1;4;5;1;1;1
Demais falhas mecanicas ou eletricas;Colisao frontal;Pleno dia;Ceu Claro;Motocicleta;Lesoes Leves;2;4;5;1;1;1
Demais falhas mecanicas ou eletricas;Colisao frontal;Pleno dia;Ceu Claro;Motocicleta;Obito;2;4;5;1;1;1
Demais falhas mecanicas ou eletricas;Colisao frontal;Pleno dia;Ceu Claro;Nao Informado;Lesoes Graves;3;4;5;1;1;3
Demais falhas mecanicas ou eletricas;Colisao frontal;Pleno dia;Ceu Claro;Nao Informado;Obito;1;4;5;1;1;3
Demais falhas mecanicas ou eletricas;Colisao frontal;Pleno dia;Chuva;Automovel;Lesoes Graves;8;4;5;1;2;1
Demais falhas mecanicas ou eletricas;Colisao frontal;Pleno dia;Chuva;Automovel;Lesoes Leves;4;4;5;1;2;1
Demais falhas mecanicas ou eletricas;Colisao frontal;Pleno dia;Chuva;Automovel;Obito;3;4;5;1;2;1
Demais falhas mecanicas ou eletricas;Colisao frontal;Pleno dia;Chuva;Caminhao;Ileso;1;4;5;1;2;2
Demais falhas mecanicas ou eletricas;Colisao frontal;Pleno dia;Chuva;Caminhao;Lesoes Leves;2;4;5;1;2;2
Demais falhas mecanicas ou eletricas;Colisao frontal;Pleno dia;Chuva;Caminhao-trator;Ileso;3;4;5;1;2;2
Demais falhas mecanicas ou eletricas;Colisao frontal;Pleno dia;Chuva;Caminhao-trator;Lesoes Leves;1;4;5;1;2;2
Demais falhas mecanicas ou eletricas;Colisao frontal;Pleno dia;Garoa/Chuvisco;Automovel;Lesoes Leves;1;4;5;1;3;1
Demais falhas mecanicas ou eletricas;Colisao frontal;Pleno dia;Garoa/Chuvisco;Caminhao-trator;Ileso;1;4;5;1;3;2
Demais falhas mecanicas ou eletricas;Colisao frontal;Pleno dia;Garoa/Chuvisco;Caminhonete;Lesoes Graves;2;4;5;1;3;2
Demais falhas mecanicas ou eletricas;Colisao frontal;Pleno dia;Garoa/Chuvisco;Caminhonete;Lesoes Leves;1;4;5;1;3;2
Demais falhas mecanicas ou eletricas;Colisao frontal;Pleno dia;Garoa/Chuvisco;Caminhonete;Obito;1;4;5;1;3;2
Demais falhas mecanicas ou eletricas;Colisao frontal;Pleno dia;Garoa/Chuvisco;Micro-onibus;Ileso;1;4;5;1;3;4
Demais falhas mecanicas ou eletricas;Colisao frontal;Pleno dia;Garoa/Chuvisco;Micro-onibus;Lesoes Graves;6;4;5;1;3;4
Demais falhas mecanicas ou eletricas;Colisao frontal;Pleno dia;Garoa/Chuvisco;Micro-onibus;Lesoes Leves;2;4;5;1;3;4
Demais falhas mecanicas ou eletricas;Colisao frontal;Pleno dia;Garoa/Chuvisco;Utilitario;Ileso;1;4;5;1;3;3
Demais falhas mecanicas ou eletricas;Colisao frontal;Pleno dia;Garoa/Chuvisco;Utilitario;Lesoes Leves;2;4;5;1;3;3
Demais falhas mecanicas ou eletricas;Colisao frontal;Pleno dia;Nublado;Automovel;Lesoes Graves;4;4;5;1;2;1
Demais falhas mecanicas ou eletricas;Colisao frontal;Pleno dia;Nublado;Caminhao;Lesoes Leves;2;4;5;1;2;2
Demais falhas mecanicas ou eletricas;Colisao frontal;Pleno dia;Nublado;Caminhao-trator;Ileso;2;4;5;1;2;2
Demais falhas mecanicas ou eletricas;Colisao frontal;Pleno dia;Nublado;Caminhao-trator;Lesoes Leves;2;4;5;1;2;2
Demais falhas mecanicas ou eletricas;Colisao frontal;Pleno dia;Nublado;Caminhonete;Lesoes Graves;1;4;5;1;2;2
Demais falhas mecanicas ou eletricas;Colisao frontal;Pleno dia;Nublado;Caminhonete;Obito;1;4;5;1;2;2
Demais falhas mecanicas ou eletricas;Colisao frontal;Pleno dia;Sol;Automovel;Lesoes Graves;1;4;5;1;3;1
Demais falhas mecanicas ou eletricas;Colisao frontal;Pleno dia;Sol;Automovel;Lesoes Leves;2;4;5;1;3;1
Demais falhas mecanicas ou eletricas;Colisao frontal;Pleno dia;Sol;Caminhao-trator;Ileso;1;4;5;1;3;2
Demais falhas mecanicas ou eletricas;Colisao frontal;Pleno dia;Sol;Caminhao-trator;Lesoes Leves;1;4;5;1;3;2
Demais falhas mecanicas ou eletricas;Colisao frontal;Pleno dia;Sol;Caminhonete;Lesoes Graves;2;4;5;1;3;2
Demais falhas mecanicas ou eletricas;Colisao frontal;Pleno dia;Sol;Utilitario;Lesoes Graves;1;4;5;1;3;3
Demais falhas mecanicas ou eletricas;Colisao frontal;Pleno dia;Sol;Utilitario;Lesoes Leves;3;4;5;1;3;3
Demais falhas mecanicas ou eletricas;Colisao lateral mesmo sentido;Amanhecer;Ceu Claro;Automovel;Ileso;3;4;5;4;1;1
Demais falhas mecanicas ou eletricas;Colisao lateral mesmo sentido;Amanhecer;Ceu Claro;Caminhao;Ileso;2;4;5;4;1;2
Demais falhas mecanicas ou eletricas;Colisao lateral mesmo sentido;Amanhecer;Ceu Claro;Caminhao-trator;Ileso;2;4;5;4;1;2
Demais falhas mecanicas ou eletricas;Colisao lateral mesmo sentido;Amanhecer;Ceu Claro;Caminhao-trator;Lesoes Leves;1;4;5;4;1;2
Demais falhas mecanicas ou eletricas;Colisao lateral mesmo sentido;Amanhecer;Ceu Claro;Motoneta;Lesoes Leves;2;4;5;4;1;3
Demais falhas mecanicas ou eletricas;Colisao lateral mesmo sentido;Plena Noite;Ceu Claro;Automovel;Ileso;4;4;5;2;1;1
Demais falhas mecanicas ou eletricas;Colisao lateral mesmo sentido;Plena Noite;Ceu Claro;Caminhao;Ileso;2;4;5;2;1;2
Demais falhas mecanicas ou eletricas;Colisao lateral mesmo sentido;Plena Noite;Ceu Claro;Caminhao-trator;Ileso;1;4;5;2;1;2
Demais falhas mecanicas ou eletricas;Colisao lateral mesmo sentido;Plena Noite;Ceu Claro;Caminhonete;Ileso;1;4;5;2;1;2
Demais falhas mecanicas ou eletricas;Colisao lateral mesmo sentido;Plena Noite;Ceu Claro;Motocicleta;Lesoes Graves;4;4;5;2;1;1
Demais falhas mecanicas ou eletricas;Colisao lateral mesmo sentido;Plena Noite;Nublado;Automovel;Lesoes Leves;1;4;5;2;2;1
Demais falhas mecanicas ou eletricas;Colisao lateral mesmo sentido;Plena Noite;Nublado;Caminhao;Lesoes Leves;1;4;5;2;2;2
Demais falhas mecanicas ou eletricas;Colisao lateral mesmo sentido;Plena Noite;Nublado;Caminhao-trator;Ileso;2;4;5;2;2;2
Demais falhas mecanicas ou eletricas;Colisao lateral mesmo sentido;Pleno dia;Ceu Claro;Automovel;Ileso;4;4;5;1;1;1
Demais falhas mecanicas ou eletricas;Colisao lateral mesmo sentido;Pleno dia;Ceu Claro;Automovel;Lesoes Graves;4;4;5;1;1;1
Demais falhas mecanicas ou eletricas;Colisao lateral mesmo sentido;Pleno dia;Ceu Claro;Automovel;Lesoes Leves;3;4;5;1;1;1
Demais falhas mecanicas ou eletricas;Colisao lateral mesmo sentido;Pleno dia;Ceu Claro;Automovel;Obito;2;4;5;1;1;1
Demais falhas mecanicas ou eletricas;Colisao lateral mesmo sentido;Pleno dia;Ceu Claro;Caminhao;Ileso;9;4;5;1;1;2
Demais falhas mecanicas ou eletricas;Colisao lateral mesmo sentido;Pleno dia;Ceu Claro;Caminhao;Lesoes Leves;2;4;5;1;1;2
Demais falhas mecanicas ou eletricas;Colisao lateral mesmo sentido;Pleno dia;Ceu Claro;Caminhao-trator;Ileso;5;4;5;1;1;2
Demais falhas mecanicas ou eletricas;Colisao lateral mesmo sentido;Pleno dia;Ceu Claro;Caminhao-trator;Lesoes Leves;1;4;5;1;1;2
Demais falhas mecanicas ou eletricas;Colisao lateral mesmo sentido;Pleno dia;Ceu Claro;Caminhonete;Ileso;4;4;5;1;1;2
Demais falhas mecanicas ou eletricas;Colisao lateral mesmo sentido;Pleno dia;Ceu Claro;Caminhonete;Lesoes Leves;1;4;5;1;1;2
Demais falhas mecanicas ou eletricas;Colisao lateral mesmo sentido;Pleno dia;Ceu Claro;Motocicleta;Lesoes Leves;2;4;5;1;1;1
Demais falhas mecanicas ou eletricas;Colisao lateral mesmo sentido;Pleno dia;Ceu Claro;Motocicleta;Obito;1;4;5;1;1;1
Demais falhas mecanicas ou eletricas;Colisao lateral mesmo sentido;Pleno dia;Garoa/Chuvisco;Automovel;Ileso;1;4;5;1;3;1
Demais falhas mecanicas ou eletricas;Colisao lateral mesmo sentido;Pleno dia;Garoa/Chuvisco;Caminhao-trator;Ileso;1;4;5;1;3;2
Demais falhas mecanicas ou eletricas;Colisao lateral mesmo sentido;Pleno dia;Garoa/Chuvisco;Caminhao-trator;Lesoes Graves;1;4;5;1;3;2
Demais falhas mecanicas ou eletricas;Colisao lateral mesmo sentido;Pleno dia;Garoa/Chuvisco;Caminhonete;Ileso;2;4;5;1;3;2
Demais falhas mecanicas ou eletricas;Colisao lateral mesmo sentido;Pleno dia;Nublado;Automovel;Ileso;3;4;5;1;2;1
Demais falhas mecanicas ou eletricas;Colisao lateral mesmo sentido;Pleno dia;Nublado;Automovel;Lesoes Leves;1;4;5;1;2;1
Demais falhas mecanicas ou eletricas;Colisao lateral mesmo sentido;Pleno dia;Nublado;Caminhao;Ileso;1;4;5;1;2;2
Demais falhas mecanicas ou eletricas;Colisao lateral mesmo sentido;Pleno dia;Nublado;Caminhao;Lesoes Leves;3;4;5;1;2;2
Demais falhas mecanicas ou eletricas;Colisao lateral mesmo sentido;Pleno dia;Nublado;Caminhao-trator;Ileso;1;4;5;1;2;2
Demais falhas mecanicas ou eletricas;Colisao lateral mesmo sentido;Pleno dia;Nublado;Caminhao-trator;Lesoes Leves;1;4;5;1;2;2
Demais falhas mecanicas ou eletricas;Colisao lateral mesmo sentido;Pleno dia;Sol;Automovel;Ileso;1;4;5;1;3;1
Demais falhas mecanicas ou eletricas;Colisao lateral sentido oposto;Amanhecer;Ceu Claro;Automovel;Ileso;3;4;4;4;1;1
Demais falhas mecanicas ou eletricas;Colisao lateral sentido oposto;Amanhecer;Ceu Claro;Caminhao;Ileso;2;4;4;4;1;2
Demais falhas mecanicas ou eletricas;Colisao lateral sentido oposto;Amanhecer;Ceu Claro;Caminhao-trator;Ileso;1;4;4;4;1;2
Demais falhas mecanicas ou eletricas;Colisao lateral sentido oposto;Anoitecer;Ceu Claro;Automovel;Lesoes Leves;1;4;4;4;1;1
Demais falhas mecanicas ou eletricas;Colisao lateral sentido oposto;Anoitecer;Ceu Claro;Caminhonete;Lesoes Leves;1;4;4;4;1;2
Demais falhas mecanicas ou eletricas;Colisao lateral sentido oposto;Anoitecer;Chuva;Caminhao-trator;Ileso;1;4;4;4;2;2