causa_acidente;tipo_acidente;fase_dia;condicao_metereologica;tipo_veiculo;estado_fisico;count;causa_acidente_criterios;tipo_acidente_criterios;fase_dia_criterios;condicao_metereologica_criterios;tipo_veiculo_criterios
Demais falhas mecanicas ou eletricas;Engavetamento;Plena Noite;Chuva;Caminhao;Ileso;1;4;3;2;2;2
Demais falhas mecanicas ou eletricas;Engavetamento;Plena Noite;Chuva;Motocicleta;Lesoes Leves;2;4;3;2;2;1
Demais falhas mecanicas ou eletricas;Engavetamento;Plena Noite;Chuva;Nao Informado;Ileso;1;4;3;2;2;3
Demais falhas mecanicas ou eletricas;Engavetamento;Pleno dia;Ceu Claro;Automovel;Ileso;3;4;3;1;1;1
Demais falhas mecanicas ou eletricas;Engavetamento;Pleno dia;Ceu Claro;Motocicleta;Lesoes Leves;2;4;3;1;1;1
Demais falhas mecanicas ou eletricas;Engavetamento;Pleno dia;Chuva;Automovel;Ileso;7;4;3;1;2;1
Demais falhas mecanicas ou eletricas;Engavetamento;Pleno dia;Chuva;Automovel;Lesoes Leves;2;4;3;1;2;1
Demais falhas mecanicas ou eletricas;Engavetamento;Pleno dia;Chuva;Caminhao;Ileso;1;4;3;1;2;2
Demais falhas mecanicas ou eletricas;Engavetamento;Pleno dia;Chuva;Nao Informado;Ileso;1;4;3;1;2;3
Demais falhas mecanicas ou eletricas;Engavetamento;Pleno dia;Sol;Automovel;Ileso;2;4;3;1;3;1
Demais falhas mecanicas ou eletricas;Engavetamento;Pleno dia;Sol;Caminhao;Ileso;1;4;3;1;3;2
Demais falhas mecanicas ou eletricas;Engavetamento;Pleno dia;Sol;Caminhao-trator;Ileso;3;4;3;1;3;2
Demais falhas mecanicas ou eletricas;Engavetamento;Pleno dia;Sol;Caminhonete;Ileso;2;4;3;1;3;2
Demais falhas mecanicas ou eletricas;Engavetamento;Pleno dia;Sol;Caminhonete;Lesoes Leves;2;4;3;1;3;2
Demais falhas mecanicas ou eletricas;Engavetamento;Pleno dia;Sol;Nao Informado;Ileso;1;4;3;1;3;3
Demais falhas mecanicas ou eletricas;Eventos atipicos;Amanhecer;Ceu Claro;Automovel;Lesoes Leves;1;4;2;4;1;1
Demais falhas mecanicas ou eletricas;Eventos atipicos;Amanhecer;Ceu Claro;Caminhao;Ileso;1;4;2;4;1;2
Demais falhas mecanicas ou eletricas;Eventos atipicos;Amanhecer;Ceu Claro;Caminhao-trator;Ileso;1;4;2;4;1;2
Demais falhas mecanicas ou eletricas;Eventos atipicos;Amanhecer;Ceu Claro;Nao se aplica;Obito;1;4;2;4;1;3
Demais falhas mecanicas ou eletricas;Eventos atipicos;Anoitecer;Ceu Claro;Utilitario;Ileso;1;4;2;4;1;3
Demais falhas mecanicas ou eletricas;Eventos atipicos;Anoitecer;Chuva;Automovel;Ileso;2;4;2;4;2;1
Demais falhas mecanicas ou eletricas;Eventos atipicos;Anoitecer;Garoa/Chuvisco;Automovel;Ileso;2;4;2;4;3;1
Demais falhas mecanicas ou eletricas;Eventos atipicos;Anoitecer;Garoa/Chuvisco;Automovel;Lesoes Leves;1;4;2;4;3;1
Demais falhas mecanicas ou eletricas;Eventos atipicos;Anoitecer;Garoa/Chuvisco;Caminhao-trator;Ileso;3;4;2;4;3;2
Demais falhas mecanicas ou eletricas;Eventos atipicos;Plena Noite;Ceu Claro;Caminhao;Ileso;1;4;2;2;1;2
Demais falhas mecanicas ou eletricas;Eventos atipicos;Plena Noite;Ceu Claro;Caminhao;Lesoes Graves;1;4;2;2;1;2
Demais falhas mecanicas ou eletricas;Eventos atipicos;Plena Noite;Ceu Claro;Caminhonete;Lesoes Leves;1;4;2;2;1;2
Demais falhas mecanicas ou eletricas;Eventos atipicos;Plena Noite;Ceu Claro;Motocicleta;Lesoes Leves;2;4;2;2;1;1
Demais falhas mecanicas ou eletricas;Eventos atipicos;Plena Noite;Chuva;Caminhao-trator;Ileso;2;4;2;2;2;2
Demais falhas mecanicas ou eletricas;Eventos atipicos;Plena Noite;Chuva;Caminhonete;Ileso;1;4;2;2;2;2
Demais falhas mecanicas ou eletricas;Eventos atipicos;Pleno dia;Ceu Claro;Automovel;Ileso;4;4;2;1;1;1
Demais falhas mecanicas ou eletricas;Eventos atipicos;Pleno dia;Ceu Claro;Automovel;Lesoes Graves;1;4;2;1;1;1
Demais falhas mecanicas ou eletricas;Eventos atipicos;Pleno dia;Ceu Claro;Automovel;Lesoes Leves;1;4;2;1;1;1
Demais falhas mecanicas ou eletricas;Eventos atipicos;Pleno dia;Ceu Claro;Caminhao;Ileso;3;4;2;1;1;2
Demais falhas mecanicas ou eletricas;Eventos atipicos;Pleno dia;Ceu Claro;Caminhao;Lesoes Graves;1;4;2;1;1;2
Demais falhas mecanicas ou eletricas;Eventos atipicos;Pleno dia;Ceu Claro;Caminhao-trator;Ileso;1;4;2;1;1;2
Demais falhas mecanicas ou eletricas;Eventos atipicos;Pleno dia;Ceu Claro;Caminhonete;Ileso;3;4;2;1;1;2
Demais falhas mecanicas ou eletricas;Eventos atipicos;Pleno dia;Ceu Claro;Caminhonete;Lesoes Graves;2;4;2;1;1;2
Demais falhas mecanicas ou eletricas;Eventos atipicos;Pleno dia;Ceu Claro;Motocicleta;Lesoes Graves;1;4;2;1;1;1
Demais falhas mecanicas ou eletricas;Eventos atipicos;Pleno dia;Ceu Claro;Motocicleta;Lesoes Leves;2;4;2;1;1;1
Demais falhas mecanicas ou eletricas;Eventos atipicos;Pleno dia;Ceu Claro;Utilitario;Ileso;2;4;2;1;1;3
Demais falhas mecanicas ou eletricas;Eventos atipicos;Pleno dia;Chuva;Automovel;Lesoes Leves;1;4;2;1;2;1
Demais falhas mecanicas ou eletricas;Eventos atipicos;Pleno dia;Garoa/Chuvisco;Automovel;Ileso;1;4;2;1;3;1
Demais falhas mecanicas ou eletricas;Eventos atipicos;Pleno dia;Nublado;Automovel;Ileso;1;4;2;1;2;1
Demais falhas mecanicas ou eletricas;Eventos atipicos;Pleno dia;Nublado;Caminhao-trator;Ileso;2;4;2;1;2;2
Demais falhas mecanicas ou eletricas;Eventos atipicos;Pleno dia;Nublado;Caminhao-trator;Lesoes Leves;1;4;2;1;2;2
Demais falhas mecanicas ou eletricas;Eventos atipicos;Pleno dia;Nublado;Caminhonete;Ileso;1;4;2;1;2;2
Demais falhas mecanicas ou eletricas;Eventos atipicos;Pleno dia;Nublado;Caminhonete;Lesoes Leves;1;4;2;1;2;2
Demais falhas mecanicas ou eletricas;Incendio;Amanhecer;Ceu Claro;Automovel;Ileso;1;4;2;4;1;1
Demais falhas mecanicas ou eletricas;Incendio;Amanhecer;Ceu Claro;Caminhao;Ileso;3;4;2;4;1;2
Demais falhas mecanicas ou eletricas;Incendio;Amanhecer;Ceu Claro;Caminhao-trator;Ileso;6;4;2;4;1;2
Demais falhas mecanicas ou eletricas;Incendio;Amanhecer;Ceu Claro;Caminhonete;Ileso;5;4;2;4;1;2
Demais falhas mecanicas ou eletricas;Incendio;Amanhecer;Ceu Claro;Onibus;Ileso;3;4;2;4;1;3
Demais falhas mecanicas ou eletricas;Incendio;Amanhecer;Chuva;Caminhao-trator;Ileso;2;4;2;4;2;2
Demais falhas mecanicas ou eletricas;Incendio;Amanhecer;Garoa/Chuvisco;Automovel;Ileso;1;4;2;4;3;1
Demais falhas mecanicas ou eletricas;Incendio;Amanhecer;Garoa/Chuvisco;Caminhao-trator;Ileso;1;4;2;4;3;2
Demais falhas mecanicas ou eletricas;Incendio;Amanhecer;Nevoeiro/Neblina;Caminhao-trator;Ileso;1;4;2;4;4;2
Demais falhas mecanicas ou eletricas;Incendio;Amanhecer;Nevoeiro/Neblina;Caminhonete;Ileso;2;4;2;4;4;2
Demais falhas mecanicas ou eletricas;Incendio;Amanhecer;Nublado;Caminhao-trator;Ileso;2;4;2;4;2;2
Demais falhas mecanicas ou eletricas;Incendio;Amanhecer;Nublado;Caminhao-trator;Lesoes Leves;1;4;2;4;2;2
Demais falhas mecanicas ou eletricas;Incendio;Amanhecer;Nublado;Nao Informado;Ileso;2;4;2;4;2;3
Demais falhas mecanicas ou eletricas;Incendio;Anoitecer;Ceu Claro;Automovel;Ileso;7;4;2;4;1;1
Demais falhas mecanicas ou eletricas;Incendio;Anoitecer;Ceu Claro;Automovel;Lesoes Leves;1;4;2;4;1;1
Demais falhas mecanicas ou eletricas;Incendio;Anoitecer;Ceu Claro;Caminhao-trator;Ileso;4;4;2;4;1;2
Demais falhas mecanicas ou eletricas;Incendio;Anoitecer;Ceu Claro;Caminhao-trator;Lesoes Leves;1;4;2;4;1;2
Demais falhas mecanicas ou eletricas;Incendio;Anoitecer;Ceu Claro;Caminhonete;Ileso;1;4;2;4;1;2
Demais falhas mecanicas ou eletricas;Incendio;Anoitecer;Ceu Claro;Nao Informado;Ileso;2;4;2;4;1;3
Demais falhas mecanicas ou eletricas;Incendio;Anoitecer;Ceu Claro;Onibus;Ileso;11;4;2;4;1;3
Demais falhas mecanicas ou eletricas;Incendio;Anoitecer;Garoa/Chuvisco;Caminhao-trator;Ileso;1;4;2;4;3;2
Demais falhas mecanicas ou eletricas;Incendio;Anoitecer;Nublado;Automovel;Ileso;6;4;2;4;2;1
Demais falhas mecanicas ou eletricas;Incendio;Anoitecer;Nublado;Caminhonete;Ileso;2;4;2;4;2;2
Demais falhas mecanicas ou eletricas;Incendio;Anoitecer;Sol;Automovel;Ileso;2;4;2;4;3;1
Demais falhas mecanicas ou eletricas;Incendio;Plena Noite;Ceu Claro;Automovel;Ileso;34;4;2;2;1;1
Demais falhas mecanicas ou eletricas;Incendio;Plena Noite;Ceu Claro;Automovel;Lesoes Graves;1;4;2;2;1;1
Demais falhas mecanicas ou eletricas;Incendio;Plena Noite;Ceu Claro;Automovel;Lesoes Leves;3;4;2;2;1;1
Demais falhas mecanicas ou eletricas;Incendio;Plena Noite;Ceu Claro;Caminhao;Ileso;9;4;2;2;1;2
Demais falhas mecanicas ou eletricas;Incendio;Plena Noite;Ceu Claro;Caminhao;Lesoes Leves;1;4;2;2;1;2
Demais falhas mecanicas ou eletricas;Incendio;Plena Noite;Ceu Claro;Caminhao-trator;Ileso;30;4;2;2;1;2
Demais falhas mecanicas ou eletricas;Incendio;Plena Noite;Ceu Claro;Caminhao-trator;Lesoes Graves;2;4;2;2;1;2
Demais falhas mecanicas ou eletricas;Incendio;Plena Noite;Ceu Claro;Caminhonete;Ileso;8;4;2;2;1;2
Demais falhas mecanicas ou eletricas;Incendio;Plena Noite;Ceu Claro;Micro-onibus;Ileso;1;4;2;2;1;4
Demais falhas mecanicas ou eletricas;Incendio;Plena Noite;Ceu Claro;Nao Informado;Ileso;2;4;2;2;1;3
Demais falhas mecanicas ou eletricas;Incendio;Plena Noite;Ceu Claro;Nao Informado;Lesoes Leves;1;4;2;2;1;3
Demais falhas mecanicas ou eletricas;Incendio;Plena Noite;Ceu Claro;Onibus;Ileso;73;4;2;2;1;3
Demais falhas mecanicas ou eletricas;Incendio;Plena Noite;Ceu Claro;Utilitario;Ileso;4;4;2;2;1;3
Demais falhas mecanicas ou eletricas;Incendio;Plena Noite;Chuva;Automovel;Ileso;5;4;2;2;2;1
Demais falhas mecanicas ou eletricas;Incendio;Plena Noite;Chuva;Caminhao-trator;Ileso;6;4;2;2;2;2
Demais falhas mecanicas ou eletricas;Incendio;Plena Noite;Chuva;Caminhonete;Ileso;1;4;2;2;2;2
Demais falhas mecanicas ou eletricas;Incendio;Plena Noite;Garoa/Chuvisco;Automovel;Ileso;2;4;2;2;3;1
Demais falhas mecanicas ou eletricas;Incendio;Plena Noite;Garoa/Chuvisco;Automovel;Lesoes Leves;1;4;2;2;3;1
Demais falhas mecanicas ou eletricas;Incendio;Plena Noite;Garoa/Chuvisco;Caminhao-trator;Ileso;2;4;2;2;3;2
Demais falhas mecanicas ou eletricas;Incendio;Plena Noite;Garoa/Chuvisco;Caminhonete;Ileso;1;4;2;2;3;2
Demais falhas mecanicas ou eletricas;Incendio;Plena Noite;Garoa/Chuvisco;Onibus;Ileso;1;4;2;2;3;3
Demais falhas mecanicas ou eletricas;Incendio;Plena Noite;Ignorado;Caminhao-trator;Ileso;2;4;2;2;0;2
Demais falhas mecanicas ou eletricas;Incendio;Plena Noite;Ignorado;Caminhao-trator;Lesoes Leves;1;4;2;2;0;2
Demais falhas mecanicas ou eletricas;Incendio;Plena Noite;Ignorado;Caminhonete;Lesoes Leves;1;4;2;2;0;2
Demais falhas mecanicas ou eletricas;Incendio;Plena Noite;Nevoeiro/Neblina;Caminhao-trator;Ileso;1;4;2;2;4;2
Demais falhas mecanicas ou eletricas;Incendio;Plena Noite;Nublado;Automovel;Ileso;7;4;2;2;2;1
Demais falhas mecanicas ou eletricas;Incendio;Plena Noite;Nublado;Automovel;Lesoes Leves;3;4;2;2;2;1
Demais falhas mecanicas ou eletricas;Incendio;Plena Noite;Nublado;Caminhao;Ileso;3;4;2;2;2;2
Demais falhas mecanicas ou eletricas;Incendio;Plena Noite;Nublado;Caminhao;Obito;1;4;2;2;2;2
Demais falhas mecanicas ou eletricas;Incendio;Plena Noite;Nublado;Caminhao-trator;Ileso;11;4;2;2;2;2
Demais falhas mecanicas ou eletricas;Incendio;Plena Noite;Nublado;Caminhao-trator;Lesoes Leves;1;4;2;2;2;2
Demais falhas mecanicas ou eletricas;Incendio;Plena Noite;Nublado;Caminhonete;Ileso;4;4;2;2;2;2
Demais falhas mecanicas ou eletricas;Incendio;Plena Noite;Nublado;Nao Informado;Ileso;1;4;2;2;2;3
Demais falhas mecanicas ou eletricas;Incendio;Plena Noite;Nublado;Onibus;Ileso;30;4;2;2;2;3
Demais falhas mecanicas ou eletricas;Incendio;Plena Noite;Nublado;Utilitario;Ileso;2;4;2;2;2;3
Demais falhas mecanicas ou eletricas;Incendio;Plena Noite;Vento;Automovel;Ileso;1;4;2;2;5;1
Demais falhas mecanicas ou eletricas;Incendio;Pleno dia;Ceu Claro;Automovel;Ileso;72;4;2;1;1;1
Demais falhas mecanicas ou eletricas;Incendio;Pleno dia;Ceu Claro;Automovel;Lesoes Leves;3;4;2;1;1;1
Demais falhas mecanicas ou eletricas;Incendio;Pleno dia;Ceu Claro;Caminhao;Ileso;26;4;2;1;1;2
Demais falhas mecanicas ou eletricas;Incendio;Pleno dia;Ceu Claro;Caminhao-trator;Ileso;61;4;2;1;1;2
Demais falhas mecanicas ou eletricas;Incendio;Pleno dia;Ceu Claro;Caminhao-trator;Lesoes Graves;1;4;2;1;1;2
Demais falhas mecanicas ou eletricas;Incendio;Pleno dia;Ceu Claro;Caminhao-trator;Lesoes Leves;1;4;2;1;1;2
Demais falhas mecanicas ou eletricas;Incendio;Pleno dia;Ceu Claro;Caminhonete;Ileso;27;4;2;1;1;2
Demais falhas mecanicas ou eletricas;Incendio;Pleno dia;Ceu Claro;Ciclomotor;Lesoes Leves;1;4;2;1;1;4
Demais falhas mecanicas ou eletricas;Incendio;Pleno dia;Ceu Claro;Micro-onibus;Ileso;2;4;2;1;1;4
Demais falhas mecanicas ou eletricas;Incendio;Pleno dia;Ceu Claro;Micro-onibus;Lesoes Leves;1;4;2;1;1;4
Demais falhas mecanicas ou eletricas;Incendio;Pleno dia;Ceu Claro;Motocicleta;Ileso;3;4;2;1;1;1
Demais falhas mecanicas ou eletricas;Incendio;Pleno dia;Ceu Claro;Nao Informado;Ileso;9;4;2;1;1;3
Demais falhas mecanicas ou eletricas;Incendio;Pleno dia;Ceu Claro;Onibus;Ileso;105;4;2;1;1;3
Demais falhas mecanicas ou eletricas;Incendio;Pleno dia;Ceu Claro;Utilitario;Ileso;4;4;2;1;1;3
Demais falhas mecanicas ou eletricas;Incendio;Pleno dia;Chuva;Automovel;Ileso;2;4;2;1;2;1
Demais falhas mecanicas ou eletricas;Incendio;Pleno dia;Chuva;Automovel;Lesoes Leves;1;4;2;1;2;1
Demais falhas mecanicas ou eletricas;Incendio;Pleno dia;Chuva;Automovel;Obito;1;4;2;1;2;1
Demais falhas mecanicas ou eletricas;Incendio;Pleno dia;Chuva;Caminhao;Ileso;1;4;2;1;2;2
Demais falhas mecanicas ou eletricas;Incendio;Pleno dia;Chuva;Caminhao;Lesoes Leves;1;4;2;1;2;2
Demais falhas mecanicas ou eletricas;Incendio;Pleno dia;Chuva;Caminhao-trator;Ileso;4;4;2;1;2;2
Demais falhas mecanicas ou eletricas;Incendio;Pleno dia;Chuva;Caminhao-trator;Lesoes Leves;1;4;2;1;2;2
Demais falhas mecanicas ou eletricas;Incendio;Pleno dia;Chuva;Nao Informado;Ileso;1;4;2;1;2;3
Demais falhas mecanicas ou eletricas;Incendio;Pleno dia;Chuva;Nao Informado;Lesoes Leves;3;4;2;1;2;3
Demais falhas mecanicas ou eletricas;Incendio;Pleno dia;Chuva;Semireboque;Ileso;1;4;2;1;2;5
Demais falhas mecanicas ou eletricas;Incendio;Pleno dia;Garoa/Chuvisco;Automovel;Ileso;3;4;2;1;3;1
Demais falhas mecanicas ou eletricas;Incendio;Pleno dia;Garoa/Chuvisco;Caminhao;Ileso;1;4;2;1;3;2
Demais falhas mecanicas ou eletricas;Incendio;Pleno dia;Garoa/Chuvisco;Caminhao-trator;Ileso;2;4;2;1;3;2
Demais falhas mecanicas ou eletricas;Incendio;Pleno dia;Garoa/Chuvisco;Caminhonete;Lesoes Leves;2;4;2;1;3;2
Demais falhas mecanicas ou eletricas;Incendio;Pleno dia;Garoa/Chuvisco;Caminhonete;Obito;1;4;2;1;3;2
Demais falhas mecanicas ou eletricas;Incendio;Pleno dia;Ignorado;Caminhao-trator;Ileso;1;4;2;1;0;2
Demais falhas mecanicas ou eletricas;Incendio;Pleno dia;Ignorado;Caminhonete;Ileso;1;4;2;1;0;2
Demais falhas mecanicas ou eletricas;Incendio;Pleno dia;Nublado;Automovel;Ileso;12;4;2;1;2;1
Demais falhas mecanicas ou eletricas;Incendio;Pleno dia;Nublado;Automovel;Lesoes Leves;1;4;2;1;2;1
Demais falhas mecanicas ou eletricas;Incendio;Pleno dia;Nublado;Caminhao;Ileso;7;4;2;1;2;2
Demais falhas mecanicas ou eletricas;Incendio;Pleno dia;Nublado;Caminhao-trator;Ileso;7;4;2;1;2;2
Demais falhas mecanicas ou eletricas;Incendio;Pleno dia;Nublado;Caminhao-trator;Lesoes Leves;1;4;2;1;2;2
Demais falhas mecanicas ou eletricas;Incendio;Pleno dia;Nublado;Caminhonete;Ileso;8;4;2;1;2;2
Demais falhas mecanicas ou eletricas;Incendio;Pleno dia;Nublado;Nao Informado;Ileso;10;4;2;1;2;3
Demais falhas mecanicas ou eletricas;Incendio;Pleno dia;Nublado;Onibus;Ileso;2;4;2;1;2;3
Demais falhas mecanicas ou eletricas;Incendio;Pleno dia;Nublado;Semireboque;Ileso;1;4;2;1;2;5
Demais falhas mecanicas ou eletricas;Incendio;Pleno dia;Nublado;Utilitario;Ileso;1;4;2;1;2;3
Demais falhas mecanicas ou eletricas;Incendio;Pleno dia;Sol;Automovel;Ileso;9;4;2;1;3;1
Demais falhas mecanicas ou eletricas;Incendio;Pleno dia;Sol;Caminhao;Ileso;5;4;2;1;3;2
Demais falhas mecanicas ou eletricas;Incendio;Pleno dia;Sol;Caminhao-trator;Ileso;9;4;2;1;3;2
Demais falhas mecanicas ou eletricas;Incendio;Pleno dia;Sol;Caminhao-trator;Lesoes Leves;4;4;2;1;3;2
Demais falhas mecanicas ou eletricas;Incendio;Pleno dia;Sol;Caminhonete;Ileso;5;4;2;1;3;2
Demais falhas mecanicas ou eletricas;Incendio;Pleno dia;Sol;Nao Informado;Ileso;1;4;2;1;3;3
Demais falhas mecanicas ou eletricas;Incendio;Pleno dia;Sol;Semireboque;Ileso;1;4;2;1;3;5
Demais falhas mecanicas ou eletricas;Queda de ocupante de veiculo;Amanhecer;Ceu Claro;Caminhao;Ileso;1;4;5;4;1;2
Demais falhas mecanicas ou eletricas;Queda de ocupante de veiculo;Amanhecer;Ceu Claro;Caminhao-trator;Ileso;1;4;5;4;1;2
Demais falhas mecanicas ou eletricas;Queda de ocupante de veiculo;Amanhecer;Ceu Claro;Motocicleta;Lesoes Graves;2;4;5;4;1;1
Demais falhas mecanicas ou eletricas;Queda de ocupante de veiculo;Amanhecer;Ceu Claro;Motocicleta;Lesoes Leves;4;4;5;4;1;1
Demais falhas mecanicas ou eletricas;Queda de ocupante de veiculo;Amanhecer;Ceu Claro;Motocicleta;Obito;1;4;5;4;1;1
Demais falhas mecanicas ou eletricas;Queda de ocupante de veiculo;Amanhecer;Ceu Claro;Motoneta;Lesoes Leves;2;4;5;4;1;3
Demais falhas mecanicas ou eletricas;Queda de ocupante de veiculo;Amanhecer;Chuva;Motocicleta;Lesoes Leves;2;4;5;4;2;1
Demais falhas mecanicas ou eletricas;Queda de ocupante de veiculo;Amanhecer;Nublado;Motocicleta;Lesoes Graves;1;4;5;4;2;1
Demais falhas mecanicas ou eletricas;Queda de ocupante de veiculo;Anoitecer;Ceu Claro;Motocicleta;Lesoes Graves;1;4;5;4;1;1
Demais falhas mecanicas ou eletricas;Queda de ocupante de veiculo;Anoitecer;Ceu Claro;Motocicleta;Lesoes Leves;7;4;5;4;1;1
Demais falhas mecanicas ou eletricas;Queda de ocupante de veiculo;Anoitecer;Ceu Claro;Motoneta;Lesoes Graves;1;4;5;4;1;3
Demais falhas mecanicas ou eletricas;Queda de ocupante de veiculo;Anoitecer;Ceu Claro;Motoneta;Lesoes Leves;3;4;5;4;1;3
Demais falhas mecanicas ou eletricas;Queda de ocupante de veiculo;Anoitecer;Nublado;Motocicleta;Lesoes Leves;10;4;5;4;2;1
Demais falhas mecanicas ou eletricas;Queda de ocupante de veiculo;Plena Noite;Ceu Claro;Automovel;Ileso;9;4;5;2;1;1
Demais falhas mecanicas ou eletricas;Queda de ocupante de veiculo;Plena Noite;Ceu Claro;Caminhao;Ileso;2;4;5;2;1;2
Demais falhas mecanicas ou eletricas;Queda de ocupante de veiculo;Plena Noite;Ceu Claro;Caminhao;Lesoes Graves;1;4;5;2;1;2
Demais falhas mecanicas ou eletricas;Queda de ocupante de veiculo;Plena Noite;Ceu Claro;Caminhao;Obito;2;4;5;2;1;2
Demais falhas mecanicas ou eletricas;Queda de ocupante de veiculo;Plena Noite;Ceu Claro;Caminhao-trator;Ileso;1;4;5;2;1;2
Demais falhas mecanicas ou eletricas;Queda de ocupante de veiculo;Plena Noite;Ceu Claro;Caminhonete;Ileso;1;4;5;2;1;2
Demais falhas mecanicas ou eletricas;Queda de ocupante de veiculo;Plena Noite;Ceu Claro;Motocicleta;Ileso;4;4;5;2;1;1
Demais falhas mecanicas ou eletricas;Queda de ocupante de veiculo;Plena Noite;Ceu Claro;Motocicleta;Lesoes Graves;10;4;5;2;1;1
Demais falhas mecanicas ou eletricas;Queda de ocupante de veiculo;Plena Noite;Ceu Claro;Motocicleta;Lesoes Leves;35;4;5;2;1;1
Demais falhas mecanicas ou eletricas;Queda de ocupante de veiculo;Plena Noite;Ceu Claro;Motoneta;Ileso;2;4;5;2;1;3
Demais falhas mecanicas ou eletricas;Queda de ocupante de veiculo;Plena Noite;Ceu Claro;Motoneta;Lesoes Graves;2;4;5;2;1;3
Demais falhas mecanicas ou eletricas;Queda de ocupante de veiculo;Plena Noite;Ceu Claro;Motoneta;Lesoes Leves;3;4;5;2;1;3
Demais falhas mecanicas ou eletricas;Queda de ocupante de veiculo;Plena Noite;Chuva;Automovel;Ileso;2;4;5;2;2;1
Demais falhas mecanicas ou eletricas;Queda de ocupante de veiculo;Plena Noite;Chuva;Automovel;Lesoes Leves;1;4;5;2;2;1
Demais falhas mecanicas ou eletricas;Queda de ocupante de veiculo;Plena Noite;Chuva;Caminhao;Ileso;2;4;5;2;2;2
Demais falhas mecanicas ou eletricas;Queda de ocupante de veiculo;Plena Noite;Chuva;Motocicleta;Lesoes Graves;1;4;5;2;2;1
Demais falhas mecanicas ou eletricas;Queda de ocupante de veiculo;Plena Noite;Chuva;Motocicleta;Lesoes Leves;4;4;5;2;2;1
Demais falhas mecanicas ou eletricas;Queda de ocupante de veiculo;Plena Noite;Chuva;Nao Informado;Ileso;1;4;5;2;2;3
Demais falhas mecanicas ou eletricas;Queda de ocupante de veiculo;Plena Noite;Garoa/Chuvisco;Motocicleta;Ileso;2;4;5;2;3;1
Demais falhas mecanicas ou eletricas;Queda de ocupante de veiculo;Plena Noite;Garoa/Chuvisco;Motocicleta;Lesoes Leves;6;4;5;2;3;1
Demais falhas mecanicas ou eletricas;Queda de ocupante de veiculo;Plena Noite;Ignorado;Motocicleta;Lesoes Leves;2;4;5;2;0;1
Demais falhas mecanicas ou eletricas;Queda de ocupante de veiculo;Plena Noite;Ignorado;Motoneta;Lesoes Leves;1;4;5;2;0;3
Demais falhas mecanicas ou eletricas;Queda de ocupante de veiculo;Plena Noite;Nublado;Automovel;Ileso;2;4;5;2;2;1
Demais falhas mecanicas ou eletricas;Queda de ocupante de veiculo;Plena Noite;Nublado;Bicicleta;Lesoes Graves;1;4;5;2;2;3
Demais falhas mecanicas ou eletricas;Queda de ocupante de veiculo;Plena Noite;Nublado;Caminhao-trator;Ileso;3;4;5;2;2;2
Demais falhas mecanicas ou eletricas;Queda de ocupante de veiculo;Plena Noite;Nublado;Caminhao-trator;Lesoes Leves;1;4;5;2;2;2
Demais falhas mecanicas ou eletricas;Queda de ocupante de veiculo;Plena Noite;Nublado;Motocicleta;Ileso;2;4;5;2;2;1
Demais falhas mecanicas ou eletricas;Queda de ocupante de veiculo;Plena Noite;Nublado;Motocicleta;Lesoes Graves;2;4;5;2;2;1
Demais falhas mecanicas ou eletricas;Queda de ocupante de veiculo;Plena Noite;Nublado;Motocicleta;Lesoes Leves;14;4;5;2;2;1
Demais falhas mecanicas ou eletricas;Queda de ocupante de veiculo;Plena Noite;Nublado;Motocicleta;Obito;1;4;5;2;2;1
Demais falhas mecanicas ou eletricas;Queda de ocupante de veiculo;Plena Noite;Nublado;Motoneta;Lesoes Leves;1;4;5;2;2;3
Demais falhas mecanicas ou eletricas;Queda de ocupante de veiculo;Pleno dia;Ceu Claro;Automovel;Ileso;10;4;5;1;1;1
Demais falhas mecanicas ou eletricas;Queda de ocupante de veiculo;Pleno dia;Ceu Claro;Bicicleta;Ileso;1;4;5;1;1;3
Demais falhas mecanicas ou eletricas;Queda de ocupante de veiculo;Pleno dia;Ceu Claro;Bicicleta;Lesoes Graves;1;4;5;1;1;3
Demais falhas mecanicas ou eletricas;Queda de ocupante de veiculo;Pleno dia;Ceu Claro;Bicicleta;Lesoes Leves;3;4;5;1;1;3
Demais falhas mecanicas ou eletricas;Queda de ocupante de veiculo;Pleno dia;Ceu Claro;Caminhao;Ileso;3;4;5;1;1;2
Demais falhas mecanicas ou eletricas;Queda de ocupante de veiculo;Pleno dia;Ceu Claro;Caminhao-trator;Ileso;5;4;5;1;1;2
Demais falhas mecanicas ou eletricas;Queda de ocupante de veiculo;Pleno dia;Ceu Claro;Caminhonete;Ileso;4;4;5;1;1;2
Demais falhas mecanicas ou eletricas;Queda de ocupante de veiculo;Pleno dia;Ceu Claro;Motocicleta;Ileso;16;4;5;1;1;1
Demais falhas mecanicas ou eletricas;Queda de ocupante de veiculo;Pleno dia;Ceu Claro;Motocicleta;Lesoes Graves;19;4;5;1;1;1
Demais falhas mecanicas ou eletricas;Queda de ocupante de veiculo;Pleno dia;Ceu Claro;Motocicleta;Lesoes Leves;125;4;5;1;1;1
Demais falhas mecanicas ou eletricas;Queda de ocupante de veiculo;Pleno dia;Ceu Claro;Motocicleta;Obito;5;4;5;1;1;1
Demais falhas mecanicas ou eletricas;Queda de ocupante de veiculo;Pleno dia;Ceu Claro;Motoneta;Ileso;2;4;5;1;1;3
Demais falhas mecanicas ou eletricas;Queda de ocupante de veiculo;Pleno dia;Ceu Claro;Motoneta;Lesoes Graves;1;4;5;1;1;3
Demais falhas mecanicas ou eletricas;Queda de ocupante de veiculo;Pleno dia;Ceu Claro;Motoneta;Lesoes Leves;19;4;5;1;1;3
Demais falhas mecanicas ou eletricas;Queda de ocupante de veiculo;Pleno dia;Chuva;Bicicleta;Lesoes Leves;1;4;5;1;2;3
Demais falhas mecanicas ou eletricas;Queda de ocupante de veiculo;Pleno dia;Chuva;Motocicleta;Ileso;1;4;5;1;2;1
Demais falhas mecanicas ou eletricas;Queda de ocupante de veiculo;Pleno dia;Chuva;Motocicleta;Lesoes Leves;10;4;5;1;2;1