causa_acidente;tipo_acidente;fase_dia;condicao_metereologica;tipo_veiculo;estado_fisico;count;causa_acidente_criterios;tipo_acidente_criterios;fase_dia_criterios;condicao_metereologica_criterios;tipo_veiculo_criterios
Demais falhas mecanicas ou eletricas;Queda de ocupante de veiculo;Pleno dia;Garoa/Chuvisco;Motocicleta;Lesoes Graves;1;4;5;1;3;1
Demais falhas mecanicas ou eletricas;Queda de ocupante de veiculo;Pleno dia;Garoa/Chuvisco;Motocicleta;Lesoes Leves;1;4;5;1;3;1
Demais falhas mecanicas ou eletricas;Queda de ocupante de veiculo;Pleno dia;Nublado;Caminhao;Ileso;1;4;5;1;2;2
Demais falhas mecanicas ou eletricas;Queda de ocupante de veiculo;Pleno dia;Nublado;Caminhao;Lesoes Graves;1;4;5;1;2;2
Demais falhas mecanicas ou eletricas;Queda de ocupante de veiculo;Pleno dia;Nublado;Caminhao;Obito;1;4;5;1;2;2
Demais falhas mecanicas ou eletricas;Queda de ocupante de veiculo;Pleno dia;Nublado;Caminhonete;Ileso;4;4;5;1;2;2
Demais falhas mecanicas ou eletricas;Queda de ocupante de veiculo;Pleno dia;Nublado;Caminhonete;Lesoes Graves;1;4;5;1;2;2
Demais falhas mecanicas ou eletricas;Queda de ocupante de veiculo;Pleno dia;Nublado;Motocicleta;Ileso;3;4;5;1;2;1
Demais falhas mecanicas ou eletricas;Queda de ocupante de veiculo;Pleno dia;Nublado;Motocicleta;Lesoes Graves;7;4;5;1;2;1
Demais falhas mecanicas ou eletricas;Queda de ocupante de veiculo;Pleno dia;Nublado;Motocicleta;Lesoes Leves;21;4;5;1;2;1
Demais falhas mecanicas ou eletricas;Queda de ocupante de veiculo;Pleno dia;Nublado;Motoneta;Lesoes Graves;1;4;5;1;2;3
Demais falhas mecanicas ou eletricas;Queda de ocupante de veiculo;Pleno dia;Nublado;Motoneta;Lesoes Leves;6;4;5;1;2;3
Demais falhas mecanicas ou eletricas;Queda de ocupante de veiculo;Pleno dia;Nublado;Motoneta;Obito;1;4;5;1;2;3
Demais falhas mecanicas ou eletricas;Queda de ocupante de veiculo;Pleno dia;Nublado;Nao Informado;Ileso;1;4;5;1;2;3
Demais falhas mecanicas ou eletricas;Queda de ocupante de veiculo;Pleno dia;Sol;Automovel;Ileso;2;4;5;1;3;1
Demais falhas mecanicas ou eletricas;Queda de ocupante de veiculo;Pleno dia;Sol;Motocicleta;Ileso;2;4;5;1;3;1
Demais falhas mecanicas ou eletricas;Queda de ocupante de veiculo;Pleno dia;Sol;Motocicleta;Lesoes Graves;3;4;5;1;3;1
Demais falhas mecanicas ou eletricas;Queda de ocupante de veiculo;Pleno dia;Sol;Motocicleta;Lesoes Leves;20;4;5;1;3;1
Demais falhas mecanicas ou eletricas;Queda de ocupante de veiculo;Pleno dia;Sol;Motoneta;Ileso;1;4;5;1;3;3
Demais falhas mecanicas ou eletricas;Queda de ocupante de veiculo;Pleno dia;Sol;Motoneta;Lesoes Graves;1;4;5;1;3;3
Demais falhas mecanicas ou eletricas;Queda de ocupante de veiculo;Pleno dia;Sol;Motoneta;Lesoes Leves;1;4;5;1;3;3
Demais falhas mecanicas ou eletricas;Queda de ocupante de veiculo;Pleno dia;Sol;Onibus;Ileso;1;4;5;1;3;3
Demais falhas mecanicas ou eletricas;Saida de leito carrocavel;Amanhecer;Ceu Claro;Automovel;Ileso;4;4;5;4;1;1
Demais falhas mecanicas ou eletricas;Saida de leito carrocavel;Amanhecer;Ceu Claro;Automovel;Lesoes Leves;3;4;5;4;1;1
Demais falhas mecanicas ou eletricas;Saida de leito carrocavel;Amanhecer;Ceu Claro;Caminhao;Ileso;4;4;5;4;1;2
Demais falhas mecanicas ou eletricas;Saida de leito carrocavel;Amanhecer;Ceu Claro;Caminhao-trator;Ileso;4;4;5;4;1;2
Demais falhas mecanicas ou eletricas;Saida de leito carrocavel;Amanhecer;Ceu Claro;Caminhao-trator;Lesoes Leves;1;4;5;4;1;2
Demais falhas mecanicas ou eletricas;Saida de leito carrocavel;Amanhecer;Ceu Claro;Caminhonete;Lesoes Graves;1;4;5;4;1;2
Demais falhas mecanicas ou eletricas;Saida de leito carrocavel;Amanhecer;Ceu Claro;Motocicleta;Lesoes Leves;1;4;5;4;1;1
Demais falhas mecanicas ou eletricas;Saida de leito carrocavel;Amanhecer;Nevoeiro/Neblina;Micro-onibus;Lesoes Graves;2;4;5;4;4;4
Demais falhas mecanicas ou eletricas;Saida de leito carrocavel;Amanhecer;Nevoeiro/Neblina;Micro-onibus;Lesoes Leves;14;4;5;4;4;4
Demais falhas mecanicas ou eletricas;Saida de leito carrocavel;Amanhecer;Nublado;Automovel;Lesoes Leves;2;4;5;4;2;1
Demais falhas mecanicas ou eletricas;Saida de leito carrocavel;Amanhecer;Nublado;Nao Informado;Lesoes Graves;4;4;5;4;2;3
Demais falhas mecanicas ou eletricas;Saida de leito carrocavel;Amanhecer;Nublado;Nao Informado;Lesoes Leves;1;4;5;4;2;3
Demais falhas mecanicas ou eletricas;Saida de leito carrocavel;Anoitecer;Ceu Claro;Automovel;Lesoes Leves;1;4;5;4;1;1
Demais falhas mecanicas ou eletricas;Saida de leito carrocavel;Anoitecer;Ceu Claro;Caminhao;Lesoes Leves;1;4;5;4;1;2
Demais falhas mecanicas ou eletricas;Saida de leito carrocavel;Anoitecer;Chuva;Caminhao-trator;Ileso;1;4;5;4;2;2
Demais falhas mecanicas ou eletricas;Saida de leito carrocavel;Anoitecer;Chuva;Motocicleta;Lesoes Graves;1;4;5;4;2;1
Demais falhas mecanicas ou eletricas;Saida de leito carrocavel;Anoitecer;Chuva;Utilitario;Ileso;4;4;5;4;2;3
Demais falhas mecanicas ou eletricas;Saida de leito carrocavel;Anoitecer;Chuva;Utilitario;Lesoes Leves;1;4;5;4;2;3
Demais falhas mecanicas ou eletricas;Saida de leito carrocavel;Anoitecer;Nublado;Automovel;Ileso;2;4;5;4;2;1
Demais falhas mecanicas ou eletricas;Saida de leito carrocavel;Anoitecer;Nublado;Caminhao-trator;Lesoes Leves;2;4;5;4;2;2
Demais falhas mecanicas ou eletricas;Saida de leito carrocavel;Plena Noite;Ceu Claro;Automovel;Ileso;2;4;5;2;1;1
Demais falhas mecanicas ou eletricas;Saida de leito carrocavel;Plena Noite;Ceu Claro;Automovel;Lesoes Graves;2;4;5;2;1;1
Demais falhas mecanicas ou eletricas;Saida de leito carrocavel;Plena Noite;Ceu Claro;Caminhao;Ileso;6;4;5;2;1;2
Demais falhas mecanicas ou eletricas;Saida de leito carrocavel;Plena Noite;Ceu Claro;Caminhao;Lesoes Graves;1;4;5;2;1;2
Demais falhas mecanicas ou eletricas;Saida de leito carrocavel;Plena Noite;Ceu Claro;Caminhao;Lesoes Leves;6;4;5;2;1;2
Demais falhas mecanicas ou eletricas;Saida de leito carrocavel;Plena Noite;Ceu Claro;Caminhao;Obito;1;4;5;2;1;2
Demais falhas mecanicas ou eletricas;Saida de leito carrocavel;Plena Noite;Ceu Claro;Caminhao-trator;Ileso;1;4;5;2;1;2
Demais falhas mecanicas ou eletricas;Saida de leito carrocavel;Plena Noite;Ceu Claro;Caminhao-trator;Lesoes Graves;2;4;5;2;1;2
Demais falhas mecanicas ou eletricas;Saida de leito carrocavel;Plena Noite;Ceu Claro;Caminhao-trator;Lesoes Leves;5;4;5;2;1;2
Demais falhas mecanicas ou eletricas;Saida de leito carrocavel;Plena Noite;Ceu Claro;Caminhonete;Ileso;1;4;5;2;1;2
Demais falhas mecanicas ou eletricas;Saida de leito carrocavel;Plena Noite;Ceu Claro;Caminhonete;Lesoes Graves;1;4;5;2;1;2
Demais falhas mecanicas ou eletricas;Saida de leito carrocavel;Plena Noite;Ceu Claro;Caminhonete;Lesoes Leves;2;4;5;2;1;2
Demais falhas mecanicas ou eletricas;Saida de leito carrocavel;Plena Noite;Ceu Claro;Micro-onibus;Ileso;2;4;5;2;1;4
Demais falhas mecanicas ou eletricas;Saida de leito carrocavel;Plena Noite;Ceu Claro;Micro-onibus;Lesoes Leves;4;4;5;2;1;4
Demais falhas mecanicas ou eletricas;Saida de leito carrocavel;Plena Noite;Ceu Claro;Motocicleta;Ileso;2;4;5;2;1;1
Demais falhas mecanicas ou eletricas;Saida de leito carrocavel;Plena Noite;Ceu Claro;Motocicleta;Lesoes Leves;2;4;5;2;1;1
Demais falhas mecanicas ou eletricas;Saida de leito carrocavel;Plena Noite;Ceu Claro;Motoneta;Lesoes Graves;1;4;5;2;1;3
Demais falhas mecanicas ou eletricas;Saida de leito carrocavel;Plena Noite;Ceu Claro;Nao Informado;Ileso;1;4;5;2;1;3
Demais falhas mecanicas ou eletricas;Saida de leito carrocavel;Plena Noite;Chuva;Automovel;Lesoes Graves;1;4;5;2;2;1
Demais falhas mecanicas ou eletricas;Saida de leito carrocavel;Plena Noite;Chuva;Automovel;Lesoes Leves;2;4;5;2;2;1
Demais falhas mecanicas ou eletricas;Saida de leito carrocavel;Plena Noite;Chuva;Caminhao;Lesoes Leves;1;4;5;2;2;2
Demais falhas mecanicas ou eletricas;Saida de leito carrocavel;Plena Noite;Chuva;Caminhao-trator;Ileso;2;4;5;2;2;2
Demais falhas mecanicas ou eletricas;Saida de leito carrocavel;Plena Noite;Chuva;Caminhao-trator;Lesoes Leves;1;4;5;2;2;2
Demais falhas mecanicas ou eletricas;Saida de leito carrocavel;Plena Noite;Garoa/Chuvisco;Automovel;Lesoes Leves;4;4;5;2;3;1
Demais falhas mecanicas ou eletricas;Saida de leito carrocavel;Plena Noite;Garoa/Chuvisco;Caminhonete;Ileso;1;4;5;2;3;2
Demais falhas mecanicas ou eletricas;Saida de leito carrocavel;Plena Noite;Nublado;Automovel;Ileso;3;4;5;2;2;1
Demais falhas mecanicas ou eletricas;Saida de leito carrocavel;Plena Noite;Nublado;Automovel;Lesoes Graves;3;4;5;2;2;1
Demais falhas mecanicas ou eletricas;Saida de leito carrocavel;Plena Noite;Nublado;Automovel;Lesoes Leves;8;4;5;2;2;1
Demais falhas mecanicas ou eletricas;Saida de leito carrocavel;Plena Noite;Nublado;Caminhao;Ileso;3;4;5;2;2;2
Demais falhas mecanicas ou eletricas;Saida de leito carrocavel;Plena Noite;Nublado;Caminhao;Lesoes Leves;1;4;5;2;2;2
Demais falhas mecanicas ou eletricas;Saida de leito carrocavel;Plena Noite;Nublado;Caminhao-trator;Ileso;2;4;5;2;2;2
Demais falhas mecanicas ou eletricas;Saida de leito carrocavel;Plena Noite;Nublado;Caminhao-trator;Lesoes Leves;1;4;5;2;2;2
Demais falhas mecanicas ou eletricas;Saida de leito carrocavel;Plena Noite;Nublado;Caminhonete;Ileso;2;4;5;2;2;2
Demais falhas mecanicas ou eletricas;Saida de leito carrocavel;Plena Noite;Nublado;Caminhonete;Lesoes Graves;8;4;5;2;2;2
Demais falhas mecanicas ou eletricas;Saida de leito carrocavel;Plena Noite;Nublado;Caminhonete;Lesoes Leves;2;4;5;2;2;2
Demais falhas mecanicas ou eletricas;Saida de leito carrocavel;Plena Noite;Nublado;Nao Informado;Lesoes Graves;1;4;5;2;2;3
Demais falhas mecanicas ou eletricas;Saida de leito carrocavel;Pleno dia;Ceu Claro;Automovel;Ileso;38;4;5;1;1;1
Demais falhas mecanicas ou eletricas;Saida de leito carrocavel;Pleno dia;Ceu Claro;Automovel;Lesoes Graves;15;4;5;1;1;1
Demais falhas mecanicas ou eletricas;Saida de leito carrocavel;Pleno dia;Ceu Claro;Automovel;Lesoes Leves;33;4;5;1;1;1
Demais falhas mecanicas ou eletricas;Saida de leito carrocavel;Pleno dia;Ceu Claro;Automovel;Obito;4;4;5;1;1;1
Demais falhas mecanicas ou eletricas;Saida de leito carrocavel;Pleno dia;Ceu Claro;Caminhao;Ileso;7;4;5;1;1;2
Demais falhas mecanicas ou eletricas;Saida de leito carrocavel;Pleno dia;Ceu Claro;Caminhao;Lesoes Graves;3;4;5;1;1;2
Demais falhas mecanicas ou eletricas;Saida de leito carrocavel;Pleno dia;Ceu Claro;Caminhao;Lesoes Leves;12;4;5;1;1;2
Demais falhas mecanicas ou eletricas;Saida de leito carrocavel;Pleno dia;Ceu Claro;Caminhao;Obito;1;4;5;1;1;2
Demais falhas mecanicas ou eletricas;Saida de leito carrocavel;Pleno dia;Ceu Claro;Caminhao-trator;Ileso;13;4;5;1;1;2
Demais falhas mecanicas ou eletricas;Saida de leito carrocavel;Pleno dia;Ceu Claro;Caminhao-trator;Lesoes Graves;2;4;5;1;1;2
Demais falhas mecanicas ou eletricas;Saida de leito carrocavel;Pleno dia;Ceu Claro;Caminhao-trator;Lesoes Leves;14;4;5;1;1;2
Demais falhas mecanicas ou eletricas;Saida de leito carrocavel;Pleno dia;Ceu Claro;Caminhonete;Ileso;15;4;5;1;1;2
Demais falhas mecanicas ou eletricas;Saida de leito carrocavel;Pleno dia;Ceu Claro;Caminhonete;Lesoes Graves;1;4;5;1;1;2
Demais falhas mecanicas ou eletricas;Saida de leito carrocavel;Pleno dia;Ceu Claro;Caminhonete;Lesoes Leves;9;4;5;1;1;2
Demais falhas mecanicas ou eletricas;Saida de leito carrocavel;Pleno dia;Ceu Claro;Caminhonete;Obito;4;4;5;1;1;2
Demais falhas mecanicas ou eletricas;Saida de leito carrocavel;Pleno dia;Ceu Claro;Micro-onibus;Ileso;2;4;5;1;1;4
Demais falhas mecanicas ou eletricas;Saida de leito carrocavel;Pleno dia;Ceu Claro;Micro-onibus;Lesoes Leves;4;4;5;1;1;4
Demais falhas mecanicas ou eletricas;Saida de leito carrocavel;Pleno dia;Ceu Claro;Motocicleta;Ileso;1;4;5;1;1;1
Demais falhas mecanicas ou eletricas;Saida de leito carrocavel;Pleno dia;Ceu Claro;Motocicleta;Lesoes Graves;2;4;5;1;1;1
Demais falhas mecanicas ou eletricas;Saida de leito carrocavel;Pleno dia;Ceu Claro;Motocicleta;Lesoes Leves;6;4;5;1;1;1
Demais falhas mecanicas ou eletricas;Saida de leito carrocavel;Pleno dia;Ceu Claro;Motocicleta;Obito;3;4;5;1;1;1
Demais falhas mecanicas ou eletricas;Saida de leito carrocavel;Pleno dia;Ceu Claro;Nao Informado;Ileso;4;4;5;1;1;3
Demais falhas mecanicas ou eletricas;Saida de leito carrocavel;Pleno dia;Ceu Claro;Nao Informado;Lesoes Leves;2;4;5;1;1;3
Demais falhas mecanicas ou eletricas;Saida de leito carrocavel;Pleno dia;Ceu Claro;Onibus;Ileso;4;4;5;1;1;3
Demais falhas mecanicas ou eletricas;Saida de leito carrocavel;Pleno dia;Ceu Claro;Onibus;Lesoes Graves;29;4;5;1;1;3
Demais falhas mecanicas ou eletricas;Saida de leito carrocavel;Pleno dia;Ceu Claro;Onibus;Lesoes Leves;30;4;5;1;1;3
Demais falhas mecanicas ou eletricas;Saida de leito carrocavel;Pleno dia;Ceu Claro;Onibus;Obito;2;4;5;1;1;3
Demais falhas mecanicas ou eletricas;Saida de leito carrocavel;Pleno dia;Chuva;Automovel;Ileso;2;4;5;1;2;1
Demais falhas mecanicas ou eletricas;Saida de leito carrocavel;Pleno dia;Chuva;Automovel;Lesoes Graves;2;4;5;1;2;1
Demais falhas mecanicas ou eletricas;Saida de leito carrocavel;Pleno dia;Chuva;Automovel;Lesoes Leves;1;4;5;1;2;1
Demais falhas mecanicas ou eletricas;Saida de leito carrocavel;Pleno dia;Chuva;Automovel;Obito;2;4;5;1;2;1
Demais falhas mecanicas ou eletricas;Saida de leito carrocavel;Pleno dia;Chuva;Caminhao;Lesoes Graves;1;4;5;1;2;2
Demais falhas mecanicas ou eletricas;Saida de leito carrocavel;Pleno dia;Chuva;Caminhao;Lesoes Leves;3;4;5;1;2;2
Demais falhas mecanicas ou eletricas;Saida de leito carrocavel;Pleno dia;Chuva;Caminhao-trator;Ileso;1;4;5;1;2;2
Demais falhas mecanicas ou eletricas;Saida de leito carrocavel;Pleno dia;Chuva;Caminhonete;Ileso;3;4;5;1;2;2
Demais falhas mecanicas ou eletricas;Saida de leito carrocavel;Pleno dia;Chuva;Caminhonete;Lesoes Leves;4;4;5;1;2;2
Demais falhas mecanicas ou eletricas;Saida de leito carrocavel;Pleno dia;Chuva;Utilitario;Lesoes Leves;2;4;5;1;2;3
Demais falhas mecanicas ou eletricas;Saida de leito carrocavel;Pleno dia;Garoa/Chuvisco;Automovel;Ileso;1;4;5;1;3;1
Demais falhas mecanicas ou eletricas;Saida de leito carrocavel;Pleno dia;Garoa/Chuvisco;Caminhao;Ileso;3;4;5;1;3;2
Demais falhas mecanicas ou eletricas;Saida de leito carrocavel;Pleno dia;Garoa/Chuvisco;Caminhao;Lesoes Leves;2;4;5;1;3;2
Demais falhas mecanicas ou eletricas;Saida de leito carrocavel;Pleno dia;Garoa/Chuvisco;Caminhao;Obito;1;4;5;1;3;2
Demais falhas mecanicas ou eletricas;Saida de leito carrocavel;Pleno dia;Nublado;Automovel;Ileso;8;4;5;1;2;1
Demais falhas mecanicas ou eletricas;Saida de leito carrocavel;Pleno dia;Nublado;Automovel;Lesoes Graves;10;4;5;1;2;1
Demais falhas mecanicas ou eletricas;Saida de leito carrocavel;Pleno dia;Nublado;Automovel;Lesoes Leves;20;4;5;1;2;1
Demais falhas mecanicas ou eletricas;Saida de leito carrocavel;Pleno dia;Nublado;Automovel;Obito;1;4;5;1;2;1
Demais falhas mecanicas ou eletricas;Saida de leito carrocavel;Pleno dia;Nublado;Caminhao;Ileso;2;4;5;1;2;2
Demais falhas mecanicas ou eletricas;Saida de leito carrocavel;Pleno dia;Nublado;Caminhao;Lesoes Graves;2;4;5;1;2;2
Demais falhas mecanicas ou eletricas;Saida de leito carrocavel;Pleno dia;Nublado;Caminhao;Lesoes Leves;3;4;5;1;2;2
Demais falhas mecanicas ou eletricas;Saida de leito carrocavel;Pleno dia;Nublado;Caminhao;Obito;1;4;5;1;2;2
Demais falhas mecanicas ou eletricas;Saida de leito carrocavel;Pleno dia;Nublado;Caminhao-trator;Ileso;4;4;5;1;2;2
Demais falhas mecanicas ou eletricas;Saida de leito carrocavel;Pleno dia;Nublado;Caminhao-trator;Lesoes Leves;2;4;5;1;2;2
Demais falhas mecanicas ou eletricas;Saida de leito carrocavel;Pleno dia;Nublado;Caminhonete;Ileso;2;4;5;1;2;2
Demais falhas mecanicas ou eletricas;Saida de leito carrocavel;Pleno dia;Nublado;Caminhonete;Lesoes Leves;1;4;5;1;2;2
Demais falhas mecanicas ou eletricas;Saida de leito carrocavel;Pleno dia;Nublado;Motocicleta;Lesoes Graves;1;4;5;1;2;1
Demais falhas mecanicas ou eletricas;Saida de leito carrocavel;Pleno dia;Nublado;Motocicleta;Lesoes Leves;3;4;5;1;2;1
Demais falhas mecanicas ou eletricas;Saida de leito carrocavel;Pleno dia;Nublado;Nao Informado;Ileso;4;4;5;1;2;3
Demais falhas mecanicas ou eletricas;Saida de leito carrocavel;Pleno dia;Nublado;Nao se aplica;Ileso;1;4;5;1;2;3
Demais falhas mecanicas ou eletricas;Saida de leito carrocavel;Pleno dia;Nublado;Utilitario;Ileso;1;4;5;1;2;3
Demais falhas mecanicas ou eletricas;Saida de leito carrocavel;Pleno dia;Nublado;Utilitario;Lesoes Leves;1;4;5;1;2;3
Demais falhas mecanicas ou eletricas;Saida de leito carrocavel;Pleno dia;Sol;Automovel;Lesoes Leves;3;4;5;1;3;1
Demais falhas mecanicas ou eletricas;Saida de leito carrocavel;Pleno dia;Sol;Caminhao;Lesoes Graves;2;4;5;1;3;2
Demais falhas mecanicas ou eletricas;Saida de leito carrocavel;Pleno dia;Sol;Caminhao;Lesoes Leves;1;4;5;1;3;2
Demais falhas mecanicas ou eletricas;Saida de leito carrocavel;Pleno dia;Sol;Caminhao;Obito;1;4;5;1;3;2
Demais falhas mecanicas ou eletricas;Saida de leito carrocavel;Pleno dia;Sol;Caminhao-trator;Ileso;2;4;5;1;3;2
Demais falhas mecanicas ou eletricas;Saida de leito carrocavel;Pleno dia;Sol;Caminhao-trator;Lesoes Leves;2;4;5;1;3;2
Demais falhas mecanicas ou eletricas;Saida de leito carrocavel;Pleno dia;Sol;Caminhonete;Lesoes Graves;2;4;5;1;3;2
Demais falhas mecanicas ou eletricas;Saida de leito carrocavel;Pleno dia;Sol;Caminhonete;Lesoes Leves;5;4;5;1;3;2
Demais falhas mecanicas ou eletricas;Saida de leito carrocavel;Pleno dia;Sol;Utilitario;Lesoes Graves;1;4;5;1;3;3
Demais falhas mecanicas ou eletricas;Saida de leito carrocavel;Pleno dia;Sol;Utilitario;Lesoes Leves;3;4;5;1;3;3
Demais falhas mecanicas ou eletricas;Tombamento;Amanhecer;Ceu Claro;Automovel;Ileso;3;4;5;4;1;1
Demais falhas mecanicas ou eletricas;Tombamento;Amanhecer;Ceu Claro;Caminhao;Ileso;3;4;5;4;1;2
Demais falhas mecanicas ou eletricas;Tombamento;Amanhecer;Ceu Claro;Caminhao;Lesoes Graves;1;4;5;4;1;2
Demais falhas mecanicas ou eletricas;Tombamento;Amanhecer;Ceu Claro;Caminhao-trator;Ileso;2;4;5;4;1;2
Demais falhas mecanicas ou eletricas;Tombamento;Amanhecer;Ceu Claro;Motocicleta;Ileso;1;4;5;4;1;1
Demais falhas mecanicas ou eletricas;Tombamento;Amanhecer;Ceu Claro;Motocicleta;Lesoes Graves;2;4;5;4;1;1
Demais falhas mecanicas ou eletricas;Tombamento;Amanhecer;Ceu Claro;Motocicleta;Lesoes Leves;5;4;5;4;1;1
Demais falhas mecanicas ou eletricas;Tombamento;Amanhecer;Ceu Claro;Motoneta;Lesoes Leves;2;4;5;4;1;3
Demais falhas mecanicas ou eletricas;Tombamento;Amanhecer;Ceu Claro;Nao se aplica;Obito;1;4;5;4;1;3
Demais falhas mecanicas ou eletricas;Tombamento;Amanhecer;Chuva;Motocicleta;Lesoes Leves;2;4;5;4;2;1
Demais falhas mecanicas ou eletricas;Tombamento;Amanhecer;Nublado;Caminhao-trator;Lesoes Leves;1;4;5;4;2;2
Demais falhas mecanicas ou eletricas;Tombamento;Anoitecer;Ceu Claro;Automovel;Ileso;1;4;5;4;1;1
Demais falhas mecanicas ou eletricas;Tombamento;Anoitecer;Ceu Claro;Caminhao;Lesoes Leves;1;4;5;4;1;2
Demais falhas mecanicas ou eletricas;Tombamento;Anoitecer;Ceu Claro;Motocicleta;Ileso;1;4;5;4;1;1
Demais falhas mecanicas ou eletricas;Tombamento;Anoitecer;Ceu Claro;Motocicleta;Lesoes Graves;1;4;5;4;1;1
Demais falhas mecanicas ou eletricas;Tombamento;Anoitecer;Ceu Claro;Motocicleta;Lesoes Leves;2;4;5;4;1;1
Demais falhas mecanicas ou eletricas;Tombamento;Anoitecer;Chuva;Caminhao-trator;Ileso;1;4;5;4;2;2
Demais falhas mecanicas ou eletricas;Tombamento;Anoitecer;Chuva;Motocicleta;Lesoes Graves;1;4;5;4;2;1
Demais falhas mecanicas ou eletricas;Tombamento;Anoitecer;Nublado;Automovel;Ileso;1;4;5;4;2;1
Demais falhas mecanicas ou eletricas;Tombamento;Anoitecer;Nublado;Caminhao-trator;Lesoes Leves;1;4;5;4;2;2
Demais falhas mecanicas ou eletricas;Tombamento;Anoitecer;Nublado;Motocicleta;Ileso;1;4;5;4;2;1
Demais falhas mecanicas ou eletricas;Tombamento;Anoitecer;Nublado;Motocicleta;Lesoes Graves;2;4;5;4;2;1
Demais falhas mecanicas ou eletricas;Tombamento;Anoitecer;Nublado;Motocicleta;Lesoes Leves;8;4;5;4;2;1
Demais falhas mecanicas ou eletricas;Tombamento;Plena Noite;Ceu Claro;Automovel;Ileso;14;4;5;2;1;1
Demais falhas mecanicas ou eletricas;Tombamento;Plena Noite;Ceu Claro;Automovel;Lesoes Graves;1;4;5;2;1;1
Demais falhas mecanicas ou eletricas;Tombamento;Plena Noite;Ceu Claro;Automovel;Lesoes Leves;3;4;5;2;1;1
Demais falhas mecanicas ou eletricas;Tombamento;Plena Noite;Ceu Claro;Caminhao;Ileso;3;4;5;2;1;2
Demais falhas mecanicas ou eletricas;Tombamento;Plena Noite;Ceu Claro;Caminhao;Lesoes Leves;2;4;5;2;1;2
Demais falhas mecanicas ou eletricas;Tombamento;Plena Noite;Ceu Claro;Caminhao-trator;Ileso;4;4;5;2;1;2
Demais falhas mecanicas ou eletricas;Tombamento;Plena Noite;Ceu Claro;Caminhao-trator;Lesoes Leves;3;4;5;2;1;2
Demais falhas mecanicas ou eletricas;Tombamento;Plena Noite;Ceu Claro;Caminhonete;Ileso;1;4;5;2;1;2
Demais falhas mecanicas ou eletricas;Tombamento;Plena Noite;Ceu Claro;Micro-onibus;Ileso;2;4;5;2;1;4
Demais falhas mecanicas ou eletricas;Tombamento;Plena Noite;Ceu Claro;Micro-onibus;Lesoes Leves;4;4;5;2;1;4
Demais falhas mecanicas ou eletricas;Tombamento;Plena Noite;Ceu Claro;Motocicleta;Ileso;2;4;5;2;1;1
Demais falhas mecanicas ou eletricas;Tombamento;Plena Noite;Ceu Claro;Motocicleta;Lesoes Graves;10;4;5;2;1;1
Demais falhas mecanicas ou eletricas;Tombamento;Plena Noite;Ceu Claro;Motocicleta;Lesoes Leves;29;4;5;2;1;1
Demais falhas mecanicas ou eletricas;Tombamento;Plena Noite;Ceu Claro;Motoneta;Ileso;2;4;5;2;1;3
Demais falhas mecanicas ou eletricas;Tombamento;Plena Noite;Ceu Claro;Motoneta;Lesoes Graves;1;4;5;2;1;3
Demais falhas mecanicas ou eletricas;Tombamento;Plena Noite;Ceu Claro;Motoneta;Lesoes Leves;5;4;5;2;1;3
Demais falhas mecanicas ou eletricas;Tombamento;Plena Noite;Ceu Claro;Nao Informado;Ileso;2;4;5;2;1;3
Demais falhas mecanicas ou eletricas;Tombamento;Plena Noite;Chuva;Automovel;Ileso;2;4;5;2;2;1
Demais falhas mecanicas ou eletricas;Tombamento;Plena Noite;Chuva;Automovel;Lesoes Leves;1;4;5;2;2;1
Demais falhas mecanicas ou eletricas;Tombamento;Plena Noite;Chuva;Caminhao;Ileso;2;4;5;2;2;2
Demais falhas mecanicas ou eletricas;Tombamento;Plena Noite;Chuva;Caminhao;Lesoes Leves;1;4;5;2;2;2
Demais falhas mecanicas ou eletricas;Tombamento;Plena Noite;Chuva;Caminhao-trator;Ileso;2;4;5;2;2;2
Demais falhas mecanicas ou eletricas;Tombamento;Plena Noite;Chuva;Motocicleta;Lesoes Graves;1;4;5;2;2;1
Demais falhas mecanicas ou eletricas;Tombamento;Plena Noite;Chuva;Motocicleta;Lesoes Leves;5;4;5;2;2;1
Demais falhas mecanicas ou eletricas;Tombamento;Plena Noite;Chuva;Nao Informado;Ileso;1;4;5;2;2;3
Demais falhas mecanicas ou eletricas;Tombamento;Plena Noite;Chuva;Onibus;Ileso;15;4;5;2;2;3
Demais falhas mecanicas ou eletricas;Tombamento;Plena Noite;Chuva;Onibus;Lesoes Graves;20;4;5;2;2;3
Demais falhas mecanicas ou eletricas;Tombamento;Plena Noite;Chuva;Onibus;Obito;1;4;5;2;2;3
Demais falhas mecanicas ou eletricas;Tombamento;Plena Noite;Garoa/Chuvisco;Motocicleta;Ileso;2;4;5;2;3;1
Demais falhas mecanicas ou eletricas;Tombamento;Plena Noite;Garoa/Chuvisco;Motocicleta;Lesoes Leves;4;4;5;2;3;1
Demais falhas mecanicas ou eletricas;Tombamento;Plena Noite;Ignorado;Motocicleta;Lesoes Leves;2;4;5;2;0;1
Demais falhas mecanicas ou eletricas;Tombamento;Plena Noite;Ignorado;Motoneta;Lesoes Leves;1;4;5;2;0;3
Demais falhas mecanicas ou eletricas;Tombamento;Plena Noite;Nublado;Automovel;Ileso;2;4;5;2;2;1
Demais falhas mecanicas ou eletricas;Tombamento;Plena Noite;Nublado;Automovel;Lesoes Leves;2;4;5;2;2;1
Demais falhas mecanicas ou eletricas;Tombamento;Plena Noite;Nublado;Bicicleta;Lesoes Graves;1;4;5;2;2;3