causa_acidente;tipo_acidente;fase_dia;condicao_metereologica;tipo_veiculo;estado_fisico;count;causa_acidente_criterios;tipo_acidente_criterios;fase_dia_criterios;condicao_metereologica_criterios;tipo_veiculo_criterios
Demais falhas mecanicas ou eletricas;Tombamento;Plena Noite;Nublado;Caminhao;Ileso;1;4;5;2;2;2
Demais falhas mecanicas ou eletricas;Tombamento;Plena Noite;Nublado;Caminhao;Lesoes Graves;1;4;5;2;2;2
Demais falhas mecanicas ou eletricas;Tombamento;Plena Noite;Nublado;Caminhao;Lesoes Leves;1;4;5;2;2;2
Demais falhas mecanicas ou eletricas;Tombamento;Plena Noite;Nublado;Caminhao-trator;Ileso;3;4;5;2;2;2
Demais falhas mecanicas ou eletricas;Tombamento;Plena Noite;Nublado;Caminhao-trator;Lesoes Leves;1;4;5;2;2;2
Demais falhas mecanicas ou eletricas;Tombamento;Plena Noite;Nublado;Motocicleta;Ileso;1;4;5;2;2;1
Demais falhas mecanicas ou eletricas;Tombamento;Plena Noite;Nublado;Motocicleta;Lesoes Graves;2;4;5;2;2;1
Demais falhas mecanicas ou eletricas;Tombamento;Plena Noite;Nublado;Motocicleta;Lesoes Leves;16;4;5;2;2;1
Demais falhas mecanicas ou eletricas;Tombamento;Plena Noite;Nublado;Motocicleta;Obito;1;4;5;2;2;1
Demais falhas mecanicas ou eletricas;Tombamento;Pleno dia;Ceu Claro;Automovel;Ileso;21;4;5;1;1;1
Demais falhas mecanicas ou eletricas;Tombamento;Pleno dia;Ceu Claro;Automovel;Lesoes Graves;10;4;5;1;1;1
Demais falhas mecanicas ou eletricas;Tombamento;Pleno dia;Ceu Claro;Automovel;Lesoes Leves;3;4;5;1;1;1
Demais falhas mecanicas ou eletricas;Tombamento;Pleno dia;Ceu Claro;Automovel;Obito;6;4;5;1;1;1
Demais falhas mecanicas ou eletricas;Tombamento;Pleno dia;Ceu Claro;Bicicleta;Ileso;1;4;5;1;1;3
Demais falhas mecanicas ou eletricas;Tombamento;Pleno dia;Ceu Claro;Bicicleta;Lesoes Graves;1;4;5;1;1;3
Demais falhas mecanicas ou eletricas;Tombamento;Pleno dia;Ceu Claro;Bicicleta;Lesoes Leves;1;4;5;1;1;3
Demais falhas mecanicas ou eletricas;Tombamento;Pleno dia;Ceu Claro;Caminhao;Ileso;9;4;5;1;1;2
Demais falhas mecanicas ou eletricas;Tombamento;Pleno dia;Ceu Claro;Caminhao;Lesoes Graves;1;4;5;1;1;2
Demais falhas mecanicas ou eletricas;Tombamento;Pleno dia;Ceu Claro;Caminhao;Lesoes Leves;9;4;5;1;1;2
Demais falhas mecanicas ou eletricas;Tombamento;Pleno dia;Ceu Claro;Caminhao;Obito;1;4;5;1;1;2
Demais falhas mecanicas ou eletricas;Tombamento;Pleno dia;Ceu Claro;Caminhao-trator;Ileso;20;4;5;1;1;2
Demais falhas mecanicas ou eletricas;Tombamento;Pleno dia;Ceu Claro;Caminhao-trator;Lesoes Graves;2;4;5;1;1;2
Demais falhas mecanicas ou eletricas;Tombamento;Pleno dia;Ceu Claro;Caminhao-trator;Lesoes Leves;14;4;5;1;1;2
Demais falhas mecanicas ou eletricas;Tombamento;Pleno dia;Ceu Claro;Caminhonete;Ileso;10;4;5;1;1;2
Demais falhas mecanicas ou eletricas;Tombamento;Pleno dia;Ceu Claro;Caminhonete;Lesoes Leves;4;4;5;1;1;2
Demais falhas mecanicas ou eletricas;Tombamento;Pleno dia;Ceu Claro;Motocicleta;Ileso;11;4;5;1;1;1
Demais falhas mecanicas ou eletricas;Tombamento;Pleno dia;Ceu Claro;Motocicleta;Lesoes Graves;15;4;5;1;1;1
Demais falhas mecanicas ou eletricas;Tombamento;Pleno dia;Ceu Claro;Motocicleta;Lesoes Leves;70;4;5;1;1;1
Demais falhas mecanicas ou eletricas;Tombamento;Pleno dia;Ceu Claro;Motocicleta;Obito;4;4;5;1;1;1
Demais falhas mecanicas ou eletricas;Tombamento;Pleno dia;Ceu Claro;Motoneta;Lesoes Graves;3;4;5;1;1;3
Demais falhas mecanicas ou eletricas;Tombamento;Pleno dia;Ceu Claro;Motoneta;Lesoes Leves;15;4;5;1;1;3
Demais falhas mecanicas ou eletricas;Tombamento;Pleno dia;Ceu Claro;Onibus;Ileso;4;4;5;1;1;3
Demais falhas mecanicas ou eletricas;Tombamento;Pleno dia;Ceu Claro;Onibus;Lesoes Graves;29;4;5;1;1;3
Demais falhas mecanicas ou eletricas;Tombamento;Pleno dia;Ceu Claro;Onibus;Lesoes Leves;28;4;5;1;1;3
Demais falhas mecanicas ou eletricas;Tombamento;Pleno dia;Ceu Claro;Onibus;Obito;2;4;5;1;1;3
Demais falhas mecanicas ou eletricas;Tombamento;Pleno dia;Chuva;Caminhao;Ileso;2;4;5;1;2;2
Demais falhas mecanicas ou eletricas;Tombamento;Pleno dia;Chuva;Caminhao;Lesoes Leves;2;4;5;1;2;2
Demais falhas mecanicas ou eletricas;Tombamento;Pleno dia;Chuva;Motocicleta;Ileso;1;4;5;1;2;1
Demais falhas mecanicas ou eletricas;Tombamento;Pleno dia;Chuva;Motocicleta;Lesoes Leves;8;4;5;1;2;1
Demais falhas mecanicas ou eletricas;Tombamento;Pleno dia;Garoa/Chuvisco;Automovel;Ileso;1;4;5;1;3;1
Demais falhas mecanicas ou eletricas;Tombamento;Pleno dia;Garoa/Chuvisco;Caminhao;Ileso;3;4;5;1;3;2
Demais falhas mecanicas ou eletricas;Tombamento;Pleno dia;Garoa/Chuvisco;Caminhao;Lesoes Leves;2;4;5;1;3;2
Demais falhas mecanicas ou eletricas;Tombamento;Pleno dia;Garoa/Chuvisco;Caminhao;Obito;1;4;5;1;3;2
Demais falhas mecanicas ou eletricas;Tombamento;Pleno dia;Garoa/Chuvisco;Caminhao-trator;Ileso;1;4;5;1;3;2
Demais falhas mecanicas ou eletricas;Tombamento;Pleno dia;Garoa/Chuvisco;Caminhao-trator;Lesoes Graves;1;4;5;1;3;2
Demais falhas mecanicas ou eletricas;Tombamento;Pleno dia;Garoa/Chuvisco;Caminhonete;Ileso;2;4;5;1;3;2
Demais falhas mecanicas ou eletricas;Tombamento;Pleno dia;Garoa/Chuvisco;Caminhonete;Lesoes Graves;2;4;5;1;3;2
Demais falhas mecanicas ou eletricas;Tombamento;Pleno dia;Garoa/Chuvisco;Caminhonete;Lesoes Leves;1;4;5;1;3;2
Demais falhas mecanicas ou eletricas;Tombamento;Pleno dia;Garoa/Chuvisco;Micro-onibus;Ileso;1;4;5;1;3;4
Demais falhas mecanicas ou eletricas;Tombamento;Pleno dia;Garoa/Chuvisco;Micro-onibus;Lesoes Graves;6;4;5;1;3;4
Demais falhas mecanicas ou eletricas;Tombamento;Pleno dia;Garoa/Chuvisco;Micro-onibus;Lesoes Leves;2;4;5;1;3;4
Demais falhas mecanicas ou eletricas;Tombamento;Pleno dia;Garoa/Chuvisco;Motocicleta;Lesoes Leves;1;4;5;1;3;1
Demais falhas mecanicas ou eletricas;Tombamento;Pleno dia;Garoa/Chuvisco;Motoneta;Lesoes Leves;1;4;5;1;3;3
Demais falhas mecanicas ou eletricas;Tombamento;Pleno dia;Nublado;Automovel;Ileso;6;4;5;1;2;1
Demais falhas mecanicas ou eletricas;Tombamento;Pleno dia;Nublado;Automovel;Lesoes Graves;4;4;5;1;2;1
Demais falhas mecanicas ou eletricas;Tombamento;Pleno dia;Nublado;Automovel;Lesoes Leves;4;4;5;1;2;1
Demais falhas mecanicas ou eletricas;Tombamento;Pleno dia;Nublado;Caminhao;Ileso;3;4;5;1;2;2
Demais falhas mecanicas ou eletricas;Tombamento;Pleno dia;Nublado;Caminhao;Lesoes Graves;1;4;5;1;2;2
Demais falhas mecanicas ou eletricas;Tombamento;Pleno dia;Nublado;Caminhao;Lesoes Leves;5;4;5;1;2;2
Demais falhas mecanicas ou eletricas;Tombamento;Pleno dia;Nublado;Caminhao-trator;Ileso;6;4;5;1;2;2
Demais falhas mecanicas ou eletricas;Tombamento;Pleno dia;Nublado;Caminhao-trator;Lesoes Leves;6;4;5;1;2;2
Demais falhas mecanicas ou eletricas;Tombamento;Pleno dia;Nublado;Caminhonete;Ileso;1;4;5;1;2;2
Demais falhas mecanicas ou eletricas;Tombamento;Pleno dia;Nublado;Motocicleta;Ileso;3;4;5;1;2;1
Demais falhas mecanicas ou eletricas;Tombamento;Pleno dia;Nublado;Motocicleta;Lesoes Graves;7;4;5;1;2;1
Demais falhas mecanicas ou eletricas;Tombamento;Pleno dia;Nublado;Motocicleta;Lesoes Leves;13;4;5;1;2;1
Demais falhas mecanicas ou eletricas;Tombamento;Pleno dia;Nublado;Motoneta;Lesoes Graves;1;4;5;1;2;3
Demais falhas mecanicas ou eletricas;Tombamento;Pleno dia;Nublado;Motoneta;Lesoes Leves;7;4;5;1;2;3
Demais falhas mecanicas ou eletricas;Tombamento;Pleno dia;Nublado;Nao Informado;Ileso;1;4;5;1;2;3
Demais falhas mecanicas ou eletricas;Tombamento;Pleno dia;Nublado;Nao se aplica;Ileso;1;4;5;1;2;3
Demais falhas mecanicas ou eletricas;Tombamento;Pleno dia;Nublado;Semireboque;Ileso;1;4;5;1;2;5
Demais falhas mecanicas ou eletricas;Tombamento;Pleno dia;Sol;Automovel;Ileso;2;4;5;1;3;1
Demais falhas mecanicas ou eletricas;Tombamento;Pleno dia;Sol;Caminhao;Lesoes Graves;1;4;5;1;3;2
Demais falhas mecanicas ou eletricas;Tombamento;Pleno dia;Sol;Caminhao;Lesoes Leves;3;4;5;1;3;2
Demais falhas mecanicas ou eletricas;Tombamento;Pleno dia;Sol;Caminhao-trator;Ileso;1;4;5;1;3;2
Demais falhas mecanicas ou eletricas;Tombamento;Pleno dia;Sol;Caminhao-trator;Lesoes Graves;1;4;5;1;3;2
Demais falhas mecanicas ou eletricas;Tombamento;Pleno dia;Sol;Caminhao-trator;Lesoes Leves;9;4;5;1;3;2
Demais falhas mecanicas ou eletricas;Tombamento;Pleno dia;Sol;Motocicleta;Ileso;2;4;5;1;3;1
Demais falhas mecanicas ou eletricas;Tombamento;Pleno dia;Sol;Motocicleta;Lesoes Graves;3;4;5;1;3;1
Demais falhas mecanicas ou eletricas;Tombamento;Pleno dia;Sol;Motocicleta;Lesoes Leves;19;4;5;1;3;1
Demais falhas mecanicas ou eletricas;Tombamento;Pleno dia;Sol;Motoneta;Ileso;1;4;5;1;3;3
Demais falhas mecanicas ou eletricas;Tombamento;Pleno dia;Sol;Motoneta;Lesoes Graves;1;4;5;1;3;3
Demais falhas mecanicas ou eletricas;Tombamento;Pleno dia;Sol;Motoneta;Lesoes Leves;1;4;5;1;3;3
Demais falhas mecanicas ou eletricas;Tombamento;Pleno dia;Sol;Onibus;Ileso;1;4;5;1;3;3
Demais falhas na via;Atropelamento de Pedestre;Plena Noite;Ceu Claro;Motocicleta;Lesoes Graves;1;2;4;2;1;1
Demais falhas na via;Atropelamento de Pedestre;Plena Noite;Ceu Claro;Nao se aplica;Lesoes Graves;1;2;4;2;1;3
Demais falhas na via;Atropelamento de Pedestre;Pleno dia;Ceu Claro;Motocicleta;Obito;1;2;4;1;1;1
Demais falhas na via;Atropelamento de Pedestre;Pleno dia;Ceu Claro;Nao se aplica;Lesoes Graves;1;2;4;1;1;3
Demais falhas na via;Atropelamento de Pedestre;Pleno dia;Ceu Claro;Onibus;Ileso;1;2;4;1;1;3
Demais falhas na via;Atropelamento de Pedestre;Pleno dia;Nublado;Automovel;Ileso;1;2;4;1;2;1
Demais falhas na via;Atropelamento de Pedestre;Pleno dia;Nublado;Motoneta;Obito;1;2;4;1;2;3
Demais falhas na via;Capotamento;Amanhecer;Ceu Claro;Automovel;Lesoes Leves;1;2;5;4;1;1
Demais falhas na via;Capotamento;Amanhecer;Ceu Claro;Caminhao-trator;Ileso;1;2;5;4;1;2
Demais falhas na via;Capotamento;Amanhecer;Garoa/Chuvisco;Automovel;Ileso;2;2;5;4;3;1
Demais falhas na via;Capotamento;Amanhecer;Garoa/Chuvisco;Automovel;Lesoes Leves;2;2;5;4;3;1
Demais falhas na via;Capotamento;Amanhecer;Nublado;Automovel;Ileso;1;2;5;4;2;1
Demais falhas na via;Capotamento;Amanhecer;Nublado;Automovel;Lesoes Graves;2;2;5;4;2;1
Demais falhas na via;Capotamento;Amanhecer;Nublado;Automovel;Lesoes Leves;1;2;5;4;2;1
Demais falhas na via;Capotamento;Amanhecer;Nublado;Caminhonete;Lesoes Leves;1;2;5;4;2;2
Demais falhas na via;Capotamento;Anoitecer;Chuva;Automovel;Lesoes Leves;2;2;5;4;2;1
Demais falhas na via;Capotamento;Anoitecer;Chuva;Caminhao;Ileso;1;2;5;4;2;2
Demais falhas na via;Capotamento;Anoitecer;Chuva;Micro-onibus;Ileso;1;2;5;4;2;4
Demais falhas na via;Capotamento;Anoitecer;Chuva;Micro-onibus;Lesoes Graves;5;2;5;4;2;4
Demais falhas na via;Capotamento;Anoitecer;Chuva;Micro-onibus;Lesoes Leves;2;2;5;4;2;4
Demais falhas na via;Capotamento;Anoitecer;Chuva;Micro-onibus;Obito;4;2;5;4;2;4
Demais falhas na via;Capotamento;Plena Noite;Ceu Claro;Automovel;Lesoes Leves;2;2;5;2;1;1
Demais falhas na via;Capotamento;Plena Noite;Ceu Claro;Caminhao;Ileso;1;2;5;2;1;2
Demais falhas na via;Capotamento;Plena Noite;Ceu Claro;Caminhao;Lesoes Leves;1;2;5;2;1;2
Demais falhas na via;Capotamento;Plena Noite;Ceu Claro;Motocicleta;Lesoes Leves;1;2;5;2;1;1
Demais falhas na via;Capotamento;Plena Noite;Chuva;Automovel;Ileso;2;2;5;2;2;1
Demais falhas na via;Capotamento;Plena Noite;Chuva;Automovel;Lesoes Graves;1;2;5;2;2;1
Demais falhas na via;Capotamento;Plena Noite;Nevoeiro/Neblina;Automovel;Lesoes Leves;1;2;5;2;4;1
Demais falhas na via;Capotamento;Plena Noite;Nublado;Automovel;Ileso;3;2;5;2;2;1
Demais falhas na via;Capotamento;Plena Noite;Nublado;Automovel;Lesoes Leves;1;2;5;2;2;1
Demais falhas na via;Capotamento;Plena Noite;Nublado;Caminhao;Ileso;1;2;5;2;2;2
Demais falhas na via;Capotamento;Plena Noite;Nublado;Nao Informado;Lesoes Graves;1;2;5;2;2;3
Demais falhas na via;Capotamento;Pleno dia;Ceu Claro;Automovel;Ileso;1;2;5;1;1;1
Demais falhas na via;Capotamento;Pleno dia;Ceu Claro;Automovel;Lesoes Graves;1;2;5;1;1;1
Demais falhas na via;Capotamento;Pleno dia;Ceu Claro;Automovel;Lesoes Leves;2;2;5;1;1;1
Demais falhas na via;Capotamento;Pleno dia;Ceu Claro;Caminhonete;Lesoes Leves;2;2;5;1;1;2
Demais falhas na via;Capotamento;Pleno dia;Ceu Claro;Caminhonete;Obito;1;2;5;1;1;2
Demais falhas na via;Capotamento;Pleno dia;Ceu Claro;Motocicleta;Lesoes Graves;1;2;5;1;1;1
Demais falhas na via;Capotamento;Pleno dia;Chuva;Automovel;Ileso;1;2;5;1;2;1
Demais falhas na via;Capotamento;Pleno dia;Chuva;Automovel;Lesoes Leves;1;2;5;1;2;1
Demais falhas na via;Capotamento;Pleno dia;Chuva;Caminhonete;Lesoes Leves;2;2;5;1;2;2
Demais falhas na via;Capotamento;Pleno dia;Nublado;Automovel;Ileso;6;2;5;1;2;1
Demais falhas na via;Capotamento;Pleno dia;Nublado;Automovel;Lesoes Graves;2;2;5;1;2;1
Demais falhas na via;Capotamento;Pleno dia;Nublado;Automovel;Lesoes Leves;5;2;5;1;2;1
Demais falhas na via;Capotamento;Pleno dia;Nublado;Automovel;Obito;1;2;5;1;2;1
Demais falhas na via;Capotamento;Pleno dia;Nublado;Caminhonete;Ileso;4;2;5;1;2;2
Demais falhas na via;Capotamento;Pleno dia;Nublado;Caminhonete;Lesoes Leves;2;2;5;1;2;2
Demais falhas na via;Colisao com objeto;Anoitecer;Chuva;Caminhonete;Ileso;1;2;5;4;2;2
Demais falhas na via;Colisao com objeto;Plena Noite;Ceu Claro;Automovel;Lesoes Leves;2;2;5;2;1;1
Demais falhas na via;Colisao com objeto;Plena Noite;Ceu Claro;Caminhao;Ileso;2;2;5;2;1;2
Demais falhas na via;Colisao com objeto;Plena Noite;Ceu Claro;Caminhao-trator;Lesoes Leves;1;2;5;2;1;2
Demais falhas na via;Colisao com objeto;Plena Noite;Ceu Claro;Caminhonete;Ileso;3;2;5;2;1;2
Demais falhas na via;Colisao com objeto;Plena Noite;Ceu Claro;Caminhonete;Lesoes Leves;1;2;5;2;1;2
Demais falhas na via;Colisao com objeto;Plena Noite;Ceu Claro;Micro-onibus;Lesoes Leves;9;2;5;2;1;4
Demais falhas na via;Colisao com objeto;Plena Noite;Ceu Claro;Motocicleta;Lesoes Leves;2;2;5;2;1;1
Demais falhas na via;Colisao com objeto;Plena Noite;Ceu Claro;Nao Informado;Lesoes Graves;1;2;5;2;1;3
Demais falhas na via;Colisao com objeto;Plena Noite;Ceu Claro;Nao Informado;Obito;1;2;5;2;1;3
Demais falhas na via;Colisao com objeto;Plena Noite;Chuva;Onibus;Ileso;15;2;5;2;2;3
Demais falhas na via;Colisao com objeto;Plena Noite;Chuva;Onibus;Lesoes Graves;20;2;5;2;2;3
Demais falhas na via;Colisao com objeto;Plena Noite;Chuva;Onibus;Obito;1;2;5;2;2;3
Demais falhas na via;Colisao com objeto;Plena Noite;Chuva;Utilitario;Lesoes Graves;2;2;5;2;2;3
Demais falhas na via;Colisao com objeto;Plena Noite;Chuva;Utilitario;Obito;1;2;5;2;2;3
Demais falhas na via;Colisao com objeto;Plena Noite;Garoa/Chuvisco;Caminhonete;Ileso;1;2;5;2;3;2
Demais falhas na via;Colisao com objeto;Plena Noite;Nublado;Automovel;Lesoes Leves;1;2;5;2;2;1
Demais falhas na via;Colisao com objeto;Plena Noite;Nublado;Motocicleta;Obito;1;2;5;2;2;1
Demais falhas na via;Colisao com objeto;Pleno dia;Ceu Claro;Automovel;Ileso;1;2;5;1;1;1
Demais falhas na via;Colisao com objeto;Pleno dia;Ceu Claro;Automovel;Lesoes Graves;1;2;5;1;1;1
Demais falhas na via;Colisao com objeto;Pleno dia;Ceu Claro;Automovel;Lesoes Leves;2;2;5;1;1;1
Demais falhas na via;Colisao com objeto;Pleno dia;Ceu Claro;Caminhao-trator;Lesoes Graves;1;2;5;1;1;2
Demais falhas na via;Colisao com objeto;Pleno dia;Ceu Claro;Caminhao-trator;Lesoes Leves;3;2;5;1;1;2
Demais falhas na via;Colisao com objeto;Pleno dia;Ceu Claro;Caminhao-trator;Obito;2;2;5;1;1;2
Demais falhas na via;Colisao com objeto;Pleno dia;Ceu Claro;Caminhonete;Lesoes Leves;2;2;5;1;1;2
Demais falhas na via;Colisao com objeto;Pleno dia;Ceu Claro;Caminhonete;Obito;4;2;5;1;1;2
Demais falhas na via;Colisao com objeto;Pleno dia;Ceu Claro;Micro-onibus;Ileso;1;2;5;1;1;4
Demais falhas na via;Colisao com objeto;Pleno dia;Ceu Claro;Micro-onibus;Lesoes Leves;1;2;5;1;1;4
Demais falhas na via;Colisao com objeto;Pleno dia;Ceu Claro;Motocicleta;Lesoes Graves;1;2;5;1;1;1
Demais falhas na via;Colisao com objeto;Pleno dia;Ceu Claro;Motocicleta;Lesoes Leves;1;2;5;1;1;1
Demais falhas na via;Colisao com objeto;Pleno dia;Ceu Claro;Nao Informado;Ileso;2;2;5;1;1;3
Demais falhas na via;Colisao com objeto;Pleno dia;Chuva;Automovel;Ileso;2;2;5;1;2;1
Demais falhas na via;Colisao com objeto;Pleno dia;Chuva;Caminhonete;Ileso;2;2;5;1;2;2
Demais falhas na via;Colisao com objeto;Pleno dia;Chuva;Caminhonete;Lesoes Leves;4;2;5;1;2;2
Demais falhas na via;Colisao com objeto;Pleno dia;Chuva;Motocicleta;Lesoes Leves;2;2;5;1;2;1
Demais falhas na via;Colisao com objeto;Pleno dia;Nublado;Automovel;Ileso;1;2;5;1;2;1
Demais falhas na via;Colisao com objeto;Pleno dia;Nublado;Automovel;Lesoes Leves;2;2;5;1;2;1
Demais falhas na via;Colisao com objeto;Pleno dia;Nublado;Caminhao-trator;Lesoes Leves;1;2;5;1;2;2
Demais falhas na via;Colisao com objeto;Pleno dia;Nublado;Caminhonete;Ileso;1;2;5;1;2;2
Demais falhas na via;Colisao com objeto;Pleno dia;Nublado;Caminhonete;Lesoes Leves;2;2;5;1;2;2
Demais falhas na via;Colisao com objeto;Pleno dia;Nublado;Motocicleta;Lesoes Graves;1;2;5;1;2;1
Demais falhas na via;Colisao com objeto;Pleno dia;Nublado;Motocicleta;Lesoes Leves;1;2;5;1;2;1
Demais falhas na via;Colisao com objeto;Pleno dia;Sol;Caminhao;Lesoes Graves;1;2;5;1;3;2
Demais falhas na via;Colisao com objeto;Pleno dia;Sol;Caminhao;Lesoes Leves;1;2;5;1;3;2
Demais falhas na via;Colisao frontal;Anoitecer;Chuva;Caminhao;Ileso;1;2;5;4;2;2
Demais falhas na via;Colisao frontal;Anoitecer;Chuva;Micro-onibus;Ileso;1;2;5;4;2;4
Demais falhas na via;Colisao frontal;Anoitecer;Chuva;Micro-onibus;Lesoes Graves;5;2;5;4;2;4
Demais falhas na via;Colisao frontal;Anoitecer;Chuva;Micro-onibus;Lesoes Leves;2;2;5;4;2;4
Demais falhas na via;Colisao frontal;Anoitecer;Chuva;Micro-onibus;Obito;4;2;5;4;2;4
Demais falhas na via;Colisao frontal;Plena Noite;Ceu Claro;Automovel;Ileso;3;2;5;2;1;1
Demais falhas na via;Colisao frontal;Plena Noite;Ceu Claro;Motocicleta;Lesoes Graves;1;2;5;2;1;1
Demais falhas na via;Colisao frontal;Plena Noite;Ceu Claro;Motocicleta;Obito;1;2;5;2;1;1
Demais falhas na via;Colisao frontal;Plena Noite;Nublado;Automovel;Lesoes Graves;2;2;5;2;2;1
Demais falhas na via;Colisao frontal;Plena Noite;Nublado;Automovel;Lesoes Leves;2;2;5;2;2;1
Demais falhas na via;Colisao frontal;Plena Noite;Nublado;Caminhao;Ileso;1;2;5;2;2;2
Demais falhas na via;Colisao frontal;Plena Noite;Nublado;Motocicleta;Lesoes Leves;1;2;5;2;2;1
Demais falhas na via;Colisao frontal;Pleno dia;Ceu Claro;Caminhao-trator;Lesoes Graves;1;2;5;1;1;2
Demais falhas na via;Colisao frontal;Pleno dia;Ceu Claro;Caminhonete;Obito;3;2;5;1;1;2
Demais falhas na via;Colisao frontal;Pleno dia;Chuva;Automovel;Ileso;1;2;5;1;2;1
Demais falhas na via;Colisao frontal;Pleno dia;Chuva;Caminhao-trator;Ileso;2;2;5;1;2;2
Demais falhas na via;Colisao lateral mesmo sentido;Plena Noite;Nublado;Automovel;Lesoes Leves;2;2;5;2;2;1
Demais falhas na via;Colisao lateral mesmo sentido;Plena Noite;Nublado;Caminhao;Lesoes Leves;1;2;5;2;2;2
Demais falhas na via;Colisao lateral mesmo sentido;Plena Noite;Nublado;Caminhao-trator;Ileso;1;2;5;2;2;2
Demais falhas na via;Colisao lateral mesmo sentido;Plena Noite;Nublado;Motocicleta;Lesoes Leves;1;2;5;2;2;1
Demais falhas na via;Colisao lateral mesmo sentido;Pleno dia;Chuva;Automovel;Ileso;2;2;5;1;2;1
Demais falhas na via;Colisao lateral mesmo sentido;Pleno dia;Chuva;Caminhao;Ileso;1;2;5;1;2;2
Demais falhas na via;Colisao lateral mesmo sentido;Pleno dia;Chuva;Caminhao-trator;Ileso;2;2;5;1;2;2
Demais falhas na via;Colisao lateral mesmo sentido;Pleno dia;Chuva;Caminhonete;Ileso;2;2;5;1;2;2
Demais falhas na via;Colisao lateral mesmo sentido;Pleno dia;Chuva;Motocicleta;Lesoes Leves;2;2;5;1;2;1
Demais falhas na via;Colisao lateral mesmo sentido;Pleno dia;Nublado;Automovel;Ileso;6;2;5;1;2;1
Demais falhas na via;Colisao lateral mesmo sentido;Pleno dia;Nublado;Automovel;Lesoes Graves;2;2;5;1;2;1
Demais falhas na via;Colisao lateral mesmo sentido;Pleno dia;Nublado;Automovel;Lesoes Leves;4;2;5;1;2;1
Demais falhas na via;Colisao lateral mesmo sentido;Pleno dia;Nublado;Automovel;Obito;1;2;5;1;2;1
Demais falhas na via;Colisao lateral mesmo sentido;Pleno dia;Nublado;Caminhonete;Ileso;4;2;5;1;2;2
Demais falhas na via;Colisao lateral mesmo sentido;Pleno dia;Nublado;Caminhonete;Lesoes Leves;2;2;5;1;2;2
Demais falhas na via;Colisao lateral mesmo sentido;Pleno dia;Sol;Automovel;Ileso;1;2;5;1;3;1
Demais falhas na via;Colisao lateral mesmo sentido;Pleno dia;Sol;Automovel;Lesoes Leves;1;2;5;1;3;1
Demais falhas na via;Colisao lateral mesmo sentido;Pleno dia;Sol;Caminhao-trator;Ileso;1;2;5;1;3;2
Demais falhas na via;Colisao lateral sentido oposto;Amanhecer;Ceu Claro;Automovel;Lesoes Leves;1;2;4;4;1;1
Demais falhas na via;Colisao lateral sentido oposto;Amanhecer;Ceu Claro;Caminhao-trator;Ileso;1;2;4;4;1;2
Demais falhas na via;Colisao lateral sentido oposto;Plena Noite;Ceu Claro;Bicicleta;Lesoes Graves;1;2;4;2;1;3
Demais falhas na via;Colisao lateral sentido oposto;Plena Noite;Ceu Claro;Caminhao;Ileso;1;2;4;2;1;2
Demais falhas na via;Colisao lateral sentido oposto;Plena Noite;Ceu Claro;Caminhao;Lesoes Leves;1;2;4;2;1;2
Demais falhas na via;Colisao lateral sentido oposto;Plena Noite;Ceu Claro;Motocicleta;Lesoes Leves;1;2;4;2;1;1
Demais falhas na via;Colisao lateral sentido oposto;Pleno dia;Ceu Claro;Automovel;Ileso;7;2;4;1;1;1
Demais falhas na via;Colisao lateral sentido oposto;Pleno dia;Ceu Claro;Caminhao-trator;Ileso;4;2;4;1;1;2
Demais falhas na via;Colisao lateral sentido oposto;Pleno dia;Ceu Claro;Caminhao-trator;Lesoes Leves;4;2;4;1;1;2
Demais falhas na via;Colisao lateral sentido oposto;Pleno dia;Ceu Claro;Motocicleta;Lesoes Graves;1;2;4;1;1;1
Demais falhas na via;Colisao lateral sentido oposto;Pleno dia;Ceu Claro;Motocicleta;Lesoes Leves;2;2;4;1;1;1
Demais falhas na via;Colisao lateral sentido oposto;Pleno dia;Nublado;Caminhao;Lesoes Graves;1;2;4;1;2;2
Demais falhas na via;Colisao lateral sentido oposto;Pleno dia;Nublado;Caminhao-trator;Ileso;1;2;4;1;2;2
Demais falhas na via;Colisao transversal;Amanhecer;Ignorado;Micro-onibus;Ileso;3;2;5;4;0;4
Demais falhas na via;Colisao transversal;Amanhecer;Ignorado;Micro-onibus;Lesoes Graves;1;2;5;4;0;4
Demais falhas na via;Colisao transversal;Anoitecer;Nublado;Nao Informado;Lesoes Leves;2;2;5;4;2;3
Demais falhas na via;Colisao transversal;Anoitecer;Nublado;Utilitario;Ileso;1;2;5;4;2;3
Demais falhas na via;Colisao transversal;Anoitecer;Nublado;Utilitario;Lesoes Leves;2;2;5;4;2;3
Demais falhas na via;Colisao transversal;Plena Noite;Ceu Claro;Automovel;Ileso;3;2;5;2;1;1
Demais falhas na via;Colisao transversal;Plena Noite;Ceu Claro;Motocicleta;Lesoes Leves;1;2;5;2;1;1
Demais falhas na via;Colisao transversal;Pleno dia;Ceu Claro;Automovel;Ileso;3;2;5;1;1;1
Demais falhas na via;Colisao transversal;Pleno dia;Ceu Claro;Motocicleta;Lesoes Graves;1;2;5;1;1;1
Demais falhas na via;Colisao transversal;Pleno dia;Ceu Claro;Motocicleta;Lesoes Leves;3;2;5;1;1;1
Demais falhas na via;Colisao transversal;Pleno dia;Ceu Claro;Motoneta;Lesoes Leves;1;2;5;1;1;3
Demais falhas na via;Colisao transversal;Pleno dia;Ceu Claro;Utilitario;Ileso;1;2;5;1;1;3
Demais falhas na via;Colisao transversal;Pleno dia;Nublado;Automovel;Ileso;10;2;5;1;2;1
Demais falhas na via;Colisao transversal;Pleno dia;Nublado;Automovel;Lesoes Graves;2;2;5;1;2;1
Demais falhas na via;Colisao transversal;Pleno dia;Nublado;Automovel;Lesoes Leves;5;2;5;1;2;1
Demais falhas na via;Colisao transversal;Pleno dia;Nublado;Automovel;Obito;1;2;5;1;2;1
Demais falhas na via;Colisao transversal;Pleno dia;Nublado;Caminhonete;Ileso;3;2;5;1;2;2
Demais falhas na via;Colisao traseira;Anoitecer;Ceu Claro;Automovel;Ileso;7;2;5;4;1;1