causa_acidente;tipo_acidente;fase_dia;condicao_metereologica;tipo_veiculo;estado_fisico;count;causa_acidente_criterios;tipo_acidente_criterios;fase_dia_criterios;condicao_metereologica_criterios;tipo_veiculo_criterios
Demais falhas na via;Colisao traseira;Anoitecer;Ceu Claro;Caminhao;Ileso;1;2;5;4;1;2
Demais falhas na via;Colisao traseira;Anoitecer;Ceu Claro;Caminhonete;Lesoes Leves;1;2;5;4;1;2
Demais falhas na via;Colisao traseira;Anoitecer;Ceu Claro;Utilitario;Ileso;2;2;5;4;1;3
Demais falhas na via;Colisao traseira;Plena Noite;Ceu Claro;Bicicleta;Obito;1;2;5;2;1;3
Demais falhas na via;Colisao traseira;Plena Noite;Ceu Claro;Caminhonete;Ileso;3;2;5;2;1;2
Demais falhas na via;Colisao traseira;Plena Noite;Nublado;Automovel;Ileso;6;2;5;2;2;1
Demais falhas na via;Colisao traseira;Plena Noite;Nublado;Automovel;Lesoes Leves;4;2;5;2;2;1
Demais falhas na via;Colisao traseira;Plena Noite;Nublado;Motocicleta;Lesoes Leves;1;2;5;2;2;1
Demais falhas na via;Colisao traseira;Plena Noite;Nublado;Outros;Lesoes Leves;1;2;5;2;2;5
Demais falhas na via;Colisao traseira;Pleno dia;Ceu Claro;Automovel;Ileso;4;2;5;1;1;1
Demais falhas na via;Colisao traseira;Pleno dia;Ceu Claro;Automovel;Lesoes Graves;1;2;5;1;1;1
Demais falhas na via;Colisao traseira;Pleno dia;Ceu Claro;Automovel;Lesoes Leves;1;2;5;1;1;1
Demais falhas na via;Colisao traseira;Pleno dia;Ceu Claro;Bicicleta;Lesoes Leves;7;2;5;1;1;3
Demais falhas na via;Colisao traseira;Pleno dia;Ceu Claro;Caminhao-trator;Ileso;5;2;5;1;1;2
Demais falhas na via;Colisao traseira;Pleno dia;Ceu Claro;Caminhonete;Ileso;3;2;5;1;1;2
Demais falhas na via;Colisao traseira;Pleno dia;Ceu Claro;Caminhonete;Lesoes Leves;1;2;5;1;1;2
Demais falhas na via;Colisao traseira;Pleno dia;Ceu Claro;Motocicleta;Ileso;1;2;5;1;1;1
Demais falhas na via;Colisao traseira;Pleno dia;Ceu Claro;Motocicleta;Lesoes Graves;1;2;5;1;1;1
Demais falhas na via;Colisao traseira;Pleno dia;Ceu Claro;Motocicleta;Obito;1;2;5;1;1;1
Demais falhas na via;Colisao traseira;Pleno dia;Ceu Claro;Utilitario;Ileso;2;2;5;1;1;3
Demais falhas na via;Colisao traseira;Pleno dia;Ceu Claro;Utilitario;Lesoes Leves;6;2;5;1;1;3
Demais falhas na via;Colisao traseira;Pleno dia;Garoa/Chuvisco;Caminhao;Obito;1;2;5;1;3;2
Demais falhas na via;Colisao traseira;Pleno dia;Garoa/Chuvisco;Caminhao-trator;Ileso;1;2;5;1;3;2
Demais falhas na via;Colisao traseira;Pleno dia;Nublado;Automovel;Ileso;6;2;5;1;2;1
Demais falhas na via;Colisao traseira;Pleno dia;Nublado;Automovel;Lesoes Graves;2;2;5;1;2;1
Demais falhas na via;Colisao traseira;Pleno dia;Nublado;Automovel;Lesoes Leves;4;2;5;1;2;1
Demais falhas na via;Colisao traseira;Pleno dia;Nublado;Automovel;Obito;1;2;5;1;2;1
Demais falhas na via;Colisao traseira;Pleno dia;Nublado;Caminhonete;Ileso;3;2;5;1;2;2
Demais falhas na via;Colisao traseira;Pleno dia;Nublado;Motoneta;Obito;1;2;5;1;2;3
Demais falhas na via;Derramamento de carga;Plena Noite;Ceu Claro;Caminhao;Ileso;1;2;3;2;1;2
Demais falhas na via;Derramamento de carga;Plena Noite;Ceu Claro;Caminhao-trator;Ileso;1;2;3;2;1;2
Demais falhas na via;Derramamento de carga;Plena Noite;Ceu Claro;Caminhao-trator;Lesoes Leves;3;2;3;2;1;2
Demais falhas na via;Derramamento de carga;Plena Noite;Ceu Claro;Caminhonete;Ileso;3;2;3;2;1;2
Demais falhas na via;Derramamento de carga;Plena Noite;Ceu Claro;Caminhonete;Lesoes Leves;1;2;3;2;1;2
Demais falhas na via;Derramamento de carga;Plena Noite;Garoa/Chuvisco;Caminhao;Ileso;1;2;3;2;3;2
Demais falhas na via;Derramamento de carga;Pleno dia;Ceu Claro;Caminhao-trator;Ileso;2;2;3;1;1;2
Demais falhas na via;Derramamento de carga;Pleno dia;Ceu Claro;Caminhao-trator;Lesoes Leves;6;2;3;1;1;2
Demais falhas na via;Derramamento de carga;Pleno dia;Ceu Claro;Caminhao-trator;Obito;1;2;3;1;1;2
Demais falhas na via;Derramamento de carga;Pleno dia;Sol;Caminhao;Lesoes Leves;2;2;3;1;3;2
Demais falhas na via;Eventos atipicos;Plena Noite;Nublado;Nao Informado;Ileso;2;2;2;2;2;3
Demais falhas na via;Eventos atipicos;Plena Noite;Nublado;Onibus;Ileso;1;2;2;2;2;3
Demais falhas na via;Eventos atipicos;Plena Noite;Nublado;Onibus;Lesoes Leves;1;2;2;2;2;3
Demais falhas na via;Eventos atipicos;Pleno dia;Ceu Claro;Automovel;Ileso;1;2;2;1;1;1
Demais falhas na via;Eventos atipicos;Pleno dia;Chuva;Automovel;Ileso;2;2;2;1;2;1
Demais falhas na via;Eventos atipicos;Pleno dia;Sol;Automovel;Ileso;1;2;2;1;3;1
Demais falhas na via;Eventos atipicos;Pleno dia;Sol;Automovel;Lesoes Leves;1;2;2;1;3;1
Demais falhas na via;Incendio;Plena Noite;Garoa/Chuvisco;Caminhonete;Ileso;1;2;2;2;3;2
Demais falhas na via;Incendio;Pleno dia;Ceu Claro;Caminhao-trator;Obito;1;2;2;1;1;2
Demais falhas na via;Queda de ocupante de veiculo;Amanhecer;Nublado;Motoneta;Lesoes Leves;1;2;5;4;2;3
Demais falhas na via;Queda de ocupante de veiculo;Anoitecer;Ceu Claro;Motocicleta;Lesoes Graves;1;2;5;4;1;1
Demais falhas na via;Queda de ocupante de veiculo;Anoitecer;Ceu Claro;Motocicleta;Lesoes Leves;1;2;5;4;1;1
Demais falhas na via;Queda de ocupante de veiculo;Anoitecer;Chuva;Motocicleta;Lesoes Leves;1;2;5;4;2;1
Demais falhas na via;Queda de ocupante de veiculo;Anoitecer;Ignorado;Motocicleta;Lesoes Leves;2;2;5;4;0;1
Demais falhas na via;Queda de ocupante de veiculo;Plena Noite;Ceu Claro;Automovel;Ileso;6;2;5;2;1;1
Demais falhas na via;Queda de ocupante de veiculo;Plena Noite;Ceu Claro;Bicicleta;Lesoes Graves;1;2;5;2;1;3
Demais falhas na via;Queda de ocupante de veiculo;Plena Noite;Ceu Claro;Bicicleta;Obito;1;2;5;2;1;3
Demais falhas na via;Queda de ocupante de veiculo;Plena Noite;Ceu Claro;Caminhao;Ileso;1;2;5;2;1;2
Demais falhas na via;Queda de ocupante de veiculo;Plena Noite;Ceu Claro;Caminhao;Lesoes Graves;1;2;5;2;1;2
Demais falhas na via;Queda de ocupante de veiculo;Plena Noite;Ceu Claro;Caminhao;Obito;1;2;5;2;1;2
Demais falhas na via;Queda de ocupante de veiculo;Plena Noite;Ceu Claro;Caminhonete;Ileso;3;2;5;2;1;2
Demais falhas na via;Queda de ocupante de veiculo;Plena Noite;Ceu Claro;Motocicleta;Ileso;1;2;5;2;1;1
Demais falhas na via;Queda de ocupante de veiculo;Plena Noite;Ceu Claro;Motocicleta;Lesoes Graves;5;2;5;2;1;1
Demais falhas na via;Queda de ocupante de veiculo;Plena Noite;Ceu Claro;Motocicleta;Lesoes Leves;13;2;5;2;1;1
Demais falhas na via;Queda de ocupante de veiculo;Plena Noite;Ceu Claro;Motocicleta;Obito;2;2;5;2;1;1
Demais falhas na via;Queda de ocupante de veiculo;Plena Noite;Ceu Claro;Motoneta;Lesoes Graves;1;2;5;2;1;3
Demais falhas na via;Queda de ocupante de veiculo;Plena Noite;Ceu Claro;Motoneta;Lesoes Leves;1;2;5;2;1;3
Demais falhas na via;Queda de ocupante de veiculo;Plena Noite;Ceu Claro;Motoneta;Obito;1;2;5;2;1;3
Demais falhas na via;Queda de ocupante de veiculo;Plena Noite;Ceu Claro;Nao se aplica;Lesoes Graves;1;2;5;2;1;3
Demais falhas na via;Queda de ocupante de veiculo;Plena Noite;Chuva;Motocicleta;Lesoes Graves;1;2;5;2;2;1
Demais falhas na via;Queda de ocupante de veiculo;Plena Noite;Chuva;Motocicleta;Lesoes Leves;1;2;5;2;2;1
Demais falhas na via;Queda de ocupante de veiculo;Plena Noite;Chuva;Motocicleta;Obito;1;2;5;2;2;1
Demais falhas na via;Queda de ocupante de veiculo;Plena Noite;Chuva;Motoneta;Ileso;1;2;5;2;2;3
Demais falhas na via;Queda de ocupante de veiculo;Plena Noite;Chuva;Motoneta;Lesoes Leves;3;2;5;2;2;3
Demais falhas na via;Queda de ocupante de veiculo;Plena Noite;Garoa/Chuvisco;Motocicleta;Lesoes Leves;1;2;5;2;3;1
Demais falhas na via;Queda de ocupante de veiculo;Plena Noite;Garoa/Chuvisco;Motoneta;Lesoes Leves;1;2;5;2;3;3
Demais falhas na via;Queda de ocupante de veiculo;Plena Noite;Nublado;Motocicleta;Lesoes Graves;2;2;5;2;2;1
Demais falhas na via;Queda de ocupante de veiculo;Plena Noite;Nublado;Motocicleta;Obito;1;2;5;2;2;1
Demais falhas na via;Queda de ocupante de veiculo;Pleno dia;Ceu Claro;Automovel;Ileso;4;2;5;1;1;1
Demais falhas na via;Queda de ocupante de veiculo;Pleno dia;Ceu Claro;Bicicleta;Lesoes Graves;1;2;5;1;1;3
Demais falhas na via;Queda de ocupante de veiculo;Pleno dia;Ceu Claro;Caminhao-trator;Ileso;1;2;5;1;1;2
Demais falhas na via;Queda de ocupante de veiculo;Pleno dia;Ceu Claro;Motocicleta;Ileso;1;2;5;1;1;1
Demais falhas na via;Queda de ocupante de veiculo;Pleno dia;Ceu Claro;Motocicleta;Lesoes Graves;6;2;5;1;1;1
Demais falhas na via;Queda de ocupante de veiculo;Pleno dia;Ceu Claro;Motocicleta;Lesoes Leves;9;2;5;1;1;1
Demais falhas na via;Queda de ocupante de veiculo;Pleno dia;Ceu Claro;Motocicleta;Obito;2;2;5;1;1;1
Demais falhas na via;Queda de ocupante de veiculo;Pleno dia;Ceu Claro;Motoneta;Lesoes Leves;5;2;5;1;1;3
Demais falhas na via;Queda de ocupante de veiculo;Pleno dia;Chuva;Motocicleta;Lesoes Leves;1;2;5;1;2;1
Demais falhas na via;Queda de ocupante de veiculo;Pleno dia;Chuva;Motoneta;Lesoes Leves;1;2;5;1;2;3
Demais falhas na via;Queda de ocupante de veiculo;Pleno dia;Nublado;Automovel;Ileso;1;2;5;1;2;1
Demais falhas na via;Queda de ocupante de veiculo;Pleno dia;Nublado;Motocicleta;Lesoes Graves;1;2;5;1;2;1
Demais falhas na via;Queda de ocupante de veiculo;Pleno dia;Nublado;Motocicleta;Lesoes Leves;4;2;5;1;2;1
Demais falhas na via;Queda de ocupante de veiculo;Pleno dia;Nublado;Motoneta;Lesoes Graves;1;2;5;1;2;3
Demais falhas na via;Queda de ocupante de veiculo;Pleno dia;Nublado;Motoneta;Lesoes Leves;1;2;5;1;2;3
Demais falhas na via;Queda de ocupante de veiculo;Pleno dia;Nublado;Motoneta;Obito;1;2;5;1;2;3
Demais falhas na via;Queda de ocupante de veiculo;Pleno dia;Sol;Caminhonete;Ileso;1;2;5;1;3;2
Demais falhas na via;Queda de ocupante de veiculo;Pleno dia;Sol;Motocicleta;Lesoes Graves;1;2;5;1;3;1
Demais falhas na via;Queda de ocupante de veiculo;Pleno dia;Sol;Motocicleta;Lesoes Leves;1;2;5;1;3;1
Demais falhas na via;Queda de ocupante de veiculo;Pleno dia;Sol;Motocicleta;Obito;1;2;5;1;3;1
Demais falhas na via;Queda de ocupante de veiculo;Pleno dia;Sol;Motoneta;Lesoes Leves;2;2;5;1;3;3
Demais falhas na via;Saida de leito carrocavel;Amanhecer;Ceu Claro;Automovel;Lesoes Leves;2;2;5;4;1;1
Demais falhas na via;Saida de leito carrocavel;Amanhecer;Garoa/Chuvisco;Automovel;Ileso;2;2;5;4;3;1
Demais falhas na via;Saida de leito carrocavel;Amanhecer;Garoa/Chuvisco;Automovel;Lesoes Leves;2;2;5;4;3;1
Demais falhas na via;Saida de leito carrocavel;Amanhecer;Nublado;Automovel;Ileso;1;2;5;4;2;1
Demais falhas na via;Saida de leito carrocavel;Amanhecer;Nublado;Automovel;Lesoes Graves;2;2;5;4;2;1
Demais falhas na via;Saida de leito carrocavel;Amanhecer;Nublado;Automovel;Lesoes Leves;1;2;5;4;2;1
Demais falhas na via;Saida de leito carrocavel;Amanhecer;Nublado;Caminhonete;Lesoes Leves;1;2;5;4;2;2
Demais falhas na via;Saida de leito carrocavel;Anoitecer;Ceu Claro;Caminhao;Ileso;1;2;5;4;1;2
Demais falhas na via;Saida de leito carrocavel;Anoitecer;Ceu Claro;Caminhonete;Lesoes Leves;1;2;5;4;1;2
Demais falhas na via;Saida de leito carrocavel;Anoitecer;Chuva;Automovel;Lesoes Leves;2;2;5;4;2;1
Demais falhas na via;Saida de leito carrocavel;Anoitecer;Chuva;Caminhao;Ileso;1;2;5;4;2;2
Demais falhas na via;Saida de leito carrocavel;Anoitecer;Chuva;Caminhonete;Ileso;1;2;5;4;2;2
Demais falhas na via;Saida de leito carrocavel;Anoitecer;Chuva;Micro-onibus;Ileso;1;2;5;4;2;4
Demais falhas na via;Saida de leito carrocavel;Anoitecer;Chuva;Micro-onibus;Lesoes Graves;5;2;5;4;2;4
Demais falhas na via;Saida de leito carrocavel;Anoitecer;Chuva;Micro-onibus;Lesoes Leves;2;2;5;4;2;4
Demais falhas na via;Saida de leito carrocavel;Anoitecer;Chuva;Micro-onibus;Obito;4;2;5;4;2;4
Demais falhas na via;Saida de leito carrocavel;Plena Noite;Ceu Claro;Automovel;Ileso;4;2;5;2;1;1
Demais falhas na via;Saida de leito carrocavel;Plena Noite;Ceu Claro;Automovel;Lesoes Leves;3;2;5;2;1;1
Demais falhas na via;Saida de leito carrocavel;Plena Noite;Ceu Claro;Caminhao;Ileso;4;2;5;2;1;2
Demais falhas na via;Saida de leito carrocavel;Plena Noite;Ceu Claro;Caminhao;Lesoes Graves;1;2;5;2;1;2
Demais falhas na via;Saida de leito carrocavel;Plena Noite;Ceu Claro;Caminhao;Lesoes Leves;2;2;5;2;1;2
Demais falhas na via;Saida de leito carrocavel;Plena Noite;Ceu Claro;Caminhao;Obito;1;2;5;2;1;2
Demais falhas na via;Saida de leito carrocavel;Plena Noite;Ceu Claro;Caminhao-trator;Ileso;1;2;5;2;1;2
Demais falhas na via;Saida de leito carrocavel;Plena Noite;Ceu Claro;Caminhao-trator;Lesoes Leves;2;2;5;2;1;2
Demais falhas na via;Saida de leito carrocavel;Plena Noite;Ceu Claro;Micro-onibus;Lesoes Leves;9;2;5;2;1;4
Demais falhas na via;Saida de leito carrocavel;Plena Noite;Ceu Claro;Motocicleta;Lesoes Graves;1;2;5;2;1;1
Demais falhas na via;Saida de leito carrocavel;Plena Noite;Ceu Claro;Motocicleta;Lesoes Leves;2;2;5;2;1;1
Demais falhas na via;Saida de leito carrocavel;Plena Noite;Ceu Claro;Motocicleta;Obito;1;2;5;2;1;1
Demais falhas na via;Saida de leito carrocavel;Plena Noite;Ceu Claro;Motoneta;Lesoes Leves;1;2;5;2;1;3
Demais falhas na via;Saida de leito carrocavel;Plena Noite;Chuva;Automovel;Ileso;2;2;5;2;2;1
Demais falhas na via;Saida de leito carrocavel;Plena Noite;Chuva;Automovel;Lesoes Graves;1;2;5;2;2;1
Demais falhas na via;Saida de leito carrocavel;Plena Noite;Chuva;Utilitario;Lesoes Graves;2;2;5;2;2;3
Demais falhas na via;Saida de leito carrocavel;Plena Noite;Chuva;Utilitario;Obito;1;2;5;2;2;3
Demais falhas na via;Saida de leito carrocavel;Plena Noite;Garoa/Chuvisco;Caminhonete;Ileso;1;2;5;2;3;2
Demais falhas na via;Saida de leito carrocavel;Plena Noite;Garoa/Chuvisco;Motocicleta;Obito;2;2;5;2;3;1
Demais falhas na via;Saida de leito carrocavel;Plena Noite;Garoa/Chuvisco;Onibus;Lesoes Graves;1;2;5;2;3;3
Demais falhas na via;Saida de leito carrocavel;Plena Noite;Garoa/Chuvisco;Onibus;Lesoes Leves;37;2;5;2;3;3
Demais falhas na via;Saida de leito carrocavel;Plena Noite;Nevoeiro/Neblina;Automovel;Lesoes Leves;1;2;5;2;4;1
Demais falhas na via;Saida de leito carrocavel;Plena Noite;Nublado;Automovel;Lesoes Leves;2;2;5;2;2;1
Demais falhas na via;Saida de leito carrocavel;Plena Noite;Nublado;Caminhao;Ileso;1;2;5;2;2;2
Demais falhas na via;Saida de leito carrocavel;Plena Noite;Nublado;Motocicleta;Lesoes Leves;1;2;5;2;2;1
Demais falhas na via;Saida de leito carrocavel;Plena Noite;Nublado;Motocicleta;Obito;1;2;5;2;2;1
Demais falhas na via;Saida de leito carrocavel;Plena Noite;Nublado;Nao Informado;Lesoes Graves;1;2;5;2;2;3
Demais falhas na via;Saida de leito carrocavel;Pleno dia;Ceu Claro;Automovel;Lesoes Graves;2;2;5;1;1;1
Demais falhas na via;Saida de leito carrocavel;Pleno dia;Ceu Claro;Automovel;Lesoes Leves;4;2;5;1;1;1
Demais falhas na via;Saida de leito carrocavel;Pleno dia;Ceu Claro;Caminhao-trator;Ileso;2;2;5;1;1;2
Demais falhas na via;Saida de leito carrocavel;Pleno dia;Ceu Claro;Caminhao-trator;Lesoes Graves;1;2;5;1;1;2
Demais falhas na via;Saida de leito carrocavel;Pleno dia;Ceu Claro;Caminhao-trator;Lesoes Leves;1;2;5;1;1;2
Demais falhas na via;Saida de leito carrocavel;Pleno dia;Ceu Claro;Caminhonete;Lesoes Leves;2;2;5;1;1;2
Demais falhas na via;Saida de leito carrocavel;Pleno dia;Ceu Claro;Caminhonete;Obito;5;2;5;1;1;2
Demais falhas na via;Saida de leito carrocavel;Pleno dia;Ceu Claro;Motocicleta;Lesoes Graves;1;2;5;1;1;1
Demais falhas na via;Saida de leito carrocavel;Pleno dia;Ceu Claro;Motocicleta;Lesoes Leves;4;2;5;1;1;1
Demais falhas na via;Saida de leito carrocavel;Pleno dia;Chuva;Automovel;Ileso;4;2;5;1;2;1
Demais falhas na via;Saida de leito carrocavel;Pleno dia;Chuva;Automovel;Lesoes Leves;2;2;5;1;2;1
Demais falhas na via;Saida de leito carrocavel;Pleno dia;Chuva;Caminhonete;Ileso;2;2;5;1;2;2
Demais falhas na via;Saida de leito carrocavel;Pleno dia;Chuva;Caminhonete;Lesoes Leves;2;2;5;1;2;2
Demais falhas na via;Saida de leito carrocavel;Pleno dia;Chuva;Motocicleta;Lesoes Leves;4;2;5;1;2;1
Demais falhas na via;Saida de leito carrocavel;Pleno dia;Garoa/Chuvisco;Caminhao;Obito;1;2;5;1;3;2
Demais falhas na via;Saida de leito carrocavel;Pleno dia;Garoa/Chuvisco;Caminhao-trator;Ileso;1;2;5;1;3;2
Demais falhas na via;Saida de leito carrocavel;Pleno dia;Garoa/Chuvisco;Utilitario;Ileso;2;2;5;1;3;3
Demais falhas na via;Saida de leito carrocavel;Pleno dia;Nublado;Automovel;Ileso;5;2;5;1;2;1
Demais falhas na via;Saida de leito carrocavel;Pleno dia;Nublado;Automovel;Lesoes Leves;4;2;5;1;2;1
Demais falhas na via;Saida de leito carrocavel;Pleno dia;Nublado;Caminhao-trator;Lesoes Leves;1;2;5;1;2;2
Demais falhas na via;Saida de leito carrocavel;Pleno dia;Sol;Automovel;Ileso;1;2;5;1;3;1
Demais falhas na via;Saida de leito carrocavel;Pleno dia;Sol;Automovel;Lesoes Leves;1;2;5;1;3;1
Demais falhas na via;Saida de leito carrocavel;Pleno dia;Sol;Caminhao;Lesoes Graves;1;2;5;1;3;2
Demais falhas na via;Saida de leito carrocavel;Pleno dia;Sol;Caminhao;Lesoes Leves;1;2;5;1;3;2
Demais falhas na via;Saida de leito carrocavel;Pleno dia;Sol;Caminhao-trator;Ileso;1;2;5;1;3;2
Demais falhas na via;Saida de leito carrocavel;Pleno dia;Sol;Motocicleta;Obito;1;2;5;1;3;1
Demais falhas na via;Tombamento;Amanhecer;Ceu Claro;Caminhao-trator;Lesoes Leves;1;2;5;4;1;2
Demais falhas na via;Tombamento;Amanhecer;Nublado;Motoneta;Lesoes Leves;1;2;5;4;2;3
Demais falhas na via;Tombamento;Anoitecer;Ignorado;Motocicleta;Lesoes Leves;2;2;5;4;0;1
Demais falhas na via;Tombamento;Plena Noite;Ceu Claro;Automovel;Ileso;1;2;5;2;1;1
Demais falhas na via;Tombamento;Plena Noite;Ceu Claro;Bicicleta;Ileso;1;2;5;2;1;3
Demais falhas na via;Tombamento;Plena Noite;Ceu Claro;Bicicleta;Lesoes Graves;1;2;5;2;1;3
Demais falhas na via;Tombamento;Plena Noite;Ceu Claro;Bicicleta;Lesoes Leves;1;2;5;2;1;3
Demais falhas na via;Tombamento;Plena Noite;Ceu Claro;Bicicleta;Obito;1;2;5;2;1;3
Demais falhas na via;Tombamento;Plena Noite;Ceu Claro;Caminhao;Ileso;1;2;5;2;1;2
Demais falhas na via;Tombamento;Plena Noite;Ceu Claro;Caminhao;Lesoes Leves;1;2;5;2;1;2
Demais falhas na via;Tombamento;Plena Noite;Ceu Claro;Caminhao-trator;Ileso;1;2;5;2;1;2
Demais falhas na via;Tombamento;Plena Noite;Ceu Claro;Caminhao-trator;Lesoes Graves;1;2;5;2;1;2
Demais falhas na via;Tombamento;Plena Noite;Ceu Claro;Caminhao-trator;Lesoes Leves;3;2;5;2;1;2
Demais falhas na via;Tombamento;Plena Noite;Ceu Claro;Caminhonete;Ileso;6;2;5;2;1;2
Demais falhas na via;Tombamento;Plena Noite;Ceu Claro;Caminhonete;Lesoes Leves;1;2;5;2;1;2
Demais falhas na via;Tombamento;Plena Noite;Ceu Claro;Motocicleta;Lesoes Leves;7;2;5;2;1;1
Demais falhas na via;Tombamento;Plena Noite;Ceu Claro;Motocicleta;Obito;1;2;5;2;1;1
Demais falhas na via;Tombamento;Plena Noite;Ceu Claro;Motoneta;Lesoes Leves;1;2;5;2;1;3
Demais falhas na via;Tombamento;Plena Noite;Ceu Claro;Motoneta;Obito;1;2;5;2;1;3
Demais falhas na via;Tombamento;Plena Noite;Chuva;Motocicleta;Lesoes Graves;1;2;5;2;2;1
Demais falhas na via;Tombamento;Plena Noite;Chuva;Motocicleta;Lesoes Leves;1;2;5;2;2;1
Demais falhas na via;Tombamento;Plena Noite;Chuva;Motoneta;Ileso;1;2;5;2;2;3
Demais falhas na via;Tombamento;Plena Noite;Chuva;Motoneta;Lesoes Leves;3;2;5;2;2;3
Demais falhas na via;Tombamento;Plena Noite;Chuva;Onibus;Ileso;15;2;5;2;2;3
Demais falhas na via;Tombamento;Plena Noite;Chuva;Onibus;Lesoes Graves;20;2;5;2;2;3
Demais falhas na via;Tombamento;Plena Noite;Chuva;Onibus;Obito;1;2;5;2;2;3
Demais falhas na via;Tombamento;Plena Noite;Chuva;Utilitario;Lesoes Graves;2;2;5;2;2;3
Demais falhas na via;Tombamento;Plena Noite;Chuva;Utilitario;Obito;1;2;5;2;2;3
Demais falhas na via;Tombamento;Plena Noite;Garoa/Chuvisco;Caminhao;Ileso;1;2;5;2;3;2
Demais falhas na via;Tombamento;Plena Noite;Garoa/Chuvisco;Motocicleta;Obito;2;2;5;2;3;1
Demais falhas na via;Tombamento;Plena Noite;Garoa/Chuvisco;Motoneta;Lesoes Leves;1;2;5;2;3;3
Demais falhas na via;Tombamento;Plena Noite;Garoa/Chuvisco;Onibus;Lesoes Graves;1;2;5;2;3;3
Demais falhas na via;Tombamento;Plena Noite;Garoa/Chuvisco;Onibus;Lesoes Leves;37;2;5;2;3;3
Demais falhas na via;Tombamento;Plena Noite;Nublado;Motocicleta;Lesoes Graves;1;2;5;2;2;1
Demais falhas na via;Tombamento;Plena Noite;Nublado;Motocicleta;Obito;1;2;5;2;2;1
Demais falhas na via;Tombamento;Pleno dia;Ceu Claro;Automovel;Ileso;3;2;5;1;1;1
Demais falhas na via;Tombamento;Pleno dia;Ceu Claro;Automovel;Lesoes Graves;1;2;5;1;1;1
Demais falhas na via;Tombamento;Pleno dia;Ceu Claro;Bicicleta;Lesoes Leves;10;2;5;1;1;3
Demais falhas na via;Tombamento;Pleno dia;Ceu Claro;Caminhao-trator;Ileso;3;2;5;1;1;2
Demais falhas na via;Tombamento;Pleno dia;Ceu Claro;Caminhao-trator;Lesoes Graves;1;2;5;1;1;2
Demais falhas na via;Tombamento;Pleno dia;Ceu Claro;Caminhao-trator;Lesoes Leves;7;2;5;1;1;2
Demais falhas na via;Tombamento;Pleno dia;Ceu Claro;Caminhao-trator;Obito;2;2;5;1;1;2
Demais falhas na via;Tombamento;Pleno dia;Ceu Claro;Motocicleta;Ileso;1;2;5;1;1;1
Demais falhas na via;Tombamento;Pleno dia;Ceu Claro;Motocicleta;Lesoes Graves;4;2;5;1;1;1
Demais falhas na via;Tombamento;Pleno dia;Ceu Claro;Motocicleta;Lesoes Leves;8;2;5;1;1;1
Demais falhas na via;Tombamento;Pleno dia;Ceu Claro;Motoneta;Lesoes Leves;3;2;5;1;1;3
Demais falhas na via;Tombamento;Pleno dia;Chuva;Automovel;Ileso;2;2;5;1;2;1
Demais falhas na via;Tombamento;Pleno dia;Chuva;Motocicleta;Lesoes Leves;3;2;5;1;2;1
Demais falhas na via;Tombamento;Pleno dia;Chuva;Motoneta;Lesoes Leves;1;2;5;1;2;3
Demais falhas na via;Tombamento;Pleno dia;Nublado;Automovel;Ileso;1;2;5;1;2;1
Demais falhas na via;Tombamento;Pleno dia;Nublado;Caminhao;Ileso;1;2;5;1;2;2
Demais falhas na via;Tombamento;Pleno dia;Nublado;Caminhao-trator;Lesoes Leves;3;2;5;1;2;2
Demais falhas na via;Tombamento;Pleno dia;Nublado;Motocicleta;Lesoes Graves;2;2;5;1;2;1
Demais falhas na via;Tombamento;Pleno dia;Nublado;Motocicleta;Lesoes Leves;2;2;5;1;2;1
Demais falhas na via;Tombamento;Pleno dia;Nublado;Motoneta;Obito;1;2;5;1;2;3
Demais falhas na via;Tombamento;Pleno dia;Sol;Caminhao;Lesoes Leves;2;2;5;1;3;2
Demais falhas na via;Tombamento;Pleno dia;Sol;Caminhao-trator;Ileso;1;2;5;1;3;2
Demais falhas na via;Tombamento;Pleno dia;Sol;Caminhao-trator;Lesoes Leves;1;2;5;1;3;2
Demais falhas na via;Tombamento;Pleno dia;Sol;Motocicleta;Lesoes Graves;1;2;5;1;3;1
Demais falhas na via;Tombamento;Pleno dia;Sol;Motocicleta;Obito;1;2;5;1;3;1
Demais falhas na via;Tombamento;Pleno dia;Sol;Motoneta;Lesoes Leves;1;2;5;1;3;3
Desrespeitar a preferencia no cruzamento;Atropelamento de Pedestre;Plena Noite;Ceu Claro;Motoneta;Ileso;1;3;4;2;1;3
Desrespeitar a preferencia no cruzamento;Atropelamento de Pedestre;Plena Noite;Ceu Claro;Motoneta;Obito;1;3;4;2;1;3
Desrespeitar a preferencia no cruzamento;Atropelamento de Pedestre;Plena Noite;Ceu Claro;Nao se aplica;Lesoes Leves;1;3;4;2;1;3
Desrespeitar a preferencia no cruzamento;Atropelamento de Pedestre;Plena Noite;Ceu Claro;Onibus;Ileso;1;3;4;2;1;3
Desrespeitar a preferencia no cruzamento;Capotamento;Anoitecer;Ceu Claro;Automovel;Ileso;1;3;5;4;1;1
Desrespeitar a preferencia no cruzamento;Capotamento;Anoitecer;Ceu Claro;Automovel;Lesoes Leves;1;3;5;4;1;1
Desrespeitar a preferencia no cruzamento;Capotamento;Anoitecer;Ceu Claro;Caminhao-trator;Ileso;1;3;5;4;1;2
Desrespeitar a preferencia no cruzamento;Capotamento;Plena Noite;Ceu Claro;Automovel;Ileso;6;3;5;2;1;1
Desrespeitar a preferencia no cruzamento;Capotamento;Plena Noite;Ceu Claro;Automovel;Lesoes Leves;2;3;5;2;1;1
Desrespeitar a preferencia no cruzamento;Capotamento;Plena Noite;Ceu Claro;Caminhao;Ileso;2;3;5;2;1;2
Desrespeitar a preferencia no cruzamento;Capotamento;Plena Noite;Ceu Claro;Caminhao;Obito;1;3;5;2;1;2