causa_acidente;tipo_acidente;fase_dia;condicao_metereologica;tipo_veiculo;estado_fisico;count;causa_acidente_criterios;tipo_acidente_criterios;fase_dia_criterios;condicao_metereologica_criterios;tipo_veiculo_criterios
Desrespeitar a preferencia no cruzamento;Colisao transversal;Plena Noite;Ignorado;Nao Informado;Lesoes Graves;2;3;5;2;0;3
Desrespeitar a preferencia no cruzamento;Colisao transversal;Plena Noite;Nublado;Automovel;Ileso;18;3;5;2;2;1
Desrespeitar a preferencia no cruzamento;Colisao transversal;Plena Noite;Nublado;Automovel;Lesoes Graves;3;3;5;2;2;1
Desrespeitar a preferencia no cruzamento;Colisao transversal;Plena Noite;Nublado;Automovel;Lesoes Leves;3;3;5;2;2;1
Desrespeitar a preferencia no cruzamento;Colisao transversal;Plena Noite;Nublado;Automovel;Obito;2;3;5;2;2;1
Desrespeitar a preferencia no cruzamento;Colisao transversal;Plena Noite;Nublado;Bicicleta;Lesoes Leves;2;3;5;2;2;3
Desrespeitar a preferencia no cruzamento;Colisao transversal;Plena Noite;Nublado;Caminhao-trator;Ileso;1;3;5;2;2;2
Desrespeitar a preferencia no cruzamento;Colisao transversal;Plena Noite;Nublado;Caminhonete;Ileso;5;3;5;2;2;2
Desrespeitar a preferencia no cruzamento;Colisao transversal;Plena Noite;Nublado;Motocicleta;Ileso;2;3;5;2;2;1
Desrespeitar a preferencia no cruzamento;Colisao transversal;Plena Noite;Nublado;Motocicleta;Lesoes Graves;7;3;5;2;2;1
Desrespeitar a preferencia no cruzamento;Colisao transversal;Plena Noite;Nublado;Motocicleta;Lesoes Leves;9;3;5;2;2;1
Desrespeitar a preferencia no cruzamento;Colisao transversal;Plena Noite;Nublado;Motoneta;Lesoes Leves;2;3;5;2;2;3
Desrespeitar a preferencia no cruzamento;Colisao transversal;Plena Noite;Nublado;Onibus;Ileso;2;3;5;2;2;3
Desrespeitar a preferencia no cruzamento;Colisao transversal;Pleno dia;Ceu Claro;Automovel;Ileso;133;3;5;1;1;1
Desrespeitar a preferencia no cruzamento;Colisao transversal;Pleno dia;Ceu Claro;Automovel;Lesoes Graves;18;3;5;1;1;1
Desrespeitar a preferencia no cruzamento;Colisao transversal;Pleno dia;Ceu Claro;Automovel;Lesoes Leves;84;3;5;1;1;1
Desrespeitar a preferencia no cruzamento;Colisao transversal;Pleno dia;Ceu Claro;Automovel;Obito;1;3;5;1;1;1
Desrespeitar a preferencia no cruzamento;Colisao transversal;Pleno dia;Ceu Claro;Bicicleta;Ileso;1;3;5;1;1;3
Desrespeitar a preferencia no cruzamento;Colisao transversal;Pleno dia;Ceu Claro;Bicicleta;Lesoes Graves;1;3;5;1;1;3
Desrespeitar a preferencia no cruzamento;Colisao transversal;Pleno dia;Ceu Claro;Bicicleta;Lesoes Leves;5;3;5;1;1;3
Desrespeitar a preferencia no cruzamento;Colisao transversal;Pleno dia;Ceu Claro;Bicicleta;Obito;1;3;5;1;1;3
Desrespeitar a preferencia no cruzamento;Colisao transversal;Pleno dia;Ceu Claro;Caminhao;Ileso;23;3;5;1;1;2
Desrespeitar a preferencia no cruzamento;Colisao transversal;Pleno dia;Ceu Claro;Caminhao;Lesoes Graves;2;3;5;1;1;2
Desrespeitar a preferencia no cruzamento;Colisao transversal;Pleno dia;Ceu Claro;Caminhao-trator;Ileso;17;3;5;1;1;2
Desrespeitar a preferencia no cruzamento;Colisao transversal;Pleno dia;Ceu Claro;Caminhao-trator;Lesoes Graves;1;3;5;1;1;2
Desrespeitar a preferencia no cruzamento;Colisao transversal;Pleno dia;Ceu Claro;Caminhao-trator;Lesoes Leves;3;3;5;1;1;2
Desrespeitar a preferencia no cruzamento;Colisao transversal;Pleno dia;Ceu Claro;Caminhonete;Ileso;26;3;5;1;1;2
Desrespeitar a preferencia no cruzamento;Colisao transversal;Pleno dia;Ceu Claro;Caminhonete;Lesoes Graves;2;3;5;1;1;2
Desrespeitar a preferencia no cruzamento;Colisao transversal;Pleno dia;Ceu Claro;Caminhonete;Lesoes Leves;10;3;5;1;1;2
Desrespeitar a preferencia no cruzamento;Colisao transversal;Pleno dia;Ceu Claro;Ciclomotor;Lesoes Graves;1;3;5;1;1;4
Desrespeitar a preferencia no cruzamento;Colisao transversal;Pleno dia;Ceu Claro;Ciclomotor;Lesoes Leves;3;3;5;1;1;4
Desrespeitar a preferencia no cruzamento;Colisao transversal;Pleno dia;Ceu Claro;Micro-onibus;Ileso;1;3;5;1;1;4
Desrespeitar a preferencia no cruzamento;Colisao transversal;Pleno dia;Ceu Claro;Motocicleta;Ileso;2;3;5;1;1;1
Desrespeitar a preferencia no cruzamento;Colisao transversal;Pleno dia;Ceu Claro;Motocicleta;Lesoes Graves;27;3;5;1;1;1
Desrespeitar a preferencia no cruzamento;Colisao transversal;Pleno dia;Ceu Claro;Motocicleta;Lesoes Leves;83;3;5;1;1;1
Desrespeitar a preferencia no cruzamento;Colisao transversal;Pleno dia;Ceu Claro;Motoneta;Ileso;2;3;5;1;1;3
Desrespeitar a preferencia no cruzamento;Colisao transversal;Pleno dia;Ceu Claro;Motoneta;Lesoes Graves;6;3;5;1;1;3
Desrespeitar a preferencia no cruzamento;Colisao transversal;Pleno dia;Ceu Claro;Motoneta;Lesoes Leves;15;3;5;1;1;3
Desrespeitar a preferencia no cruzamento;Colisao transversal;Pleno dia;Ceu Claro;Motoneta;Obito;1;3;5;1;1;3
Desrespeitar a preferencia no cruzamento;Colisao transversal;Pleno dia;Ceu Claro;Nao Informado;Ileso;8;3;5;1;1;3
Desrespeitar a preferencia no cruzamento;Colisao transversal;Pleno dia;Ceu Claro;Nao Informado;Lesoes Leves;2;3;5;1;1;3
Desrespeitar a preferencia no cruzamento;Colisao transversal;Pleno dia;Ceu Claro;Onibus;Ileso;36;3;5;1;1;3
Desrespeitar a preferencia no cruzamento;Colisao transversal;Pleno dia;Ceu Claro;Utilitario;Ileso;9;3;5;1;1;3
Desrespeitar a preferencia no cruzamento;Colisao transversal;Pleno dia;Ceu Claro;Utilitario;Lesoes Leves;3;3;5;1;1;3
Desrespeitar a preferencia no cruzamento;Colisao transversal;Pleno dia;Chuva;Automovel;Ileso;4;3;5;1;2;1
Desrespeitar a preferencia no cruzamento;Colisao transversal;Pleno dia;Chuva;Automovel;Lesoes Graves;2;3;5;1;2;1
Desrespeitar a preferencia no cruzamento;Colisao transversal;Pleno dia;Chuva;Automovel;Lesoes Leves;8;3;5;1;2;1
Desrespeitar a preferencia no cruzamento;Colisao transversal;Pleno dia;Chuva;Bicicleta;Lesoes Leves;1;3;5;1;2;3
Desrespeitar a preferencia no cruzamento;Colisao transversal;Pleno dia;Chuva;Caminhao;Ileso;7;3;5;1;2;2
Desrespeitar a preferencia no cruzamento;Colisao transversal;Pleno dia;Chuva;Caminhao-trator;Ileso;3;3;5;1;2;2
Desrespeitar a preferencia no cruzamento;Colisao transversal;Pleno dia;Chuva;Caminhonete;Ileso;5;3;5;1;2;2
Desrespeitar a preferencia no cruzamento;Colisao transversal;Pleno dia;Chuva;Motocicleta;Lesoes Graves;6;3;5;1;2;1
Desrespeitar a preferencia no cruzamento;Colisao transversal;Pleno dia;Chuva;Motocicleta;Lesoes Leves;4;3;5;1;2;1
Desrespeitar a preferencia no cruzamento;Colisao transversal;Pleno dia;Garoa/Chuvisco;Automovel;Ileso;8;3;5;1;3;1
Desrespeitar a preferencia no cruzamento;Colisao transversal;Pleno dia;Garoa/Chuvisco;Automovel;Lesoes Leves;3;3;5;1;3;1
Desrespeitar a preferencia no cruzamento;Colisao transversal;Pleno dia;Garoa/Chuvisco;Caminhonete;Ileso;1;3;5;1;3;2
Desrespeitar a preferencia no cruzamento;Colisao transversal;Pleno dia;Garoa/Chuvisco;Caminhonete;Lesoes Leves;2;3;5;1;3;2
Desrespeitar a preferencia no cruzamento;Colisao transversal;Pleno dia;Garoa/Chuvisco;Motocicleta;Lesoes Leves;4;3;5;1;3;1
Desrespeitar a preferencia no cruzamento;Colisao transversal;Pleno dia;Garoa/Chuvisco;Utilitario;Ileso;2;3;5;1;3;3
Desrespeitar a preferencia no cruzamento;Colisao transversal;Pleno dia;Ignorado;Automovel;Ileso;2;3;5;1;0;1
Desrespeitar a preferencia no cruzamento;Colisao transversal;Pleno dia;Ignorado;Motocicleta;Lesoes Leves;2;3;5;1;0;1
Desrespeitar a preferencia no cruzamento;Colisao transversal;Pleno dia;Nublado;Automovel;Ileso;31;3;5;1;2;1
Desrespeitar a preferencia no cruzamento;Colisao transversal;Pleno dia;Nublado;Automovel;Lesoes Graves;4;3;5;1;2;1
Desrespeitar a preferencia no cruzamento;Colisao transversal;Pleno dia;Nublado;Automovel;Lesoes Leves;10;3;5;1;2;1
Desrespeitar a preferencia no cruzamento;Colisao transversal;Pleno dia;Nublado;Bicicleta;Lesoes Leves;3;3;5;1;2;3
Desrespeitar a preferencia no cruzamento;Colisao transversal;Pleno dia;Nublado;Caminhao;Ileso;3;3;5;1;2;2
Desrespeitar a preferencia no cruzamento;Colisao transversal;Pleno dia;Nublado;Caminhao-trator;Ileso;2;3;5;1;2;2
Desrespeitar a preferencia no cruzamento;Colisao transversal;Pleno dia;Nublado;Caminhonete;Ileso;10;3;5;1;2;2
Desrespeitar a preferencia no cruzamento;Colisao transversal;Pleno dia;Nublado;Caminhonete;Lesoes Leves;2;3;5;1;2;2
Desrespeitar a preferencia no cruzamento;Colisao transversal;Pleno dia;Nublado;Motocicleta;Ileso;1;3;5;1;2;1
Desrespeitar a preferencia no cruzamento;Colisao transversal;Pleno dia;Nublado;Motocicleta;Lesoes Graves;10;3;5;1;2;1
Desrespeitar a preferencia no cruzamento;Colisao transversal;Pleno dia;Nublado;Motocicleta;Lesoes Leves;18;3;5;1;2;1
Desrespeitar a preferencia no cruzamento;Colisao transversal;Pleno dia;Nublado;Motoneta;Ileso;1;3;5;1;2;3
Desrespeitar a preferencia no cruzamento;Colisao transversal;Pleno dia;Nublado;Motoneta;Lesoes Graves;1;3;5;1;2;3
Desrespeitar a preferencia no cruzamento;Colisao transversal;Pleno dia;Nublado;Motoneta;Lesoes Leves;3;3;5;1;2;3
Desrespeitar a preferencia no cruzamento;Colisao transversal;Pleno dia;Nublado;Nao Informado;Ileso;6;3;5;1;2;3
Desrespeitar a preferencia no cruzamento;Colisao transversal;Pleno dia;Nublado;Nao Informado;Lesoes Leves;2;3;5;1;2;3
Desrespeitar a preferencia no cruzamento;Colisao transversal;Pleno dia;Nublado;Onibus;Ileso;1;3;5;1;2;3
Desrespeitar a preferencia no cruzamento;Colisao transversal;Pleno dia;Nublado;Onibus;Lesoes Leves;1;3;5;1;2;3
Desrespeitar a preferencia no cruzamento;Colisao transversal;Pleno dia;Nublado;Trator de rodas;Ileso;1;3;5;1;2;5
Desrespeitar a preferencia no cruzamento;Colisao transversal;Pleno dia;Nublado;Utilitario;Ileso;2;3;5;1;2;3
Desrespeitar a preferencia no cruzamento;Colisao transversal;Pleno dia;Nublado;Utilitario;Lesoes Graves;1;3;5;1;2;3
Desrespeitar a preferencia no cruzamento;Colisao transversal;Pleno dia;Nublado;Utilitario;Lesoes Leves;2;3;5;1;2;3
Desrespeitar a preferencia no cruzamento;Colisao transversal;Pleno dia;Sol;Automovel;Ileso;36;3;5;1;3;1
Desrespeitar a preferencia no cruzamento;Colisao transversal;Pleno dia;Sol;Automovel;Lesoes Leves;11;3;5;1;3;1
Desrespeitar a preferencia no cruzamento;Colisao transversal;Pleno dia;Sol;Bicicleta;Lesoes Leves;1;3;5;1;3;3
Desrespeitar a preferencia no cruzamento;Colisao transversal;Pleno dia;Sol;Caminhao;Ileso;5;3;5;1;3;2
Desrespeitar a preferencia no cruzamento;Colisao transversal;Pleno dia;Sol;Caminhao-trator;Ileso;1;3;5;1;3;2
Desrespeitar a preferencia no cruzamento;Colisao transversal;Pleno dia;Sol;Caminhonete;Ileso;8;3;5;1;3;2
Desrespeitar a preferencia no cruzamento;Colisao transversal;Pleno dia;Sol;Caminhonete;Lesoes Leves;2;3;5;1;3;2
Desrespeitar a preferencia no cruzamento;Colisao transversal;Pleno dia;Sol;Motocicleta;Ileso;1;3;5;1;3;1
Desrespeitar a preferencia no cruzamento;Colisao transversal;Pleno dia;Sol;Motocicleta;Lesoes Graves;10;3;5;1;3;1
Desrespeitar a preferencia no cruzamento;Colisao transversal;Pleno dia;Sol;Motocicleta;Lesoes Leves;18;3;5;1;3;1
Desrespeitar a preferencia no cruzamento;Colisao transversal;Pleno dia;Sol;Motocicleta;Obito;1;3;5;1;3;1
Desrespeitar a preferencia no cruzamento;Colisao transversal;Pleno dia;Sol;Motoneta;Lesoes Graves;1;3;5;1;3;3
Desrespeitar a preferencia no cruzamento;Colisao transversal;Pleno dia;Sol;Motoneta;Lesoes Leves;5;3;5;1;3;3
Desrespeitar a preferencia no cruzamento;Colisao transversal;Pleno dia;Sol;Nao Informado;Ileso;2;3;5;1;3;3
Desrespeitar a preferencia no cruzamento;Colisao transversal;Pleno dia;Sol;Utilitario;Ileso;4;3;5;1;3;3
Desrespeitar a preferencia no cruzamento;Colisao traseira;Plena Noite;Ceu Claro;Automovel;Ileso;1;3;5;2;1;1
Desrespeitar a preferencia no cruzamento;Colisao traseira;Plena Noite;Ceu Claro;Automovel;Lesoes Leves;1;3;5;2;1;1
Desrespeitar a preferencia no cruzamento;Colisao traseira;Plena Noite;Ceu Claro;Caminhao-trator;Ileso;1;3;5;2;1;2
Desrespeitar a preferencia no cruzamento;Colisao traseira;Plena Noite;Ceu Claro;Motocicleta;Lesoes Leves;2;3;5;2;1;1
Desrespeitar a preferencia no cruzamento;Colisao traseira;Plena Noite;Nublado;Automovel;Ileso;1;3;5;2;2;1
Desrespeitar a preferencia no cruzamento;Colisao traseira;Plena Noite;Nublado;Motocicleta;Lesoes Graves;1;3;5;2;2;1
Desrespeitar a preferencia no cruzamento;Colisao traseira;Pleno dia;Ceu Claro;Automovel;Ileso;6;3;5;1;1;1
Desrespeitar a preferencia no cruzamento;Colisao traseira;Pleno dia;Ceu Claro;Caminhao;Ileso;2;3;5;1;1;2
Desrespeitar a preferencia no cruzamento;Colisao traseira;Pleno dia;Ceu Claro;Caminhao;Lesoes Leves;2;3;5;1;1;2
Desrespeitar a preferencia no cruzamento;Colisao traseira;Pleno dia;Ceu Claro;Caminhonete;Ileso;2;3;5;1;1;2
Desrespeitar a preferencia no cruzamento;Colisao traseira;Pleno dia;Ceu Claro;Caminhonete;Lesoes Leves;2;3;5;1;1;2
Desrespeitar a preferencia no cruzamento;Colisao traseira;Pleno dia;Ceu Claro;Motocicleta;Lesoes Leves;2;3;5;1;1;1
Desrespeitar a preferencia no cruzamento;Colisao traseira;Pleno dia;Ceu Claro;Motoneta;Lesoes Leves;1;3;5;1;1;3
Desrespeitar a preferencia no cruzamento;Colisao traseira;Pleno dia;Ceu Claro;Nao se aplica;Lesoes Graves;2;3;5;1;1;3
Desrespeitar a preferencia no cruzamento;Colisao traseira;Pleno dia;Ceu Claro;Onibus;Lesoes Leves;1;3;5;1;1;3
Desrespeitar a preferencia no cruzamento;Colisao traseira;Pleno dia;Garoa/Chuvisco;Automovel;Lesoes Leves;3;3;5;1;3;1
Desrespeitar a preferencia no cruzamento;Colisao traseira;Pleno dia;Garoa/Chuvisco;Caminhao-trator;Lesoes Leves;1;3;5;1;3;2
Desrespeitar a preferencia no cruzamento;Colisao traseira;Pleno dia;Nublado;Motocicleta;Lesoes Leves;1;3;5;1;2;1
Desrespeitar a preferencia no cruzamento;Derramamento de carga;Plena Noite;Ceu Claro;Trem-bonde;Ileso;1;3;3;2;1;5
Desrespeitar a preferencia no cruzamento;Eventos atipicos;Plena Noite;Nublado;Automovel;Ileso;4;3;2;2;2;1
Desrespeitar a preferencia no cruzamento;Eventos atipicos;Plena Noite;Nublado;Motocicleta;Lesoes Leves;1;3;2;2;2;1
Desrespeitar a preferencia no cruzamento;Eventos atipicos;Pleno dia;Ceu Claro;Automovel;Lesoes Graves;1;3;2;1;1;1
Desrespeitar a preferencia no cruzamento;Eventos atipicos;Pleno dia;Ceu Claro;Utilitario;Lesoes Leves;2;3;2;1;1;3
Desrespeitar a preferencia no cruzamento;Eventos atipicos;Pleno dia;Nublado;Automovel;Ileso;1;3;2;1;2;1
Desrespeitar a preferencia no cruzamento;Eventos atipicos;Pleno dia;Nublado;Automovel;Lesoes Leves;1;3;2;1;2;1
Desrespeitar a preferencia no cruzamento;Eventos atipicos;Pleno dia;Nublado;Caminhao-trator;Ileso;1;3;2;1;2;2
Desrespeitar a preferencia no cruzamento;Eventos atipicos;Pleno dia;Nublado;Motoneta;Lesoes Graves;1;3;2;1;2;3
Desrespeitar a preferencia no cruzamento;Incendio;Plena Noite;Ceu Claro;Automovel;Obito;1;3;2;2;1;1
Desrespeitar a preferencia no cruzamento;Incendio;Plena Noite;Ceu Claro;Caminhao-trator;Ileso;1;3;2;2;1;2
Desrespeitar a preferencia no cruzamento;Queda de ocupante de veiculo;Amanhecer;Ceu Claro;Automovel;Ileso;1;3;5;4;1;1
Desrespeitar a preferencia no cruzamento;Queda de ocupante de veiculo;Amanhecer;Ceu Claro;Motocicleta;Lesoes Leves;1;3;5;4;1;1
Desrespeitar a preferencia no cruzamento;Queda de ocupante de veiculo;Amanhecer;Nevoeiro/Neblina;Automovel;Ileso;1;3;5;4;4;1
Desrespeitar a preferencia no cruzamento;Queda de ocupante de veiculo;Amanhecer;Nevoeiro/Neblina;Motocicleta;Lesoes Leves;1;3;5;4;4;1
Desrespeitar a preferencia no cruzamento;Queda de ocupante de veiculo;Amanhecer;Nublado;Motocicleta;Lesoes Graves;1;3;5;4;2;1
Desrespeitar a preferencia no cruzamento;Queda de ocupante de veiculo;Amanhecer;Nublado;Motocicleta;Lesoes Leves;2;3;5;4;2;1
Desrespeitar a preferencia no cruzamento;Queda de ocupante de veiculo;Amanhecer;Nublado;Utilitario;Ileso;1;3;5;4;2;3
Desrespeitar a preferencia no cruzamento;Queda de ocupante de veiculo;Amanhecer;Sol;Automovel;Ileso;1;3;5;4;3;1
Desrespeitar a preferencia no cruzamento;Queda de ocupante de veiculo;Amanhecer;Sol;Motocicleta;Ileso;1;3;5;4;3;1
Desrespeitar a preferencia no cruzamento;Queda de ocupante de veiculo;Anoitecer;Ceu Claro;Automovel;Ileso;4;3;5;4;1;1
Desrespeitar a preferencia no cruzamento;Queda de ocupante de veiculo;Anoitecer;Ceu Claro;Bicicleta;Lesoes Leves;2;3;5;4;1;3
Desrespeitar a preferencia no cruzamento;Queda de ocupante de veiculo;Anoitecer;Ceu Claro;Motocicleta;Ileso;2;3;5;4;1;1
Desrespeitar a preferencia no cruzamento;Queda de ocupante de veiculo;Anoitecer;Ceu Claro;Motocicleta;Lesoes Graves;2;3;5;4;1;1
Desrespeitar a preferencia no cruzamento;Queda de ocupante de veiculo;Anoitecer;Ceu Claro;Motocicleta;Lesoes Leves;1;3;5;4;1;1
Desrespeitar a preferencia no cruzamento;Queda de ocupante de veiculo;Anoitecer;Ceu Claro;Motoneta;Lesoes Leves;2;3;5;4;1;3
Desrespeitar a preferencia no cruzamento;Queda de ocupante de veiculo;Anoitecer;Nublado;Caminhao-trator;Ileso;1;3;5;4;2;2
Desrespeitar a preferencia no cruzamento;Queda de ocupante de veiculo;Anoitecer;Nublado;Caminhonete;Ileso;2;3;5;4;2;2
Desrespeitar a preferencia no cruzamento;Queda de ocupante de veiculo;Anoitecer;Nublado;Motocicleta;Lesoes Leves;2;3;5;4;2;1
Desrespeitar a preferencia no cruzamento;Queda de ocupante de veiculo;Anoitecer;Nublado;Motoneta;Lesoes Leves;1;3;5;4;2;3
Desrespeitar a preferencia no cruzamento;Queda de ocupante de veiculo;Plena Noite;Ceu Claro;Automovel;Ileso;17;3;5;2;1;1
Desrespeitar a preferencia no cruzamento;Queda de ocupante de veiculo;Plena Noite;Ceu Claro;Bicicleta;Lesoes Graves;1;3;5;2;1;3
Desrespeitar a preferencia no cruzamento;Queda de ocupante de veiculo;Plena Noite;Ceu Claro;Caminhao;Ileso;2;3;5;2;1;2
Desrespeitar a preferencia no cruzamento;Queda de ocupante de veiculo;Plena Noite;Ceu Claro;Caminhao;Obito;1;3;5;2;1;2
Desrespeitar a preferencia no cruzamento;Queda de ocupante de veiculo;Plena Noite;Ceu Claro;Caminhonete;Ileso;1;3;5;2;1;2
Desrespeitar a preferencia no cruzamento;Queda de ocupante de veiculo;Plena Noite;Ceu Claro;Caminhonete;Lesoes Graves;2;3;5;2;1;2
Desrespeitar a preferencia no cruzamento;Queda de ocupante de veiculo;Plena Noite;Ceu Claro;Caminhonete;Lesoes Leves;2;3;5;2;1;2
Desrespeitar a preferencia no cruzamento;Queda de ocupante de veiculo;Plena Noite;Ceu Claro;Micro-onibus;Ileso;1;3;5;2;1;4
Desrespeitar a preferencia no cruzamento;Queda de ocupante de veiculo;Plena Noite;Ceu Claro;Motocicleta;Ileso;1;3;5;2;1;1
Desrespeitar a preferencia no cruzamento;Queda de ocupante de veiculo;Plena Noite;Ceu Claro;Motocicleta;Lesoes Graves;11;3;5;2;1;1
Desrespeitar a preferencia no cruzamento;Queda de ocupante de veiculo;Plena Noite;Ceu Claro;Motocicleta;Lesoes Leves;9;3;5;2;1;1
Desrespeitar a preferencia no cruzamento;Queda de ocupante de veiculo;Plena Noite;Ceu Claro;Motoneta;Ileso;1;3;5;2;1;3
Desrespeitar a preferencia no cruzamento;Queda de ocupante de veiculo;Plena Noite;Ceu Claro;Motoneta;Lesoes Graves;2;3;5;2;1;3
Desrespeitar a preferencia no cruzamento;Queda de ocupante de veiculo;Plena Noite;Ceu Claro;Motoneta;Lesoes Leves;2;3;5;2;1;3
Desrespeitar a preferencia no cruzamento;Queda de ocupante de veiculo;Plena Noite;Ceu Claro;Motoneta;Obito;2;3;5;2;1;3
Desrespeitar a preferencia no cruzamento;Queda de ocupante de veiculo;Plena Noite;Ceu Claro;Onibus;Ileso;1;3;5;2;1;3
Desrespeitar a preferencia no cruzamento;Queda de ocupante de veiculo;Plena Noite;Ceu Claro;Utilitario;Ileso;4;3;5;2;1;3
Desrespeitar a preferencia no cruzamento;Queda de ocupante de veiculo;Plena Noite;Chuva;Automovel;Ileso;2;3;5;2;2;1
Desrespeitar a preferencia no cruzamento;Queda de ocupante de veiculo;Plena Noite;Chuva;Motocicleta;Lesoes Graves;2;3;5;2;2;1
Desrespeitar a preferencia no cruzamento;Queda de ocupante de veiculo;Plena Noite;Chuva;Motocicleta;Lesoes Leves;2;3;5;2;2;1
Desrespeitar a preferencia no cruzamento;Queda de ocupante de veiculo;Plena Noite;Ignorado;Automovel;Ileso;2;3;5;2;0;1
Desrespeitar a preferencia no cruzamento;Queda de ocupante de veiculo;Plena Noite;Ignorado;Automovel;Lesoes Graves;1;3;5;2;0;1
Desrespeitar a preferencia no cruzamento;Queda de ocupante de veiculo;Plena Noite;Ignorado;Automovel;Lesoes Leves;1;3;5;2;0;1
Desrespeitar a preferencia no cruzamento;Queda de ocupante de veiculo;Plena Noite;Ignorado;Motocicleta;Lesoes Graves;1;3;5;2;0;1
Desrespeitar a preferencia no cruzamento;Queda de ocupante de veiculo;Plena Noite;Ignorado;Motocicleta;Lesoes Leves;3;3;5;2;0;1
Desrespeitar a preferencia no cruzamento;Queda de ocupante de veiculo;Plena Noite;Nublado;Automovel;Ileso;8;3;5;2;2;1
Desrespeitar a preferencia no cruzamento;Queda de ocupante de veiculo;Plena Noite;Nublado;Bicicleta;Lesoes Leves;2;3;5;2;2;3
Desrespeitar a preferencia no cruzamento;Queda de ocupante de veiculo;Plena Noite;Nublado;Caminhonete;Ileso;1;3;5;2;2;2
Desrespeitar a preferencia no cruzamento;Queda de ocupante de veiculo;Plena Noite;Nublado;Motocicleta;Ileso;1;3;5;2;2;1
Desrespeitar a preferencia no cruzamento;Queda de ocupante de veiculo;Plena Noite;Nublado;Motocicleta;Lesoes Graves;7;3;5;2;2;1
Desrespeitar a preferencia no cruzamento;Queda de ocupante de veiculo;Plena Noite;Nublado;Motocicleta;Lesoes Leves;2;3;5;2;2;1
Desrespeitar a preferencia no cruzamento;Queda de ocupante de veiculo;Plena Noite;Nublado;Motoneta;Lesoes Leves;1;3;5;2;2;3
Desrespeitar a preferencia no cruzamento;Queda de ocupante de veiculo;Plena Noite;Nublado;Onibus;Ileso;1;3;5;2;2;3
Desrespeitar a preferencia no cruzamento;Queda de ocupante de veiculo;Pleno dia;Ceu Claro;Automovel;Ileso;42;3;5;1;1;1
Desrespeitar a preferencia no cruzamento;Queda de ocupante de veiculo;Pleno dia;Ceu Claro;Automovel;Lesoes Leves;1;3;5;1;1;1
Desrespeitar a preferencia no cruzamento;Queda de ocupante de veiculo;Pleno dia;Ceu Claro;Bicicleta;Ileso;1;3;5;1;1;3
Desrespeitar a preferencia no cruzamento;Queda de ocupante de veiculo;Pleno dia;Ceu Claro;Bicicleta;Lesoes Leves;5;3;5;1;1;3
Desrespeitar a preferencia no cruzamento;Queda de ocupante de veiculo;Pleno dia;Ceu Claro;Caminhao;Ileso;7;3;5;1;1;2
Desrespeitar a preferencia no cruzamento;Queda de ocupante de veiculo;Pleno dia;Ceu Claro;Caminhao-trator;Ileso;2;3;5;1;1;2
Desrespeitar a preferencia no cruzamento;Queda de ocupante de veiculo;Pleno dia;Ceu Claro;Caminhao-trator;Lesoes Leves;1;3;5;1;1;2
Desrespeitar a preferencia no cruzamento;Queda de ocupante de veiculo;Pleno dia;Ceu Claro;Caminhonete;Ileso;6;3;5;1;1;2
Desrespeitar a preferencia no cruzamento;Queda de ocupante de veiculo;Pleno dia;Ceu Claro;Caminhonete;Lesoes Leves;1;3;5;1;1;2
Desrespeitar a preferencia no cruzamento;Queda de ocupante de veiculo;Pleno dia;Ceu Claro;Ciclomotor;Ileso;1;3;5;1;1;4
Desrespeitar a preferencia no cruzamento;Queda de ocupante de veiculo;Pleno dia;Ceu Claro;Ciclomotor;Lesoes Graves;1;3;5;1;1;4
Desrespeitar a preferencia no cruzamento;Queda de ocupante de veiculo;Pleno dia;Ceu Claro;Ciclomotor;Lesoes Leves;3;3;5;1;1;4
Desrespeitar a preferencia no cruzamento;Queda de ocupante de veiculo;Pleno dia;Ceu Claro;Motocicleta;Ileso;4;3;5;1;1;1
Desrespeitar a preferencia no cruzamento;Queda de ocupante de veiculo;Pleno dia;Ceu Claro;Motocicleta;Lesoes Graves;14;3;5;1;1;1
Desrespeitar a preferencia no cruzamento;Queda de ocupante de veiculo;Pleno dia;Ceu Claro;Motocicleta;Lesoes Leves;50;3;5;1;1;1
Desrespeitar a preferencia no cruzamento;Queda de ocupante de veiculo;Pleno dia;Ceu Claro;Motoneta;Ileso;1;3;5;1;1;3
Desrespeitar a preferencia no cruzamento;Queda de ocupante de veiculo;Pleno dia;Ceu Claro;Motoneta;Lesoes Graves;6;3;5;1;1;3