causa_acidente;tipo_acidente;fase_dia;condicao_metereologica;tipo_veiculo;estado_fisico;count;causa_acidente_criterios;tipo_acidente_criterios;fase_dia_criterios;condicao_metereologica_criterios;tipo_veiculo_criterios
Entrada inopinada do pedestre;Colisao lateral mesmo sentido;Pleno dia;Ceu Claro;Automovel;Ileso;1;2;5;1;1;1
Entrada inopinada do pedestre;Colisao lateral mesmo sentido;Pleno dia;Ceu Claro;Caminhao-trator;Ileso;2;2;5;1;1;2
Entrada inopinada do pedestre;Colisao lateral mesmo sentido;Pleno dia;Ceu Claro;Caminhao-trator;Lesoes Graves;1;2;5;1;1;2
Entrada inopinada do pedestre;Colisao lateral mesmo sentido;Pleno dia;Ceu Claro;Caminhonete;Ileso;1;2;5;1;1;2
Entrada inopinada do pedestre;Colisao lateral mesmo sentido;Pleno dia;Ceu Claro;Nao se aplica;Lesoes Graves;1;2;5;1;1;3
Entrada inopinada do pedestre;Colisao lateral mesmo sentido;Pleno dia;Chuva;Automovel;Ileso;1;2;5;1;2;1
Entrada inopinada do pedestre;Colisao lateral mesmo sentido;Pleno dia;Chuva;Caminhonete;Ileso;6;2;5;1;2;2
Entrada inopinada do pedestre;Colisao lateral mesmo sentido;Pleno dia;Chuva;Utilitario;Ileso;3;2;5;1;2;3
Entrada inopinada do pedestre;Colisao lateral mesmo sentido;Pleno dia;Ignorado;Automovel;Ileso;1;2;5;1;0;1
Entrada inopinada do pedestre;Colisao lateral mesmo sentido;Pleno dia;Ignorado;Motocicleta;Lesoes Leves;1;2;5;1;0;1
Entrada inopinada do pedestre;Colisao lateral mesmo sentido;Pleno dia;Nublado;Automovel;Ileso;2;2;5;1;2;1
Entrada inopinada do pedestre;Colisao lateral mesmo sentido;Pleno dia;Nublado;Motocicleta;Lesoes Graves;1;2;5;1;2;1
Entrada inopinada do pedestre;Colisao lateral mesmo sentido;Pleno dia;Nublado;Nao se aplica;Lesoes Leves;1;2;5;1;2;3
Entrada inopinada do pedestre;Colisao lateral sentido oposto;Pleno dia;Sol;Automovel;Ileso;1;2;4;1;3;1
Entrada inopinada do pedestre;Colisao lateral sentido oposto;Pleno dia;Sol;Nao se aplica;Obito;1;2;4;1;3;3
Entrada inopinada do pedestre;Colisao transversal;Plena Noite;Ceu Claro;Motocicleta;Lesoes Leves;1;2;5;2;1;1
Entrada inopinada do pedestre;Colisao transversal;Plena Noite;Ceu Claro;Nao se aplica;Lesoes Graves;1;2;5;2;1;3
Entrada inopinada do pedestre;Colisao transversal;Pleno dia;Ceu Claro;Automovel;Ileso;1;2;5;1;1;1
Entrada inopinada do pedestre;Colisao transversal;Pleno dia;Ceu Claro;Bicicleta;Lesoes Leves;1;2;5;1;1;3
Entrada inopinada do pedestre;Colisao transversal;Pleno dia;Ceu Claro;Motocicleta;Lesoes Leves;1;2;5;1;1;1
Entrada inopinada do pedestre;Colisao transversal;Pleno dia;Ceu Claro;Nao se aplica;Lesoes Leves;1;2;5;1;1;3
Entrada inopinada do pedestre;Colisao traseira;Amanhecer;Nublado;Automovel;Ileso;1;2;5;4;2;1
Entrada inopinada do pedestre;Colisao traseira;Amanhecer;Nublado;Automovel;Obito;1;2;5;4;2;1
Entrada inopinada do pedestre;Colisao traseira;Amanhecer;Nublado;Caminhao-trator;Ileso;2;2;5;4;2;2
Entrada inopinada do pedestre;Colisao traseira;Anoitecer;Ceu Claro;Automovel;Ileso;3;2;5;4;1;1
Entrada inopinada do pedestre;Colisao traseira;Anoitecer;Ceu Claro;Automovel;Lesoes Leves;1;2;5;4;1;1
Entrada inopinada do pedestre;Colisao traseira;Anoitecer;Ceu Claro;Nao se aplica;Ileso;1;2;5;4;1;3
Entrada inopinada do pedestre;Colisao traseira;Anoitecer;Chuva;Automovel;Ileso;2;2;5;4;2;1
Entrada inopinada do pedestre;Colisao traseira;Anoitecer;Chuva;Nao se aplica;Lesoes Graves;1;2;5;4;2;3
Entrada inopinada do pedestre;Colisao traseira;Plena Noite;Ceu Claro;Automovel;Ileso;4;2;5;2;1;1
Entrada inopinada do pedestre;Colisao traseira;Plena Noite;Ceu Claro;Automovel;Lesoes Leves;1;2;5;2;1;1
Entrada inopinada do pedestre;Colisao traseira;Plena Noite;Ceu Claro;Caminhonete;Ileso;1;2;5;2;1;2
Entrada inopinada do pedestre;Colisao traseira;Plena Noite;Ceu Claro;Motocicleta;Lesoes Leves;1;2;5;2;1;1
Entrada inopinada do pedestre;Colisao traseira;Plena Noite;Ceu Claro;Nao se aplica;Ileso;1;2;5;2;1;3
Entrada inopinada do pedestre;Colisao traseira;Plena Noite;Ceu Claro;Nao se aplica;Lesoes Graves;2;2;5;2;1;3
Entrada inopinada do pedestre;Colisao traseira;Pleno dia;Ceu Claro;Motocicleta;Lesoes Leves;1;2;5;1;1;1
Entrada inopinada do pedestre;Colisao traseira;Pleno dia;Ceu Claro;Utilitario;Ileso;1;2;5;1;1;3
Entrada inopinada do pedestre;Colisao traseira;Pleno dia;Chuva;Automovel;Ileso;1;2;5;1;2;1
Entrada inopinada do pedestre;Colisao traseira;Pleno dia;Chuva;Caminhonete;Ileso;6;2;5;1;2;2
Entrada inopinada do pedestre;Colisao traseira;Pleno dia;Chuva;Utilitario;Ileso;3;2;5;1;2;3
Entrada inopinada do pedestre;Colisao traseira;Pleno dia;Nublado;Automovel;Ileso;2;2;5;1;2;1
Entrada inopinada do pedestre;Colisao traseira;Pleno dia;Nublado;Caminhonete;Ileso;4;2;5;1;2;2
Entrada inopinada do pedestre;Colisao traseira;Pleno dia;Nublado;Motocicleta;Lesoes Graves;1;2;5;1;2;1
Entrada inopinada do pedestre;Colisao traseira;Pleno dia;Nublado;Motocicleta;Lesoes Leves;1;2;5;1;2;1
Entrada inopinada do pedestre;Colisao traseira;Pleno dia;Nublado;Nao se aplica;Lesoes Leves;1;2;5;1;2;3
Entrada inopinada do pedestre;Eventos atipicos;Plena Noite;Ceu Claro;Motocicleta;Lesoes Leves;1;2;2;2;1;1
Entrada inopinada do pedestre;Eventos atipicos;Pleno dia;Ceu Claro;Caminhao;Ileso;1;2;2;1;1;2
Entrada inopinada do pedestre;Eventos atipicos;Pleno dia;Ceu Claro;Nao se aplica;Lesoes Leves;1;2;2;1;1;3
Entrada inopinada do pedestre;Eventos atipicos;Pleno dia;Nublado;Nao se aplica;Lesoes Graves;1;2;2;1;2;3
Entrada inopinada do pedestre;Incendio;Plena Noite;Garoa/Chuvisco;Caminhao;Ileso;1;2;2;2;3;2
Entrada inopinada do pedestre;Incendio;Plena Noite;Garoa/Chuvisco;Motocicleta;Lesoes Leves;1;2;2;2;3;1
Entrada inopinada do pedestre;Incendio;Plena Noite;Garoa/Chuvisco;Nao se aplica;Obito;1;2;2;2;3;3
Entrada inopinada do pedestre;Queda de ocupante de veiculo;Amanhecer;Ceu Claro;Motocicleta;Ileso;1;2;5;4;1;1
Entrada inopinada do pedestre;Queda de ocupante de veiculo;Amanhecer;Ceu Claro;Motocicleta;Lesoes Leves;2;2;5;4;1;1
Entrada inopinada do pedestre;Queda de ocupante de veiculo;Amanhecer;Ceu Claro;Nao se aplica;Lesoes Graves;1;2;5;4;1;3
Entrada inopinada do pedestre;Queda de ocupante de veiculo;Amanhecer;Ceu Claro;Nao se aplica;Lesoes Leves;1;2;5;4;1;3
Entrada inopinada do pedestre;Queda de ocupante de veiculo;Amanhecer;Nublado;Motocicleta;Ileso;1;2;5;4;2;1
Entrada inopinada do pedestre;Queda de ocupante de veiculo;Amanhecer;Nublado;Nao se aplica;Lesoes Leves;1;2;5;4;2;3
Entrada inopinada do pedestre;Queda de ocupante de veiculo;Plena Noite;Ceu Claro;Motocicleta;Lesoes Graves;1;2;5;2;1;1
Entrada inopinada do pedestre;Queda de ocupante de veiculo;Plena Noite;Ceu Claro;Motocicleta;Lesoes Leves;4;2;5;2;1;1
Entrada inopinada do pedestre;Queda de ocupante de veiculo;Plena Noite;Ceu Claro;Motocicleta;Obito;1;2;5;2;1;1
Entrada inopinada do pedestre;Queda de ocupante de veiculo;Plena Noite;Ceu Claro;Motoneta;Lesoes Leves;1;2;5;2;1;3
Entrada inopinada do pedestre;Queda de ocupante de veiculo;Plena Noite;Ceu Claro;Nao se aplica;Lesoes Graves;2;2;5;2;1;3
Entrada inopinada do pedestre;Queda de ocupante de veiculo;Plena Noite;Ceu Claro;Nao se aplica;Lesoes Leves;3;2;5;2;1;3
Entrada inopinada do pedestre;Queda de ocupante de veiculo;Plena Noite;Chuva;Motocicleta;Ileso;1;2;5;2;2;1
Entrada inopinada do pedestre;Queda de ocupante de veiculo;Plena Noite;Chuva;Motocicleta;Lesoes Graves;2;2;5;2;2;1
Entrada inopinada do pedestre;Queda de ocupante de veiculo;Plena Noite;Chuva;Nao se aplica;Lesoes Graves;1;2;5;2;2;3
Entrada inopinada do pedestre;Queda de ocupante de veiculo;Plena Noite;Chuva;Nao se aplica;Lesoes Leves;1;2;5;2;2;3
Entrada inopinada do pedestre;Queda de ocupante de veiculo;Plena Noite;Chuva;Nao se aplica;Obito;1;2;5;2;2;3
Entrada inopinada do pedestre;Queda de ocupante de veiculo;Plena Noite;Garoa/Chuvisco;Caminhao;Ileso;1;2;5;2;3;2
Entrada inopinada do pedestre;Queda de ocupante de veiculo;Plena Noite;Garoa/Chuvisco;Motocicleta;Lesoes Leves;1;2;5;2;3;1
Entrada inopinada do pedestre;Queda de ocupante de veiculo;Plena Noite;Garoa/Chuvisco;Nao se aplica;Obito;1;2;5;2;3;3
Entrada inopinada do pedestre;Queda de ocupante de veiculo;Plena Noite;Ignorado;Motocicleta;Lesoes Graves;1;2;5;2;0;1
Entrada inopinada do pedestre;Queda de ocupante de veiculo;Plena Noite;Ignorado;Nao se aplica;Obito;1;2;5;2;0;3
Entrada inopinada do pedestre;Queda de ocupante de veiculo;Plena Noite;Nublado;Motocicleta;Ileso;1;2;5;2;2;1
Entrada inopinada do pedestre;Queda de ocupante de veiculo;Plena Noite;Nublado;Motocicleta;Lesoes Graves;1;2;5;2;2;1
Entrada inopinada do pedestre;Queda de ocupante de veiculo;Plena Noite;Nublado;Motocicleta;Lesoes Leves;4;2;5;2;2;1
Entrada inopinada do pedestre;Queda de ocupante de veiculo;Plena Noite;Nublado;Nao se aplica;Ileso;2;2;5;2;2;3
Entrada inopinada do pedestre;Queda de ocupante de veiculo;Plena Noite;Nublado;Nao se aplica;Lesoes Graves;2;2;5;2;2;3
Entrada inopinada do pedestre;Queda de ocupante de veiculo;Plena Noite;Nublado;Nao se aplica;Lesoes Leves;1;2;5;2;2;3
Entrada inopinada do pedestre;Queda de ocupante de veiculo;Pleno dia;Ceu Claro;Motocicleta;Ileso;2;2;5;1;1;1
Entrada inopinada do pedestre;Queda de ocupante de veiculo;Pleno dia;Ceu Claro;Motocicleta;Lesoes Graves;4;2;5;1;1;1
Entrada inopinada do pedestre;Queda de ocupante de veiculo;Pleno dia;Ceu Claro;Motocicleta;Lesoes Leves;3;2;5;1;1;1
Entrada inopinada do pedestre;Queda de ocupante de veiculo;Pleno dia;Ceu Claro;Nao se aplica;Lesoes Graves;4;2;5;1;1;3
Entrada inopinada do pedestre;Queda de ocupante de veiculo;Pleno dia;Ceu Claro;Nao se aplica;Lesoes Leves;4;2;5;1;1;3
Entrada inopinada do pedestre;Queda de ocupante de veiculo;Pleno dia;Chuva;Motocicleta;Lesoes Leves;1;2;5;1;2;1
Entrada inopinada do pedestre;Queda de ocupante de veiculo;Pleno dia;Chuva;Nao se aplica;Lesoes Leves;1;2;5;1;2;3
Entrada inopinada do pedestre;Queda de ocupante de veiculo;Pleno dia;Garoa/Chuvisco;Motocicleta;Lesoes Graves;2;2;5;1;3;1
Entrada inopinada do pedestre;Queda de ocupante de veiculo;Pleno dia;Ignorado;Automovel;Ileso;1;2;5;1;0;1
Entrada inopinada do pedestre;Queda de ocupante de veiculo;Pleno dia;Ignorado;Motocicleta;Lesoes Leves;1;2;5;1;0;1
Entrada inopinada do pedestre;Queda de ocupante de veiculo;Pleno dia;Nublado;Automovel;Ileso;2;2;5;1;2;1
Entrada inopinada do pedestre;Queda de ocupante de veiculo;Pleno dia;Nublado;Caminhonete;Ileso;4;2;5;1;2;2
Entrada inopinada do pedestre;Queda de ocupante de veiculo;Pleno dia;Nublado;Motocicleta;Lesoes Graves;2;2;5;1;2;1
Entrada inopinada do pedestre;Queda de ocupante de veiculo;Pleno dia;Nublado;Motocicleta;Lesoes Leves;2;2;5;1;2;1
Entrada inopinada do pedestre;Queda de ocupante de veiculo;Pleno dia;Nublado;Motocicleta;Obito;1;2;5;1;2;1
Entrada inopinada do pedestre;Queda de ocupante de veiculo;Pleno dia;Nublado;Nao se aplica;Lesoes Graves;1;2;5;1;2;3
Entrada inopinada do pedestre;Queda de ocupante de veiculo;Pleno dia;Nublado;Nao se aplica;Lesoes Leves;1;2;5;1;2;3
Entrada inopinada do pedestre;Queda de ocupante de veiculo;Pleno dia;Nublado;Nao se aplica;Obito;1;2;5;1;2;3
Entrada inopinada do pedestre;Queda de ocupante de veiculo;Pleno dia;Sol;Motocicleta;Ileso;1;2;5;1;3;1
Entrada inopinada do pedestre;Queda de ocupante de veiculo;Pleno dia;Sol;Motocicleta;Lesoes Leves;1;2;5;1;3;1
Entrada inopinada do pedestre;Queda de ocupante de veiculo;Pleno dia;Sol;Nao se aplica;Lesoes Leves;1;2;5;1;3;3
Entrada inopinada do pedestre;Queda de ocupante de veiculo;Pleno dia;Sol;Nao se aplica;Obito;1;2;5;1;3;3
Entrada inopinada do pedestre;Saida de leito carrocavel;Plena Noite;Ceu Claro;Caminhonete;Ileso;1;2;5;2;1;2
Entrada inopinada do pedestre;Saida de leito carrocavel;Plena Noite;Ceu Claro;Nao se aplica;Obito;1;2;5;2;1;3
Entrada inopinada do pedestre;Saida de leito carrocavel;Plena Noite;Garoa/Chuvisco;Caminhonete;Ileso;1;2;5;2;3;2
Entrada inopinada do pedestre;Saida de leito carrocavel;Plena Noite;Garoa/Chuvisco;Nao se aplica;Lesoes Leves;1;2;5;2;3;3
Entrada inopinada do pedestre;Saida de leito carrocavel;Pleno dia;Ceu Claro;Automovel;Ileso;4;2;5;1;1;1
Entrada inopinada do pedestre;Saida de leito carrocavel;Pleno dia;Ceu Claro;Automovel;Lesoes Leves;2;2;5;1;1;1
Entrada inopinada do pedestre;Saida de leito carrocavel;Pleno dia;Ceu Claro;Caminhonete;Obito;1;2;5;1;1;2
Entrada inopinada do pedestre;Saida de leito carrocavel;Pleno dia;Ceu Claro;Nao se aplica;Ileso;1;2;5;1;1;3
Entrada inopinada do pedestre;Saida de leito carrocavel;Pleno dia;Ceu Claro;Nao se aplica;Obito;1;2;5;1;1;3
Entrada inopinada do pedestre;Saida de leito carrocavel;Pleno dia;Garoa/Chuvisco;Motocicleta;Lesoes Leves;1;2;5;1;3;1
Entrada inopinada do pedestre;Saida de leito carrocavel;Pleno dia;Nublado;Motocicleta;Lesoes Graves;1;2;5;1;2;1
Entrada inopinada do pedestre;Saida de leito carrocavel;Pleno dia;Nublado;Motocicleta;Obito;1;2;5;1;2;1
Entrada inopinada do pedestre;Saida de leito carrocavel;Pleno dia;Nublado;Nao se aplica;Obito;1;2;5;1;2;3
Entrada inopinada do pedestre;Tombamento;Amanhecer;Ceu Claro;Motocicleta;Lesoes Leves;2;2;5;4;1;1
Entrada inopinada do pedestre;Tombamento;Amanhecer;Ceu Claro;Nao se aplica;Lesoes Leves;1;2;5;4;1;3
Entrada inopinada do pedestre;Tombamento;Amanhecer;Nublado;Motocicleta;Ileso;1;2;5;4;2;1
Entrada inopinada do pedestre;Tombamento;Amanhecer;Nublado;Nao se aplica;Lesoes Leves;1;2;5;4;2;3
Entrada inopinada do pedestre;Tombamento;Anoitecer;Ceu Claro;Motocicleta;Lesoes Leves;1;2;5;4;1;1
Entrada inopinada do pedestre;Tombamento;Anoitecer;Ceu Claro;Nao se aplica;Obito;1;2;5;4;1;3
Entrada inopinada do pedestre;Tombamento;Plena Noite;Ceu Claro;Motocicleta;Lesoes Leves;4;2;5;2;1;1
Entrada inopinada do pedestre;Tombamento;Plena Noite;Ceu Claro;Nao se aplica;Lesoes Graves;1;2;5;2;1;3
Entrada inopinada do pedestre;Tombamento;Plena Noite;Ceu Claro;Nao se aplica;Lesoes Leves;2;2;5;2;1;3
Entrada inopinada do pedestre;Tombamento;Plena Noite;Chuva;Motocicleta;Ileso;1;2;5;2;2;1
Entrada inopinada do pedestre;Tombamento;Plena Noite;Chuva;Motocicleta;Lesoes Graves;2;2;5;2;2;1
Entrada inopinada do pedestre;Tombamento;Plena Noite;Chuva;Nao se aplica;Lesoes Graves;1;2;5;2;2;3
Entrada inopinada do pedestre;Tombamento;Plena Noite;Chuva;Nao se aplica;Lesoes Leves;1;2;5;2;2;3
Entrada inopinada do pedestre;Tombamento;Plena Noite;Chuva;Nao se aplica;Obito;1;2;5;2;2;3
Entrada inopinada do pedestre;Tombamento;Plena Noite;Ignorado;Motocicleta;Lesoes Graves;1;2;5;2;0;1
Entrada inopinada do pedestre;Tombamento;Plena Noite;Ignorado;Nao se aplica;Obito;1;2;5;2;0;3
Entrada inopinada do pedestre;Tombamento;Plena Noite;Nublado;Automovel;Ileso;2;2;5;2;2;1
Entrada inopinada do pedestre;Tombamento;Plena Noite;Nublado;Motocicleta;Ileso;1;2;5;2;2;1
Entrada inopinada do pedestre;Tombamento;Plena Noite;Nublado;Motocicleta;Lesoes Graves;1;2;5;2;2;1
Entrada inopinada do pedestre;Tombamento;Plena Noite;Nublado;Motocicleta;Lesoes Leves;6;2;5;2;2;1
Entrada inopinada do pedestre;Tombamento;Plena Noite;Nublado;Nao se aplica;Ileso;2;2;5;2;2;3
Entrada inopinada do pedestre;Tombamento;Plena Noite;Nublado;Nao se aplica;Lesoes Graves;2;2;5;2;2;3
Entrada inopinada do pedestre;Tombamento;Plena Noite;Nublado;Nao se aplica;Lesoes Leves;1;2;5;2;2;3
Entrada inopinada do pedestre;Tombamento;Plena Noite;Nublado;Nao se aplica;Obito;1;2;5;2;2;3
Entrada inopinada do pedestre;Tombamento;Pleno dia;Ceu Claro;Automovel;Ileso;1;2;5;1;1;1
Entrada inopinada do pedestre;Tombamento;Pleno dia;Ceu Claro;Automovel;Lesoes Leves;2;2;5;1;1;1
Entrada inopinada do pedestre;Tombamento;Pleno dia;Ceu Claro;Motocicleta;Ileso;2;2;5;1;1;1
Entrada inopinada do pedestre;Tombamento;Pleno dia;Ceu Claro;Motocicleta;Lesoes Graves;2;2;5;1;1;1
Entrada inopinada do pedestre;Tombamento;Pleno dia;Ceu Claro;Motocicleta;Lesoes Leves;2;2;5;1;1;1
Entrada inopinada do pedestre;Tombamento;Pleno dia;Ceu Claro;Nao se aplica;Lesoes Graves;2;2;5;1;1;3
Entrada inopinada do pedestre;Tombamento;Pleno dia;Ceu Claro;Nao se aplica;Lesoes Leves;3;2;5;1;1;3
Entrada inopinada do pedestre;Tombamento;Pleno dia;Ceu Claro;Nao se aplica;Obito;1;2;5;1;1;3
Entrada inopinada do pedestre;Tombamento;Pleno dia;Chuva;Automovel;Ileso;1;2;5;1;2;1
Entrada inopinada do pedestre;Tombamento;Pleno dia;Chuva;Caminhonete;Ileso;6;2;5;1;2;2
Entrada inopinada do pedestre;Tombamento;Pleno dia;Chuva;Motocicleta;Lesoes Leves;1;2;5;1;2;1
Entrada inopinada do pedestre;Tombamento;Pleno dia;Chuva;Nao se aplica;Lesoes Leves;1;2;5;1;2;3
Entrada inopinada do pedestre;Tombamento;Pleno dia;Chuva;Utilitario;Ileso;3;2;5;1;2;3
Entrada inopinada do pedestre;Tombamento;Pleno dia;Garoa/Chuvisco;Motocicleta;Lesoes Graves;2;2;5;1;3;1
Entrada inopinada do pedestre;Tombamento;Pleno dia;Garoa/Chuvisco;Motocicleta;Lesoes Leves;1;2;5;1;3;1
Entrada inopinada do pedestre;Tombamento;Pleno dia;Ignorado;Automovel;Ileso;1;2;5;1;0;1
Entrada inopinada do pedestre;Tombamento;Pleno dia;Ignorado;Motocicleta;Lesoes Leves;1;2;5;1;0;1
Entrada inopinada do pedestre;Tombamento;Pleno dia;Nublado;Automovel;Ileso;2;2;5;1;2;1
Entrada inopinada do pedestre;Tombamento;Pleno dia;Nublado;Caminhonete;Ileso;4;2;5;1;2;2
Entrada inopinada do pedestre;Tombamento;Pleno dia;Nublado;Motocicleta;Lesoes Graves;2;2;5;1;2;1
Entrada inopinada do pedestre;Tombamento;Pleno dia;Nublado;Motocicleta;Lesoes Leves;2;2;5;1;2;1
Entrada inopinada do pedestre;Tombamento;Pleno dia;Nublado;Motocicleta;Obito;1;2;5;1;2;1
Entrada inopinada do pedestre;Tombamento;Pleno dia;Nublado;Nao se aplica;Lesoes Graves;1;2;5;1;2;3
Entrada inopinada do pedestre;Tombamento;Pleno dia;Nublado;Nao se aplica;Lesoes Leves;1;2;5;1;2;3
Entrada inopinada do pedestre;Tombamento;Pleno dia;Nublado;Nao se aplica;Obito;1;2;5;1;2;3
Entrada inopinada do pedestre;Tombamento;Pleno dia;Sol;Motocicleta;Ileso;1;2;5;1;3;1
Entrada inopinada do pedestre;Tombamento;Pleno dia;Sol;Motocicleta;Lesoes Leves;1;2;5;1;3;1
Entrada inopinada do pedestre;Tombamento;Pleno dia;Sol;Nao se aplica;Lesoes Leves;1;2;5;1;3;3
Entrada inopinada do pedestre;Tombamento;Pleno dia;Sol;Nao se aplica;Obito;1;2;5;1;3;3
Estacionar ou parar em local proibido;Atropelamento de Pedestre;Plena Noite;Chuva;Automovel;Ileso;1;2;4;2;2;1
Estacionar ou parar em local proibido;Atropelamento de Pedestre;Plena Noite;Chuva;Automovel;Lesoes Leves;1;2;4;2;2;1
Estacionar ou parar em local proibido;Atropelamento de Pedestre;Plena Noite;Nublado;Automovel;Ileso;1;2;4;2;2;1
Estacionar ou parar em local proibido;Atropelamento de Pedestre;Pleno dia;Ceu Claro;Automovel;Ileso;1;2;4;1;1;1
Estacionar ou parar em local proibido;Atropelamento de Pedestre;Pleno dia;Ceu Claro;Automovel;Lesoes Leves;1;2;4;1;1;1
Estacionar ou parar em local proibido;Atropelamento de Pedestre;Pleno dia;Ceu Claro;Caminhao;Ileso;1;2;4;1;1;2
Estacionar ou parar em local proibido;Atropelamento de Pedestre;Pleno dia;Ceu Claro;Caminhao;Lesoes Graves;1;2;4;1;1;2
Estacionar ou parar em local proibido;Atropelamento de Pedestre;Pleno dia;Ceu Claro;Caminhao-trator;Ileso;1;2;4;1;1;2
Estacionar ou parar em local proibido;Atropelamento de Pedestre;Pleno dia;Garoa/Chuvisco;Automovel;Ileso;5;2;4;1;3;1
Estacionar ou parar em local proibido;Atropelamento de Pedestre;Pleno dia;Garoa/Chuvisco;Automovel;Lesoes Leves;2;2;4;1;3;1
Estacionar ou parar em local proibido;Capotamento;Anoitecer;Ceu Claro;Automovel;Lesoes Graves;1;2;5;4;1;1
Estacionar ou parar em local proibido;Capotamento;Anoitecer;Ceu Claro;Automovel;Lesoes Leves;2;2;5;4;1;1
Estacionar ou parar em local proibido;Capotamento;Anoitecer;Ceu Claro;Automovel;Obito;1;2;5;4;1;1
Estacionar ou parar em local proibido;Capotamento;Anoitecer;Ceu Claro;Caminhonete;Ileso;1;2;5;4;1;2
Estacionar ou parar em local proibido;Capotamento;Plena Noite;Ceu Claro;Automovel;Ileso;1;2;5;2;1;1
Estacionar ou parar em local proibido;Capotamento;Plena Noite;Ceu Claro;Automovel;Lesoes Leves;2;2;5;2;1;1
Estacionar ou parar em local proibido;Capotamento;Plena Noite;Ceu Claro;Caminhao;Ileso;1;2;5;2;1;2
Estacionar ou parar em local proibido;Capotamento;Pleno dia;Nublado;Caminhonete;Ileso;2;2;5;1;2;2
Estacionar ou parar em local proibido;Capotamento;Pleno dia;Nublado;Caminhonete;Lesoes Leves;1;2;5;1;2;2
Estacionar ou parar em local proibido;Capotamento;Pleno dia;Nublado;Micro-onibus;Ileso;2;2;5;1;2;4
Estacionar ou parar em local proibido;Colisao com objeto;Amanhecer;Ceu Claro;Motocicleta;Lesoes Graves;1;2;5;4;1;1
Estacionar ou parar em local proibido;Colisao com objeto;Amanhecer;Nublado;Caminhao-trator;Ileso;1;2;5;4;2;2
Estacionar ou parar em local proibido;Colisao com objeto;Amanhecer;Nublado;Caminhonete;Ileso;1;2;5;4;2;2
Estacionar ou parar em local proibido;Colisao com objeto;Amanhecer;Nublado;Caminhonete;Lesoes Leves;4;2;5;4;2;2
Estacionar ou parar em local proibido;Colisao com objeto;Anoitecer;Ceu Claro;Automovel;Lesoes Graves;1;2;5;4;1;1
Estacionar ou parar em local proibido;Colisao com objeto;Anoitecer;Ceu Claro;Automovel;Lesoes Leves;2;2;5;4;1;1
Estacionar ou parar em local proibido;Colisao com objeto;Anoitecer;Ceu Claro;Automovel;Obito;1;2;5;4;1;1
Estacionar ou parar em local proibido;Colisao com objeto;Anoitecer;Ceu Claro;Caminhonete;Ileso;1;2;5;4;1;2
Estacionar ou parar em local proibido;Colisao com objeto;Plena Noite;Ceu Claro;Automovel;Ileso;1;2;5;2;1;1
Estacionar ou parar em local proibido;Colisao com objeto;Plena Noite;Ceu Claro;Caminhao-trator;Ileso;1;2;5;2;1;2
Estacionar ou parar em local proibido;Colisao com objeto;Plena Noite;Ceu Claro;Motocicleta;Lesoes Graves;1;2;5;2;1;1
Estacionar ou parar em local proibido;Colisao com objeto;Plena Noite;Ceu Claro;Motocicleta;Obito;1;2;5;2;1;1
Estacionar ou parar em local proibido;Colisao com objeto;Plena Noite;Nublado;Automovel;Ileso;1;2;5;2;2;1
Estacionar ou parar em local proibido;Colisao com objeto;Plena Noite;Nublado;Automovel;Lesoes Graves;1;2;5;2;2;1
Estacionar ou parar em local proibido;Colisao com objeto;Plena Noite;Nublado;Automovel;Lesoes Leves;3;2;5;2;2;1
Estacionar ou parar em local proibido;Colisao com objeto;Plena Noite;Nublado;Caminhonete;Ileso;1;2;5;2;2;2
Estacionar ou parar em local proibido;Colisao com objeto;Plena Noite;Nublado;Caminhonete;Lesoes Leves;1;2;5;2;2;2
Estacionar ou parar em local proibido;Colisao com objeto;Plena Noite;Nublado;Motocicleta;Ileso;1;2;5;2;2;1
Estacionar ou parar em local proibido;Colisao com objeto;Plena Noite;Nublado;Motoneta;Lesoes Graves;2;2;5;2;2;3
Estacionar ou parar em local proibido;Colisao com objeto;Pleno dia;Ceu Claro;Automovel;Ileso;4;2;5;1;1;1
Estacionar ou parar em local proibido;Colisao com objeto;Pleno dia;Ceu Claro;Caminhao;Ileso;3;2;5;1;1;2
Estacionar ou parar em local proibido;Colisao com objeto;Pleno dia;Ceu Claro;Caminhao;Lesoes Leves;2;2;5;1;1;2
Estacionar ou parar em local proibido;Colisao com objeto;Pleno dia;Ceu Claro;Nao se aplica;Lesoes Leves;1;2;5;1;1;3
Estacionar ou parar em local proibido;Colisao com objeto;Pleno dia;Nublado;Automovel;Ileso;2;2;5;1;2;1
Estacionar ou parar em local proibido;Colisao com objeto;Pleno dia;Nublado;Automovel;Lesoes Leves;2;2;5;1;2;1
Estacionar ou parar em local proibido;Colisao com objeto;Pleno dia;Nublado;Caminhao-trator;Ileso;1;2;5;1;2;2
Estacionar ou parar em local proibido;Colisao com objeto;Pleno dia;Sol;Automovel;Ileso;1;2;5;1;3;1
Estacionar ou parar em local proibido;Colisao com objeto;Pleno dia;Sol;Automovel;Lesoes Leves;1;2;5;1;3;1
Estacionar ou parar em local proibido;Colisao frontal;Plena Noite;Ceu Claro;Automovel;Ileso;1;2;5;2;1;1