causa_acidente;tipo_acidente;fase_dia;condicao_metereologica;tipo_veiculo;estado_fisico;count;causa_acidente_criterios;tipo_acidente_criterios;fase_dia_criterios;condicao_metereologica_criterios;tipo_veiculo_criterios
Estacionar ou parar em local proibido;Colisao frontal;Plena Noite;Ceu Claro;Automovel;Lesoes Graves;1;2;5;2;1;1
Estacionar ou parar em local proibido;Colisao frontal;Plena Noite;Ceu Claro;Automovel;Lesoes Leves;1;2;5;2;1;1
Estacionar ou parar em local proibido;Colisao frontal;Plena Noite;Garoa/Chuvisco;Caminhao;Lesoes Graves;2;2;5;2;3;2
Estacionar ou parar em local proibido;Colisao frontal;Plena Noite;Nublado;Automovel;Lesoes Graves;3;2;5;2;2;1
Estacionar ou parar em local proibido;Colisao frontal;Plena Noite;Nublado;Automovel;Lesoes Leves;3;2;5;2;2;1
Estacionar ou parar em local proibido;Colisao frontal;Plena Noite;Nublado;Caminhao;Ileso;1;2;5;2;2;2
Estacionar ou parar em local proibido;Colisao frontal;Plena Noite;Nublado;Caminhonete;Lesoes Leves;1;2;5;2;2;2
Estacionar ou parar em local proibido;Colisao frontal;Plena Noite;Nublado;Motocicleta;Ileso;1;2;5;2;2;1
Estacionar ou parar em local proibido;Colisao frontal;Pleno dia;Chuva;Caminhao;Lesoes Leves;1;2;5;1;2;2
Estacionar ou parar em local proibido;Colisao frontal;Pleno dia;Chuva;Caminhao-trator;Ileso;2;2;5;1;2;2
Estacionar ou parar em local proibido;Colisao frontal;Pleno dia;Chuva;Caminhao-trator;Lesoes Leves;1;2;5;1;2;2
Estacionar ou parar em local proibido;Colisao frontal;Pleno dia;Sol;Caminhao-trator;Ileso;1;2;5;1;3;2
Estacionar ou parar em local proibido;Colisao frontal;Pleno dia;Sol;Caminhonete;Obito;2;2;5;1;3;2
Estacionar ou parar em local proibido;Colisao lateral mesmo sentido;Plena Noite;Ceu Claro;Caminhao;Lesoes Leves;1;2;5;2;1;2
Estacionar ou parar em local proibido;Colisao lateral mesmo sentido;Pleno dia;Ceu Claro;Automovel;Ileso;1;2;5;1;1;1
Estacionar ou parar em local proibido;Colisao lateral mesmo sentido;Pleno dia;Ceu Claro;Caminhonete;Ileso;1;2;5;1;1;2
Estacionar ou parar em local proibido;Colisao lateral mesmo sentido;Pleno dia;Ceu Claro;Motocicleta;Lesoes Leves;3;2;5;1;1;1
Estacionar ou parar em local proibido;Colisao lateral mesmo sentido;Pleno dia;Ceu Claro;Onibus;Ileso;3;2;5;1;1;3
Estacionar ou parar em local proibido;Colisao lateral mesmo sentido;Pleno dia;Chuva;Caminhao;Ileso;1;2;5;1;2;2
Estacionar ou parar em local proibido;Colisao lateral mesmo sentido;Pleno dia;Chuva;Motocicleta;Lesoes Leves;1;2;5;1;2;1
Estacionar ou parar em local proibido;Colisao lateral mesmo sentido;Pleno dia;Ignorado;Automovel;Ileso;1;2;5;1;0;1
Estacionar ou parar em local proibido;Colisao lateral mesmo sentido;Pleno dia;Ignorado;Motocicleta;Lesoes Leves;1;2;5;1;0;1
Estacionar ou parar em local proibido;Colisao lateral mesmo sentido;Pleno dia;Nublado;Caminhao-trator;Ileso;2;2;5;1;2;2
Estacionar ou parar em local proibido;Colisao lateral mesmo sentido;Pleno dia;Nublado;Caminhonete;Ileso;2;2;5;1;2;2
Estacionar ou parar em local proibido;Colisao lateral mesmo sentido;Pleno dia;Nublado;Caminhonete;Lesoes Leves;1;2;5;1;2;2
Estacionar ou parar em local proibido;Colisao lateral mesmo sentido;Pleno dia;Nublado;Micro-onibus;Ileso;2;2;5;1;2;4
Estacionar ou parar em local proibido;Colisao lateral mesmo sentido;Pleno dia;Nublado;Nao Informado;Ileso;2;2;5;1;2;3
Estacionar ou parar em local proibido;Colisao lateral mesmo sentido;Pleno dia;Nublado;Onibus;Ileso;1;2;5;1;2;3
Estacionar ou parar em local proibido;Colisao lateral mesmo sentido;Pleno dia;Nublado;Onibus;Lesoes Leves;1;2;5;1;2;3
Estacionar ou parar em local proibido;Colisao lateral sentido oposto;Plena Noite;Ceu Claro;Automovel;Ileso;1;2;4;2;1;1
Estacionar ou parar em local proibido;Colisao lateral sentido oposto;Plena Noite;Ceu Claro;Caminhonete;Ileso;1;2;4;2;1;2
Estacionar ou parar em local proibido;Colisao lateral sentido oposto;Plena Noite;Garoa/Chuvisco;Automovel;Lesoes Leves;1;2;4;2;3;1
Estacionar ou parar em local proibido;Colisao lateral sentido oposto;Plena Noite;Garoa/Chuvisco;Caminhonete;Ileso;1;2;4;2;3;2
Estacionar ou parar em local proibido;Colisao lateral sentido oposto;Pleno dia;Garoa/Chuvisco;Automovel;Ileso;5;2;4;1;3;1
Estacionar ou parar em local proibido;Colisao lateral sentido oposto;Pleno dia;Garoa/Chuvisco;Automovel;Lesoes Leves;2;2;4;1;3;1
Estacionar ou parar em local proibido;Colisao lateral sentido oposto;Pleno dia;Nublado;Caminhao-trator;Ileso;1;2;4;1;2;2
Estacionar ou parar em local proibido;Colisao lateral sentido oposto;Pleno dia;Nublado;Caminhao-trator;Lesoes Leves;2;2;4;1;2;2
Estacionar ou parar em local proibido;Colisao lateral sentido oposto;Pleno dia;Nublado;Onibus;Ileso;1;2;4;1;2;3
Estacionar ou parar em local proibido;Colisao lateral sentido oposto;Pleno dia;Nublado;Onibus;Lesoes Leves;25;2;4;1;2;3
Estacionar ou parar em local proibido;Colisao transversal;Plena Noite;Ceu Claro;Caminhao;Ileso;1;2;5;2;1;2
Estacionar ou parar em local proibido;Colisao transversal;Plena Noite;Ceu Claro;Caminhao;Lesoes Leves;1;2;5;2;1;2
Estacionar ou parar em local proibido;Colisao transversal;Plena Noite;Ceu Claro;Caminhao-trator;Ileso;1;2;5;2;1;2
Estacionar ou parar em local proibido;Colisao transversal;Plena Noite;Ceu Claro;Motocicleta;Ileso;1;2;5;2;1;1
Estacionar ou parar em local proibido;Colisao transversal;Plena Noite;Ceu Claro;Motoneta;Lesoes Leves;2;2;5;2;1;3
Estacionar ou parar em local proibido;Colisao transversal;Plena Noite;Ceu Claro;Utilitario;Ileso;1;2;5;2;1;3
Estacionar ou parar em local proibido;Colisao transversal;Plena Noite;Chuva;Automovel;Ileso;5;2;5;2;2;1
Estacionar ou parar em local proibido;Colisao transversal;Plena Noite;Chuva;Automovel;Lesoes Leves;1;2;5;2;2;1
Estacionar ou parar em local proibido;Colisao transversal;Plena Noite;Chuva;Caminhao;Ileso;1;2;5;2;2;2
Estacionar ou parar em local proibido;Colisao transversal;Plena Noite;Chuva;Caminhonete;Ileso;1;2;5;2;2;2
Estacionar ou parar em local proibido;Colisao transversal;Pleno dia;Ceu Claro;Automovel;Ileso;4;2;5;1;1;1
Estacionar ou parar em local proibido;Colisao transversal;Pleno dia;Ceu Claro;Caminhao;Ileso;2;2;5;1;1;2
Estacionar ou parar em local proibido;Colisao transversal;Pleno dia;Ceu Claro;Caminhao;Lesoes Leves;2;2;5;1;1;2
Estacionar ou parar em local proibido;Colisao transversal;Pleno dia;Garoa/Chuvisco;Automovel;Ileso;5;2;5;1;3;1
Estacionar ou parar em local proibido;Colisao transversal;Pleno dia;Garoa/Chuvisco;Automovel;Lesoes Leves;2;2;5;1;3;1
Estacionar ou parar em local proibido;Colisao traseira;Amanhecer;Ceu Claro;Automovel;Ileso;4;2;5;4;1;1
Estacionar ou parar em local proibido;Colisao traseira;Amanhecer;Ceu Claro;Automovel;Lesoes Graves;1;2;5;4;1;1
Estacionar ou parar em local proibido;Colisao traseira;Amanhecer;Ceu Claro;Automovel;Lesoes Leves;1;2;5;4;1;1
Estacionar ou parar em local proibido;Colisao traseira;Amanhecer;Ceu Claro;Caminhao;Ileso;1;2;5;4;1;2
Estacionar ou parar em local proibido;Colisao traseira;Amanhecer;Ceu Claro;Caminhao;Lesoes Leves;1;2;5;4;1;2
Estacionar ou parar em local proibido;Colisao traseira;Amanhecer;Ceu Claro;Caminhao-trator;Ileso;1;2;5;4;1;2
Estacionar ou parar em local proibido;Colisao traseira;Amanhecer;Ceu Claro;Caminhonete;Ileso;2;2;5;4;1;2
Estacionar ou parar em local proibido;Colisao traseira;Amanhecer;Ceu Claro;Motocicleta;Lesoes Leves;2;2;5;4;1;1
Estacionar ou parar em local proibido;Colisao traseira;Amanhecer;Nublado;Caminhao-trator;Ileso;1;2;5;4;2;2
Estacionar ou parar em local proibido;Colisao traseira;Amanhecer;Nublado;Caminhonete;Lesoes Leves;1;2;5;4;2;2
Estacionar ou parar em local proibido;Colisao traseira;Amanhecer;Sol;Caminhao;Lesoes Graves;1;2;5;4;3;2
Estacionar ou parar em local proibido;Colisao traseira;Amanhecer;Sol;Caminhao-trator;Ileso;1;2;5;4;3;2
Estacionar ou parar em local proibido;Colisao traseira;Anoitecer;Nublado;Caminhonete;Ileso;1;2;5;4;2;2
Estacionar ou parar em local proibido;Colisao traseira;Anoitecer;Nublado;Utilitario;Lesoes Leves;1;2;5;4;2;3
Estacionar ou parar em local proibido;Colisao traseira;Plena Noite;Ceu Claro;Automovel;Ileso;6;2;5;2;1;1
Estacionar ou parar em local proibido;Colisao traseira;Plena Noite;Ceu Claro;Automovel;Lesoes Graves;2;2;5;2;1;1
Estacionar ou parar em local proibido;Colisao traseira;Plena Noite;Ceu Claro;Automovel;Lesoes Leves;4;2;5;2;1;1
Estacionar ou parar em local proibido;Colisao traseira;Plena Noite;Ceu Claro;Automovel;Obito;1;2;5;2;1;1
Estacionar ou parar em local proibido;Colisao traseira;Plena Noite;Ceu Claro;Caminhao;Ileso;4;2;5;2;1;2
Estacionar ou parar em local proibido;Colisao traseira;Plena Noite;Ceu Claro;Caminhao;Lesoes Graves;2;2;5;2;1;2
Estacionar ou parar em local proibido;Colisao traseira;Plena Noite;Ceu Claro;Caminhao;Lesoes Leves;2;2;5;2;1;2
Estacionar ou parar em local proibido;Colisao traseira;Plena Noite;Ceu Claro;Caminhao-trator;Ileso;8;2;5;2;1;2
Estacionar ou parar em local proibido;Colisao traseira;Plena Noite;Ceu Claro;Caminhao-trator;Lesoes Leves;2;2;5;2;1;2
Estacionar ou parar em local proibido;Colisao traseira;Plena Noite;Ceu Claro;Caminhao-trator;Obito;1;2;5;2;1;2
Estacionar ou parar em local proibido;Colisao traseira;Plena Noite;Ceu Claro;Caminhonete;Lesoes Graves;2;2;5;2;1;2
Estacionar ou parar em local proibido;Colisao traseira;Plena Noite;Ceu Claro;Caminhonete;Lesoes Leves;2;2;5;2;1;2
Estacionar ou parar em local proibido;Colisao traseira;Plena Noite;Ceu Claro;Motocicleta;Ileso;1;2;5;2;1;1
Estacionar ou parar em local proibido;Colisao traseira;Plena Noite;Ceu Claro;Motocicleta;Lesoes Graves;9;2;5;2;1;1
Estacionar ou parar em local proibido;Colisao traseira;Plena Noite;Ceu Claro;Motocicleta;Lesoes Leves;3;2;5;2;1;1
Estacionar ou parar em local proibido;Colisao traseira;Plena Noite;Ceu Claro;Motocicleta;Obito;1;2;5;2;1;1
Estacionar ou parar em local proibido;Colisao traseira;Plena Noite;Ceu Claro;Onibus;Ileso;1;2;5;2;1;3
Estacionar ou parar em local proibido;Colisao traseira;Plena Noite;Ceu Claro;Utilitario;Ileso;1;2;5;2;1;3
Estacionar ou parar em local proibido;Colisao traseira;Plena Noite;Chuva;Automovel;Ileso;3;2;5;2;2;1
Estacionar ou parar em local proibido;Colisao traseira;Plena Noite;Chuva;Automovel;Lesoes Leves;5;2;5;2;2;1
Estacionar ou parar em local proibido;Colisao traseira;Plena Noite;Chuva;Caminhao;Ileso;1;2;5;2;2;2
Estacionar ou parar em local proibido;Colisao traseira;Plena Noite;Chuva;Caminhonete;Ileso;1;2;5;2;2;2
Estacionar ou parar em local proibido;Colisao traseira;Plena Noite;Chuva;Caminhonete;Lesoes Graves;1;2;5;2;2;2
Estacionar ou parar em local proibido;Colisao traseira;Plena Noite;Chuva;Micro-onibus;Ileso;1;2;5;2;2;4
Estacionar ou parar em local proibido;Colisao traseira;Plena Noite;Chuva;Motocicleta;Lesoes Leves;1;2;5;2;2;1
Estacionar ou parar em local proibido;Colisao traseira;Plena Noite;Ignorado;Caminhao-trator;Ileso;2;2;5;2;0;2
Estacionar ou parar em local proibido;Colisao traseira;Plena Noite;Ignorado;Motocicleta;Lesoes Leves;1;2;5;2;0;1
Estacionar ou parar em local proibido;Colisao traseira;Plena Noite;Ignorado;Motocicleta;Obito;2;2;5;2;0;1
Estacionar ou parar em local proibido;Colisao traseira;Plena Noite;Ignorado;Onibus;Ileso;2;2;5;2;0;3
Estacionar ou parar em local proibido;Colisao traseira;Plena Noite;Nublado;Automovel;Ileso;4;2;5;2;2;1
Estacionar ou parar em local proibido;Colisao traseira;Plena Noite;Nublado;Caminhao;Ileso;2;2;5;2;2;2
Estacionar ou parar em local proibido;Colisao traseira;Plena Noite;Nublado;Caminhao-trator;Ileso;2;2;5;2;2;2
Estacionar ou parar em local proibido;Colisao traseira;Plena Noite;Nublado;Caminhonete;Ileso;3;2;5;2;2;2
Estacionar ou parar em local proibido;Colisao traseira;Plena Noite;Nublado;Motocicleta;Lesoes Graves;1;2;5;2;2;1
Estacionar ou parar em local proibido;Colisao traseira;Plena Noite;Nublado;Motocicleta;Lesoes Leves;2;2;5;2;2;1
Estacionar ou parar em local proibido;Colisao traseira;Plena Noite;Nublado;Motocicleta;Obito;3;2;5;2;2;1
Estacionar ou parar em local proibido;Colisao traseira;Pleno dia;Ceu Claro;Automovel;Ileso;11;2;5;1;1;1
Estacionar ou parar em local proibido;Colisao traseira;Pleno dia;Ceu Claro;Automovel;Lesoes Graves;2;2;5;1;1;1
Estacionar ou parar em local proibido;Colisao traseira;Pleno dia;Ceu Claro;Automovel;Lesoes Leves;2;2;5;1;1;1
Estacionar ou parar em local proibido;Colisao traseira;Pleno dia;Ceu Claro;Bicicleta;Lesoes Leves;1;2;5;1;1;3
Estacionar ou parar em local proibido;Colisao traseira;Pleno dia;Ceu Claro;Caminhao;Ileso;5;2;5;1;1;2
Estacionar ou parar em local proibido;Colisao traseira;Pleno dia;Ceu Claro;Caminhao;Lesoes Graves;1;2;5;1;1;2
Estacionar ou parar em local proibido;Colisao traseira;Pleno dia;Ceu Claro;Caminhao;Lesoes Leves;2;2;5;1;1;2
Estacionar ou parar em local proibido;Colisao traseira;Pleno dia;Ceu Claro;Caminhao-trator;Ileso;1;2;5;1;1;2
Estacionar ou parar em local proibido;Colisao traseira;Pleno dia;Ceu Claro;Caminhonete;Ileso;2;2;5;1;1;2
Estacionar ou parar em local proibido;Colisao traseira;Pleno dia;Ceu Claro;Motocicleta;Lesoes Graves;6;2;5;1;1;1
Estacionar ou parar em local proibido;Colisao traseira;Pleno dia;Ceu Claro;Motocicleta;Lesoes Leves;8;2;5;1;1;1
Estacionar ou parar em local proibido;Colisao traseira;Pleno dia;Ceu Claro;Nao Informado;Ileso;1;2;5;1;1;3
Estacionar ou parar em local proibido;Colisao traseira;Pleno dia;Ceu Claro;Onibus;Ileso;1;2;5;1;1;3
Estacionar ou parar em local proibido;Colisao traseira;Pleno dia;Chuva;Automovel;Ileso;12;2;5;1;2;1
Estacionar ou parar em local proibido;Colisao traseira;Pleno dia;Chuva;Automovel;Lesoes Leves;1;2;5;1;2;1
Estacionar ou parar em local proibido;Colisao traseira;Pleno dia;Chuva;Caminhao;Lesoes Leves;1;2;5;1;2;2
Estacionar ou parar em local proibido;Colisao traseira;Pleno dia;Chuva;Caminhao;Obito;1;2;5;1;2;2
Estacionar ou parar em local proibido;Colisao traseira;Pleno dia;Chuva;Caminhao-trator;Ileso;4;2;5;1;2;2
Estacionar ou parar em local proibido;Colisao traseira;Pleno dia;Chuva;Caminhao-trator;Lesoes Leves;1;2;5;1;2;2
Estacionar ou parar em local proibido;Colisao traseira;Pleno dia;Chuva;Ciclomotor;Ileso;1;2;5;1;2;4
Estacionar ou parar em local proibido;Colisao traseira;Pleno dia;Chuva;Motocicleta;Lesoes Leves;2;2;5;1;2;1
Estacionar ou parar em local proibido;Colisao traseira;Pleno dia;Chuva;Utilitario;Ileso;1;2;5;1;2;3
Estacionar ou parar em local proibido;Colisao traseira;Pleno dia;Nublado;Automovel;Ileso;5;2;5;1;2;1
Estacionar ou parar em local proibido;Colisao traseira;Pleno dia;Nublado;Automovel;Lesoes Leves;5;2;5;1;2;1
Estacionar ou parar em local proibido;Colisao traseira;Pleno dia;Nublado;Caminhao-trator;Ileso;4;2;5;1;2;2
Estacionar ou parar em local proibido;Colisao traseira;Pleno dia;Nublado;Caminhao-trator;Lesoes Leves;4;2;5;1;2;2
Estacionar ou parar em local proibido;Colisao traseira;Pleno dia;Nublado;Caminhonete;Ileso;3;2;5;1;2;2
Estacionar ou parar em local proibido;Colisao traseira;Pleno dia;Nublado;Caminhonete;Lesoes Leves;1;2;5;1;2;2
Estacionar ou parar em local proibido;Colisao traseira;Pleno dia;Nublado;Micro-onibus;Ileso;2;2;5;1;2;4
Estacionar ou parar em local proibido;Colisao traseira;Pleno dia;Nublado;Motocicleta;Lesoes Graves;3;2;5;1;2;1
Estacionar ou parar em local proibido;Colisao traseira;Pleno dia;Nublado;Motocicleta;Lesoes Leves;2;2;5;1;2;1
Estacionar ou parar em local proibido;Colisao traseira;Pleno dia;Nublado;Motocicleta;Obito;1;2;5;1;2;1
Estacionar ou parar em local proibido;Colisao traseira;Pleno dia;Nublado;Nao Informado;Ileso;1;2;5;1;2;3
Estacionar ou parar em local proibido;Colisao traseira;Pleno dia;Nublado;Onibus;Ileso;3;2;5;1;2;3
Estacionar ou parar em local proibido;Colisao traseira;Pleno dia;Nublado;Onibus;Lesoes Leves;50;2;5;1;2;3
Estacionar ou parar em local proibido;Colisao traseira;Pleno dia;Sol;Automovel;Ileso;2;2;5;1;3;1
Estacionar ou parar em local proibido;Colisao traseira;Pleno dia;Sol;Automovel;Lesoes Leves;1;2;5;1;3;1
Estacionar ou parar em local proibido;Colisao traseira;Pleno dia;Sol;Caminhonete;Ileso;2;2;5;1;3;2
Estacionar ou parar em local proibido;Colisao traseira;Pleno dia;Sol;Motocicleta;Lesoes Leves;1;2;5;1;3;1
Estacionar ou parar em local proibido;Derramamento de carga;Plena Noite;Ceu Claro;Automovel;Ileso;1;2;3;2;1;1
Estacionar ou parar em local proibido;Derramamento de carga;Plena Noite;Ceu Claro;Automovel;Lesoes Leves;2;2;3;2;1;1
Estacionar ou parar em local proibido;Derramamento de carga;Plena Noite;Ceu Claro;Caminhao;Ileso;1;2;3;2;1;2
Estacionar ou parar em local proibido;Derramamento de carga;Plena Noite;Ceu Claro;Caminhao-trator;Ileso;2;2;3;2;1;2
Estacionar ou parar em local proibido;Derramamento de carga;Plena Noite;Ceu Claro;Caminhao-trator;Lesoes Leves;1;2;3;2;1;2
Estacionar ou parar em local proibido;Derramamento de carga;Plena Noite;Chuva;Caminhao-trator;Ileso;2;2;3;2;2;2
Estacionar ou parar em local proibido;Derramamento de carga;Pleno dia;Ceu Claro;Caminhao-trator;Lesoes Leves;1;2;3;1;1;2
Estacionar ou parar em local proibido;Derramamento de carga;Pleno dia;Chuva;Automovel;Ileso;11;2;3;1;2;1
Estacionar ou parar em local proibido;Derramamento de carga;Pleno dia;Chuva;Automovel;Lesoes Leves;1;2;3;1;2;1
Estacionar ou parar em local proibido;Derramamento de carga;Pleno dia;Chuva;Caminhao-trator;Ileso;1;2;3;1;2;2
Estacionar ou parar em local proibido;Derramamento de carga;Pleno dia;Chuva;Ciclomotor;Ileso;1;2;3;1;2;4
Estacionar ou parar em local proibido;Derramamento de carga;Pleno dia;Chuva;Utilitario;Ileso;1;2;3;1;2;3
Estacionar ou parar em local proibido;Engavetamento;Plena Noite;Ceu Claro;Automovel;Ileso;4;2;3;2;1;1
Estacionar ou parar em local proibido;Engavetamento;Plena Noite;Ceu Claro;Automovel;Lesoes Leves;4;2;3;2;1;1
Estacionar ou parar em local proibido;Engavetamento;Plena Noite;Ceu Claro;Caminhao-trator;Ileso;2;2;3;2;1;2
Estacionar ou parar em local proibido;Eventos atipicos;Plena Noite;Ceu Claro;Automovel;Ileso;1;2;2;2;1;1
Estacionar ou parar em local proibido;Eventos atipicos;Plena Noite;Ceu Claro;Caminhonete;Ileso;1;2;2;2;1;2
Estacionar ou parar em local proibido;Eventos atipicos;Plena Noite;Chuva;Caminhao-trator;Ileso;2;2;2;2;2;2
Estacionar ou parar em local proibido;Eventos atipicos;Pleno dia;Ceu Claro;Nao se aplica;Lesoes Graves;1;2;2;1;1;3
Estacionar ou parar em local proibido;Eventos atipicos;Pleno dia;Ceu Claro;Onibus;Ileso;1;2;2;1;1;3
Estacionar ou parar em local proibido;Incendio;Plena Noite;Ceu Claro;Caminhao;Ileso;1;2;2;2;1;2
Estacionar ou parar em local proibido;Incendio;Plena Noite;Ceu Claro;Caminhao;Lesoes Leves;1;2;2;2;1;2
Estacionar ou parar em local proibido;Incendio;Plena Noite;Ceu Claro;Caminhao-trator;Obito;1;2;2;2;1;2
Estacionar ou parar em local proibido;Incendio;Pleno dia;Ceu Claro;Automovel;Ileso;1;2;2;1;1;1
Estacionar ou parar em local proibido;Queda de ocupante de veiculo;Amanhecer;Ceu Claro;Automovel;Ileso;1;2;5;4;1;1
Estacionar ou parar em local proibido;Queda de ocupante de veiculo;Amanhecer;Ceu Claro;Motocicleta;Lesoes Graves;1;2;5;4;1;1
Estacionar ou parar em local proibido;Queda de ocupante de veiculo;Amanhecer;Ceu Claro;Motocicleta;Lesoes Leves;1;2;5;4;1;1
Estacionar ou parar em local proibido;Queda de ocupante de veiculo;Amanhecer;Ceu Claro;Motoneta;Lesoes Graves;1;2;5;4;1;3
Estacionar ou parar em local proibido;Queda de ocupante de veiculo;Amanhecer;Ceu Claro;Motoneta;Lesoes Leves;1;2;5;4;1;3
Estacionar ou parar em local proibido;Queda de ocupante de veiculo;Plena Noite;Ceu Claro;Automovel;Ileso;4;2;5;2;1;1
Estacionar ou parar em local proibido;Queda de ocupante de veiculo;Plena Noite;Ceu Claro;Caminhao;Ileso;1;2;5;2;1;2
Estacionar ou parar em local proibido;Queda de ocupante de veiculo;Plena Noite;Ceu Claro;Caminhao-trator;Ileso;1;2;5;2;1;2
Estacionar ou parar em local proibido;Queda de ocupante de veiculo;Plena Noite;Ceu Claro;Motocicleta;Lesoes Graves;5;2;5;2;1;1
Estacionar ou parar em local proibido;Queda de ocupante de veiculo;Plena Noite;Ceu Claro;Motocicleta;Lesoes Leves;1;2;5;2;1;1
Estacionar ou parar em local proibido;Queda de ocupante de veiculo;Plena Noite;Ceu Claro;Motocicleta;Obito;1;2;5;2;1;1
Estacionar ou parar em local proibido;Queda de ocupante de veiculo;Plena Noite;Ceu Claro;Motoneta;Lesoes Leves;2;2;5;2;1;3
Estacionar ou parar em local proibido;Queda de ocupante de veiculo;Plena Noite;Ignorado;Motocicleta;Lesoes Leves;1;2;5;2;0;1
Estacionar ou parar em local proibido;Queda de ocupante de veiculo;Plena Noite;Ignorado;Motocicleta;Obito;1;2;5;2;0;1
Estacionar ou parar em local proibido;Queda de ocupante de veiculo;Plena Noite;Nublado;Automovel;Lesoes Graves;1;2;5;2;2;1
Estacionar ou parar em local proibido;Queda de ocupante de veiculo;Plena Noite;Nublado;Automovel;Lesoes Leves;3;2;5;2;2;1
Estacionar ou parar em local proibido;Queda de ocupante de veiculo;Plena Noite;Nublado;Caminhao;Ileso;1;2;5;2;2;2
Estacionar ou parar em local proibido;Queda de ocupante de veiculo;Plena Noite;Nublado;Caminhao-trator;Ileso;1;2;5;2;2;2
Estacionar ou parar em local proibido;Queda de ocupante de veiculo;Plena Noite;Nublado;Caminhonete;Ileso;1;2;5;2;2;2
Estacionar ou parar em local proibido;Queda de ocupante de veiculo;Plena Noite;Nublado;Caminhonete;Lesoes Leves;1;2;5;2;2;2
Estacionar ou parar em local proibido;Queda de ocupante de veiculo;Plena Noite;Nublado;Motocicleta;Ileso;1;2;5;2;2;1
Estacionar ou parar em local proibido;Queda de ocupante de veiculo;Plena Noite;Nublado;Motocicleta;Obito;2;2;5;2;2;1
Estacionar ou parar em local proibido;Queda de ocupante de veiculo;Plena Noite;Nublado;Motoneta;Lesoes Graves;2;2;5;2;2;3
Estacionar ou parar em local proibido;Queda de ocupante de veiculo;Pleno dia;Ceu Claro;Automovel;Ileso;3;2;5;1;1;1
Estacionar ou parar em local proibido;Queda de ocupante de veiculo;Pleno dia;Ceu Claro;Automovel;Lesoes Graves;1;2;5;1;1;1
Estacionar ou parar em local proibido;Queda de ocupante de veiculo;Pleno dia;Ceu Claro;Motocicleta;Lesoes Graves;3;2;5;1;1;1
Estacionar ou parar em local proibido;Queda de ocupante de veiculo;Pleno dia;Ceu Claro;Motocicleta;Lesoes Leves;6;2;5;1;1;1
Estacionar ou parar em local proibido;Queda de ocupante de veiculo;Pleno dia;Ceu Claro;Onibus;Ileso;1;2;5;1;1;3
Estacionar ou parar em local proibido;Queda de ocupante de veiculo;Pleno dia;Ceu Claro;Triciclo;Lesoes Leves;1;2;5;1;1;5
Estacionar ou parar em local proibido;Queda de ocupante de veiculo;Pleno dia;Chuva;Automovel;Ileso;1;2;5;1;2;1
Estacionar ou parar em local proibido;Queda de ocupante de veiculo;Pleno dia;Chuva;Motocicleta;Lesoes Leves;2;2;5;1;2;1
Estacionar ou parar em local proibido;Queda de ocupante de veiculo;Pleno dia;Ignorado;Automovel;Ileso;1;2;5;1;0;1
Estacionar ou parar em local proibido;Queda de ocupante de veiculo;Pleno dia;Ignorado;Motocicleta;Lesoes Leves;1;2;5;1;0;1
Estacionar ou parar em local proibido;Queda de ocupante de veiculo;Pleno dia;Nublado;Caminhao-trator;Ileso;1;2;5;1;2;2
Estacionar ou parar em local proibido;Queda de ocupante de veiculo;Pleno dia;Nublado;Caminhonete;Ileso;1;2;5;1;2;2
Estacionar ou parar em local proibido;Queda de ocupante de veiculo;Pleno dia;Nublado;Motocicleta;Lesoes Graves;3;2;5;1;2;1
Estacionar ou parar em local proibido;Queda de ocupante de veiculo;Pleno dia;Nublado;Motocicleta;Obito;1;2;5;1;2;1
Estacionar ou parar em local proibido;Queda de ocupante de veiculo;Pleno dia;Nublado;Nao Informado;Ileso;1;2;5;1;2;3
Estacionar ou parar em local proibido;Queda de ocupante de veiculo;Pleno dia;Nublado;Onibus;Ileso;1;2;5;1;2;3