causa_acidente;tipo_acidente;fase_dia;condicao_metereologica;tipo_veiculo;estado_fisico;count;causa_acidente_criterios;tipo_acidente_criterios;fase_dia_criterios;condicao_metereologica_criterios;tipo_veiculo_criterios
Estacionar ou parar em local proibido;Queda de ocupante de veiculo;Pleno dia;Sol;Caminhonete;Ileso;1;2;5;1;3;2
Estacionar ou parar em local proibido;Queda de ocupante de veiculo;Pleno dia;Sol;Motocicleta;Lesoes Leves;1;2;5;1;3;1
Estacionar ou parar em local proibido;Saida de leito carrocavel;Amanhecer;Ceu Claro;Caminhao;Lesoes Leves;1;2;5;4;1;2
Estacionar ou parar em local proibido;Saida de leito carrocavel;Amanhecer;Ceu Claro;Caminhao-trator;Ileso;1;2;5;4;1;2
Estacionar ou parar em local proibido;Saida de leito carrocavel;Plena Noite;Ceu Claro;Caminhao;Ileso;2;2;5;2;1;2
Estacionar ou parar em local proibido;Saida de leito carrocavel;Plena Noite;Ceu Claro;Caminhao;Lesoes Graves;1;2;5;2;1;2
Estacionar ou parar em local proibido;Saida de leito carrocavel;Plena Noite;Chuva;Automovel;Ileso;1;2;5;2;2;1
Estacionar ou parar em local proibido;Saida de leito carrocavel;Plena Noite;Chuva;Automovel;Lesoes Leves;1;2;5;2;2;1
Estacionar ou parar em local proibido;Saida de leito carrocavel;Plena Noite;Chuva;Caminhao-trator;Ileso;2;2;5;2;2;2
Estacionar ou parar em local proibido;Saida de leito carrocavel;Plena Noite;Garoa/Chuvisco;Caminhao;Lesoes Graves;2;2;5;2;3;2
Estacionar ou parar em local proibido;Saida de leito carrocavel;Plena Noite;Ignorado;Caminhao-trator;Ileso;1;2;5;2;0;2
Estacionar ou parar em local proibido;Saida de leito carrocavel;Plena Noite;Ignorado;Onibus;Ileso;2;2;5;2;0;3
Estacionar ou parar em local proibido;Saida de leito carrocavel;Plena Noite;Nublado;Automovel;Ileso;1;2;5;2;2;1
Estacionar ou parar em local proibido;Saida de leito carrocavel;Pleno dia;Ceu Claro;Automovel;Ileso;4;2;5;1;1;1
Estacionar ou parar em local proibido;Saida de leito carrocavel;Pleno dia;Ceu Claro;Automovel;Lesoes Graves;1;2;5;1;1;1
Estacionar ou parar em local proibido;Saida de leito carrocavel;Pleno dia;Ceu Claro;Caminhao;Ileso;3;2;5;1;1;2
Estacionar ou parar em local proibido;Saida de leito carrocavel;Pleno dia;Ceu Claro;Caminhao;Lesoes Leves;2;2;5;1;1;2
Estacionar ou parar em local proibido;Saida de leito carrocavel;Pleno dia;Garoa/Chuvisco;Automovel;Ileso;5;2;5;1;3;1
Estacionar ou parar em local proibido;Saida de leito carrocavel;Pleno dia;Garoa/Chuvisco;Automovel;Lesoes Leves;2;2;5;1;3;1
Estacionar ou parar em local proibido;Saida de leito carrocavel;Pleno dia;Nublado;Caminhao-trator;Ileso;1;2;5;1;2;2
Estacionar ou parar em local proibido;Saida de leito carrocavel;Pleno dia;Nublado;Caminhao-trator;Lesoes Leves;2;2;5;1;2;2
Estacionar ou parar em local proibido;Saida de leito carrocavel;Pleno dia;Nublado;Caminhonete;Ileso;2;2;5;1;2;2
Estacionar ou parar em local proibido;Saida de leito carrocavel;Pleno dia;Nublado;Caminhonete;Lesoes Leves;1;2;5;1;2;2
Estacionar ou parar em local proibido;Saida de leito carrocavel;Pleno dia;Nublado;Micro-onibus;Ileso;2;2;5;1;2;4
Estacionar ou parar em local proibido;Saida de leito carrocavel;Pleno dia;Nublado;Onibus;Ileso;1;2;5;1;2;3
Estacionar ou parar em local proibido;Saida de leito carrocavel;Pleno dia;Nublado;Onibus;Lesoes Leves;25;2;5;1;2;3
Estacionar ou parar em local proibido;Tombamento;Amanhecer;Ceu Claro;Automovel;Ileso;1;2;5;4;1;1
Estacionar ou parar em local proibido;Tombamento;Amanhecer;Ceu Claro;Motocicleta;Lesoes Graves;1;2;5;4;1;1
Estacionar ou parar em local proibido;Tombamento;Amanhecer;Ceu Claro;Motocicleta;Lesoes Leves;1;2;5;4;1;1
Estacionar ou parar em local proibido;Tombamento;Plena Noite;Ceu Claro;Automovel;Ileso;3;2;5;2;1;1
Estacionar ou parar em local proibido;Tombamento;Plena Noite;Ceu Claro;Caminhao;Ileso;2;2;5;2;1;2
Estacionar ou parar em local proibido;Tombamento;Plena Noite;Ceu Claro;Motocicleta;Lesoes Graves;2;2;5;2;1;1
Estacionar ou parar em local proibido;Tombamento;Plena Noite;Ceu Claro;Motocicleta;Lesoes Leves;1;2;5;2;1;1
Estacionar ou parar em local proibido;Tombamento;Plena Noite;Ceu Claro;Motocicleta;Obito;1;2;5;2;1;1
Estacionar ou parar em local proibido;Tombamento;Plena Noite;Ceu Claro;Motoneta;Lesoes Leves;2;2;5;2;1;3
Estacionar ou parar em local proibido;Tombamento;Plena Noite;Chuva;Caminhao-trator;Ileso;2;2;5;2;2;2
Estacionar ou parar em local proibido;Tombamento;Plena Noite;Garoa/Chuvisco;Caminhao;Lesoes Graves;2;2;5;2;3;2
Estacionar ou parar em local proibido;Tombamento;Plena Noite;Ignorado;Motocicleta;Lesoes Leves;1;2;5;2;0;1
Estacionar ou parar em local proibido;Tombamento;Plena Noite;Ignorado;Motocicleta;Obito;1;2;5;2;0;1
Estacionar ou parar em local proibido;Tombamento;Plena Noite;Nublado;Automovel;Lesoes Graves;1;2;5;2;2;1
Estacionar ou parar em local proibido;Tombamento;Plena Noite;Nublado;Automovel;Lesoes Leves;3;2;5;2;2;1
Estacionar ou parar em local proibido;Tombamento;Plena Noite;Nublado;Caminhao;Ileso;1;2;5;2;2;2
Estacionar ou parar em local proibido;Tombamento;Plena Noite;Nublado;Caminhonete;Ileso;4;2;5;2;2;2
Estacionar ou parar em local proibido;Tombamento;Plena Noite;Nublado;Caminhonete;Lesoes Leves;1;2;5;2;2;2
Estacionar ou parar em local proibido;Tombamento;Plena Noite;Nublado;Motocicleta;Ileso;1;2;5;2;2;1
Estacionar ou parar em local proibido;Tombamento;Plena Noite;Nublado;Motocicleta;Lesoes Graves;1;2;5;2;2;1
Estacionar ou parar em local proibido;Tombamento;Plena Noite;Nublado;Motocicleta;Obito;2;2;5;2;2;1
Estacionar ou parar em local proibido;Tombamento;Plena Noite;Nublado;Motoneta;Lesoes Graves;2;2;5;2;2;3
Estacionar ou parar em local proibido;Tombamento;Pleno dia;Ceu Claro;Automovel;Ileso;7;2;5;1;1;1
Estacionar ou parar em local proibido;Tombamento;Pleno dia;Ceu Claro;Automovel;Lesoes Graves;1;2;5;1;1;1
Estacionar ou parar em local proibido;Tombamento;Pleno dia;Ceu Claro;Caminhao;Ileso;2;2;5;1;1;2
Estacionar ou parar em local proibido;Tombamento;Pleno dia;Ceu Claro;Caminhao;Lesoes Leves;2;2;5;1;1;2
Estacionar ou parar em local proibido;Tombamento;Pleno dia;Ceu Claro;Caminhao-trator;Lesoes Leves;1;2;5;1;1;2
Estacionar ou parar em local proibido;Tombamento;Pleno dia;Ceu Claro;Motocicleta;Lesoes Graves;4;2;5;1;1;1
Estacionar ou parar em local proibido;Tombamento;Pleno dia;Ceu Claro;Motocicleta;Lesoes Leves;5;2;5;1;1;1
Estacionar ou parar em local proibido;Tombamento;Pleno dia;Ceu Claro;Onibus;Ileso;1;2;5;1;1;3
Estacionar ou parar em local proibido;Tombamento;Pleno dia;Chuva;Automovel;Ileso;1;2;5;1;2;1
Estacionar ou parar em local proibido;Tombamento;Pleno dia;Chuva;Motocicleta;Lesoes Leves;2;2;5;1;2;1
Estacionar ou parar em local proibido;Tombamento;Pleno dia;Ignorado;Automovel;Ileso;1;2;5;1;0;1
Estacionar ou parar em local proibido;Tombamento;Pleno dia;Ignorado;Motocicleta;Lesoes Leves;1;2;5;1;0;1
Estacionar ou parar em local proibido;Tombamento;Pleno dia;Nublado;Automovel;Ileso;2;2;5;1;2;1
Estacionar ou parar em local proibido;Tombamento;Pleno dia;Nublado;Caminhao-trator;Ileso;1;2;5;1;2;2
Estacionar ou parar em local proibido;Tombamento;Pleno dia;Nublado;Caminhonete;Ileso;1;2;5;1;2;2
Estacionar ou parar em local proibido;Tombamento;Pleno dia;Nublado;Motocicleta;Lesoes Graves;2;2;5;1;2;1
Estacionar ou parar em local proibido;Tombamento;Pleno dia;Nublado;Motocicleta;Lesoes Leves;2;2;5;1;2;1
Estacionar ou parar em local proibido;Tombamento;Pleno dia;Nublado;Motocicleta;Obito;1;2;5;1;2;1
Estacionar ou parar em local proibido;Tombamento;Pleno dia;Nublado;Nao Informado;Ileso;1;2;5;1;2;3
Estacionar ou parar em local proibido;Tombamento;Pleno dia;Sol;Caminhonete;Ileso;1;2;5;1;3;2
Estacionar ou parar em local proibido;Tombamento;Pleno dia;Sol;Motocicleta;Lesoes Leves;1;2;5;1;3;1
Faixas de transito com largura insuficiente;Atropelamento de Pedestre;Plena Noite;Ceu Claro;Caminhao-trator;Ileso;1;1;4;2;1;2
Faixas de transito com largura insuficiente;Atropelamento de Pedestre;Plena Noite;Ceu Claro;Nao se aplica;Obito;1;1;4;2;1;3
Faixas de transito com largura insuficiente;Colisao com objeto;Amanhecer;Ceu Claro;Caminhao-trator;Ileso;1;1;5;4;1;2
Faixas de transito com largura insuficiente;Colisao com objeto;Amanhecer;Ceu Claro;Motocicleta;Obito;1;1;5;4;1;1
Faixas de transito com largura insuficiente;Colisao com objeto;Amanhecer;Ceu Claro;Nao se aplica;Ileso;1;1;5;4;1;3
Faixas de transito com largura insuficiente;Colisao com objeto;Plena Noite;Ceu Claro;Caminhao;Ileso;1;1;5;2;1;2
Faixas de transito com largura insuficiente;Colisao com objeto;Pleno dia;Ceu Claro;Caminhao-trator;Ileso;1;1;5;1;1;2
Faixas de transito com largura insuficiente;Colisao frontal;Plena Noite;Ceu Claro;Motocicleta;Lesoes Graves;1;1;5;2;1;1
Faixas de transito com largura insuficiente;Colisao frontal;Plena Noite;Ceu Claro;Motocicleta;Obito;1;1;5;2;1;1
Faixas de transito com largura insuficiente;Colisao frontal;Pleno dia;Chuva;Automovel;Lesoes Graves;2;1;5;1;2;1
Faixas de transito com largura insuficiente;Colisao frontal;Pleno dia;Chuva;Automovel;Obito;2;1;5;1;2;1
Faixas de transito com largura insuficiente;Colisao frontal;Pleno dia;Chuva;Caminhao;Ileso;1;1;5;1;2;2
Faixas de transito com largura insuficiente;Colisao lateral mesmo sentido;Anoitecer;Ceu Claro;Automovel;Ileso;1;1;5;4;1;1
Faixas de transito com largura insuficiente;Colisao lateral mesmo sentido;Anoitecer;Ceu Claro;Bicicleta;Lesoes Graves;1;1;5;4;1;3
Faixas de transito com largura insuficiente;Colisao lateral mesmo sentido;Plena Noite;Chuva;Automovel;Ileso;3;1;5;2;2;1
Faixas de transito com largura insuficiente;Colisao lateral mesmo sentido;Plena Noite;Chuva;Caminhao;Ileso;1;1;5;2;2;2
Faixas de transito com largura insuficiente;Colisao lateral mesmo sentido;Pleno dia;Ceu Claro;Caminhao;Ileso;1;1;5;1;1;2
Faixas de transito com largura insuficiente;Colisao lateral mesmo sentido;Pleno dia;Ceu Claro;Caminhao-trator;Ileso;1;1;5;1;1;2
Faixas de transito com largura insuficiente;Colisao lateral mesmo sentido;Pleno dia;Ceu Claro;Caminhonete;Ileso;1;1;5;1;1;2
Faixas de transito com largura insuficiente;Colisao lateral mesmo sentido;Pleno dia;Ceu Claro;Motocicleta;Lesoes Leves;2;1;5;1;1;1
Faixas de transito com largura insuficiente;Colisao lateral mesmo sentido;Pleno dia;Ceu Claro;Onibus;Ileso;2;1;5;1;1;3
Faixas de transito com largura insuficiente;Colisao lateral mesmo sentido;Pleno dia;Nublado;Automovel;Ileso;1;1;5;1;2;1
Faixas de transito com largura insuficiente;Colisao lateral mesmo sentido;Pleno dia;Nublado;Bicicleta;Lesoes Leves;1;1;5;1;2;3
Faixas de transito com largura insuficiente;Colisao lateral mesmo sentido;Pleno dia;Nublado;Caminhao;Ileso;3;1;5;1;2;2
Faixas de transito com largura insuficiente;Colisao lateral mesmo sentido;Pleno dia;Nublado;Caminhao-trator;Ileso;1;1;5;1;2;2
Faixas de transito com largura insuficiente;Colisao lateral mesmo sentido;Pleno dia;Sol;Caminhonete;Ileso;3;1;5;1;3;2
Faixas de transito com largura insuficiente;Derramamento de carga;Plena Noite;Ceu Claro;Caminhao;Ileso;1;1;3;2;1;2
Faixas de transito com largura insuficiente;Queda de ocupante de veiculo;Amanhecer;Ceu Claro;Caminhao-trator;Ileso;1;1;5;4;1;2
Faixas de transito com largura insuficiente;Queda de ocupante de veiculo;Amanhecer;Ceu Claro;Motocicleta;Obito;1;1;5;4;1;1
Faixas de transito com largura insuficiente;Queda de ocupante de veiculo;Amanhecer;Ceu Claro;Nao se aplica;Ileso;1;1;5;4;1;3
Faixas de transito com largura insuficiente;Queda de ocupante de veiculo;Anoitecer;Ceu Claro;Automovel;Ileso;1;1;5;4;1;1
Faixas de transito com largura insuficiente;Queda de ocupante de veiculo;Anoitecer;Ceu Claro;Bicicleta;Lesoes Graves;1;1;5;4;1;3
Faixas de transito com largura insuficiente;Queda de ocupante de veiculo;Plena Noite;Ceu Claro;Motocicleta;Lesoes Graves;1;1;5;2;1;1
Faixas de transito com largura insuficiente;Queda de ocupante de veiculo;Plena Noite;Ceu Claro;Motocicleta;Obito;1;1;5;2;1;1
Faixas de transito com largura insuficiente;Queda de ocupante de veiculo;Pleno dia;Ceu Claro;Motocicleta;Lesoes Leves;2;1;5;1;1;1
Faixas de transito com largura insuficiente;Queda de ocupante de veiculo;Pleno dia;Nublado;Bicicleta;Lesoes Leves;1;1;5;1;2;3
Faixas de transito com largura insuficiente;Queda de ocupante de veiculo;Pleno dia;Nublado;Caminhao;Ileso;3;1;5;1;2;2
Faixas de transito com largura insuficiente;Saida de leito carrocavel;Plena Noite;Ceu Claro;Caminhao;Ileso;1;1;5;2;1;2
Faixas de transito com largura insuficiente;Saida de leito carrocavel;Pleno dia;Chuva;Automovel;Lesoes Graves;2;1;5;1;2;1
Faixas de transito com largura insuficiente;Saida de leito carrocavel;Pleno dia;Chuva;Automovel;Obito;2;1;5;1;2;1
Faixas de transito com largura insuficiente;Saida de leito carrocavel;Pleno dia;Chuva;Caminhao;Ileso;1;1;5;1;2;2
Faixas de transito com largura insuficiente;Tombamento;Anoitecer;Ceu Claro;Automovel;Ileso;1;1;5;4;1;1
Faixas de transito com largura insuficiente;Tombamento;Anoitecer;Ceu Claro;Bicicleta;Lesoes Graves;1;1;5;4;1;3
Faixas de transito com largura insuficiente;Tombamento;Plena Noite;Ceu Claro;Motocicleta;Lesoes Graves;1;1;5;2;1;1
Faixas de transito com largura insuficiente;Tombamento;Plena Noite;Ceu Claro;Motocicleta;Obito;1;1;5;2;1;1
Faixas de transito com largura insuficiente;Tombamento;Pleno dia;Ceu Claro;Motocicleta;Lesoes Leves;2;1;5;1;1;1
Falta de acostamento;Atropelamento de Animal;Anoitecer;Nublado;Motoneta;Lesoes Graves;1;2;2;4;2;3
Falta de acostamento;Atropelamento de Animal;Anoitecer;Nublado;Motoneta;Lesoes Leves;1;2;2;4;2;3
Falta de acostamento;Atropelamento de Pedestre;Amanhecer;Ceu Claro;Nao se aplica;Lesoes Leves;1;2;4;4;1;3
Falta de acostamento;Atropelamento de Pedestre;Plena Noite;Ceu Claro;Motocicleta;Lesoes Leves;1;2;4;2;1;1
Falta de acostamento;Atropelamento de Pedestre;Plena Noite;Ceu Claro;Nao se aplica;Lesoes Leves;1;2;4;2;1;3
Falta de acostamento;Atropelamento de Pedestre;Plena Noite;Chuva;Automovel;Ileso;2;2;4;2;2;1
Falta de acostamento;Atropelamento de Pedestre;Plena Noite;Chuva;Motocicleta;Lesoes Leves;1;2;4;2;2;1
Falta de acostamento;Atropelamento de Pedestre;Plena Noite;Chuva;Nao se aplica;Lesoes Graves;1;2;4;2;2;3
Falta de acostamento;Atropelamento de Pedestre;Plena Noite;Chuva;Nao se aplica;Lesoes Leves;1;2;4;2;2;3
Falta de acostamento;Atropelamento de Pedestre;Plena Noite;Ignorado;Nao se aplica;Obito;1;2;4;2;0;3
Falta de acostamento;Atropelamento de Pedestre;Plena Noite;Nublado;Bicicleta;Lesoes Leves;1;2;4;2;2;3
Falta de acostamento;Atropelamento de Pedestre;Pleno dia;Ceu Claro;Caminhao;Ileso;1;2;4;1;1;2
Falta de acostamento;Atropelamento de Pedestre;Pleno dia;Ceu Claro;Caminhao-trator;Lesoes Graves;1;2;4;1;1;2
Falta de acostamento;Atropelamento de Pedestre;Pleno dia;Nublado;Automovel;Ileso;3;2;4;1;2;1
Falta de acostamento;Atropelamento de Pedestre;Pleno dia;Nublado;Caminhao-trator;Ileso;1;2;4;1;2;2
Falta de acostamento;Atropelamento de Pedestre;Pleno dia;Nublado;Motocicleta;Lesoes Graves;1;2;4;1;2;1
Falta de acostamento;Atropelamento de Pedestre;Pleno dia;Nublado;Motocicleta;Obito;1;2;4;1;2;1
Falta de acostamento;Atropelamento de Pedestre;Pleno dia;Nublado;Nao se aplica;Lesoes Graves;1;2;4;1;2;3
Falta de acostamento;Capotamento;Amanhecer;Ceu Claro;Automovel;Lesoes Leves;2;2;5;4;1;1
Falta de acostamento;Capotamento;Amanhecer;Ceu Claro;Automovel;Obito;1;2;5;4;1;1
Falta de acostamento;Capotamento;Amanhecer;Nublado;Caminhonete;Lesoes Leves;1;2;5;4;2;2
Falta de acostamento;Capotamento;Plena Noite;Ignorado;Automovel;Lesoes Leves;1;2;5;2;0;1
Falta de acostamento;Capotamento;Plena Noite;Nublado;Automovel;Lesoes Leves;4;2;5;2;2;1
Falta de acostamento;Capotamento;Plena Noite;Nublado;Caminhao-trator;Lesoes Graves;1;2;5;2;2;2
Falta de acostamento;Capotamento;Plena Noite;Nublado;Nao Informado;Ileso;1;2;5;2;2;3
Falta de acostamento;Capotamento;Plena Noite;Nublado;Utilitario;Ileso;1;2;5;2;2;3
Falta de acostamento;Capotamento;Pleno dia;Ceu Claro;Automovel;Ileso;1;2;5;1;1;1
Falta de acostamento;Capotamento;Pleno dia;Ceu Claro;Automovel;Lesoes Graves;6;2;5;1;1;1
Falta de acostamento;Capotamento;Pleno dia;Ceu Claro;Automovel;Lesoes Leves;2;2;5;1;1;1
Falta de acostamento;Capotamento;Pleno dia;Ceu Claro;Caminhonete;Lesoes Leves;1;2;5;1;1;2
Falta de acostamento;Capotamento;Pleno dia;Chuva;Automovel;Lesoes Graves;3;2;5;1;2;1
Falta de acostamento;Capotamento;Pleno dia;Sol;Caminhao-trator;Ileso;1;2;5;1;3;2
Falta de acostamento;Capotamento;Pleno dia;Sol;Caminhonete;Lesoes Leves;2;2;5;1;3;2
Falta de acostamento;Capotamento;Pleno dia;Sol;Caminhonete;Obito;1;2;5;1;3;2
Falta de acostamento;Capotamento;Pleno dia;Sol;Motocicleta;Ileso;1;2;5;1;3;1
Falta de acostamento;Colisao com objeto;Amanhecer;Ceu Claro;Automovel;Lesoes Leves;2;2;5;4;1;1
Falta de acostamento;Colisao com objeto;Amanhecer;Ceu Claro;Automovel;Obito;1;2;5;4;1;1
Falta de acostamento;Colisao com objeto;Amanhecer;Nublado;Caminhao-trator;Ileso;1;2;5;4;2;2
Falta de acostamento;Colisao com objeto;Amanhecer;Nublado;Caminhonete;Ileso;1;2;5;4;2;2
Falta de acostamento;Colisao com objeto;Amanhecer;Nublado;Caminhonete;Lesoes Leves;4;2;5;4;2;2
Falta de acostamento;Colisao com objeto;Anoitecer;Chuva;Caminhonete;Ileso;1;2;5;4;2;2
Falta de acostamento;Colisao com objeto;Anoitecer;Garoa/Chuvisco;Caminhao-trator;Lesoes Leves;1;2;5;4;3;2
Falta de acostamento;Colisao com objeto;Plena Noite;Ceu Claro;Caminhao;Ileso;1;2;5;2;1;2
Falta de acostamento;Colisao com objeto;Plena Noite;Ceu Claro;Caminhao-trator;Ileso;1;2;5;2;1;2
Falta de acostamento;Colisao com objeto;Plena Noite;Ceu Claro;Motocicleta;Lesoes Graves;1;2;5;2;1;1
Falta de acostamento;Colisao com objeto;Plena Noite;Chuva;Automovel;Ileso;4;2;5;2;2;1
Falta de acostamento;Colisao com objeto;Plena Noite;Chuva;Automovel;Lesoes Leves;1;2;5;2;2;1
Falta de acostamento;Colisao com objeto;Plena Noite;Ignorado;Utilitario;Ileso;2;2;5;2;0;3
Falta de acostamento;Colisao com objeto;Plena Noite;Nublado;Automovel;Lesoes Leves;4;2;5;2;2;1
Falta de acostamento;Colisao com objeto;Plena Noite;Nublado;Motocicleta;Lesoes Leves;1;2;5;2;2;1
Falta de acostamento;Colisao com objeto;Plena Noite;Nublado;Utilitario;Ileso;3;2;5;2;2;3
Falta de acostamento;Colisao com objeto;Pleno dia;Ceu Claro;Caminhao;Ileso;1;2;5;1;1;2
Falta de acostamento;Colisao com objeto;Pleno dia;Ceu Claro;Caminhao-trator;Lesoes Graves;1;2;5;1;1;2
Falta de acostamento;Colisao com objeto;Pleno dia;Ceu Claro;Caminhao-trator;Lesoes Leves;1;2;5;1;1;2
Falta de acostamento;Colisao com objeto;Pleno dia;Ceu Claro;Motocicleta;Lesoes Leves;2;2;5;1;1;1
Falta de acostamento;Colisao com objeto;Pleno dia;Ceu Claro;Onibus;Ileso;12;2;5;1;1;3
Falta de acostamento;Colisao com objeto;Pleno dia;Ceu Claro;Onibus;Lesoes Graves;5;2;5;1;1;3
Falta de acostamento;Colisao com objeto;Pleno dia;Ceu Claro;Onibus;Lesoes Leves;16;2;5;1;1;3
Falta de acostamento;Colisao com objeto;Pleno dia;Ceu Claro;Onibus;Obito;1;2;5;1;1;3
Falta de acostamento;Colisao com objeto;Pleno dia;Sol;Caminhao-trator;Ileso;1;2;5;1;3;2
Falta de acostamento;Colisao com objeto;Pleno dia;Sol;Caminhonete;Lesoes Leves;2;2;5;1;3;2
Falta de acostamento;Colisao com objeto;Pleno dia;Sol;Caminhonete;Obito;1;2;5;1;3;2
Falta de acostamento;Colisao com objeto;Pleno dia;Sol;Motocicleta;Ileso;1;2;5;1;3;1
Falta de acostamento;Colisao frontal;Plena Noite;Ceu Claro;Motocicleta;Lesoes Graves;1;2;5;2;1;1
Falta de acostamento;Colisao frontal;Plena Noite;Ceu Claro;Motocicleta;Lesoes Leves;2;2;5;2;1;1
Falta de acostamento;Colisao frontal;Plena Noite;Ceu Claro;Motoneta;Lesoes Graves;1;2;5;2;1;3
Falta de acostamento;Colisao frontal;Plena Noite;Nublado;Nao Informado;Ileso;1;2;5;2;2;3
Falta de acostamento;Colisao frontal;Plena Noite;Nublado;Utilitario;Ileso;1;2;5;2;2;3
Falta de acostamento;Colisao frontal;Pleno dia;Ceu Claro;Automovel;Ileso;2;2;5;1;1;1
Falta de acostamento;Colisao frontal;Pleno dia;Ceu Claro;Automovel;Obito;3;2;5;1;1;1
Falta de acostamento;Colisao frontal;Pleno dia;Ceu Claro;Caminhao;Ileso;3;2;5;1;1;2
Falta de acostamento;Colisao frontal;Pleno dia;Ceu Claro;Caminhao-trator;Ileso;1;2;5;1;1;2
Falta de acostamento;Colisao frontal;Pleno dia;Ceu Claro;Caminhao-trator;Lesoes Graves;1;2;5;1;1;2
Falta de acostamento;Colisao frontal;Pleno dia;Ceu Claro;Caminhao-trator;Lesoes Leves;1;2;5;1;1;2
Falta de acostamento;Colisao frontal;Pleno dia;Ceu Claro;Motocicleta;Lesoes Leves;1;2;5;1;1;1
Falta de acostamento;Colisao frontal;Pleno dia;Ceu Claro;Onibus;Ileso;12;2;5;1;1;3
Falta de acostamento;Colisao frontal;Pleno dia;Ceu Claro;Onibus;Lesoes Graves;5;2;5;1;1;3
Falta de acostamento;Colisao frontal;Pleno dia;Ceu Claro;Onibus;Lesoes Leves;16;2;5;1;1;3
Falta de acostamento;Colisao frontal;Pleno dia;Ceu Claro;Onibus;Obito;1;2;5;1;1;3
Falta de acostamento;Colisao frontal;Pleno dia;Chuva;Caminhao;Lesoes Graves;1;2;5;1;2;2
Falta de acostamento;Colisao frontal;Pleno dia;Chuva;Caminhao-trator;Lesoes Graves;1;2;5;1;2;2
Falta de acostamento;Colisao frontal;Pleno dia;Chuva;Caminhao-trator;Obito;2;2;5;1;2;2
Falta de acostamento;Colisao lateral mesmo sentido;Plena Noite;Ceu Claro;Automovel;Ileso;4;2;5;2;1;1
Falta de acostamento;Colisao lateral mesmo sentido;Plena Noite;Ceu Claro;Automovel;Lesoes Leves;1;2;5;2;1;1
Falta de acostamento;Colisao lateral mesmo sentido;Plena Noite;Ceu Claro;Bicicleta;Lesoes Graves;2;2;5;2;1;3
Falta de acostamento;Colisao lateral mesmo sentido;Plena Noite;Ceu Claro;Caminhao;Ileso;1;2;5;2;1;2
Falta de acostamento;Colisao lateral mesmo sentido;Plena Noite;Ceu Claro;Onibus;Ileso;1;2;5;2;1;3
Falta de acostamento;Colisao lateral mesmo sentido;Plena Noite;Nublado;Caminhao;Lesoes Leves;1;2;5;2;2;2
Falta de acostamento;Colisao lateral mesmo sentido;Plena Noite;Nublado;Caminhao-trator;Ileso;1;2;5;2;2;2
Falta de acostamento;Colisao lateral mesmo sentido;Pleno dia;Ceu Claro;Automovel;Ileso;9;2;5;1;1;1
Falta de acostamento;Colisao lateral mesmo sentido;Pleno dia;Ceu Claro;Automovel;Lesoes Graves;4;2;5;1;1;1
Falta de acostamento;Colisao lateral mesmo sentido;Pleno dia;Ceu Claro;Automovel;Lesoes Leves;6;2;5;1;1;1
Falta de acostamento;Colisao lateral mesmo sentido;Pleno dia;Ceu Claro;Bicicleta;Lesoes Leves;2;2;5;1;1;3
Falta de acostamento;Colisao lateral mesmo sentido;Pleno dia;Ceu Claro;Caminhao;Ileso;4;2;5;1;1;2
Falta de acostamento;Colisao lateral mesmo sentido;Pleno dia;Ceu Claro;Caminhao-trator;Ileso;3;2;5;1;1;2
Falta de acostamento;Colisao lateral mesmo sentido;Pleno dia;Ceu Claro;Motocicleta;Ileso;1;2;5;1;1;1
Falta de acostamento;Colisao lateral mesmo sentido;Pleno dia;Ceu Claro;Motocicleta;Lesoes Graves;2;2;5;1;1;1
Falta de acostamento;Colisao lateral mesmo sentido;Pleno dia;Ceu Claro;Motocicleta;Lesoes Leves;3;2;5;1;1;1
Falta de acostamento;Colisao lateral mesmo sentido;Pleno dia;Nublado;Bicicleta;Lesoes Leves;1;2;5;1;2;3
Falta de acostamento;Colisao lateral mesmo sentido;Pleno dia;Nublado;Caminhao;Ileso;4;2;5;1;2;2
Falta de acostamento;Colisao lateral mesmo sentido;Pleno dia;Nublado;Motocicleta;Lesoes Leves;1;2;5;1;2;1
Falta de acostamento;Colisao lateral mesmo sentido;Pleno dia;Sol;Automovel;Lesoes Graves;1;2;5;1;3;1
Falta de acostamento;Colisao lateral mesmo sentido;Pleno dia;Sol;Automovel;Lesoes Leves;3;2;5;1;3;1
Falta de acostamento;Colisao lateral mesmo sentido;Pleno dia;Sol;Caminhao-trator;Ileso;3;2;5;1;3;2
Falta de acostamento;Colisao lateral mesmo sentido;Pleno dia;Sol;Caminhonete;Lesoes Leves;4;2;5;1;3;2
Falta de acostamento;Colisao lateral mesmo sentido;Pleno dia;Sol;Caminhonete;Obito;2;2;5;1;3;2