causa_acidente;tipo_acidente;fase_dia;condicao_metereologica;tipo_veiculo;estado_fisico;count;causa_acidente_criterios;tipo_acidente_criterios;fase_dia_criterios;condicao_metereologica_criterios;tipo_veiculo_criterios
Falta de acostamento;Colisao lateral mesmo sentido;Pleno dia;Sol;Motocicleta;Ileso;2;2;5;1;3;1
Falta de acostamento;Colisao lateral sentido oposto;Plena Noite;Ceu Claro;Automovel;Ileso;1;2;4;2;1;1
Falta de acostamento;Colisao lateral sentido oposto;Plena Noite;Ceu Claro;Automovel;Lesoes Graves;2;2;4;2;1;1
Falta de acostamento;Colisao lateral sentido oposto;Plena Noite;Ceu Claro;Caminhao;Ileso;1;2;4;2;1;2
Falta de acostamento;Colisao lateral sentido oposto;Plena Noite;Ceu Claro;Caminhonete;Ileso;1;2;4;2;1;2
Falta de acostamento;Colisao lateral sentido oposto;Plena Noite;Ceu Claro;Micro-onibus;Ileso;2;2;4;2;1;4
Falta de acostamento;Colisao lateral sentido oposto;Plena Noite;Ceu Claro;Motocicleta;Lesoes Graves;1;2;4;2;1;1
Falta de acostamento;Colisao transversal;Plena Noite;Ceu Claro;Motocicleta;Lesoes Leves;1;2;5;2;1;1
Falta de acostamento;Colisao transversal;Plena Noite;Ignorado;Motocicleta;Lesoes Graves;1;2;5;2;0;1
Falta de acostamento;Colisao transversal;Pleno dia;Ceu Claro;Automovel;Ileso;2;2;5;1;1;1
Falta de acostamento;Colisao transversal;Pleno dia;Ceu Claro;Motocicleta;Lesoes Leves;1;2;5;1;1;1
Falta de acostamento;Colisao transversal;Pleno dia;Ceu Claro;Utilitario;Ileso;1;2;5;1;1;3
Falta de acostamento;Colisao transversal;Pleno dia;Chuva;Caminhonete;Ileso;2;2;5;1;2;2
Falta de acostamento;Colisao transversal;Pleno dia;Chuva;Motoneta;Lesoes Graves;1;2;5;1;2;3
Falta de acostamento;Colisao transversal;Pleno dia;Nublado;Automovel;Ileso;3;2;5;1;2;1
Falta de acostamento;Colisao transversal;Pleno dia;Nublado;Motocicleta;Lesoes Graves;1;2;5;1;2;1
Falta de acostamento;Colisao transversal;Pleno dia;Nublado;Motocicleta;Obito;1;2;5;1;2;1
Falta de acostamento;Colisao traseira;Amanhecer;Ceu Claro;Caminhao;Ileso;1;2;5;4;1;2
Falta de acostamento;Colisao traseira;Amanhecer;Ceu Claro;Motocicleta;Lesoes Graves;1;2;5;4;1;1
Falta de acostamento;Colisao traseira;Amanhecer;Ceu Claro;Motocicleta;Obito;1;2;5;4;1;1
Falta de acostamento;Colisao traseira;Plena Noite;Ceu Claro;Automovel;Ileso;10;2;5;2;1;1
Falta de acostamento;Colisao traseira;Plena Noite;Ceu Claro;Automovel;Lesoes Leves;5;2;5;2;1;1
Falta de acostamento;Colisao traseira;Plena Noite;Ceu Claro;Caminhao;Ileso;1;2;5;2;1;2
Falta de acostamento;Colisao traseira;Plena Noite;Ceu Claro;Caminhao;Lesoes Leves;1;2;5;2;1;2
Falta de acostamento;Colisao traseira;Plena Noite;Ceu Claro;Caminhao-trator;Obito;1;2;5;2;1;2
Falta de acostamento;Colisao traseira;Plena Noite;Ceu Claro;Motocicleta;Lesoes Graves;1;2;5;2;1;1
Falta de acostamento;Colisao traseira;Plena Noite;Ceu Claro;Nao Informado;Ileso;2;2;5;2;1;3
Falta de acostamento;Colisao traseira;Plena Noite;Garoa/Chuvisco;Automovel;Ileso;3;2;5;2;3;1
Falta de acostamento;Colisao traseira;Plena Noite;Garoa/Chuvisco;Automovel;Lesoes Leves;1;2;5;2;3;1
Falta de acostamento;Colisao traseira;Plena Noite;Garoa/Chuvisco;Motocicleta;Lesoes Graves;1;2;5;2;3;1
Falta de acostamento;Colisao traseira;Plena Noite;Ignorado;Automovel;Lesoes Graves;1;2;5;2;0;1
Falta de acostamento;Colisao traseira;Plena Noite;Ignorado;Bicicleta;Lesoes Leves;1;2;5;2;0;3
Falta de acostamento;Colisao traseira;Plena Noite;Ignorado;Caminhao-trator;Ileso;1;2;5;2;0;2
Falta de acostamento;Colisao traseira;Plena Noite;Ignorado;Motocicleta;Lesoes Graves;1;2;5;2;0;1
Falta de acostamento;Colisao traseira;Plena Noite;Ignorado;Motocicleta;Obito;1;2;5;2;0;1
Falta de acostamento;Colisao traseira;Pleno dia;Ceu Claro;Automovel;Ileso;11;2;5;1;1;1
Falta de acostamento;Colisao traseira;Pleno dia;Ceu Claro;Automovel;Lesoes Graves;1;2;5;1;1;1
Falta de acostamento;Colisao traseira;Pleno dia;Ceu Claro;Automovel;Lesoes Leves;2;2;5;1;1;1
Falta de acostamento;Colisao traseira;Pleno dia;Ceu Claro;Bicicleta;Ileso;1;2;5;1;1;3
Falta de acostamento;Colisao traseira;Pleno dia;Ceu Claro;Bicicleta;Lesoes Graves;1;2;5;1;1;3
Falta de acostamento;Colisao traseira;Pleno dia;Ceu Claro;Caminhao;Ileso;1;2;5;1;1;2
Falta de acostamento;Colisao traseira;Pleno dia;Ceu Claro;Caminhao-trator;Ileso;1;2;5;1;1;2
Falta de acostamento;Colisao traseira;Pleno dia;Ceu Claro;Caminhao-trator;Lesoes Graves;1;2;5;1;1;2
Falta de acostamento;Colisao traseira;Pleno dia;Ceu Claro;Caminhao-trator;Lesoes Leves;1;2;5;1;1;2
Falta de acostamento;Colisao traseira;Pleno dia;Ceu Claro;Caminhonete;Ileso;1;2;5;1;1;2
Falta de acostamento;Colisao traseira;Pleno dia;Ceu Claro;Caminhonete;Lesoes Leves;1;2;5;1;1;2
Falta de acostamento;Colisao traseira;Pleno dia;Ceu Claro;Motocicleta;Lesoes Graves;1;2;5;1;1;1
Falta de acostamento;Colisao traseira;Pleno dia;Ceu Claro;Motocicleta;Lesoes Leves;2;2;5;1;1;1
Falta de acostamento;Colisao traseira;Pleno dia;Ceu Claro;Onibus;Ileso;13;2;5;1;1;3
Falta de acostamento;Colisao traseira;Pleno dia;Ceu Claro;Onibus;Lesoes Graves;5;2;5;1;1;3
Falta de acostamento;Colisao traseira;Pleno dia;Ceu Claro;Onibus;Lesoes Leves;16;2;5;1;1;3
Falta de acostamento;Colisao traseira;Pleno dia;Ceu Claro;Onibus;Obito;1;2;5;1;1;3
Falta de acostamento;Colisao traseira;Pleno dia;Chuva;Caminhao-trator;Ileso;1;2;5;1;2;2
Falta de acostamento;Colisao traseira;Pleno dia;Chuva;Caminhao-trator;Lesoes Graves;1;2;5;1;2;2
Falta de acostamento;Colisao traseira;Pleno dia;Nublado;Automovel;Ileso;1;2;5;1;2;1
Falta de acostamento;Colisao traseira;Pleno dia;Nublado;Bicicleta;Lesoes Leves;2;2;5;1;2;3
Falta de acostamento;Colisao traseira;Pleno dia;Nublado;Motocicleta;Lesoes Graves;1;2;5;1;2;1
Falta de acostamento;Colisao traseira;Pleno dia;Nublado;Motoneta;Lesoes Leves;1;2;5;1;2;3
Falta de acostamento;Colisao traseira;Pleno dia;Nublado;Nao Informado;Ileso;1;2;5;1;2;3
Falta de acostamento;Colisao traseira;Pleno dia;Sol;Caminhonete;Ileso;1;2;5;1;3;2
Falta de acostamento;Colisao traseira;Pleno dia;Sol;Motocicleta;Lesoes Graves;1;2;5;1;3;1
Falta de acostamento;Derramamento de carga;Plena Noite;Ceu Claro;Caminhao;Ileso;1;2;3;2;1;2
Falta de acostamento;Derramamento de carga;Plena Noite;Ceu Claro;Caminhao-trator;Lesoes Leves;1;2;3;2;1;2
Falta de acostamento;Derramamento de carga;Plena Noite;Chuva;Caminhao-trator;Ileso;1;2;3;2;2;2
Falta de acostamento;Derramamento de carga;Plena Noite;Nublado;Caminhao-trator;Lesoes Graves;1;2;3;2;2;2
Falta de acostamento;Derramamento de carga;Pleno dia;Ceu Claro;Caminhao-trator;Ileso;1;2;3;1;1;2
Falta de acostamento;Derramamento de carga;Pleno dia;Ceu Claro;Caminhao-trator;Lesoes Graves;1;2;3;1;1;2
Falta de acostamento;Derramamento de carga;Pleno dia;Ceu Claro;Caminhao-trator;Lesoes Leves;5;2;3;1;1;2
Falta de acostamento;Derramamento de carga;Pleno dia;Ceu Claro;Onibus;Ileso;12;2;3;1;1;3
Falta de acostamento;Derramamento de carga;Pleno dia;Ceu Claro;Onibus;Lesoes Graves;5;2;3;1;1;3
Falta de acostamento;Derramamento de carga;Pleno dia;Ceu Claro;Onibus;Lesoes Leves;16;2;3;1;1;3
Falta de acostamento;Derramamento de carga;Pleno dia;Ceu Claro;Onibus;Obito;1;2;3;1;1;3
Falta de acostamento;Derramamento de carga;Pleno dia;Chuva;Caminhao;Lesoes Graves;1;2;3;1;2;2
Falta de acostamento;Derramamento de carga;Pleno dia;Chuva;Caminhao-trator;Lesoes Graves;1;2;3;1;2;2
Falta de acostamento;Derramamento de carga;Pleno dia;Chuva;Caminhao-trator;Obito;2;2;3;1;2;2
Falta de acostamento;Derramamento de carga;Pleno dia;Sol;Caminhao-trator;Lesoes Leves;2;2;3;1;3;2
Falta de acostamento;Engavetamento;Pleno dia;Chuva;Automovel;Ileso;6;2;3;1;2;1
Falta de acostamento;Engavetamento;Pleno dia;Chuva;Automovel;Lesoes Graves;3;2;3;1;2;1
Falta de acostamento;Engavetamento;Pleno dia;Chuva;Caminhao-trator;Ileso;1;2;3;1;2;2
Falta de acostamento;Engavetamento;Pleno dia;Chuva;Caminhonete;Ileso;3;2;3;1;2;2
Falta de acostamento;Eventos atipicos;Plena Noite;Ceu Claro;Automovel;Ileso;1;2;2;2;1;1
Falta de acostamento;Eventos atipicos;Plena Noite;Ceu Claro;Caminhonete;Ileso;1;2;2;2;1;2
Falta de acostamento;Eventos atipicos;Plena Noite;Nublado;Bicicleta;Lesoes Leves;1;2;2;2;2;3
Falta de acostamento;Incendio;Plena Noite;Ceu Claro;Caminhao;Ileso;1;2;2;2;1;2
Falta de acostamento;Incendio;Plena Noite;Ceu Claro;Caminhao;Lesoes Leves;1;2;2;2;1;2
Falta de acostamento;Incendio;Plena Noite;Ceu Claro;Caminhao-trator;Obito;1;2;2;2;1;2
Falta de acostamento;Queda de ocupante de veiculo;Amanhecer;Ceu Claro;Caminhao;Ileso;1;2;5;4;1;2
Falta de acostamento;Queda de ocupante de veiculo;Amanhecer;Ceu Claro;Motocicleta;Lesoes Graves;1;2;5;4;1;1
Falta de acostamento;Queda de ocupante de veiculo;Amanhecer;Ceu Claro;Motocicleta;Lesoes Leves;1;2;5;4;1;1
Falta de acostamento;Queda de ocupante de veiculo;Amanhecer;Ceu Claro;Motocicleta;Obito;1;2;5;4;1;1
Falta de acostamento;Queda de ocupante de veiculo;Anoitecer;Nublado;Motoneta;Lesoes Graves;1;2;5;4;2;3
Falta de acostamento;Queda de ocupante de veiculo;Anoitecer;Nublado;Motoneta;Lesoes Leves;1;2;5;4;2;3
Falta de acostamento;Queda de ocupante de veiculo;Plena Noite;Ceu Claro;Automovel;Ileso;2;2;5;2;1;1
Falta de acostamento;Queda de ocupante de veiculo;Plena Noite;Ceu Claro;Bicicleta;Lesoes Graves;1;2;5;2;1;3
Falta de acostamento;Queda de ocupante de veiculo;Plena Noite;Ceu Claro;Caminhao;Ileso;1;2;5;2;1;2
Falta de acostamento;Queda de ocupante de veiculo;Plena Noite;Ceu Claro;Caminhao-trator;Ileso;1;2;5;2;1;2
Falta de acostamento;Queda de ocupante de veiculo;Plena Noite;Ceu Claro;Motocicleta;Lesoes Graves;4;2;5;2;1;1
Falta de acostamento;Queda de ocupante de veiculo;Plena Noite;Ceu Claro;Motocicleta;Lesoes Leves;4;2;5;2;1;1
Falta de acostamento;Queda de ocupante de veiculo;Plena Noite;Ceu Claro;Motoneta;Lesoes Graves;1;2;5;2;1;3
Falta de acostamento;Queda de ocupante de veiculo;Plena Noite;Ceu Claro;Nao se aplica;Lesoes Leves;1;2;5;2;1;3
Falta de acostamento;Queda de ocupante de veiculo;Plena Noite;Chuva;Motocicleta;Lesoes Leves;1;2;5;2;2;1
Falta de acostamento;Queda de ocupante de veiculo;Plena Noite;Chuva;Nao se aplica;Lesoes Leves;1;2;5;2;2;3
Falta de acostamento;Queda de ocupante de veiculo;Plena Noite;Garoa/Chuvisco;Automovel;Ileso;1;2;5;2;3;1
Falta de acostamento;Queda de ocupante de veiculo;Plena Noite;Garoa/Chuvisco;Motocicleta;Lesoes Graves;1;2;5;2;3;1
Falta de acostamento;Queda de ocupante de veiculo;Plena Noite;Ignorado;Motocicleta;Lesoes Graves;1;2;5;2;0;1
Falta de acostamento;Queda de ocupante de veiculo;Plena Noite;Ignorado;Motocicleta;Obito;1;2;5;2;0;1
Falta de acostamento;Queda de ocupante de veiculo;Plena Noite;Nublado;Motocicleta;Lesoes Leves;1;2;5;2;2;1
Falta de acostamento;Queda de ocupante de veiculo;Pleno dia;Ceu Claro;Automovel;Ileso;3;2;5;1;1;1
Falta de acostamento;Queda de ocupante de veiculo;Pleno dia;Ceu Claro;Automovel;Lesoes Graves;2;2;5;1;1;1
Falta de acostamento;Queda de ocupante de veiculo;Pleno dia;Ceu Claro;Bicicleta;Ileso;1;2;5;1;1;3
Falta de acostamento;Queda de ocupante de veiculo;Pleno dia;Ceu Claro;Bicicleta;Lesoes Graves;1;2;5;1;1;3
Falta de acostamento;Queda de ocupante de veiculo;Pleno dia;Ceu Claro;Bicicleta;Lesoes Leves;3;2;5;1;1;3
Falta de acostamento;Queda de ocupante de veiculo;Pleno dia;Ceu Claro;Caminhao;Ileso;1;2;5;1;1;2
Falta de acostamento;Queda de ocupante de veiculo;Pleno dia;Ceu Claro;Caminhao-trator;Ileso;3;2;5;1;1;2
Falta de acostamento;Queda de ocupante de veiculo;Pleno dia;Ceu Claro;Caminhao-trator;Lesoes Graves;1;2;5;1;1;2
Falta de acostamento;Queda de ocupante de veiculo;Pleno dia;Ceu Claro;Caminhao-trator;Lesoes Leves;1;2;5;1;1;2
Falta de acostamento;Queda de ocupante de veiculo;Pleno dia;Ceu Claro;Motocicleta;Ileso;1;2;5;1;1;1
Falta de acostamento;Queda de ocupante de veiculo;Pleno dia;Ceu Claro;Motocicleta;Lesoes Graves;3;2;5;1;1;1
Falta de acostamento;Queda de ocupante de veiculo;Pleno dia;Ceu Claro;Motocicleta;Lesoes Leves;2;2;5;1;1;1
Falta de acostamento;Queda de ocupante de veiculo;Pleno dia;Ceu Claro;Onibus;Ileso;13;2;5;1;1;3
Falta de acostamento;Queda de ocupante de veiculo;Pleno dia;Ceu Claro;Onibus;Lesoes Graves;5;2;5;1;1;3
Falta de acostamento;Queda de ocupante de veiculo;Pleno dia;Ceu Claro;Onibus;Lesoes Leves;16;2;5;1;1;3
Falta de acostamento;Queda de ocupante de veiculo;Pleno dia;Ceu Claro;Onibus;Obito;1;2;5;1;1;3
Falta de acostamento;Queda de ocupante de veiculo;Pleno dia;Chuva;Caminhonete;Ileso;2;2;5;1;2;2
Falta de acostamento;Queda de ocupante de veiculo;Pleno dia;Chuva;Motoneta;Lesoes Graves;1;2;5;1;2;3
Falta de acostamento;Queda de ocupante de veiculo;Pleno dia;Nublado;Automovel;Ileso;4;2;5;1;2;1
Falta de acostamento;Queda de ocupante de veiculo;Pleno dia;Nublado;Bicicleta;Lesoes Leves;2;2;5;1;2;3
Falta de acostamento;Queda de ocupante de veiculo;Pleno dia;Nublado;Caminhao;Ileso;4;2;5;1;2;2
Falta de acostamento;Queda de ocupante de veiculo;Pleno dia;Nublado;Motocicleta;Lesoes Graves;2;2;5;1;2;1
Falta de acostamento;Queda de ocupante de veiculo;Pleno dia;Nublado;Motocicleta;Lesoes Leves;2;2;5;1;2;1
Falta de acostamento;Queda de ocupante de veiculo;Pleno dia;Nublado;Motocicleta;Obito;1;2;5;1;2;1
Falta de acostamento;Queda de ocupante de veiculo;Pleno dia;Nublado;Nao Informado;Ileso;1;2;5;1;2;3
Falta de acostamento;Saida de leito carrocavel;Amanhecer;Ceu Claro;Automovel;Ileso;1;2;5;4;1;1
Falta de acostamento;Saida de leito carrocavel;Amanhecer;Ceu Claro;Automovel;Lesoes Leves;2;2;5;4;1;1
Falta de acostamento;Saida de leito carrocavel;Amanhecer;Ceu Claro;Automovel;Obito;1;2;5;4;1;1
Falta de acostamento;Saida de leito carrocavel;Amanhecer;Nublado;Caminhonete;Lesoes Leves;1;2;5;4;2;2
Falta de acostamento;Saida de leito carrocavel;Anoitecer;Ceu Claro;Caminhao-trator;Ileso;1;2;5;4;1;2
Falta de acostamento;Saida de leito carrocavel;Anoitecer;Chuva;Caminhonete;Ileso;1;2;5;4;2;2
Falta de acostamento;Saida de leito carrocavel;Anoitecer;Garoa/Chuvisco;Caminhao-trator;Lesoes Leves;1;2;5;4;3;2
Falta de acostamento;Saida de leito carrocavel;Plena Noite;Ceu Claro;Automovel;Ileso;1;2;5;2;1;1
Falta de acostamento;Saida de leito carrocavel;Plena Noite;Ceu Claro;Bicicleta;Lesoes Graves;1;2;5;2;1;3
Falta de acostamento;Saida de leito carrocavel;Plena Noite;Ceu Claro;Caminhao;Ileso;3;2;5;2;1;2
Falta de acostamento;Saida de leito carrocavel;Plena Noite;Ceu Claro;Caminhao;Lesoes Leves;2;2;5;2;1;2
Falta de acostamento;Saida de leito carrocavel;Plena Noite;Ceu Claro;Caminhao-trator;Lesoes Leves;1;2;5;2;1;2
Falta de acostamento;Saida de leito carrocavel;Plena Noite;Ceu Claro;Micro-onibus;Ileso;2;2;5;2;1;4
Falta de acostamento;Saida de leito carrocavel;Plena Noite;Ceu Claro;Motocicleta;Lesoes Graves;1;2;5;2;1;1
Falta de acostamento;Saida de leito carrocavel;Plena Noite;Chuva;Automovel;Ileso;4;2;5;2;2;1
Falta de acostamento;Saida de leito carrocavel;Plena Noite;Chuva;Automovel;Lesoes Leves;1;2;5;2;2;1
Falta de acostamento;Saida de leito carrocavel;Plena Noite;Chuva;Caminhao-trator;Ileso;1;2;5;2;2;2
Falta de acostamento;Saida de leito carrocavel;Plena Noite;Ignorado;Automovel;Lesoes Leves;1;2;5;2;0;1
Falta de acostamento;Saida de leito carrocavel;Plena Noite;Ignorado;Utilitario;Ileso;2;2;5;2;0;3
Falta de acostamento;Saida de leito carrocavel;Plena Noite;Nublado;Caminhao-trator;Lesoes Graves;1;2;5;2;2;2
Falta de acostamento;Saida de leito carrocavel;Plena Noite;Nublado;Caminhao-trator;Lesoes Leves;1;2;5;2;2;2
Falta de acostamento;Saida de leito carrocavel;Plena Noite;Nublado;Nao Informado;Ileso;1;2;5;2;2;3
Falta de acostamento;Saida de leito carrocavel;Plena Noite;Nublado;Onibus;Ileso;4;2;5;2;2;3
Falta de acostamento;Saida de leito carrocavel;Plena Noite;Nublado;Onibus;Lesoes Leves;24;2;5;2;2;3
Falta de acostamento;Saida de leito carrocavel;Plena Noite;Nublado;Utilitario;Ileso;1;2;5;2;2;3
Falta de acostamento;Saida de leito carrocavel;Pleno dia;Ceu Claro;Automovel;Ileso;6;2;5;1;1;1
Falta de acostamento;Saida de leito carrocavel;Pleno dia;Ceu Claro;Automovel;Lesoes Graves;6;2;5;1;1;1
Falta de acostamento;Saida de leito carrocavel;Pleno dia;Ceu Claro;Automovel;Lesoes Leves;7;2;5;1;1;1
Falta de acostamento;Saida de leito carrocavel;Pleno dia;Ceu Claro;Automovel;Obito;3;2;5;1;1;1
Falta de acostamento;Saida de leito carrocavel;Pleno dia;Ceu Claro;Caminhao;Ileso;3;2;5;1;1;2
Falta de acostamento;Saida de leito carrocavel;Pleno dia;Ceu Claro;Caminhao-trator;Ileso;1;2;5;1;1;2
Falta de acostamento;Saida de leito carrocavel;Pleno dia;Ceu Claro;Caminhao-trator;Lesoes Graves;1;2;5;1;1;2
Falta de acostamento;Saida de leito carrocavel;Pleno dia;Ceu Claro;Caminhao-trator;Lesoes Leves;4;2;5;1;1;2
Falta de acostamento;Saida de leito carrocavel;Pleno dia;Ceu Claro;Caminhonete;Ileso;2;2;5;1;1;2
Falta de acostamento;Saida de leito carrocavel;Pleno dia;Ceu Claro;Caminhonete;Lesoes Leves;1;2;5;1;1;2
Falta de acostamento;Saida de leito carrocavel;Pleno dia;Ceu Claro;Onibus;Ileso;12;2;5;1;1;3
Falta de acostamento;Saida de leito carrocavel;Pleno dia;Ceu Claro;Onibus;Lesoes Graves;5;2;5;1;1;3
Falta de acostamento;Saida de leito carrocavel;Pleno dia;Ceu Claro;Onibus;Lesoes Leves;16;2;5;1;1;3
Falta de acostamento;Saida de leito carrocavel;Pleno dia;Ceu Claro;Onibus;Obito;1;2;5;1;1;3
Falta de acostamento;Saida de leito carrocavel;Pleno dia;Chuva;Automovel;Lesoes Graves;3;2;5;1;2;1
Falta de acostamento;Saida de leito carrocavel;Pleno dia;Chuva;Automovel;Lesoes Leves;4;2;5;1;2;1
Falta de acostamento;Saida de leito carrocavel;Pleno dia;Chuva;Caminhonete;Ileso;1;2;5;1;2;2
Falta de acostamento;Saida de leito carrocavel;Pleno dia;Nublado;Caminhao;Ileso;1;2;5;1;2;2
Falta de acostamento;Saida de leito carrocavel;Pleno dia;Nublado;Motocicleta;Lesoes Leves;1;2;5;1;2;1
Falta de acostamento;Saida de leito carrocavel;Pleno dia;Sol;Caminhao-trator;Lesoes Leves;1;2;5;1;3;2
Falta de acostamento;Tombamento;Anoitecer;Ceu Claro;Caminhao-trator;Ileso;1;2;5;4;1;2
Falta de acostamento;Tombamento;Anoitecer;Garoa/Chuvisco;Caminhao-trator;Lesoes Leves;1;2;5;4;3;2
Falta de acostamento;Tombamento;Plena Noite;Ceu Claro;Automovel;Ileso;3;2;5;2;1;1
Falta de acostamento;Tombamento;Plena Noite;Ceu Claro;Automovel;Lesoes Leves;3;2;5;2;1;1
Falta de acostamento;Tombamento;Plena Noite;Ceu Claro;Bicicleta;Lesoes Graves;1;2;5;2;1;3
Falta de acostamento;Tombamento;Plena Noite;Ceu Claro;Caminhao;Ileso;1;2;5;2;1;2
Falta de acostamento;Tombamento;Plena Noite;Ceu Claro;Caminhao;Lesoes Leves;2;2;5;2;1;2
Falta de acostamento;Tombamento;Plena Noite;Ceu Claro;Caminhao-trator;Lesoes Leves;1;2;5;2;1;2
Falta de acostamento;Tombamento;Plena Noite;Ceu Claro;Motocicleta;Lesoes Graves;3;2;5;2;1;1
Falta de acostamento;Tombamento;Plena Noite;Ceu Claro;Motocicleta;Lesoes Leves;4;2;5;2;1;1
Falta de acostamento;Tombamento;Plena Noite;Ceu Claro;Motoneta;Lesoes Graves;1;2;5;2;1;3
Falta de acostamento;Tombamento;Plena Noite;Ceu Claro;Nao Informado;Ileso;2;2;5;2;1;3
Falta de acostamento;Tombamento;Plena Noite;Ceu Claro;Nao se aplica;Lesoes Leves;1;2;5;2;1;3
Falta de acostamento;Tombamento;Plena Noite;Ceu Claro;Onibus;Ileso;1;2;5;2;1;3
Falta de acostamento;Tombamento;Plena Noite;Chuva;Caminhao-trator;Ileso;1;2;5;2;2;2
Falta de acostamento;Tombamento;Plena Noite;Garoa/Chuvisco;Automovel;Ileso;1;2;5;2;3;1
Falta de acostamento;Tombamento;Plena Noite;Garoa/Chuvisco;Motocicleta;Lesoes Graves;1;2;5;2;3;1
Falta de acostamento;Tombamento;Plena Noite;Ignorado;Motocicleta;Lesoes Graves;1;2;5;2;0;1
Falta de acostamento;Tombamento;Plena Noite;Ignorado;Motocicleta;Obito;1;2;5;2;0;1
Falta de acostamento;Tombamento;Plena Noite;Nublado;Caminhao-trator;Lesoes Leves;1;2;5;2;2;2
Falta de acostamento;Tombamento;Plena Noite;Nublado;Motocicleta;Lesoes Leves;1;2;5;2;2;1
Falta de acostamento;Tombamento;Plena Noite;Nublado;Onibus;Ileso;4;2;5;2;2;3
Falta de acostamento;Tombamento;Plena Noite;Nublado;Onibus;Lesoes Leves;24;2;5;2;2;3
Falta de acostamento;Tombamento;Pleno dia;Ceu Claro;Automovel;Ileso;5;2;5;1;1;1
Falta de acostamento;Tombamento;Pleno dia;Ceu Claro;Automovel;Lesoes Graves;4;2;5;1;1;1
Falta de acostamento;Tombamento;Pleno dia;Ceu Claro;Bicicleta;Ileso;1;2;5;1;1;3
Falta de acostamento;Tombamento;Pleno dia;Ceu Claro;Bicicleta;Lesoes Graves;1;2;5;1;1;3
Falta de acostamento;Tombamento;Pleno dia;Ceu Claro;Caminhao;Ileso;2;2;5;1;1;2
Falta de acostamento;Tombamento;Pleno dia;Ceu Claro;Caminhao-trator;Ileso;4;2;5;1;1;2
Falta de acostamento;Tombamento;Pleno dia;Ceu Claro;Caminhao-trator;Lesoes Leves;5;2;5;1;1;2
Falta de acostamento;Tombamento;Pleno dia;Ceu Claro;Motocicleta;Ileso;1;2;5;1;1;1
Falta de acostamento;Tombamento;Pleno dia;Ceu Claro;Motocicleta;Lesoes Graves;3;2;5;1;1;1
Falta de acostamento;Tombamento;Pleno dia;Ceu Claro;Motocicleta;Lesoes Leves;3;2;5;1;1;1
Falta de acostamento;Tombamento;Pleno dia;Ceu Claro;Onibus;Ileso;1;2;5;1;1;3
Falta de acostamento;Tombamento;Pleno dia;Nublado;Automovel;Ileso;1;2;5;1;2;1
Falta de acostamento;Tombamento;Pleno dia;Nublado;Bicicleta;Lesoes Leves;2;2;5;1;2;3
Falta de acostamento;Tombamento;Pleno dia;Nublado;Caminhao;Ileso;1;2;5;1;2;2
Falta de acostamento;Tombamento;Pleno dia;Nublado;Motocicleta;Lesoes Graves;1;2;5;1;2;1
Falta de acostamento;Tombamento;Pleno dia;Nublado;Motocicleta;Lesoes Leves;2;2;5;1;2;1
Falta de acostamento;Tombamento;Pleno dia;Nublado;Motoneta;Lesoes Leves;1;2;5;1;2;3
Falta de acostamento;Tombamento;Pleno dia;Nublado;Nao Informado;Ileso;1;2;5;1;2;3
Falta de acostamento;Tombamento;Pleno dia;Sol;Caminhao-trator;Lesoes Leves;2;2;5;1;3;2
Falta de acostamento;Tombamento;Pleno dia;Sol;Caminhonete;Ileso;1;2;5;1;3;2
Falta de acostamento;Tombamento;Pleno dia;Sol;Motocicleta;Lesoes Graves;1;2;5;1;3;1
Falta de elemento de contencao que evite a saida do leito carrocavel;Atropelamento de Animal;Plena Noite;Ceu Claro;Caminhonete;Ileso;3;2;2;2;1;2
Falta de elemento de contencao que evite a saida do leito carrocavel;Capotamento;Amanhecer;Ceu Claro;Automovel;Lesoes Leves;2;2;5;4;1;1
Falta de elemento de contencao que evite a saida do leito carrocavel;Capotamento;Amanhecer;Ceu Claro;Automovel;Obito;2;2;5;4;1;1
Falta de elemento de contencao que evite a saida do leito carrocavel;Capotamento;Amanhecer;Nublado;Automovel;Lesoes Graves;2;2;5;4;2;1
Falta de elemento de contencao que evite a saida do leito carrocavel;Capotamento;Amanhecer;Nublado;Automovel;Lesoes Leves;3;2;5;4;2;1
Falta de elemento de contencao que evite a saida do leito carrocavel;Capotamento;Amanhecer;Nublado;Caminhonete;Lesoes Leves;1;2;5;4;2;2
Falta de elemento de contencao que evite a saida do leito carrocavel;Capotamento;Anoitecer;Nublado;Automovel;Lesoes Leves;1;2;5;4;2;1
Falta de elemento de contencao que evite a saida do leito carrocavel;Capotamento;Anoitecer;Nublado;Caminhonete;Lesoes Graves;1;2;5;4;2;2
Falta de elemento de contencao que evite a saida do leito carrocavel;Capotamento;Anoitecer;Nublado;Caminhonete;Obito;1;2;5;4;2;2
Falta de elemento de contencao que evite a saida do leito carrocavel;Capotamento;Plena Noite;Ceu Claro;Automovel;Ileso;1;2;5;2;1;1
Falta de elemento de contencao que evite a saida do leito carrocavel;Capotamento;Plena Noite;Ceu Claro;Automovel;Lesoes Leves;2;2;5;2;1;1
Falta de elemento de contencao que evite a saida do leito carrocavel;Capotamento;Plena Noite;Ceu Claro;Caminhao;Lesoes Leves;4;2;5;2;1;2
Falta de elemento de contencao que evite a saida do leito carrocavel;Capotamento;Plena Noite;Chuva;Automovel;Ileso;1;2;5;2;2;1
Falta de elemento de contencao que evite a saida do leito carrocavel;Capotamento;Plena Noite;Chuva;Automovel;Lesoes Graves;1;2;5;2;2;1