causa_acidente;tipo_acidente;fase_dia;condicao_metereologica;tipo_veiculo;estado_fisico;count;causa_acidente_criterios;tipo_acidente_criterios;fase_dia_criterios;condicao_metereologica_criterios;tipo_veiculo_criterios
Falta de elemento de contencao que evite a saida do leito carrocavel;Queda de ocupante de veiculo;Pleno dia;Nublado;Caminhao-trator;Ileso;1;2;5;1;2;2
Falta de elemento de contencao que evite a saida do leito carrocavel;Queda de ocupante de veiculo;Pleno dia;Nublado;Motoneta;Lesoes Graves;1;2;5;1;2;3
Falta de elemento de contencao que evite a saida do leito carrocavel;Queda de ocupante de veiculo;Pleno dia;Nublado;Motoneta;Obito;1;2;5;1;2;3
Falta de elemento de contencao que evite a saida do leito carrocavel;Saida de leito carrocavel;Amanhecer;Ceu Claro;Automovel;Lesoes Leves;2;2;5;4;1;1
Falta de elemento de contencao que evite a saida do leito carrocavel;Saida de leito carrocavel;Amanhecer;Ceu Claro;Automovel;Obito;2;2;5;4;1;1
Falta de elemento de contencao que evite a saida do leito carrocavel;Saida de leito carrocavel;Amanhecer;Ceu Claro;Caminhonete;Lesoes Leves;2;2;5;4;1;2
Falta de elemento de contencao que evite a saida do leito carrocavel;Saida de leito carrocavel;Amanhecer;Chuva;Caminhonete;Ileso;1;2;5;4;2;2
Falta de elemento de contencao que evite a saida do leito carrocavel;Saida de leito carrocavel;Amanhecer;Chuva;Caminhonete;Lesoes Leves;1;2;5;4;2;2
Falta de elemento de contencao que evite a saida do leito carrocavel;Saida de leito carrocavel;Amanhecer;Nevoeiro/Neblina;Micro-onibus;Lesoes Graves;2;2;5;4;4;4
Falta de elemento de contencao que evite a saida do leito carrocavel;Saida de leito carrocavel;Amanhecer;Nevoeiro/Neblina;Micro-onibus;Lesoes Leves;14;2;5;4;4;4
Falta de elemento de contencao que evite a saida do leito carrocavel;Saida de leito carrocavel;Amanhecer;Nublado;Automovel;Lesoes Graves;2;2;5;4;2;1
Falta de elemento de contencao que evite a saida do leito carrocavel;Saida de leito carrocavel;Amanhecer;Nublado;Automovel;Lesoes Leves;3;2;5;4;2;1
Falta de elemento de contencao que evite a saida do leito carrocavel;Saida de leito carrocavel;Amanhecer;Nublado;Caminhonete;Ileso;1;2;5;4;2;2
Falta de elemento de contencao que evite a saida do leito carrocavel;Saida de leito carrocavel;Amanhecer;Nublado;Caminhonete;Lesoes Leves;3;2;5;4;2;2
Falta de elemento de contencao que evite a saida do leito carrocavel;Saida de leito carrocavel;Anoitecer;Ceu Claro;Automovel;Lesoes Leves;2;2;5;4;1;1
Falta de elemento de contencao que evite a saida do leito carrocavel;Saida de leito carrocavel;Anoitecer;Nublado;Automovel;Lesoes Leves;1;2;5;4;2;1
Falta de elemento de contencao que evite a saida do leito carrocavel;Saida de leito carrocavel;Anoitecer;Nublado;Caminhonete;Lesoes Graves;1;2;5;4;2;2
Falta de elemento de contencao que evite a saida do leito carrocavel;Saida de leito carrocavel;Anoitecer;Nublado;Caminhonete;Obito;1;2;5;4;2;2
Falta de elemento de contencao que evite a saida do leito carrocavel;Saida de leito carrocavel;Anoitecer;Sol;Automovel;Ileso;3;2;5;4;3;1
Falta de elemento de contencao que evite a saida do leito carrocavel;Saida de leito carrocavel;Anoitecer;Sol;Automovel;Lesoes Leves;2;2;5;4;3;1
Falta de elemento de contencao que evite a saida do leito carrocavel;Saida de leito carrocavel;Plena Noite;Ceu Claro;Automovel;Ileso;3;2;5;2;1;1
Falta de elemento de contencao que evite a saida do leito carrocavel;Saida de leito carrocavel;Plena Noite;Ceu Claro;Automovel;Lesoes Leves;5;2;5;2;1;1
Falta de elemento de contencao que evite a saida do leito carrocavel;Saida de leito carrocavel;Plena Noite;Ceu Claro;Automovel;Obito;1;2;5;2;1;1
Falta de elemento de contencao que evite a saida do leito carrocavel;Saida de leito carrocavel;Plena Noite;Ceu Claro;Caminhao;Ileso;1;2;5;2;1;2
Falta de elemento de contencao que evite a saida do leito carrocavel;Saida de leito carrocavel;Plena Noite;Ceu Claro;Caminhao;Lesoes Graves;2;2;5;2;1;2
Falta de elemento de contencao que evite a saida do leito carrocavel;Saida de leito carrocavel;Plena Noite;Ceu Claro;Caminhao;Lesoes Leves;6;2;5;2;1;2
Falta de elemento de contencao que evite a saida do leito carrocavel;Saida de leito carrocavel;Plena Noite;Ceu Claro;Caminhao;Obito;1;2;5;2;1;2
Falta de elemento de contencao que evite a saida do leito carrocavel;Saida de leito carrocavel;Plena Noite;Ceu Claro;Caminhao-trator;Lesoes Leves;1;2;5;2;1;2
Falta de elemento de contencao que evite a saida do leito carrocavel;Saida de leito carrocavel;Plena Noite;Ceu Claro;Caminhao-trator;Obito;1;2;5;2;1;2
Falta de elemento de contencao que evite a saida do leito carrocavel;Saida de leito carrocavel;Plena Noite;Ceu Claro;Motocicleta;Lesoes Graves;1;2;5;2;1;1
Falta de elemento de contencao que evite a saida do leito carrocavel;Saida de leito carrocavel;Plena Noite;Ceu Claro;Motocicleta;Lesoes Leves;2;2;5;2;1;1
Falta de elemento de contencao que evite a saida do leito carrocavel;Saida de leito carrocavel;Plena Noite;Ceu Claro;Onibus;Ileso;1;2;5;2;1;3
Falta de elemento de contencao que evite a saida do leito carrocavel;Saida de leito carrocavel;Plena Noite;Chuva;Automovel;Ileso;1;2;5;2;2;1
Falta de elemento de contencao que evite a saida do leito carrocavel;Saida de leito carrocavel;Plena Noite;Chuva;Automovel;Lesoes Graves;1;2;5;2;2;1
Falta de elemento de contencao que evite a saida do leito carrocavel;Saida de leito carrocavel;Plena Noite;Chuva;Automovel;Lesoes Leves;7;2;5;2;2;1
Falta de elemento de contencao que evite a saida do leito carrocavel;Saida de leito carrocavel;Plena Noite;Chuva;Caminhao;Ileso;7;2;5;2;2;2
Falta de elemento de contencao que evite a saida do leito carrocavel;Saida de leito carrocavel;Plena Noite;Chuva;Caminhao;Lesoes Leves;1;2;5;2;2;2
Falta de elemento de contencao que evite a saida do leito carrocavel;Saida de leito carrocavel;Plena Noite;Chuva;Caminhao-trator;Ileso;1;2;5;2;2;2
Falta de elemento de contencao que evite a saida do leito carrocavel;Saida de leito carrocavel;Plena Noite;Chuva;Caminhao-trator;Lesoes Graves;1;2;5;2;2;2
Falta de elemento de contencao que evite a saida do leito carrocavel;Saida de leito carrocavel;Plena Noite;Chuva;Utilitario;Lesoes Graves;2;2;5;2;2;3
Falta de elemento de contencao que evite a saida do leito carrocavel;Saida de leito carrocavel;Plena Noite;Chuva;Utilitario;Obito;1;2;5;2;2;3
Falta de elemento de contencao que evite a saida do leito carrocavel;Saida de leito carrocavel;Plena Noite;Garoa/Chuvisco;Automovel;Ileso;1;2;5;2;3;1
Falta de elemento de contencao que evite a saida do leito carrocavel;Saida de leito carrocavel;Plena Noite;Garoa/Chuvisco;Automovel;Lesoes Graves;2;2;5;2;3;1
Falta de elemento de contencao que evite a saida do leito carrocavel;Saida de leito carrocavel;Plena Noite;Garoa/Chuvisco;Automovel;Lesoes Leves;2;2;5;2;3;1
Falta de elemento de contencao que evite a saida do leito carrocavel;Saida de leito carrocavel;Plena Noite;Garoa/Chuvisco;Onibus;Ileso;14;2;5;2;3;3
Falta de elemento de contencao que evite a saida do leito carrocavel;Saida de leito carrocavel;Plena Noite;Garoa/Chuvisco;Onibus;Lesoes Graves;1;2;5;2;3;3
Falta de elemento de contencao que evite a saida do leito carrocavel;Saida de leito carrocavel;Plena Noite;Garoa/Chuvisco;Onibus;Lesoes Leves;38;2;5;2;3;3
Falta de elemento de contencao que evite a saida do leito carrocavel;Saida de leito carrocavel;Plena Noite;Ignorado;Caminhonete;Lesoes Graves;1;2;5;2;0;2
Falta de elemento de contencao que evite a saida do leito carrocavel;Saida de leito carrocavel;Plena Noite;Nublado;Automovel;Ileso;11;2;5;2;2;1
Falta de elemento de contencao que evite a saida do leito carrocavel;Saida de leito carrocavel;Plena Noite;Nublado;Automovel;Lesoes Graves;5;2;5;2;2;1
Falta de elemento de contencao que evite a saida do leito carrocavel;Saida de leito carrocavel;Plena Noite;Nublado;Automovel;Lesoes Leves;10;2;5;2;2;1
Falta de elemento de contencao que evite a saida do leito carrocavel;Saida de leito carrocavel;Plena Noite;Nublado;Automovel;Obito;1;2;5;2;2;1
Falta de elemento de contencao que evite a saida do leito carrocavel;Saida de leito carrocavel;Plena Noite;Nublado;Caminhao;Ileso;1;2;5;2;2;2
Falta de elemento de contencao que evite a saida do leito carrocavel;Saida de leito carrocavel;Plena Noite;Nublado;Caminhao;Lesoes Graves;1;2;5;2;2;2
Falta de elemento de contencao que evite a saida do leito carrocavel;Saida de leito carrocavel;Plena Noite;Nublado;Caminhao-trator;Ileso;1;2;5;2;2;2
Falta de elemento de contencao que evite a saida do leito carrocavel;Saida de leito carrocavel;Plena Noite;Nublado;Caminhao-trator;Lesoes Graves;1;2;5;2;2;2
Falta de elemento de contencao que evite a saida do leito carrocavel;Saida de leito carrocavel;Plena Noite;Nublado;Caminhao-trator;Lesoes Leves;2;2;5;2;2;2
Falta de elemento de contencao que evite a saida do leito carrocavel;Saida de leito carrocavel;Plena Noite;Nublado;Caminhonete;Lesoes Leves;1;2;5;2;2;2
Falta de elemento de contencao que evite a saida do leito carrocavel;Saida de leito carrocavel;Plena Noite;Nublado;Motocicleta;Lesoes Graves;2;2;5;2;2;1
Falta de elemento de contencao que evite a saida do leito carrocavel;Saida de leito carrocavel;Plena Noite;Nublado;Nao Informado;Lesoes Graves;2;2;5;2;2;3
Falta de elemento de contencao que evite a saida do leito carrocavel;Saida de leito carrocavel;Plena Noite;Nublado;Nao Informado;Lesoes Leves;1;2;5;2;2;3
Falta de elemento de contencao que evite a saida do leito carrocavel;Saida de leito carrocavel;Plena Noite;Nublado;Onibus;Ileso;5;2;5;2;2;3
Falta de elemento de contencao que evite a saida do leito carrocavel;Saida de leito carrocavel;Plena Noite;Nublado;Onibus;Lesoes Graves;24;2;5;2;2;3
Falta de elemento de contencao que evite a saida do leito carrocavel;Saida de leito carrocavel;Plena Noite;Nublado;Onibus;Lesoes Leves;13;2;5;2;2;3
Falta de elemento de contencao que evite a saida do leito carrocavel;Saida de leito carrocavel;Plena Noite;Nublado;Onibus;Obito;2;2;5;2;2;3
Falta de elemento de contencao que evite a saida do leito carrocavel;Saida de leito carrocavel;Plena Noite;Nublado;Utilitario;Ileso;3;2;5;2;2;3
Falta de elemento de contencao que evite a saida do leito carrocavel;Saida de leito carrocavel;Pleno dia;Ceu Claro;Automovel;Ileso;14;2;5;1;1;1
Falta de elemento de contencao que evite a saida do leito carrocavel;Saida de leito carrocavel;Pleno dia;Ceu Claro;Automovel;Lesoes Graves;8;2;5;1;1;1
Falta de elemento de contencao que evite a saida do leito carrocavel;Saida de leito carrocavel;Pleno dia;Ceu Claro;Automovel;Lesoes Leves;16;2;5;1;1;1
Falta de elemento de contencao que evite a saida do leito carrocavel;Saida de leito carrocavel;Pleno dia;Ceu Claro;Automovel;Obito;2;2;5;1;1;1
Falta de elemento de contencao que evite a saida do leito carrocavel;Saida de leito carrocavel;Pleno dia;Ceu Claro;Caminhao;Ileso;5;2;5;1;1;2
Falta de elemento de contencao que evite a saida do leito carrocavel;Saida de leito carrocavel;Pleno dia;Ceu Claro;Caminhao;Lesoes Graves;1;2;5;1;1;2
Falta de elemento de contencao que evite a saida do leito carrocavel;Saida de leito carrocavel;Pleno dia;Ceu Claro;Caminhao;Lesoes Leves;3;2;5;1;1;2
Falta de elemento de contencao que evite a saida do leito carrocavel;Saida de leito carrocavel;Pleno dia;Ceu Claro;Caminhao-trator;Ileso;2;2;5;1;1;2
Falta de elemento de contencao que evite a saida do leito carrocavel;Saida de leito carrocavel;Pleno dia;Ceu Claro;Caminhao-trator;Lesoes Leves;4;2;5;1;1;2
Falta de elemento de contencao que evite a saida do leito carrocavel;Saida de leito carrocavel;Pleno dia;Ceu Claro;Caminhonete;Lesoes Graves;2;2;5;1;1;2
Falta de elemento de contencao que evite a saida do leito carrocavel;Saida de leito carrocavel;Pleno dia;Ceu Claro;Caminhonete;Lesoes Leves;2;2;5;1;1;2
Falta de elemento de contencao que evite a saida do leito carrocavel;Saida de leito carrocavel;Pleno dia;Ceu Claro;Caminhonete;Obito;1;2;5;1;1;2
Falta de elemento de contencao que evite a saida do leito carrocavel;Saida de leito carrocavel;Pleno dia;Ceu Claro;Micro-onibus;Lesoes Graves;3;2;5;1;1;4
Falta de elemento de contencao que evite a saida do leito carrocavel;Saida de leito carrocavel;Pleno dia;Ceu Claro;Micro-onibus;Lesoes Leves;3;2;5;1;1;4
Falta de elemento de contencao que evite a saida do leito carrocavel;Saida de leito carrocavel;Pleno dia;Ceu Claro;Micro-onibus;Obito;2;2;5;1;1;4
Falta de elemento de contencao que evite a saida do leito carrocavel;Saida de leito carrocavel;Pleno dia;Ceu Claro;Motocicleta;Lesoes Graves;2;2;5;1;1;1
Falta de elemento de contencao que evite a saida do leito carrocavel;Saida de leito carrocavel;Pleno dia;Ceu Claro;Motocicleta;Lesoes Leves;4;2;5;1;1;1
Falta de elemento de contencao que evite a saida do leito carrocavel;Saida de leito carrocavel;Pleno dia;Ceu Claro;Motocicleta;Obito;1;2;5;1;1;1
Falta de elemento de contencao que evite a saida do leito carrocavel;Saida de leito carrocavel;Pleno dia;Ceu Claro;Nao Informado;Lesoes Graves;1;2;5;1;1;3
Falta de elemento de contencao que evite a saida do leito carrocavel;Saida de leito carrocavel;Pleno dia;Ceu Claro;Nao se aplica;Lesoes Leves;1;2;5;1;1;3
Falta de elemento de contencao que evite a saida do leito carrocavel;Saida de leito carrocavel;Pleno dia;Ceu Claro;Onibus;Ileso;11;2;5;1;1;3
Falta de elemento de contencao que evite a saida do leito carrocavel;Saida de leito carrocavel;Pleno dia;Ceu Claro;Onibus;Lesoes Leves;6;2;5;1;1;3
Falta de elemento de contencao que evite a saida do leito carrocavel;Saida de leito carrocavel;Pleno dia;Ceu Claro;Utilitario;Ileso;2;2;5;1;1;3
Falta de elemento de contencao que evite a saida do leito carrocavel;Saida de leito carrocavel;Pleno dia;Ceu Claro;Utilitario;Lesoes Leves;2;2;5;1;1;3
Falta de elemento de contencao que evite a saida do leito carrocavel;Saida de leito carrocavel;Pleno dia;Ceu Claro;Utilitario;Obito;1;2;5;1;1;3
Falta de elemento de contencao que evite a saida do leito carrocavel;Saida de leito carrocavel;Pleno dia;Chuva;Automovel;Ileso;6;2;5;1;2;1
Falta de elemento de contencao que evite a saida do leito carrocavel;Saida de leito carrocavel;Pleno dia;Chuva;Automovel;Lesoes Graves;5;2;5;1;2;1
Falta de elemento de contencao que evite a saida do leito carrocavel;Saida de leito carrocavel;Pleno dia;Chuva;Automovel;Lesoes Leves;3;2;5;1;2;1
Falta de elemento de contencao que evite a saida do leito carrocavel;Saida de leito carrocavel;Pleno dia;Chuva;Caminhao;Ileso;4;2;5;1;2;2
Falta de elemento de contencao que evite a saida do leito carrocavel;Saida de leito carrocavel;Pleno dia;Chuva;Caminhao;Lesoes Graves;1;2;5;1;2;2
Falta de elemento de contencao que evite a saida do leito carrocavel;Saida de leito carrocavel;Pleno dia;Chuva;Caminhao;Obito;2;2;5;1;2;2
Falta de elemento de contencao que evite a saida do leito carrocavel;Saida de leito carrocavel;Pleno dia;Chuva;Caminhao-trator;Lesoes Leves;3;2;5;1;2;2
Falta de elemento de contencao que evite a saida do leito carrocavel;Saida de leito carrocavel;Pleno dia;Chuva;Caminhonete;Ileso;5;2;5;1;2;2
Falta de elemento de contencao que evite a saida do leito carrocavel;Saida de leito carrocavel;Pleno dia;Chuva;Caminhonete;Lesoes Graves;1;2;5;1;2;2
Falta de elemento de contencao que evite a saida do leito carrocavel;Saida de leito carrocavel;Pleno dia;Chuva;Caminhonete;Lesoes Leves;11;2;5;1;2;2
Falta de elemento de contencao que evite a saida do leito carrocavel;Saida de leito carrocavel;Pleno dia;Chuva;Motocicleta;Lesoes Leves;1;2;5;1;2;1
Falta de elemento de contencao que evite a saida do leito carrocavel;Saida de leito carrocavel;Pleno dia;Chuva;Nao Informado;Lesoes Leves;2;2;5;1;2;3
Falta de elemento de contencao que evite a saida do leito carrocavel;Saida de leito carrocavel;Pleno dia;Chuva;Utilitario;Lesoes Leves;2;2;5;1;2;3
Falta de elemento de contencao que evite a saida do leito carrocavel;Saida de leito carrocavel;Pleno dia;Garoa/Chuvisco;Automovel;Ileso;5;2;5;1;3;1
Falta de elemento de contencao que evite a saida do leito carrocavel;Saida de leito carrocavel;Pleno dia;Ignorado;Caminhao;Lesoes Leves;1;2;5;1;0;2
Falta de elemento de contencao que evite a saida do leito carrocavel;Saida de leito carrocavel;Pleno dia;Nublado;Automovel;Ileso;5;2;5;1;2;1
Falta de elemento de contencao que evite a saida do leito carrocavel;Saida de leito carrocavel;Pleno dia;Nublado;Automovel;Lesoes Graves;7;2;5;1;2;1
Falta de elemento de contencao que evite a saida do leito carrocavel;Saida de leito carrocavel;Pleno dia;Nublado;Automovel;Lesoes Leves;10;2;5;1;2;1
Falta de elemento de contencao que evite a saida do leito carrocavel;Saida de leito carrocavel;Pleno dia;Nublado;Automovel;Obito;3;2;5;1;2;1
Falta de elemento de contencao que evite a saida do leito carrocavel;Saida de leito carrocavel;Pleno dia;Nublado;Caminhao;Lesoes Graves;1;2;5;1;2;2
Falta de elemento de contencao que evite a saida do leito carrocavel;Saida de leito carrocavel;Pleno dia;Nublado;Caminhao-trator;Ileso;3;2;5;1;2;2
Falta de elemento de contencao que evite a saida do leito carrocavel;Saida de leito carrocavel;Pleno dia;Nublado;Caminhao-trator;Lesoes Leves;1;2;5;1;2;2
Falta de elemento de contencao que evite a saida do leito carrocavel;Saida de leito carrocavel;Pleno dia;Nublado;Caminhao-trator;Obito;1;2;5;1;2;2
Falta de elemento de contencao que evite a saida do leito carrocavel;Saida de leito carrocavel;Pleno dia;Nublado;Caminhonete;Ileso;1;2;5;1;2;2
Falta de elemento de contencao que evite a saida do leito carrocavel;Saida de leito carrocavel;Pleno dia;Nublado;Caminhonete;Lesoes Leves;2;2;5;1;2;2
Falta de elemento de contencao que evite a saida do leito carrocavel;Saida de leito carrocavel;Pleno dia;Nublado;Motoneta;Lesoes Graves;1;2;5;1;2;3
Falta de elemento de contencao que evite a saida do leito carrocavel;Saida de leito carrocavel;Pleno dia;Nublado;Motoneta;Obito;1;2;5;1;2;3
Falta de elemento de contencao que evite a saida do leito carrocavel;Saida de leito carrocavel;Pleno dia;Sol;Automovel;Ileso;2;2;5;1;3;1
Falta de elemento de contencao que evite a saida do leito carrocavel;Saida de leito carrocavel;Pleno dia;Sol;Automovel;Lesoes Leves;1;2;5;1;3;1
Falta de elemento de contencao que evite a saida do leito carrocavel;Saida de leito carrocavel;Pleno dia;Sol;Caminhao-trator;Lesoes Graves;2;2;5;1;3;2
Falta de elemento de contencao que evite a saida do leito carrocavel;Saida de leito carrocavel;Pleno dia;Sol;Caminhao-trator;Lesoes Leves;1;2;5;1;3;2
Falta de elemento de contencao que evite a saida do leito carrocavel;Saida de leito carrocavel;Pleno dia;Sol;Caminhonete;Lesoes Leves;2;2;5;1;3;2
Falta de elemento de contencao que evite a saida do leito carrocavel;Tombamento;Amanhecer;Chuva;Caminhonete;Ileso;1;2;5;4;2;2
Falta de elemento de contencao que evite a saida do leito carrocavel;Tombamento;Amanhecer;Chuva;Caminhonete;Lesoes Leves;1;2;5;4;2;2
Falta de elemento de contencao que evite a saida do leito carrocavel;Tombamento;Plena Noite;Ceu Claro;Automovel;Ileso;1;2;5;2;1;1
Falta de elemento de contencao que evite a saida do leito carrocavel;Tombamento;Plena Noite;Ceu Claro;Automovel;Obito;1;2;5;2;1;1
Falta de elemento de contencao que evite a saida do leito carrocavel;Tombamento;Plena Noite;Ceu Claro;Caminhao;Lesoes Graves;1;2;5;2;1;2
Falta de elemento de contencao que evite a saida do leito carrocavel;Tombamento;Plena Noite;Ceu Claro;Caminhao;Lesoes Leves;2;2;5;2;1;2
Falta de elemento de contencao que evite a saida do leito carrocavel;Tombamento;Plena Noite;Ceu Claro;Caminhao-trator;Lesoes Leves;1;2;5;2;1;2
Falta de elemento de contencao que evite a saida do leito carrocavel;Tombamento;Plena Noite;Ceu Claro;Motocicleta;Lesoes Leves;1;2;5;2;1;1
Falta de elemento de contencao que evite a saida do leito carrocavel;Tombamento;Plena Noite;Chuva;Automovel;Lesoes Leves;4;2;5;2;2;1
Falta de elemento de contencao que evite a saida do leito carrocavel;Tombamento;Plena Noite;Chuva;Caminhao-trator;Ileso;1;2;5;2;2;2
Falta de elemento de contencao que evite a saida do leito carrocavel;Tombamento;Plena Noite;Chuva;Utilitario;Lesoes Graves;2;2;5;2;2;3
Falta de elemento de contencao que evite a saida do leito carrocavel;Tombamento;Plena Noite;Chuva;Utilitario;Obito;1;2;5;2;2;3
Falta de elemento de contencao que evite a saida do leito carrocavel;Tombamento;Plena Noite;Garoa/Chuvisco;Onibus;Lesoes Graves;1;2;5;2;3;3
Falta de elemento de contencao que evite a saida do leito carrocavel;Tombamento;Plena Noite;Garoa/Chuvisco;Onibus;Lesoes Leves;37;2;5;2;3;3
Falta de elemento de contencao que evite a saida do leito carrocavel;Tombamento;Plena Noite;Nublado;Caminhao-trator;Lesoes Leves;1;2;5;2;2;2
Falta de elemento de contencao que evite a saida do leito carrocavel;Tombamento;Plena Noite;Nublado;Motocicleta;Lesoes Graves;2;2;5;2;2;1
Falta de elemento de contencao que evite a saida do leito carrocavel;Tombamento;Plena Noite;Nublado;Motocicleta;Lesoes Leves;1;2;5;2;2;1
Falta de elemento de contencao que evite a saida do leito carrocavel;Tombamento;Plena Noite;Nublado;Onibus;Ileso;5;2;5;2;2;3
Falta de elemento de contencao que evite a saida do leito carrocavel;Tombamento;Plena Noite;Nublado;Onibus;Lesoes Graves;24;2;5;2;2;3
Falta de elemento de contencao que evite a saida do leito carrocavel;Tombamento;Plena Noite;Nublado;Onibus;Lesoes Leves;13;2;5;2;2;3
Falta de elemento de contencao que evite a saida do leito carrocavel;Tombamento;Plena Noite;Nublado;Onibus;Obito;2;2;5;2;2;3
Falta de elemento de contencao que evite a saida do leito carrocavel;Tombamento;Pleno dia;Ceu Claro;Automovel;Ileso;5;2;5;1;1;1
Falta de elemento de contencao que evite a saida do leito carrocavel;Tombamento;Pleno dia;Ceu Claro;Automovel;Lesoes Leves;3;2;5;1;1;1
Falta de elemento de contencao que evite a saida do leito carrocavel;Tombamento;Pleno dia;Ceu Claro;Caminhao;Ileso;2;2;5;1;1;2
Falta de elemento de contencao que evite a saida do leito carrocavel;Tombamento;Pleno dia;Ceu Claro;Caminhao;Lesoes Leves;2;2;5;1;1;2
Falta de elemento de contencao que evite a saida do leito carrocavel;Tombamento;Pleno dia;Ceu Claro;Caminhao-trator;Ileso;1;2;5;1;1;2
Falta de elemento de contencao que evite a saida do leito carrocavel;Tombamento;Pleno dia;Ceu Claro;Caminhao-trator;Lesoes Leves;5;2;5;1;1;2
Falta de elemento de contencao que evite a saida do leito carrocavel;Tombamento;Pleno dia;Ceu Claro;Caminhonete;Lesoes Graves;1;2;5;1;1;2
Falta de elemento de contencao que evite a saida do leito carrocavel;Tombamento;Pleno dia;Ceu Claro;Caminhonete;Lesoes Leves;1;2;5;1;1;2
Falta de elemento de contencao que evite a saida do leito carrocavel;Tombamento;Pleno dia;Ceu Claro;Motocicleta;Lesoes Graves;2;2;5;1;1;1
Falta de elemento de contencao que evite a saida do leito carrocavel;Tombamento;Pleno dia;Ceu Claro;Motocicleta;Lesoes Leves;3;2;5;1;1;1
Falta de elemento de contencao que evite a saida do leito carrocavel;Tombamento;Pleno dia;Ceu Claro;Nao se aplica;Lesoes Leves;1;2;5;1;1;3
Falta de elemento de contencao que evite a saida do leito carrocavel;Tombamento;Pleno dia;Ceu Claro;Onibus;Ileso;10;2;5;1;1;3
Falta de elemento de contencao que evite a saida do leito carrocavel;Tombamento;Pleno dia;Ceu Claro;Onibus;Lesoes Leves;6;2;5;1;1;3
Falta de elemento de contencao que evite a saida do leito carrocavel;Tombamento;Pleno dia;Ceu Claro;Utilitario;Lesoes Leves;1;2;5;1;1;3