causa_acidente;tipo_acidente;fase_dia;condicao_metereologica;tipo_veiculo;estado_fisico;count;causa_acidente_criterios;tipo_acidente_criterios;fase_dia_criterios;condicao_metereologica_criterios;tipo_veiculo_criterios
Falta de elemento de contencao que evite a saida do leito carrocavel;Tombamento;Pleno dia;Chuva;Caminhonete;Ileso;1;2;5;1;2;2
Falta de elemento de contencao que evite a saida do leito carrocavel;Tombamento;Pleno dia;Chuva;Caminhonete;Lesoes Leves;3;2;5;1;2;2
Falta de elemento de contencao que evite a saida do leito carrocavel;Tombamento;Pleno dia;Ignorado;Caminhao;Lesoes Leves;1;2;5;1;0;2
Falta de elemento de contencao que evite a saida do leito carrocavel;Tombamento;Pleno dia;Nublado;Caminhao;Lesoes Graves;1;2;5;1;2;2
Falta de elemento de contencao que evite a saida do leito carrocavel;Tombamento;Pleno dia;Nublado;Caminhao-trator;Ileso;2;2;5;1;2;2
Falta de elemento de contencao que evite a saida do leito carrocavel;Tombamento;Pleno dia;Nublado;Caminhao-trator;Lesoes Leves;1;2;5;1;2;2
Falta de elemento de contencao que evite a saida do leito carrocavel;Tombamento;Pleno dia;Nublado;Caminhonete;Lesoes Leves;2;2;5;1;2;2
Falta de elemento de contencao que evite a saida do leito carrocavel;Tombamento;Pleno dia;Nublado;Motoneta;Lesoes Graves;1;2;5;1;2;3
Falta de elemento de contencao que evite a saida do leito carrocavel;Tombamento;Pleno dia;Nublado;Motoneta;Obito;1;2;5;1;2;3
Falta de elemento de contencao que evite a saida do leito carrocavel;Tombamento;Pleno dia;Sol;Caminhao-trator;Lesoes Graves;2;2;5;1;3;2
Falta de elemento de contencao que evite a saida do leito carrocavel;Tombamento;Pleno dia;Sol;Caminhao-trator;Lesoes Leves;1;2;5;1;3;2
Farois desregulados;Atropelamento de Pedestre;Plena Noite;Chuva;Nao se aplica;Obito;1;1;4;2;2;3
Farois desregulados;Atropelamento de Pedestre;Plena Noite;Nublado;Nao se aplica;Obito;1;1;4;2;2;3
Farois desregulados;Colisao com objeto;Plena Noite;Chuva;Motocicleta;Ileso;1;1;5;2;2;1
Farois desregulados;Colisao com objeto;Plena Noite;Chuva;Motocicleta;Lesoes Graves;2;1;5;2;2;1
Farois desregulados;Colisao frontal;Plena Noite;Ceu Claro;Automovel;Lesoes Graves;1;1;5;2;1;1
Farois desregulados;Colisao frontal;Plena Noite;Ceu Claro;Automovel;Lesoes Leves;1;1;5;2;1;1
Farois desregulados;Colisao frontal;Plena Noite;Ceu Claro;Caminhonete;Lesoes Graves;1;1;5;2;1;2
Farois desregulados;Colisao frontal;Plena Noite;Chuva;Automovel;Lesoes Leves;3;1;5;2;2;1
Farois desregulados;Colisao frontal;Plena Noite;Garoa/Chuvisco;Caminhonete;Ileso;2;1;5;2;3;2
Farois desregulados;Colisao frontal;Plena Noite;Garoa/Chuvisco;Motocicleta;Lesoes Graves;1;1;5;2;3;1
Farois desregulados;Colisao frontal;Plena Noite;Garoa/Chuvisco;Motocicleta;Obito;1;1;5;2;3;1
Farois desregulados;Colisao lateral mesmo sentido;Plena Noite;Ceu Claro;Caminhonete;Ileso;1;1;5;2;1;2
Farois desregulados;Colisao lateral mesmo sentido;Plena Noite;Ceu Claro;Motocicleta;Lesoes Graves;1;1;5;2;1;1
Farois desregulados;Colisao lateral mesmo sentido;Plena Noite;Ceu Claro;Motocicleta;Lesoes Leves;1;1;5;2;1;1
Farois desregulados;Colisao lateral sentido oposto;Plena Noite;Ceu Claro;Automovel;Ileso;1;1;4;2;1;1
Farois desregulados;Colisao lateral sentido oposto;Plena Noite;Ceu Claro;Caminhonete;Ileso;1;1;4;2;1;2
Farois desregulados;Colisao lateral sentido oposto;Plena Noite;Nublado;Caminhonete;Ileso;1;1;4;2;2;2
Farois desregulados;Colisao lateral sentido oposto;Plena Noite;Nublado;Caminhonete;Lesoes Leves;1;1;4;2;2;2
Farois desregulados;Colisao lateral sentido oposto;Plena Noite;Nublado;Motocicleta;Lesoes Graves;1;1;4;2;2;1
Farois desregulados;Colisao transversal;Plena Noite;Ceu Claro;Caminhonete;Ileso;1;1;5;2;1;2
Farois desregulados;Colisao transversal;Plena Noite;Ceu Claro;Motocicleta;Lesoes Graves;1;1;5;2;1;1
Farois desregulados;Colisao transversal;Plena Noite;Ceu Claro;Motocicleta;Lesoes Leves;1;1;5;2;1;1
Farois desregulados;Colisao traseira;Plena Noite;Ceu Claro;Automovel;Ileso;2;1;5;2;1;1
Farois desregulados;Colisao traseira;Plena Noite;Ceu Claro;Automovel;Lesoes Graves;2;1;5;2;1;1
Farois desregulados;Colisao traseira;Plena Noite;Ceu Claro;Automovel;Lesoes Leves;7;1;5;2;1;1
Farois desregulados;Colisao traseira;Plena Noite;Ceu Claro;Caminhao-trator;Ileso;1;1;5;2;1;2
Farois desregulados;Colisao traseira;Plena Noite;Ceu Claro;Caminhonete;Ileso;1;1;5;2;1;2
Farois desregulados;Colisao traseira;Plena Noite;Ceu Claro;Motocicleta;Lesoes Leves;1;1;5;2;1;1
Farois desregulados;Colisao traseira;Pleno dia;Ceu Claro;Automovel;Ileso;1;1;5;1;1;1
Farois desregulados;Colisao traseira;Pleno dia;Ceu Claro;Motocicleta;Lesoes Graves;1;1;5;1;1;1
Farois desregulados;Eventos atipicos;Plena Noite;Ceu Claro;Automovel;Ileso;1;1;2;2;1;1
Farois desregulados;Eventos atipicos;Plena Noite;Ceu Claro;Caminhonete;Ileso;1;1;2;2;1;2
Farois desregulados;Incendio;Plena Noite;Ceu Claro;Automovel;Lesoes Leves;1;1;2;2;1;1
Farois desregulados;Incendio;Plena Noite;Ceu Claro;Caminhao-trator;Ileso;1;1;2;2;1;2
Farois desregulados;Queda de ocupante de veiculo;Plena Noite;Ceu Claro;Caminhonete;Ileso;2;1;5;2;1;2
Farois desregulados;Queda de ocupante de veiculo;Plena Noite;Ceu Claro;Motocicleta;Lesoes Graves;1;1;5;2;1;1
Farois desregulados;Queda de ocupante de veiculo;Plena Noite;Ceu Claro;Motocicleta;Lesoes Leves;2;1;5;2;1;1
Farois desregulados;Queda de ocupante de veiculo;Plena Noite;Chuva;Motocicleta;Ileso;1;1;5;2;2;1
Farois desregulados;Queda de ocupante de veiculo;Plena Noite;Chuva;Motocicleta;Lesoes Graves;2;1;5;2;2;1
Farois desregulados;Queda de ocupante de veiculo;Plena Noite;Garoa/Chuvisco;Caminhonete;Ileso;2;1;5;2;3;2
Farois desregulados;Queda de ocupante de veiculo;Plena Noite;Garoa/Chuvisco;Motocicleta;Lesoes Graves;1;1;5;2;3;1
Farois desregulados;Queda de ocupante de veiculo;Plena Noite;Garoa/Chuvisco;Motocicleta;Obito;1;1;5;2;3;1
Farois desregulados;Saida de leito carrocavel;Plena Noite;Chuva;Automovel;Lesoes Leves;2;1;5;2;2;1
Farois desregulados;Saida de leito carrocavel;Plena Noite;Chuva;Caminhao-trator;Lesoes Leves;1;1;5;2;2;2
Farois desregulados;Saida de leito carrocavel;Plena Noite;Garoa/Chuvisco;Caminhonete;Ileso;2;1;5;2;3;2
Farois desregulados;Saida de leito carrocavel;Plena Noite;Garoa/Chuvisco;Motocicleta;Lesoes Graves;1;1;5;2;3;1
Farois desregulados;Saida de leito carrocavel;Plena Noite;Garoa/Chuvisco;Motocicleta;Obito;1;1;5;2;3;1
Farois desregulados;Tombamento;Plena Noite;Ceu Claro;Caminhonete;Ileso;1;1;5;2;1;2
Farois desregulados;Tombamento;Plena Noite;Ceu Claro;Motocicleta;Lesoes Leves;1;1;5;2;1;1
Farois desregulados;Tombamento;Plena Noite;Chuva;Caminhao-trator;Lesoes Leves;1;1;5;2;2;2
Farois desregulados;Tombamento;Plena Noite;Chuva;Motocicleta;Ileso;1;1;5;2;2;1
Farois desregulados;Tombamento;Plena Noite;Chuva;Motocicleta;Lesoes Graves;2;1;5;2;2;1
Frear bruscamente;Atropelamento de Pedestre;Plena Noite;Garoa/Chuvisco;Motocicleta;Lesoes Graves;1;2;4;2;3;1
Frear bruscamente;Atropelamento de Pedestre;Pleno dia;Ceu Claro;Caminhonete;Ileso;1;2;4;1;1;2
Frear bruscamente;Atropelamento de Pedestre;Pleno dia;Ceu Claro;Motocicleta;Ileso;1;2;4;1;1;1
Frear bruscamente;Capotamento;Anoitecer;Ceu Claro;Automovel;Lesoes Leves;5;2;5;4;1;1
Frear bruscamente;Capotamento;Anoitecer;Chuva;Automovel;Lesoes Graves;1;2;5;4;2;1
Frear bruscamente;Capotamento;Anoitecer;Chuva;Automovel;Lesoes Leves;1;2;5;4;2;1
Frear bruscamente;Capotamento;Plena Noite;Ceu Claro;Automovel;Lesoes Leves;5;2;5;2;1;1
Frear bruscamente;Capotamento;Plena Noite;Ceu Claro;Automovel;Obito;1;2;5;2;1;1
Frear bruscamente;Capotamento;Plena Noite;Nublado;Automovel;Lesoes Leves;6;2;5;2;2;1
Frear bruscamente;Capotamento;Plena Noite;Nublado;Caminhao-trator;Ileso;1;2;5;2;2;2
Frear bruscamente;Capotamento;Pleno dia;Ceu Claro;Automovel;Ileso;6;2;5;1;1;1
Frear bruscamente;Capotamento;Pleno dia;Ceu Claro;Automovel;Lesoes Leves;9;2;5;1;1;1
Frear bruscamente;Capotamento;Pleno dia;Ceu Claro;Caminhao-trator;Ileso;1;2;5;1;1;2
Frear bruscamente;Capotamento;Pleno dia;Ceu Claro;Caminhonete;Ileso;8;2;5;1;1;2
Frear bruscamente;Capotamento;Pleno dia;Ceu Claro;Caminhonete;Lesoes Leves;5;2;5;1;1;2
Frear bruscamente;Capotamento;Pleno dia;Chuva;Automovel;Ileso;2;2;5;1;2;1
Frear bruscamente;Capotamento;Pleno dia;Chuva;Automovel;Lesoes Graves;1;2;5;1;2;1
Frear bruscamente;Capotamento;Pleno dia;Chuva;Caminhao;Ileso;1;2;5;1;2;2
Frear bruscamente;Capotamento;Pleno dia;Nublado;Automovel;Lesoes Leves;2;2;5;1;2;1
Frear bruscamente;Capotamento;Pleno dia;Nublado;Caminhao;Lesoes Leves;1;2;5;1;2;2
Frear bruscamente;Capotamento;Pleno dia;Sol;Automovel;Ileso;2;2;5;1;3;1
Frear bruscamente;Capotamento;Pleno dia;Sol;Automovel;Lesoes Graves;1;2;5;1;3;1
Frear bruscamente;Colisao com objeto;Amanhecer;Nublado;Automovel;Ileso;1;2;5;4;2;1
Frear bruscamente;Colisao com objeto;Amanhecer;Nublado;Automovel;Lesoes Leves;3;2;5;4;2;1
Frear bruscamente;Colisao com objeto;Amanhecer;Nublado;Caminhao-trator;Lesoes Leves;3;2;5;4;2;2
Frear bruscamente;Colisao com objeto;Amanhecer;Nublado;Caminhonete;Ileso;2;2;5;4;2;2
Frear bruscamente;Colisao com objeto;Amanhecer;Nublado;Onibus;Ileso;1;2;5;4;2;3
Frear bruscamente;Colisao com objeto;Anoitecer;Ceu Claro;Automovel;Ileso;1;2;5;4;1;1
Frear bruscamente;Colisao com objeto;Anoitecer;Ceu Claro;Utilitario;Ileso;1;2;5;4;1;3
Frear bruscamente;Colisao com objeto;Anoitecer;Chuva;Automovel;Lesoes Graves;1;2;5;4;2;1
Frear bruscamente;Colisao com objeto;Anoitecer;Chuva;Automovel;Lesoes Leves;1;2;5;4;2;1
Frear bruscamente;Colisao com objeto;Plena Noite;Ceu Claro;Automovel;Ileso;8;2;5;2;1;1
Frear bruscamente;Colisao com objeto;Plena Noite;Ceu Claro;Caminhonete;Ileso;3;2;5;2;1;2
Frear bruscamente;Colisao com objeto;Plena Noite;Ceu Claro;Caminhonete;Lesoes Leves;1;2;5;2;1;2
Frear bruscamente;Colisao com objeto;Plena Noite;Ceu Claro;Motocicleta;Lesoes Leves;1;2;5;2;1;1
Frear bruscamente;Colisao com objeto;Plena Noite;Chuva;Nao Informado;Ileso;1;2;5;2;2;3
Frear bruscamente;Colisao com objeto;Plena Noite;Chuva;Nao Informado;Lesoes Graves;4;2;5;2;2;3
Frear bruscamente;Colisao com objeto;Plena Noite;Nublado;Automovel;Ileso;2;2;5;2;2;1
Frear bruscamente;Colisao com objeto;Plena Noite;Nublado;Automovel;Lesoes Leves;4;2;5;2;2;1
Frear bruscamente;Colisao com objeto;Plena Noite;Nublado;Motoneta;Lesoes Graves;1;2;5;2;2;3
Frear bruscamente;Colisao com objeto;Plena Noite;Nublado;Motoneta;Lesoes Leves;1;2;5;2;2;3
Frear bruscamente;Colisao com objeto;Pleno dia;Ceu Claro;Automovel;Ileso;5;2;5;1;1;1
Frear bruscamente;Colisao com objeto;Pleno dia;Ceu Claro;Automovel;Lesoes Leves;5;2;5;1;1;1
Frear bruscamente;Colisao com objeto;Pleno dia;Ceu Claro;Caminhao-trator;Ileso;1;2;5;1;1;2
Frear bruscamente;Colisao com objeto;Pleno dia;Ceu Claro;Caminhonete;Ileso;4;2;5;1;1;2
Frear bruscamente;Colisao com objeto;Pleno dia;Ceu Claro;Caminhonete;Lesoes Leves;3;2;5;1;1;2
Frear bruscamente;Colisao com objeto;Pleno dia;Ceu Claro;Utilitario;Ileso;2;2;5;1;1;3
Frear bruscamente;Colisao com objeto;Pleno dia;Chuva;Automovel;Ileso;15;2;5;1;2;1
Frear bruscamente;Colisao com objeto;Pleno dia;Chuva;Automovel;Lesoes Graves;2;2;5;1;2;1
Frear bruscamente;Colisao com objeto;Pleno dia;Chuva;Automovel;Lesoes Leves;4;2;5;1;2;1
Frear bruscamente;Colisao com objeto;Pleno dia;Chuva;Caminhao;Lesoes Leves;1;2;5;1;2;2
Frear bruscamente;Colisao com objeto;Pleno dia;Chuva;Nao Informado;Ileso;2;2;5;1;2;3
Frear bruscamente;Colisao com objeto;Pleno dia;Nublado;Automovel;Ileso;1;2;5;1;2;1
Frear bruscamente;Colisao com objeto;Pleno dia;Nublado;Automovel;Lesoes Leves;8;2;5;1;2;1
Frear bruscamente;Colisao com objeto;Pleno dia;Nublado;Caminhao;Ileso;1;2;5;1;2;2
Frear bruscamente;Colisao com objeto;Pleno dia;Nublado;Caminhao;Lesoes Graves;1;2;5;1;2;2
Frear bruscamente;Colisao com objeto;Pleno dia;Nublado;Caminhao;Lesoes Leves;2;2;5;1;2;2
Frear bruscamente;Colisao com objeto;Pleno dia;Nublado;Caminhao-trator;Ileso;3;2;5;1;2;2
Frear bruscamente;Colisao com objeto;Pleno dia;Nublado;Motocicleta;Lesoes Leves;1;2;5;1;2;1
Frear bruscamente;Colisao com objeto;Pleno dia;Sol;Automovel;Ileso;2;2;5;1;3;1
Frear bruscamente;Colisao frontal;Plena Noite;Chuva;Caminhao;Ileso;3;2;5;2;2;2
Frear bruscamente;Colisao frontal;Plena Noite;Chuva;Caminhao;Lesoes Leves;1;2;5;2;2;2
Frear bruscamente;Colisao frontal;Pleno dia;Ceu Claro;Caminhao;Lesoes Leves;1;2;5;1;1;2
Frear bruscamente;Colisao frontal;Pleno dia;Ceu Claro;Caminhao-trator;Ileso;1;2;5;1;1;2
Frear bruscamente;Colisao frontal;Pleno dia;Chuva;Caminhao;Lesoes Graves;3;2;5;1;2;2
Frear bruscamente;Colisao frontal;Pleno dia;Chuva;Caminhao;Lesoes Leves;2;2;5;1;2;2
Frear bruscamente;Colisao frontal;Pleno dia;Chuva;Caminhao-trator;Ileso;2;2;5;1;2;2
Frear bruscamente;Colisao frontal;Pleno dia;Chuva;Caminhao-trator;Lesoes Graves;1;2;5;1;2;2
Frear bruscamente;Colisao frontal;Pleno dia;Chuva;Caminhao-trator;Lesoes Leves;1;2;5;1;2;2
Frear bruscamente;Colisao frontal;Pleno dia;Chuva;Caminhao-trator;Obito;2;2;5;1;2;2
Frear bruscamente;Colisao frontal;Pleno dia;Garoa/Chuvisco;Automovel;Ileso;2;2;5;1;3;1
Frear bruscamente;Colisao frontal;Pleno dia;Garoa/Chuvisco;Automovel;Lesoes Leves;2;2;5;1;3;1
Frear bruscamente;Colisao frontal;Pleno dia;Garoa/Chuvisco;Automovel;Obito;1;2;5;1;3;1
Frear bruscamente;Colisao frontal;Pleno dia;Garoa/Chuvisco;Caminhao-trator;Ileso;1;2;5;1;3;2
Frear bruscamente;Colisao frontal;Pleno dia;Nublado;Automovel;Ileso;1;2;5;1;2;1
Frear bruscamente;Colisao frontal;Pleno dia;Nublado;Nao Informado;Ileso;2;2;5;1;2;3
Frear bruscamente;Colisao lateral mesmo sentido;Pleno dia;Ceu Claro;Automovel;Ileso;10;2;5;1;1;1
Frear bruscamente;Colisao lateral mesmo sentido;Pleno dia;Ceu Claro;Automovel;Lesoes Leves;5;2;5;1;1;1
Frear bruscamente;Colisao lateral mesmo sentido;Pleno dia;Ceu Claro;Caminhao-trator;Ileso;3;2;5;1;1;2
Frear bruscamente;Colisao lateral mesmo sentido;Pleno dia;Ceu Claro;Caminhao-trator;Lesoes Graves;1;2;5;1;1;2
Frear bruscamente;Colisao lateral mesmo sentido;Pleno dia;Ceu Claro;Caminhonete;Ileso;1;2;5;1;1;2
Frear bruscamente;Colisao lateral mesmo sentido;Pleno dia;Ceu Claro;Caminhonete;Lesoes Leves;1;2;5;1;1;2
Frear bruscamente;Colisao lateral mesmo sentido;Pleno dia;Ceu Claro;Motocicleta;Ileso;1;2;5;1;1;1
Frear bruscamente;Colisao lateral mesmo sentido;Pleno dia;Ceu Claro;Motocicleta;Lesoes Graves;2;2;5;1;1;1
Frear bruscamente;Colisao lateral mesmo sentido;Pleno dia;Ceu Claro;Motocicleta;Lesoes Leves;7;2;5;1;1;1
Frear bruscamente;Colisao lateral mesmo sentido;Pleno dia;Ceu Claro;Utilitario;Ileso;5;2;5;1;1;3
Frear bruscamente;Colisao lateral mesmo sentido;Pleno dia;Chuva;Automovel;Ileso;1;2;5;1;2;1
Frear bruscamente;Colisao lateral mesmo sentido;Pleno dia;Chuva;Caminhonete;Ileso;6;2;5;1;2;2
Frear bruscamente;Colisao lateral mesmo sentido;Pleno dia;Chuva;Utilitario;Ileso;3;2;5;1;2;3
Frear bruscamente;Colisao lateral mesmo sentido;Pleno dia;Nublado;Automovel;Ileso;1;2;5;1;2;1
Frear bruscamente;Colisao lateral mesmo sentido;Pleno dia;Nublado;Caminhao;Ileso;1;2;5;1;2;2
Frear bruscamente;Colisao lateral mesmo sentido;Pleno dia;Nublado;Caminhao;Lesoes Graves;1;2;5;1;2;2
Frear bruscamente;Colisao lateral mesmo sentido;Pleno dia;Nublado;Caminhao;Lesoes Leves;1;2;5;1;2;2
Frear bruscamente;Colisao lateral mesmo sentido;Pleno dia;Nublado;Caminhao-trator;Ileso;1;2;5;1;2;2
Frear bruscamente;Colisao lateral mesmo sentido;Pleno dia;Nublado;Caminhonete;Ileso;2;2;5;1;2;2
Frear bruscamente;Colisao lateral mesmo sentido;Pleno dia;Sol;Automovel;Ileso;1;2;5;1;3;1
Frear bruscamente;Colisao lateral mesmo sentido;Pleno dia;Sol;Motocicleta;Lesoes Graves;1;2;5;1;3;1
Frear bruscamente;Colisao lateral sentido oposto;Pleno dia;Ceu Claro;Automovel;Ileso;3;2;4;1;1;1
Frear bruscamente;Colisao lateral sentido oposto;Pleno dia;Ceu Claro;Caminhao-trator;Lesoes Graves;1;2;4;1;1;2
Frear bruscamente;Colisao lateral sentido oposto;Pleno dia;Ceu Claro;Nao Informado;Ileso;2;2;4;1;1;3
Frear bruscamente;Colisao transversal;Amanhecer;Ceu Claro;Caminhao-trator;Ileso;1;2;5;4;1;2
Frear bruscamente;Colisao transversal;Amanhecer;Ceu Claro;Motocicleta;Obito;1;2;5;4;1;1
Frear bruscamente;Colisao transversal;Amanhecer;Nublado;Automovel;Ileso;1;2;5;4;2;1
Frear bruscamente;Colisao transversal;Amanhecer;Nublado;Automovel;Lesoes Leves;3;2;5;4;2;1
Frear bruscamente;Colisao transversal;Amanhecer;Nublado;Caminhao-trator;Lesoes Leves;2;2;5;4;2;2
Frear bruscamente;Colisao transversal;Amanhecer;Nublado;Caminhonete;Ileso;2;2;5;4;2;2
Frear bruscamente;Colisao transversal;Amanhecer;Nublado;Onibus;Ileso;1;2;5;4;2;3
Frear bruscamente;Colisao transversal;Plena Noite;Ceu Claro;Caminhonete;Ileso;1;2;5;2;1;2
Frear bruscamente;Colisao transversal;Plena Noite;Ceu Claro;Motocicleta;Lesoes Graves;1;2;5;2;1;1
Frear bruscamente;Colisao transversal;Plena Noite;Chuva;Automovel;Ileso;1;2;5;2;2;1
Frear bruscamente;Colisao transversal;Plena Noite;Chuva;Utilitario;Ileso;4;2;5;2;2;3
Frear bruscamente;Colisao transversal;Pleno dia;Ceu Claro;Caminhao-trator;Ileso;1;2;5;1;1;2
Frear bruscamente;Colisao transversal;Pleno dia;Ceu Claro;Caminhonete;Ileso;1;2;5;1;1;2
Frear bruscamente;Colisao transversal;Pleno dia;Ceu Claro;Caminhonete;Lesoes Leves;1;2;5;1;1;2
Frear bruscamente;Colisao transversal;Pleno dia;Ceu Claro;Micro-onibus;Ileso;1;2;5;1;1;4
Frear bruscamente;Colisao transversal;Pleno dia;Ceu Claro;Motocicleta;Lesoes Graves;1;2;5;1;1;1
Frear bruscamente;Colisao transversal;Pleno dia;Ceu Claro;Motocicleta;Lesoes Leves;1;2;5;1;1;1
Frear bruscamente;Colisao transversal;Pleno dia;Ceu Claro;Utilitario;Ileso;2;2;5;1;1;3
Frear bruscamente;Colisao transversal;Pleno dia;Garoa/Chuvisco;Automovel;Ileso;1;2;5;1;3;1
Frear bruscamente;Colisao transversal;Pleno dia;Garoa/Chuvisco;Automovel;Lesoes Leves;1;2;5;1;3;1
Frear bruscamente;Colisao transversal;Pleno dia;Sol;Automovel;Ileso;1;2;5;1;3;1
Frear bruscamente;Colisao transversal;Pleno dia;Sol;Motocicleta;Ileso;1;2;5;1;3;1
Frear bruscamente;Colisao transversal;Pleno dia;Sol;Motocicleta;Lesoes Graves;1;2;5;1;3;1
Frear bruscamente;Colisao transversal;Pleno dia;Sol;Motocicleta;Lesoes Leves;1;2;5;1;3;1
Frear bruscamente;Colisao traseira;Amanhecer;Chuva;Automovel;Ileso;1;2;5;4;2;1
Frear bruscamente;Colisao traseira;Amanhecer;Chuva;Caminhonete;Ileso;1;2;5;4;2;2
Frear bruscamente;Colisao traseira;Amanhecer;Nublado;Caminhonete;Ileso;2;2;5;4;2;2
Frear bruscamente;Colisao traseira;Amanhecer;Nublado;Onibus;Ileso;1;2;5;4;2;3
Frear bruscamente;Colisao traseira;Anoitecer;Ceu Claro;Automovel;Ileso;5;2;5;4;1;1
Frear bruscamente;Colisao traseira;Anoitecer;Ceu Claro;Caminhao;Ileso;2;2;5;4;1;2
Frear bruscamente;Colisao traseira;Anoitecer;Ceu Claro;Caminhonete;Ileso;8;2;5;4;1;2
Frear bruscamente;Colisao traseira;Anoitecer;Ceu Claro;Ciclomotor;Lesoes Leves;1;2;5;4;1;4
Frear bruscamente;Colisao traseira;Anoitecer;Ceu Claro;Motocicleta;Lesoes Graves;2;2;5;4;1;1
Frear bruscamente;Colisao traseira;Anoitecer;Ceu Claro;Motocicleta;Lesoes Leves;2;2;5;4;1;1
Frear bruscamente;Colisao traseira;Anoitecer;Ceu Claro;Utilitario;Ileso;1;2;5;4;1;3
Frear bruscamente;Colisao traseira;Anoitecer;Garoa/Chuvisco;Automovel;Ileso;2;2;5;4;3;1
Frear bruscamente;Colisao traseira;Anoitecer;Garoa/Chuvisco;Motoneta;Lesoes Leves;2;2;5;4;3;3
Frear bruscamente;Colisao traseira;Anoitecer;Nublado;Automovel;Ileso;1;2;5;4;2;1
Frear bruscamente;Colisao traseira;Anoitecer;Nublado;Automovel;Lesoes Leves;1;2;5;4;2;1
Frear bruscamente;Colisao traseira;Anoitecer;Nublado;Caminhao-trator;Ileso;1;2;5;4;2;2
Frear bruscamente;Colisao traseira;Plena Noite;Ceu Claro;Automovel;Ileso;13;2;5;2;1;1
Frear bruscamente;Colisao traseira;Plena Noite;Ceu Claro;Automovel;Lesoes Leves;4;2;5;2;1;1
Frear bruscamente;Colisao traseira;Plena Noite;Ceu Claro;Caminhonete;Ileso;1;2;5;2;1;2
Frear bruscamente;Colisao traseira;Plena Noite;Ceu Claro;Motocicleta;Lesoes Graves;3;2;5;2;1;1
Frear bruscamente;Colisao traseira;Plena Noite;Ceu Claro;Motocicleta;Lesoes Leves;5;2;5;2;1;1
Frear bruscamente;Colisao traseira;Plena Noite;Ceu Claro;Motoneta;Ileso;1;2;5;2;1;3
Frear bruscamente;Colisao traseira;Plena Noite;Ceu Claro;Motoneta;Lesoes Graves;1;2;5;2;1;3
Frear bruscamente;Colisao traseira;Plena Noite;Ceu Claro;Motoneta;Lesoes Leves;1;2;5;2;1;3
Frear bruscamente;Colisao traseira;Plena Noite;Ceu Claro;Nao Informado;Ileso;2;2;5;2;1;3
Frear bruscamente;Colisao traseira;Plena Noite;Chuva;Automovel;Ileso;12;2;5;2;2;1
Frear bruscamente;Colisao traseira;Plena Noite;Chuva;Automovel;Lesoes Leves;1;2;5;2;2;1
Frear bruscamente;Colisao traseira;Plena Noite;Chuva;Motocicleta;Lesoes Leves;3;2;5;2;2;1
Frear bruscamente;Colisao traseira;Plena Noite;Chuva;Utilitario;Ileso;4;2;5;2;2;3
Frear bruscamente;Colisao traseira;Plena Noite;Garoa/Chuvisco;Automovel;Ileso;4;2;5;2;3;1
Frear bruscamente;Colisao traseira;Plena Noite;Garoa/Chuvisco;Automovel;Lesoes Leves;2;2;5;2;3;1
Frear bruscamente;Colisao traseira;Plena Noite;Garoa/Chuvisco;Motocicleta;Lesoes Graves;1;2;5;2;3;1
Frear bruscamente;Colisao traseira;Plena Noite;Ignorado;Automovel;Ileso;1;2;5;2;0;1
Frear bruscamente;Colisao traseira;Plena Noite;Ignorado;Motocicleta;Ileso;1;2;5;2;0;1
Frear bruscamente;Colisao traseira;Plena Noite;Ignorado;Motocicleta;Lesoes Leves;1;2;5;2;0;1
Frear bruscamente;Colisao traseira;Plena Noite;Nublado;Automovel;Ileso;11;2;5;2;2;1
Frear bruscamente;Colisao traseira;Plena Noite;Nublado;Automovel;Lesoes Leves;6;2;5;2;2;1
Frear bruscamente;Colisao traseira;Plena Noite;Nublado;Caminhao-trator;Ileso;1;2;5;2;2;2
Frear bruscamente;Colisao traseira;Plena Noite;Nublado;Micro-onibus;Ileso;1;2;5;2;2;4
Frear bruscamente;Colisao traseira;Plena Noite;Nublado;Motocicleta;Lesoes Leves;2;2;5;2;2;1
Frear bruscamente;Colisao traseira;Plena Noite;Nublado;Nao Informado;Ileso;1;2;5;2;2;3
Frear bruscamente;Colisao traseira;Plena Noite;Nublado;Nao Informado;Lesoes Leves;2;2;5;2;2;3
Frear bruscamente;Colisao traseira;Pleno dia;Ceu Claro;Automovel;Ileso;59;2;5;1;1;1
Frear bruscamente;Colisao traseira;Pleno dia;Ceu Claro;Automovel;Lesoes Graves;1;2;5;1;1;1
Frear bruscamente;Colisao traseira;Pleno dia;Ceu Claro;Automovel;Lesoes Leves;19;2;5;1;1;1
Frear bruscamente;Colisao traseira;Pleno dia;Ceu Claro;Caminhao;Ileso;6;2;5;1;1;2
Frear bruscamente;Colisao traseira;Pleno dia;Ceu Claro;Caminhao-trator;Ileso;8;2;5;1;1;2
Frear bruscamente;Colisao traseira;Pleno dia;Ceu Claro;Caminhao-trator;Lesoes Leves;1;2;5;1;1;2
Frear bruscamente;Colisao traseira;Pleno dia;Ceu Claro;Caminhonete;Ileso;18;2;5;1;1;2
Frear bruscamente;Colisao traseira;Pleno dia;Ceu Claro;Caminhonete;Lesoes Leves;4;2;5;1;1;2
Frear bruscamente;Colisao traseira;Pleno dia;Ceu Claro;Micro-onibus;Ileso;2;2;5;1;1;4
Frear bruscamente;Colisao traseira;Pleno dia;Ceu Claro;Motocicleta;Ileso;10;2;5;1;1;1
Frear bruscamente;Colisao traseira;Pleno dia;Ceu Claro;Motocicleta;Lesoes Graves;10;2;5;1;1;1
Frear bruscamente;Colisao traseira;Pleno dia;Ceu Claro;Motocicleta;Lesoes Leves;31;2;5;1;1;1
Frear bruscamente;Colisao traseira;Pleno dia;Ceu Claro;Motoneta;Ileso;2;2;5;1;1;3
Frear bruscamente;Colisao traseira;Pleno dia;Ceu Claro;Motoneta;Lesoes Leves;2;2;5;1;1;3
Frear bruscamente;Colisao traseira;Pleno dia;Ceu Claro;Onibus;Ileso;2;2;5;1;1;3
Frear bruscamente;Colisao traseira;Pleno dia;Ceu Claro;Onibus;Lesoes Graves;1;2;5;1;1;3
Frear bruscamente;Colisao traseira;Pleno dia;Ceu Claro;Trator de rodas;Ileso;2;2;5;1;1;5