causa_acidente;tipo_acidente;fase_dia;condicao_metereologica;tipo_veiculo;estado_fisico;count;causa_acidente_criterios;tipo_acidente_criterios;fase_dia_criterios;condicao_metereologica_criterios;tipo_veiculo_criterios
Iluminacao deficiente;Colisao lateral sentido oposto;Plena Noite;Nublado;Motocicleta;Ileso;1;3;4;2;2;1
Iluminacao deficiente;Colisao lateral sentido oposto;Plena Noite;Nublado;Motocicleta;Lesoes Graves;1;3;4;2;2;1
Iluminacao deficiente;Colisao transversal;Amanhecer;Ceu Claro;Automovel;Ileso;3;3;5;4;1;1
Iluminacao deficiente;Colisao transversal;Amanhecer;Ceu Claro;Automovel;Obito;1;3;5;4;1;1
Iluminacao deficiente;Colisao transversal;Amanhecer;Ceu Claro;Bicicleta;Obito;1;3;5;4;1;3
Iluminacao deficiente;Colisao transversal;Amanhecer;Ceu Claro;Caminhao-trator;Ileso;1;3;5;4;1;2
Iluminacao deficiente;Colisao transversal;Anoitecer;Ceu Claro;Automovel;Ileso;2;3;5;4;1;1
Iluminacao deficiente;Colisao transversal;Anoitecer;Ceu Claro;Caminhao;Ileso;1;3;5;4;1;2
Iluminacao deficiente;Colisao transversal;Anoitecer;Ceu Claro;Motocicleta;Ileso;1;3;5;4;1;1
Iluminacao deficiente;Colisao transversal;Anoitecer;Ceu Claro;Motocicleta;Lesoes Leves;3;3;5;4;1;1
Iluminacao deficiente;Colisao transversal;Anoitecer;Ceu Claro;Motocicleta;Obito;1;3;5;4;1;1
Iluminacao deficiente;Colisao transversal;Plena Noite;Ceu Claro;Automovel;Ileso;23;3;5;2;1;1
Iluminacao deficiente;Colisao transversal;Plena Noite;Ceu Claro;Automovel;Lesoes Graves;1;3;5;2;1;1
Iluminacao deficiente;Colisao transversal;Plena Noite;Ceu Claro;Automovel;Lesoes Leves;6;3;5;2;1;1
Iluminacao deficiente;Colisao transversal;Plena Noite;Ceu Claro;Bicicleta;Lesoes Graves;1;3;5;2;1;3
Iluminacao deficiente;Colisao transversal;Plena Noite;Ceu Claro;Bicicleta;Lesoes Leves;2;3;5;2;1;3
Iluminacao deficiente;Colisao transversal;Plena Noite;Ceu Claro;Bicicleta;Obito;2;3;5;2;1;3
Iluminacao deficiente;Colisao transversal;Plena Noite;Ceu Claro;Caminhao;Ileso;2;3;5;2;1;2
Iluminacao deficiente;Colisao transversal;Plena Noite;Ceu Claro;Caminhao-trator;Ileso;3;3;5;2;1;2
Iluminacao deficiente;Colisao transversal;Plena Noite;Ceu Claro;Caminhonete;Ileso;6;3;5;2;1;2
Iluminacao deficiente;Colisao transversal;Plena Noite;Ceu Claro;Carroca-charrete;Lesoes Leves;1;3;5;2;1;5
Iluminacao deficiente;Colisao transversal;Plena Noite;Ceu Claro;Ciclomotor;Lesoes Leves;1;3;5;2;1;4
Iluminacao deficiente;Colisao transversal;Plena Noite;Ceu Claro;Micro-onibus;Ileso;1;3;5;2;1;4
Iluminacao deficiente;Colisao transversal;Plena Noite;Ceu Claro;Motocicleta;Ileso;1;3;5;2;1;1
Iluminacao deficiente;Colisao transversal;Plena Noite;Ceu Claro;Motocicleta;Lesoes Graves;3;3;5;2;1;1
Iluminacao deficiente;Colisao transversal;Plena Noite;Ceu Claro;Motocicleta;Lesoes Leves;11;3;5;2;1;1
Iluminacao deficiente;Colisao transversal;Plena Noite;Ceu Claro;Motocicleta;Obito;3;3;5;2;1;1
Iluminacao deficiente;Colisao transversal;Plena Noite;Ceu Claro;Motoneta;Lesoes Leves;2;3;5;2;1;3
Iluminacao deficiente;Colisao transversal;Plena Noite;Ceu Claro;Nao Informado;Ileso;1;3;5;2;1;3
Iluminacao deficiente;Colisao transversal;Plena Noite;Ceu Claro;Onibus;Ileso;1;3;5;2;1;3
Iluminacao deficiente;Colisao transversal;Plena Noite;Chuva;Automovel;Ileso;4;3;5;2;2;1
Iluminacao deficiente;Colisao transversal;Plena Noite;Chuva;Automovel;Lesoes Leves;1;3;5;2;2;1
Iluminacao deficiente;Colisao transversal;Plena Noite;Chuva;Bicicleta;Lesoes Graves;1;3;5;2;2;3
Iluminacao deficiente;Colisao transversal;Plena Noite;Chuva;Caminhao;Ileso;1;3;5;2;2;2
Iluminacao deficiente;Colisao transversal;Plena Noite;Chuva;Caminhonete;Ileso;1;3;5;2;2;2
Iluminacao deficiente;Colisao transversal;Plena Noite;Chuva;Motocicleta;Lesoes Graves;1;3;5;2;2;1
Iluminacao deficiente;Colisao transversal;Plena Noite;Chuva;Motocicleta;Lesoes Leves;3;3;5;2;2;1
Iluminacao deficiente;Colisao transversal;Plena Noite;Garoa/Chuvisco;Automovel;Ileso;3;3;5;2;3;1
Iluminacao deficiente;Colisao transversal;Plena Noite;Garoa/Chuvisco;Automovel;Lesoes Leves;1;3;5;2;3;1
Iluminacao deficiente;Colisao transversal;Plena Noite;Garoa/Chuvisco;Motocicleta;Ileso;2;3;5;2;3;1
Iluminacao deficiente;Colisao transversal;Plena Noite;Garoa/Chuvisco;Motocicleta;Lesoes Graves;1;3;5;2;3;1
Iluminacao deficiente;Colisao transversal;Plena Noite;Nublado;Automovel;Ileso;4;3;5;2;2;1
Iluminacao deficiente;Colisao transversal;Plena Noite;Nublado;Automovel;Lesoes Graves;3;3;5;2;2;1
Iluminacao deficiente;Colisao transversal;Plena Noite;Nublado;Automovel;Lesoes Leves;1;3;5;2;2;1
Iluminacao deficiente;Colisao transversal;Plena Noite;Nublado;Bicicleta;Lesoes Leves;1;3;5;2;2;3
Iluminacao deficiente;Colisao transversal;Plena Noite;Nublado;Caminhao;Ileso;1;3;5;2;2;2
Iluminacao deficiente;Colisao transversal;Plena Noite;Nublado;Caminhao-trator;Ileso;4;3;5;2;2;2
Iluminacao deficiente;Colisao transversal;Plena Noite;Nublado;Caminhonete;Ileso;5;3;5;2;2;2
Iluminacao deficiente;Colisao transversal;Plena Noite;Nublado;Caminhonete;Lesoes Graves;1;3;5;2;2;2
Iluminacao deficiente;Colisao transversal;Plena Noite;Nublado;Motocicleta;Lesoes Graves;2;3;5;2;2;1
Iluminacao deficiente;Colisao transversal;Plena Noite;Nublado;Motocicleta;Lesoes Leves;3;3;5;2;2;1
Iluminacao deficiente;Colisao transversal;Plena Noite;Nublado;Motocicleta;Obito;1;3;5;2;2;1
Iluminacao deficiente;Colisao transversal;Plena Noite;Nublado;Nao Informado;Ileso;2;3;5;2;2;3
Iluminacao deficiente;Colisao transversal;Plena Noite;Nublado;Nao Informado;Lesoes Leves;1;3;5;2;2;3
Iluminacao deficiente;Colisao transversal;Pleno dia;Ceu Claro;Motoneta;Lesoes Graves;1;3;5;1;1;3
Iluminacao deficiente;Colisao traseira;Amanhecer;Ceu Claro;Automovel;Ileso;3;3;5;4;1;1
Iluminacao deficiente;Colisao traseira;Amanhecer;Ceu Claro;Automovel;Lesoes Graves;1;3;5;4;1;1
Iluminacao deficiente;Colisao traseira;Amanhecer;Ceu Claro;Automovel;Lesoes Leves;1;3;5;4;1;1
Iluminacao deficiente;Colisao traseira;Amanhecer;Ceu Claro;Caminhao;Ileso;1;3;5;4;1;2
Iluminacao deficiente;Colisao traseira;Amanhecer;Ceu Claro;Caminhao;Obito;1;3;5;4;1;2
Iluminacao deficiente;Colisao traseira;Amanhecer;Ceu Claro;Caminhao-trator;Ileso;1;3;5;4;1;2
Iluminacao deficiente;Colisao traseira;Amanhecer;Ceu Claro;Caminhao-trator;Lesoes Leves;1;3;5;4;1;2
Iluminacao deficiente;Colisao traseira;Amanhecer;Ceu Claro;Caminhonete;Lesoes Graves;1;3;5;4;1;2
Iluminacao deficiente;Colisao traseira;Amanhecer;Ceu Claro;Caminhonete;Lesoes Leves;4;3;5;4;1;2
Iluminacao deficiente;Colisao traseira;Amanhecer;Nublado;Automovel;Ileso;1;3;5;4;2;1
Iluminacao deficiente;Colisao traseira;Amanhecer;Nublado;Automovel;Obito;1;3;5;4;2;1
Iluminacao deficiente;Colisao traseira;Amanhecer;Nublado;Caminhao-trator;Ileso;2;3;5;4;2;2
Iluminacao deficiente;Colisao traseira;Plena Noite;Ceu Claro;Automovel;Ileso;20;3;5;2;1;1
Iluminacao deficiente;Colisao traseira;Plena Noite;Ceu Claro;Automovel;Lesoes Graves;3;3;5;2;1;1
Iluminacao deficiente;Colisao traseira;Plena Noite;Ceu Claro;Automovel;Lesoes Leves;8;3;5;2;1;1
Iluminacao deficiente;Colisao traseira;Plena Noite;Ceu Claro;Automovel;Obito;1;3;5;2;1;1
Iluminacao deficiente;Colisao traseira;Plena Noite;Ceu Claro;Bicicleta;Lesoes Graves;1;3;5;2;1;3
Iluminacao deficiente;Colisao traseira;Plena Noite;Ceu Claro;Bicicleta;Lesoes Leves;3;3;5;2;1;3
Iluminacao deficiente;Colisao traseira;Plena Noite;Ceu Claro;Bicicleta;Obito;2;3;5;2;1;3
Iluminacao deficiente;Colisao traseira;Plena Noite;Ceu Claro;Caminhao;Ileso;5;3;5;2;1;2
Iluminacao deficiente;Colisao traseira;Plena Noite;Ceu Claro;Caminhao;Lesoes Leves;1;3;5;2;1;2
Iluminacao deficiente;Colisao traseira;Plena Noite;Ceu Claro;Caminhao-trator;Ileso;4;3;5;2;1;2
Iluminacao deficiente;Colisao traseira;Plena Noite;Ceu Claro;Caminhao-trator;Obito;1;3;5;2;1;2
Iluminacao deficiente;Colisao traseira;Plena Noite;Ceu Claro;Caminhonete;Ileso;10;3;5;2;1;2
Iluminacao deficiente;Colisao traseira;Plena Noite;Ceu Claro;Caminhonete;Lesoes Leves;2;3;5;2;1;2
Iluminacao deficiente;Colisao traseira;Plena Noite;Ceu Claro;Caminhonete;Obito;2;3;5;2;1;2
Iluminacao deficiente;Colisao traseira;Plena Noite;Ceu Claro;Motocicleta;Lesoes Graves;6;3;5;2;1;1
Iluminacao deficiente;Colisao traseira;Plena Noite;Ceu Claro;Motocicleta;Lesoes Leves;5;3;5;2;1;1
Iluminacao deficiente;Colisao traseira;Plena Noite;Ceu Claro;Motocicleta;Obito;3;3;5;2;1;1
Iluminacao deficiente;Colisao traseira;Plena Noite;Ceu Claro;Motoneta;Lesoes Graves;1;3;5;2;1;3
Iluminacao deficiente;Colisao traseira;Plena Noite;Ceu Claro;Motoneta;Lesoes Leves;2;3;5;2;1;3
Iluminacao deficiente;Colisao traseira;Plena Noite;Ceu Claro;Motoneta;Obito;2;3;5;2;1;3
Iluminacao deficiente;Colisao traseira;Plena Noite;Ceu Claro;Nao Informado;Lesoes Graves;1;3;5;2;1;3
Iluminacao deficiente;Colisao traseira;Plena Noite;Ceu Claro;Onibus;Ileso;1;3;5;2;1;3
Iluminacao deficiente;Colisao traseira;Plena Noite;Ceu Claro;Utilitario;Ileso;3;3;5;2;1;3
Iluminacao deficiente;Colisao traseira;Plena Noite;Chuva;Automovel;Ileso;7;3;5;2;2;1
Iluminacao deficiente;Colisao traseira;Plena Noite;Chuva;Automovel;Lesoes Leves;3;3;5;2;2;1
Iluminacao deficiente;Colisao traseira;Plena Noite;Chuva;Caminhonete;Lesoes Graves;1;3;5;2;2;2
Iluminacao deficiente;Colisao traseira;Plena Noite;Chuva;Motocicleta;Lesoes Graves;1;3;5;2;2;1
Iluminacao deficiente;Colisao traseira;Plena Noite;Chuva;Motocicleta;Lesoes Leves;5;3;5;2;2;1
Iluminacao deficiente;Colisao traseira;Plena Noite;Garoa/Chuvisco;Bicicleta;Obito;1;3;5;2;3;3
Iluminacao deficiente;Colisao traseira;Plena Noite;Garoa/Chuvisco;Motocicleta;Ileso;1;3;5;2;3;1
Iluminacao deficiente;Colisao traseira;Plena Noite;Garoa/Chuvisco;Motocicleta;Lesoes Leves;3;3;5;2;3;1
Iluminacao deficiente;Colisao traseira;Plena Noite;Garoa/Chuvisco;Utilitario;Ileso;1;3;5;2;3;3
Iluminacao deficiente;Colisao traseira;Plena Noite;Ignorado;Motocicleta;Obito;1;3;5;2;0;1
Iluminacao deficiente;Colisao traseira;Plena Noite;Nublado;Automovel;Ileso;16;3;5;2;2;1
Iluminacao deficiente;Colisao traseira;Plena Noite;Nublado;Automovel;Lesoes Graves;1;3;5;2;2;1
Iluminacao deficiente;Colisao traseira;Plena Noite;Nublado;Automovel;Lesoes Leves;3;3;5;2;2;1
Iluminacao deficiente;Colisao traseira;Plena Noite;Nublado;Caminhao-trator;Ileso;3;3;5;2;2;2
Iluminacao deficiente;Colisao traseira;Plena Noite;Nublado;Caminhonete;Ileso;3;3;5;2;2;2
Iluminacao deficiente;Colisao traseira;Plena Noite;Nublado;Caminhonete;Lesoes Leves;1;3;5;2;2;2
Iluminacao deficiente;Colisao traseira;Plena Noite;Nublado;Motocicleta;Lesoes Graves;4;3;5;2;2;1
Iluminacao deficiente;Colisao traseira;Plena Noite;Nublado;Motocicleta;Lesoes Leves;7;3;5;2;2;1
Iluminacao deficiente;Colisao traseira;Plena Noite;Nublado;Motocicleta;Obito;1;3;5;2;2;1
Iluminacao deficiente;Colisao traseira;Plena Noite;Nublado;Nao Informado;Ileso;1;3;5;2;2;3
Iluminacao deficiente;Colisao traseira;Plena Noite;Nublado;Nao Informado;Lesoes Leves;2;3;5;2;2;3
Iluminacao deficiente;Colisao traseira;Plena Noite;Nublado;Nao se aplica;Ileso;1;3;5;2;2;3
Iluminacao deficiente;Colisao traseira;Plena Noite;Nublado;Trator de rodas;Ileso;1;3;5;2;2;5
Iluminacao deficiente;Derramamento de carga;Amanhecer;Ceu Claro;Caminhao;Obito;1;3;3;4;1;2
Iluminacao deficiente;Derramamento de carga;Amanhecer;Ceu Claro;Caminhao-trator;Ileso;1;3;3;4;1;2
Iluminacao deficiente;Derramamento de carga;Plena Noite;Ceu Claro;Caminhao-trator;Lesoes Graves;1;3;3;2;1;2
Iluminacao deficiente;Derramamento de carga;Plena Noite;Chuva;Caminhao-trator;Ileso;3;3;3;2;2;2
Iluminacao deficiente;Derramamento de carga;Plena Noite;Garoa/Chuvisco;Caminhao-trator;Lesoes Leves;1;3;3;2;3;2
Iluminacao deficiente;Derramamento de carga;Plena Noite;Garoa/Chuvisco;Motocicleta;Lesoes Graves;1;3;3;2;3;1
Iluminacao deficiente;Derramamento de carga;Plena Noite;Garoa/Chuvisco;Motocicleta;Obito;1;3;3;2;3;1
Iluminacao deficiente;Derramamento de carga;Plena Noite;Nublado;Caminhao;Lesoes Graves;1;3;3;2;2;2
Iluminacao deficiente;Engavetamento;Plena Noite;Ceu Claro;Automovel;Lesoes Graves;1;3;3;2;1;1
Iluminacao deficiente;Engavetamento;Plena Noite;Ceu Claro;Automovel;Obito;1;3;3;2;1;1
Iluminacao deficiente;Engavetamento;Plena Noite;Ceu Claro;Caminhao;Ileso;1;3;3;2;1;2
Iluminacao deficiente;Engavetamento;Plena Noite;Ceu Claro;Caminhao-trator;Ileso;1;3;3;2;1;2
Iluminacao deficiente;Engavetamento;Plena Noite;Ceu Claro;Caminhonete;Ileso;1;3;3;2;1;2
Iluminacao deficiente;Engavetamento;Plena Noite;Chuva;Automovel;Ileso;6;3;3;2;2;1
Iluminacao deficiente;Engavetamento;Plena Noite;Chuva;Automovel;Lesoes Leves;3;3;3;2;2;1
Iluminacao deficiente;Engavetamento;Plena Noite;Chuva;Motocicleta;Lesoes Leves;1;3;3;2;2;1
Iluminacao deficiente;Eventos atipicos;Plena Noite;Ceu Claro;Motoneta;Lesoes Graves;1;3;2;2;1;3
Iluminacao deficiente;Eventos atipicos;Plena Noite;Chuva;Caminhao-trator;Ileso;2;3;2;2;2;2
Iluminacao deficiente;Eventos atipicos;Plena Noite;Garoa/Chuvisco;Bicicleta;Obito;1;3;2;2;3;3
Iluminacao deficiente;Eventos atipicos;Plena Noite;Nublado;Bicicleta;Lesoes Leves;1;3;2;2;2;3
Iluminacao deficiente;Incendio;Plena Noite;Ceu Claro;Caminhao;Ileso;1;3;2;2;1;2
Iluminacao deficiente;Incendio;Plena Noite;Ceu Claro;Caminhao;Lesoes Leves;1;3;2;2;1;2
Iluminacao deficiente;Incendio;Plena Noite;Ceu Claro;Caminhao-trator;Obito;1;3;2;2;1;2
Iluminacao deficiente;Incendio;Plena Noite;Nublado;Automovel;Lesoes Leves;1;3;2;2;2;1
Iluminacao deficiente;Incendio;Plena Noite;Nublado;Caminhao;Ileso;1;3;2;2;2;2
Iluminacao deficiente;Incendio;Plena Noite;Nublado;Motocicleta;Obito;1;3;2;2;2;1
Iluminacao deficiente;Queda de ocupante de veiculo;Amanhecer;Ceu Claro;Automovel;Ileso;3;3;5;4;1;1
Iluminacao deficiente;Queda de ocupante de veiculo;Amanhecer;Ceu Claro;Bicicleta;Obito;1;3;5;4;1;3
Iluminacao deficiente;Queda de ocupante de veiculo;Amanhecer;Ceu Claro;Caminhao;Obito;1;3;5;4;1;2
Iluminacao deficiente;Queda de ocupante de veiculo;Amanhecer;Ceu Claro;Caminhao-trator;Ileso;1;3;5;4;1;2
Iluminacao deficiente;Queda de ocupante de veiculo;Amanhecer;Ceu Claro;Motocicleta;Ileso;1;3;5;4;1;1
Iluminacao deficiente;Queda de ocupante de veiculo;Amanhecer;Ceu Claro;Motocicleta;Lesoes Leves;1;3;5;4;1;1
Iluminacao deficiente;Queda de ocupante de veiculo;Amanhecer;Nublado;Automovel;Ileso;4;3;5;4;2;1
Iluminacao deficiente;Queda de ocupante de veiculo;Amanhecer;Nublado;Motocicleta;Lesoes Graves;2;3;5;4;2;1
Iluminacao deficiente;Queda de ocupante de veiculo;Anoitecer;Ceu Claro;Automovel;Ileso;1;3;5;4;1;1
Iluminacao deficiente;Queda de ocupante de veiculo;Anoitecer;Ceu Claro;Bicicleta;Ileso;1;3;5;4;1;3
Iluminacao deficiente;Queda de ocupante de veiculo;Anoitecer;Ceu Claro;Bicicleta;Lesoes Graves;1;3;5;4;1;3
Iluminacao deficiente;Queda de ocupante de veiculo;Anoitecer;Ceu Claro;Bicicleta;Lesoes Leves;1;3;5;4;1;3
Iluminacao deficiente;Queda de ocupante de veiculo;Anoitecer;Ceu Claro;Caminhao;Ileso;1;3;5;4;1;2
Iluminacao deficiente;Queda de ocupante de veiculo;Anoitecer;Ceu Claro;Ciclomotor;Lesoes Graves;1;3;5;4;1;4
Iluminacao deficiente;Queda de ocupante de veiculo;Anoitecer;Ceu Claro;Motocicleta;Obito;1;3;5;4;1;1
Iluminacao deficiente;Queda de ocupante de veiculo;Anoitecer;Nublado;Motoneta;Lesoes Graves;1;3;5;4;2;3
Iluminacao deficiente;Queda de ocupante de veiculo;Anoitecer;Nublado;Motoneta;Lesoes Leves;1;3;5;4;2;3
Iluminacao deficiente;Queda de ocupante de veiculo;Plena Noite;Ceu Claro;Automovel;Ileso;14;3;5;2;1;1
Iluminacao deficiente;Queda de ocupante de veiculo;Plena Noite;Ceu Claro;Automovel;Lesoes Graves;2;3;5;2;1;1
Iluminacao deficiente;Queda de ocupante de veiculo;Plena Noite;Ceu Claro;Automovel;Obito;1;3;5;2;1;1
Iluminacao deficiente;Queda de ocupante de veiculo;Plena Noite;Ceu Claro;Bicicleta;Lesoes Graves;5;3;5;2;1;3
Iluminacao deficiente;Queda de ocupante de veiculo;Plena Noite;Ceu Claro;Bicicleta;Lesoes Leves;7;3;5;2;1;3
Iluminacao deficiente;Queda de ocupante de veiculo;Plena Noite;Ceu Claro;Bicicleta;Obito;4;3;5;2;1;3
Iluminacao deficiente;Queda de ocupante de veiculo;Plena Noite;Ceu Claro;Caminhao;Ileso;6;3;5;2;1;2
Iluminacao deficiente;Queda de ocupante de veiculo;Plena Noite;Ceu Claro;Caminhao-trator;Ileso;2;3;5;2;1;2
Iluminacao deficiente;Queda de ocupante de veiculo;Plena Noite;Ceu Claro;Caminhonete;Ileso;13;3;5;2;1;2
Iluminacao deficiente;Queda de ocupante de veiculo;Plena Noite;Ceu Claro;Carroca-charrete;Lesoes Leves;1;3;5;2;1;5
Iluminacao deficiente;Queda de ocupante de veiculo;Plena Noite;Ceu Claro;Motocicleta;Ileso;3;3;5;2;1;1
Iluminacao deficiente;Queda de ocupante de veiculo;Plena Noite;Ceu Claro;Motocicleta;Lesoes Graves;23;3;5;2;1;1
Iluminacao deficiente;Queda de ocupante de veiculo;Plena Noite;Ceu Claro;Motocicleta;Lesoes Leves;38;3;5;2;1;1
Iluminacao deficiente;Queda de ocupante de veiculo;Plena Noite;Ceu Claro;Motocicleta;Obito;12;3;5;2;1;1
Iluminacao deficiente;Queda de ocupante de veiculo;Plena Noite;Ceu Claro;Motoneta;Lesoes Graves;2;3;5;2;1;3
Iluminacao deficiente;Queda de ocupante de veiculo;Plena Noite;Ceu Claro;Motoneta;Lesoes Leves;4;3;5;2;1;3
Iluminacao deficiente;Queda de ocupante de veiculo;Plena Noite;Ceu Claro;Motoneta;Obito;3;3;5;2;1;3
Iluminacao deficiente;Queda de ocupante de veiculo;Plena Noite;Ceu Claro;Nao Informado;Ileso;4;3;5;2;1;3
Iluminacao deficiente;Queda de ocupante de veiculo;Plena Noite;Ceu Claro;Nao se aplica;Lesoes Leves;4;3;5;2;1;3
Iluminacao deficiente;Queda de ocupante de veiculo;Plena Noite;Ceu Claro;Onibus;Ileso;1;3;5;2;1;3
Iluminacao deficiente;Queda de ocupante de veiculo;Plena Noite;Chuva;Automovel;Ileso;15;3;5;2;2;1
Iluminacao deficiente;Queda de ocupante de veiculo;Plena Noite;Chuva;Automovel;Lesoes Leves;3;3;5;2;2;1
Iluminacao deficiente;Queda de ocupante de veiculo;Plena Noite;Chuva;Caminhao;Ileso;1;3;5;2;2;2
Iluminacao deficiente;Queda de ocupante de veiculo;Plena Noite;Chuva;Motocicleta;Lesoes Graves;4;3;5;2;2;1
Iluminacao deficiente;Queda de ocupante de veiculo;Plena Noite;Chuva;Motocicleta;Lesoes Leves;17;3;5;2;2;1
Iluminacao deficiente;Queda de ocupante de veiculo;Plena Noite;Chuva;Motoneta;Lesoes Graves;1;3;5;2;2;3
Iluminacao deficiente;Queda de ocupante de veiculo;Plena Noite;Chuva;Nao se aplica;Lesoes Leves;2;3;5;2;2;3
Iluminacao deficiente;Queda de ocupante de veiculo;Plena Noite;Garoa/Chuvisco;Automovel;Ileso;4;3;5;2;3;1
Iluminacao deficiente;Queda de ocupante de veiculo;Plena Noite;Garoa/Chuvisco;Bicicleta;Lesoes Leves;1;3;5;2;3;3
Iluminacao deficiente;Queda de ocupante de veiculo;Plena Noite;Garoa/Chuvisco;Bicicleta;Obito;2;3;5;2;3;3
Iluminacao deficiente;Queda de ocupante de veiculo;Plena Noite;Garoa/Chuvisco;Caminhao;Ileso;1;3;5;2;3;2
Iluminacao deficiente;Queda de ocupante de veiculo;Plena Noite;Garoa/Chuvisco;Caminhao-trator;Ileso;1;3;5;2;3;2
Iluminacao deficiente;Queda de ocupante de veiculo;Plena Noite;Garoa/Chuvisco;Caminhao-trator;Lesoes Leves;1;3;5;2;3;2
Iluminacao deficiente;Queda de ocupante de veiculo;Plena Noite;Garoa/Chuvisco;Motocicleta;Ileso;1;3;5;2;3;1
Iluminacao deficiente;Queda de ocupante de veiculo;Plena Noite;Garoa/Chuvisco;Motocicleta;Lesoes Graves;4;3;5;2;3;1
Iluminacao deficiente;Queda de ocupante de veiculo;Plena Noite;Garoa/Chuvisco;Motocicleta;Lesoes Leves;3;3;5;2;3;1
Iluminacao deficiente;Queda de ocupante de veiculo;Plena Noite;Garoa/Chuvisco;Motocicleta;Obito;3;3;5;2;3;1
Iluminacao deficiente;Queda de ocupante de veiculo;Plena Noite;Garoa/Chuvisco;Motoneta;Lesoes Leves;2;3;5;2;3;3
Iluminacao deficiente;Queda de ocupante de veiculo;Plena Noite;Garoa/Chuvisco;Utilitario;Ileso;1;3;5;2;3;3
Iluminacao deficiente;Queda de ocupante de veiculo;Plena Noite;Ignorado;Motocicleta;Lesoes Graves;1;3;5;2;0;1
Iluminacao deficiente;Queda de ocupante de veiculo;Plena Noite;Ignorado;Motocicleta;Lesoes Leves;3;3;5;2;0;1
Iluminacao deficiente;Queda de ocupante de veiculo;Plena Noite;Ignorado;Motocicleta;Obito;1;3;5;2;0;1
Iluminacao deficiente;Queda de ocupante de veiculo;Plena Noite;Ignorado;Motoneta;Lesoes Graves;1;3;5;2;0;3
Iluminacao deficiente;Queda de ocupante de veiculo;Plena Noite;Ignorado;Nao se aplica;Lesoes Graves;1;3;5;2;0;3
Iluminacao deficiente;Queda de ocupante de veiculo;Plena Noite;Ignorado;Nao se aplica;Obito;1;3;5;2;0;3
Iluminacao deficiente;Queda de ocupante de veiculo;Plena Noite;Nublado;Automovel;Ileso;7;3;5;2;2;1
Iluminacao deficiente;Queda de ocupante de veiculo;Plena Noite;Nublado;Bicicleta;Lesoes Leves;2;3;5;2;2;3
Iluminacao deficiente;Queda de ocupante de veiculo;Plena Noite;Nublado;Bicicleta;Obito;1;3;5;2;2;3
Iluminacao deficiente;Queda de ocupante de veiculo;Plena Noite;Nublado;Caminhao;Ileso;2;3;5;2;2;2
Iluminacao deficiente;Queda de ocupante de veiculo;Plena Noite;Nublado;Caminhao-trator;Ileso;1;3;5;2;2;2
Iluminacao deficiente;Queda de ocupante de veiculo;Plena Noite;Nublado;Caminhonete;Ileso;4;3;5;2;2;2
Iluminacao deficiente;Queda de ocupante de veiculo;Plena Noite;Nublado;Caminhonete;Lesoes Graves;1;3;5;2;2;2
Iluminacao deficiente;Queda de ocupante de veiculo;Plena Noite;Nublado;Motocicleta;Ileso;1;3;5;2;2;1
Iluminacao deficiente;Queda de ocupante de veiculo;Plena Noite;Nublado;Motocicleta;Lesoes Graves;10;3;5;2;2;1
Iluminacao deficiente;Queda de ocupante de veiculo;Plena Noite;Nublado;Motocicleta;Lesoes Leves;16;3;5;2;2;1
Iluminacao deficiente;Queda de ocupante de veiculo;Plena Noite;Nublado;Motocicleta;Obito;7;3;5;2;2;1
Iluminacao deficiente;Queda de ocupante de veiculo;Plena Noite;Nublado;Motoneta;Lesoes Graves;1;3;5;2;2;3
Iluminacao deficiente;Queda de ocupante de veiculo;Plena Noite;Nublado;Motoneta;Lesoes Leves;1;3;5;2;2;3
Iluminacao deficiente;Queda de ocupante de veiculo;Plena Noite;Nublado;Nao se aplica;Lesoes Graves;1;3;5;2;2;3
Iluminacao deficiente;Queda de ocupante de veiculo;Plena Noite;Nublado;Nao se aplica;Lesoes Leves;1;3;5;2;2;3
Iluminacao deficiente;Queda de ocupante de veiculo;Pleno dia;Ceu Claro;Motoneta;Lesoes Graves;1;3;5;1;1;3
Iluminacao deficiente;Queda de ocupante de veiculo;Pleno dia;Nublado;Motocicleta;Lesoes Leves;1;3;5;1;2;1
Iluminacao deficiente;Saida de leito carrocavel;Amanhecer;Ceu Claro;Automovel;Ileso;1;3;5;4;1;1
Iluminacao deficiente;Saida de leito carrocavel;Amanhecer;Ceu Claro;Caminhao-trator;Lesoes Leves;1;3;5;4;1;2
Iluminacao deficiente;Saida de leito carrocavel;Amanhecer;Ceu Claro;Caminhonete;Lesoes Graves;1;3;5;4;1;2
Iluminacao deficiente;Saida de leito carrocavel;Amanhecer;Ceu Claro;Caminhonete;Lesoes Leves;4;3;5;4;1;2
Iluminacao deficiente;Saida de leito carrocavel;Amanhecer;Nublado;Automovel;Ileso;4;3;5;4;2;1
Iluminacao deficiente;Saida de leito carrocavel;Amanhecer;Nublado;Motocicleta;Lesoes Graves;1;3;5;4;2;1
Iluminacao deficiente;Saida de leito carrocavel;Anoitecer;Ceu Claro;Automovel;Lesoes Graves;1;3;5;4;1;1
Iluminacao deficiente;Saida de leito carrocavel;Anoitecer;Ceu Claro;Caminhonete;Ileso;1;3;5;4;1;2
Iluminacao deficiente;Saida de leito carrocavel;Anoitecer;Chuva;Automovel;Lesoes Leves;2;3;5;4;2;1
Iluminacao deficiente;Saida de leito carrocavel;Plena Noite;Ceu Claro;Automovel;Ileso;14;3;5;2;1;1
Iluminacao deficiente;Saida de leito carrocavel;Plena Noite;Ceu Claro;Automovel;Lesoes Graves;5;3;5;2;1;1
Iluminacao deficiente;Saida de leito carrocavel;Plena Noite;Ceu Claro;Automovel;Lesoes Leves;19;3;5;2;1;1
Iluminacao deficiente;Saida de leito carrocavel;Plena Noite;Ceu Claro;Automovel;Obito;1;3;5;2;1;1
Iluminacao deficiente;Saida de leito carrocavel;Plena Noite;Ceu Claro;Bicicleta;Lesoes Graves;1;3;5;2;1;3