causa_acidente;tipo_acidente;fase_dia;condicao_metereologica;tipo_veiculo;estado_fisico;count;causa_acidente_criterios;tipo_acidente_criterios;fase_dia_criterios;condicao_metereologica_criterios;tipo_veiculo_criterios
Iluminacao deficiente;Saida de leito carrocavel;Plena Noite;Ceu Claro;Caminhao;Ileso;2;3;5;2;1;2
Iluminacao deficiente;Saida de leito carrocavel;Plena Noite;Ceu Claro;Caminhao-trator;Ileso;2;3;5;2;1;2
Iluminacao deficiente;Saida de leito carrocavel;Plena Noite;Ceu Claro;Caminhao-trator;Lesoes Graves;1;3;5;2;1;2
Iluminacao deficiente;Saida de leito carrocavel;Plena Noite;Ceu Claro;Caminhonete;Ileso;6;3;5;2;1;2
Iluminacao deficiente;Saida de leito carrocavel;Plena Noite;Ceu Claro;Caminhonete;Lesoes Leves;2;3;5;2;1;2
Iluminacao deficiente;Saida de leito carrocavel;Plena Noite;Ceu Claro;Micro-onibus;Lesoes Leves;9;3;5;2;1;4
Iluminacao deficiente;Saida de leito carrocavel;Plena Noite;Ceu Claro;Motocicleta;Lesoes Graves;3;3;5;2;1;1
Iluminacao deficiente;Saida de leito carrocavel;Plena Noite;Ceu Claro;Motocicleta;Lesoes Leves;5;3;5;2;1;1
Iluminacao deficiente;Saida de leito carrocavel;Plena Noite;Ceu Claro;Motocicleta;Obito;1;3;5;2;1;1
Iluminacao deficiente;Saida de leito carrocavel;Plena Noite;Ceu Claro;Motoneta;Obito;1;3;5;2;1;3
Iluminacao deficiente;Saida de leito carrocavel;Plena Noite;Ceu Claro;Nao Informado;Ileso;4;3;5;2;1;3
Iluminacao deficiente;Saida de leito carrocavel;Plena Noite;Ceu Claro;Nao Informado;Lesoes Leves;1;3;5;2;1;3
Iluminacao deficiente;Saida de leito carrocavel;Plena Noite;Ceu Claro;Onibus;Ileso;1;3;5;2;1;3
Iluminacao deficiente;Saida de leito carrocavel;Plena Noite;Ceu Claro;Utilitario;Ileso;6;3;5;2;1;3
Iluminacao deficiente;Saida de leito carrocavel;Plena Noite;Ceu Claro;Utilitario;Lesoes Leves;1;3;5;2;1;3
Iluminacao deficiente;Saida de leito carrocavel;Plena Noite;Chuva;Automovel;Ileso;1;3;5;2;2;1
Iluminacao deficiente;Saida de leito carrocavel;Plena Noite;Chuva;Automovel;Lesoes Graves;2;3;5;2;2;1
Iluminacao deficiente;Saida de leito carrocavel;Plena Noite;Chuva;Automovel;Lesoes Leves;3;3;5;2;2;1
Iluminacao deficiente;Saida de leito carrocavel;Plena Noite;Chuva;Automovel;Obito;1;3;5;2;2;1
Iluminacao deficiente;Saida de leito carrocavel;Plena Noite;Chuva;Caminhao;Ileso;1;3;5;2;2;2
Iluminacao deficiente;Saida de leito carrocavel;Plena Noite;Chuva;Caminhao;Lesoes Leves;1;3;5;2;2;2
Iluminacao deficiente;Saida de leito carrocavel;Plena Noite;Chuva;Caminhao-trator;Ileso;3;3;5;2;2;2
Iluminacao deficiente;Saida de leito carrocavel;Plena Noite;Chuva;Motoneta;Lesoes Graves;1;3;5;2;2;3
Iluminacao deficiente;Saida de leito carrocavel;Plena Noite;Chuva;Onibus;Ileso;18;3;5;2;2;3
Iluminacao deficiente;Saida de leito carrocavel;Plena Noite;Garoa/Chuvisco;Automovel;Lesoes Leves;1;3;5;2;3;1
Iluminacao deficiente;Saida de leito carrocavel;Plena Noite;Garoa/Chuvisco;Caminhao-trator;Lesoes Leves;1;3;5;2;3;2
Iluminacao deficiente;Saida de leito carrocavel;Plena Noite;Garoa/Chuvisco;Caminhonete;Ileso;1;3;5;2;3;2
Iluminacao deficiente;Saida de leito carrocavel;Plena Noite;Garoa/Chuvisco;Motocicleta;Lesoes Graves;1;3;5;2;3;1
Iluminacao deficiente;Saida de leito carrocavel;Plena Noite;Garoa/Chuvisco;Motocicleta;Obito;1;3;5;2;3;1
Iluminacao deficiente;Saida de leito carrocavel;Plena Noite;Garoa/Chuvisco;Nao se aplica;Lesoes Leves;1;3;5;2;3;3
Iluminacao deficiente;Saida de leito carrocavel;Plena Noite;Garoa/Chuvisco;Onibus;Lesoes Graves;1;3;5;2;3;3
Iluminacao deficiente;Saida de leito carrocavel;Plena Noite;Garoa/Chuvisco;Onibus;Lesoes Leves;37;3;5;2;3;3
Iluminacao deficiente;Saida de leito carrocavel;Plena Noite;Ignorado;Automovel;Lesoes Graves;1;3;5;2;0;1
Iluminacao deficiente;Saida de leito carrocavel;Plena Noite;Ignorado;Automovel;Lesoes Leves;4;3;5;2;0;1
Iluminacao deficiente;Saida de leito carrocavel;Plena Noite;Ignorado;Automovel;Obito;1;3;5;2;0;1
Iluminacao deficiente;Saida de leito carrocavel;Plena Noite;Ignorado;Utilitario;Ileso;2;3;5;2;0;3
Iluminacao deficiente;Saida de leito carrocavel;Plena Noite;Nublado;Automovel;Ileso;14;3;5;2;2;1
Iluminacao deficiente;Saida de leito carrocavel;Plena Noite;Nublado;Automovel;Lesoes Graves;7;3;5;2;2;1
Iluminacao deficiente;Saida de leito carrocavel;Plena Noite;Nublado;Automovel;Lesoes Leves;6;3;5;2;2;1
Iluminacao deficiente;Saida de leito carrocavel;Plena Noite;Nublado;Automovel;Obito;1;3;5;2;2;1
Iluminacao deficiente;Saida de leito carrocavel;Plena Noite;Nublado;Caminhao;Lesoes Graves;1;3;5;2;2;2
Iluminacao deficiente;Saida de leito carrocavel;Plena Noite;Nublado;Caminhao-trator;Ileso;1;3;5;2;2;2
Iluminacao deficiente;Saida de leito carrocavel;Plena Noite;Nublado;Caminhao-trator;Lesoes Graves;1;3;5;2;2;2
Iluminacao deficiente;Saida de leito carrocavel;Plena Noite;Nublado;Caminhonete;Ileso;4;3;5;2;2;2
Iluminacao deficiente;Saida de leito carrocavel;Plena Noite;Nublado;Caminhonete;Lesoes Graves;1;3;5;2;2;2
Iluminacao deficiente;Saida de leito carrocavel;Plena Noite;Nublado;Caminhonete;Lesoes Leves;2;3;5;2;2;2
Iluminacao deficiente;Saida de leito carrocavel;Plena Noite;Nublado;Motocicleta;Lesoes Graves;1;3;5;2;2;1
Iluminacao deficiente;Saida de leito carrocavel;Plena Noite;Nublado;Motocicleta;Lesoes Leves;3;3;5;2;2;1
Iluminacao deficiente;Saida de leito carrocavel;Plena Noite;Nublado;Motocicleta;Obito;1;3;5;2;2;1
Iluminacao deficiente;Tombamento;Amanhecer;Ceu Claro;Automovel;Ileso;3;3;5;4;1;1
Iluminacao deficiente;Tombamento;Amanhecer;Ceu Claro;Bicicleta;Obito;1;3;5;4;1;3
Iluminacao deficiente;Tombamento;Amanhecer;Ceu Claro;Motocicleta;Ileso;1;3;5;4;1;1
Iluminacao deficiente;Tombamento;Amanhecer;Nublado;Automovel;Ileso;4;3;5;4;2;1
Iluminacao deficiente;Tombamento;Amanhecer;Nublado;Motocicleta;Lesoes Graves;2;3;5;4;2;1
Iluminacao deficiente;Tombamento;Anoitecer;Ceu Claro;Automovel;Ileso;1;3;5;4;1;1
Iluminacao deficiente;Tombamento;Anoitecer;Ceu Claro;Bicicleta;Ileso;1;3;5;4;1;3
Iluminacao deficiente;Tombamento;Anoitecer;Ceu Claro;Bicicleta;Lesoes Graves;1;3;5;4;1;3
Iluminacao deficiente;Tombamento;Anoitecer;Ceu Claro;Bicicleta;Lesoes Leves;1;3;5;4;1;3
Iluminacao deficiente;Tombamento;Anoitecer;Ceu Claro;Caminhao;Ileso;1;3;5;4;1;2
Iluminacao deficiente;Tombamento;Anoitecer;Ceu Claro;Ciclomotor;Lesoes Graves;1;3;5;4;1;4
Iluminacao deficiente;Tombamento;Anoitecer;Ceu Claro;Motocicleta;Obito;1;3;5;4;1;1
Iluminacao deficiente;Tombamento;Plena Noite;Ceu Claro;Automovel;Ileso;13;3;5;2;1;1
Iluminacao deficiente;Tombamento;Plena Noite;Ceu Claro;Automovel;Lesoes Graves;2;3;5;2;1;1
Iluminacao deficiente;Tombamento;Plena Noite;Ceu Claro;Automovel;Lesoes Leves;1;3;5;2;1;1
Iluminacao deficiente;Tombamento;Plena Noite;Ceu Claro;Bicicleta;Lesoes Graves;3;3;5;2;1;3
Iluminacao deficiente;Tombamento;Plena Noite;Ceu Claro;Bicicleta;Lesoes Leves;5;3;5;2;1;3
Iluminacao deficiente;Tombamento;Plena Noite;Ceu Claro;Bicicleta;Obito;4;3;5;2;1;3
Iluminacao deficiente;Tombamento;Plena Noite;Ceu Claro;Caminhao;Ileso;5;3;5;2;1;2
Iluminacao deficiente;Tombamento;Plena Noite;Ceu Claro;Caminhao-trator;Ileso;2;3;5;2;1;2
Iluminacao deficiente;Tombamento;Plena Noite;Ceu Claro;Caminhao-trator;Lesoes Graves;1;3;5;2;1;2
Iluminacao deficiente;Tombamento;Plena Noite;Ceu Claro;Caminhonete;Ileso;11;3;5;2;1;2
Iluminacao deficiente;Tombamento;Plena Noite;Ceu Claro;Carroca-charrete;Lesoes Leves;1;3;5;2;1;5
Iluminacao deficiente;Tombamento;Plena Noite;Ceu Claro;Motocicleta;Ileso;2;3;5;2;1;1
Iluminacao deficiente;Tombamento;Plena Noite;Ceu Claro;Motocicleta;Lesoes Graves;19;3;5;2;1;1
Iluminacao deficiente;Tombamento;Plena Noite;Ceu Claro;Motocicleta;Lesoes Leves;27;3;5;2;1;1
Iluminacao deficiente;Tombamento;Plena Noite;Ceu Claro;Motocicleta;Obito;12;3;5;2;1;1
Iluminacao deficiente;Tombamento;Plena Noite;Ceu Claro;Motoneta;Lesoes Graves;1;3;5;2;1;3
Iluminacao deficiente;Tombamento;Plena Noite;Ceu Claro;Motoneta;Lesoes Leves;3;3;5;2;1;3
Iluminacao deficiente;Tombamento;Plena Noite;Ceu Claro;Motoneta;Obito;2;3;5;2;1;3
Iluminacao deficiente;Tombamento;Plena Noite;Ceu Claro;Nao se aplica;Lesoes Leves;2;3;5;2;1;3
Iluminacao deficiente;Tombamento;Plena Noite;Ceu Claro;Onibus;Ileso;5;3;5;2;1;3
Iluminacao deficiente;Tombamento;Plena Noite;Ceu Claro;Onibus;Lesoes Graves;3;3;5;2;1;3
Iluminacao deficiente;Tombamento;Plena Noite;Ceu Claro;Onibus;Lesoes Leves;5;3;5;2;1;3
Iluminacao deficiente;Tombamento;Plena Noite;Chuva;Automovel;Ileso;8;3;5;2;2;1
Iluminacao deficiente;Tombamento;Plena Noite;Chuva;Caminhao-trator;Ileso;3;3;5;2;2;2
Iluminacao deficiente;Tombamento;Plena Noite;Chuva;Motocicleta;Lesoes Graves;3;3;5;2;2;1
Iluminacao deficiente;Tombamento;Plena Noite;Chuva;Motocicleta;Lesoes Leves;12;3;5;2;2;1
Iluminacao deficiente;Tombamento;Plena Noite;Chuva;Nao se aplica;Lesoes Leves;1;3;5;2;2;3
Iluminacao deficiente;Tombamento;Plena Noite;Garoa/Chuvisco;Bicicleta;Obito;1;3;5;2;3;3
Iluminacao deficiente;Tombamento;Plena Noite;Garoa/Chuvisco;Caminhao;Ileso;1;3;5;2;3;2
Iluminacao deficiente;Tombamento;Plena Noite;Garoa/Chuvisco;Caminhao-trator;Ileso;1;3;5;2;3;2
Iluminacao deficiente;Tombamento;Plena Noite;Garoa/Chuvisco;Caminhao-trator;Lesoes Leves;1;3;5;2;3;2
Iluminacao deficiente;Tombamento;Plena Noite;Garoa/Chuvisco;Motocicleta;Lesoes Graves;3;3;5;2;3;1
Iluminacao deficiente;Tombamento;Plena Noite;Garoa/Chuvisco;Motocicleta;Lesoes Leves;1;3;5;2;3;1
Iluminacao deficiente;Tombamento;Plena Noite;Garoa/Chuvisco;Motocicleta;Obito;3;3;5;2;3;1
Iluminacao deficiente;Tombamento;Plena Noite;Garoa/Chuvisco;Motoneta;Lesoes Leves;2;3;5;2;3;3
Iluminacao deficiente;Tombamento;Plena Noite;Garoa/Chuvisco;Onibus;Lesoes Graves;1;3;5;2;3;3
Iluminacao deficiente;Tombamento;Plena Noite;Garoa/Chuvisco;Onibus;Lesoes Leves;37;3;5;2;3;3
Iluminacao deficiente;Tombamento;Plena Noite;Garoa/Chuvisco;Utilitario;Ileso;1;3;5;2;3;3
Iluminacao deficiente;Tombamento;Plena Noite;Ignorado;Motocicleta;Lesoes Graves;1;3;5;2;0;1
Iluminacao deficiente;Tombamento;Plena Noite;Ignorado;Motocicleta;Lesoes Leves;3;3;5;2;0;1
Iluminacao deficiente;Tombamento;Plena Noite;Ignorado;Motocicleta;Obito;1;3;5;2;0;1
Iluminacao deficiente;Tombamento;Plena Noite;Ignorado;Motoneta;Lesoes Graves;1;3;5;2;0;3
Iluminacao deficiente;Tombamento;Plena Noite;Ignorado;Nao se aplica;Lesoes Graves;1;3;5;2;0;3
Iluminacao deficiente;Tombamento;Plena Noite;Ignorado;Nao se aplica;Obito;1;3;5;2;0;3
Iluminacao deficiente;Tombamento;Plena Noite;Nublado;Automovel;Ileso;4;3;5;2;2;1
Iluminacao deficiente;Tombamento;Plena Noite;Nublado;Bicicleta;Lesoes Leves;1;3;5;2;2;3
Iluminacao deficiente;Tombamento;Plena Noite;Nublado;Bicicleta;Obito;1;3;5;2;2;3
Iluminacao deficiente;Tombamento;Plena Noite;Nublado;Caminhao;Ileso;2;3;5;2;2;2
Iluminacao deficiente;Tombamento;Plena Noite;Nublado;Caminhao-trator;Ileso;1;3;5;2;2;2
Iluminacao deficiente;Tombamento;Plena Noite;Nublado;Caminhonete;Ileso;3;3;5;2;2;2
Iluminacao deficiente;Tombamento;Plena Noite;Nublado;Caminhonete;Lesoes Graves;1;3;5;2;2;2
Iluminacao deficiente;Tombamento;Plena Noite;Nublado;Motocicleta;Ileso;1;3;5;2;2;1
Iluminacao deficiente;Tombamento;Plena Noite;Nublado;Motocicleta;Lesoes Graves;8;3;5;2;2;1
Iluminacao deficiente;Tombamento;Plena Noite;Nublado;Motocicleta;Lesoes Leves;11;3;5;2;2;1
Iluminacao deficiente;Tombamento;Plena Noite;Nublado;Motocicleta;Obito;6;3;5;2;2;1
Iluminacao deficiente;Tombamento;Plena Noite;Nublado;Motoneta;Lesoes Graves;1;3;5;2;2;3
Iluminacao deficiente;Tombamento;Plena Noite;Nublado;Motoneta;Lesoes Leves;1;3;5;2;2;3
Iluminacao deficiente;Tombamento;Plena Noite;Nublado;Nao se aplica;Lesoes Graves;1;3;5;2;2;3
Iluminacao deficiente;Tombamento;Plena Noite;Nublado;Nao se aplica;Lesoes Leves;1;3;5;2;2;3
Iluminacao deficiente;Tombamento;Pleno dia;Ceu Claro;Motoneta;Lesoes Graves;1;3;5;1;1;3
Iluminacao deficiente;Tombamento;Pleno dia;Nublado;Motocicleta;Lesoes Leves;1;3;5;1;2;1
Ingestao de alcool pelo condutor;Atropelamento de Animal;Plena Noite;Ceu Claro;Automovel;Ileso;4;4;2;2;1;1
Ingestao de alcool pelo condutor;Atropelamento de Animal;Plena Noite;Ceu Claro;Automovel;Lesoes Leves;2;4;2;2;1;1
Ingestao de alcool pelo condutor;Atropelamento de Animal;Plena Noite;Ceu Claro;Caminhonete;Lesoes Leves;1;4;2;2;1;2
Ingestao de alcool pelo condutor;Atropelamento de Animal;Plena Noite;Ceu Claro;Motocicleta;Lesoes Graves;1;4;2;2;1;1
Ingestao de alcool pelo condutor;Atropelamento de Animal;Plena Noite;Ceu Claro;Motocicleta;Lesoes Leves;1;4;2;2;1;1
Ingestao de alcool pelo condutor;Atropelamento de Animal;Plena Noite;Nublado;Automovel;Ileso;1;4;2;2;2;1
Ingestao de alcool pelo condutor;Atropelamento de Pedestre;Amanhecer;Ceu Claro;Automovel;Ileso;2;4;4;4;1;1
Ingestao de alcool pelo condutor;Atropelamento de Pedestre;Amanhecer;Ceu Claro;Caminhao;Ileso;1;4;4;4;1;2
Ingestao de alcool pelo condutor;Atropelamento de Pedestre;Amanhecer;Ceu Claro;Motocicleta;Obito;2;4;4;4;1;1
Ingestao de alcool pelo condutor;Atropelamento de Pedestre;Amanhecer;Ceu Claro;Nao se aplica;Ileso;1;4;4;4;1;3
Ingestao de alcool pelo condutor;Atropelamento de Pedestre;Amanhecer;Ceu Claro;Nao se aplica;Lesoes Graves;1;4;4;4;1;3
Ingestao de alcool pelo condutor;Atropelamento de Pedestre;Amanhecer;Ceu Claro;Nao se aplica;Lesoes Leves;4;4;4;4;1;3
Ingestao de alcool pelo condutor;Atropelamento de Pedestre;Amanhecer;Ceu Claro;Nao se aplica;Obito;1;4;4;4;1;3
Ingestao de alcool pelo condutor;Atropelamento de Pedestre;Anoitecer;Ceu Claro;Motocicleta;Lesoes Leves;1;4;4;4;1;1
Ingestao de alcool pelo condutor;Atropelamento de Pedestre;Anoitecer;Ceu Claro;Nao se aplica;Lesoes Graves;1;4;4;4;1;3
Ingestao de alcool pelo condutor;Atropelamento de Pedestre;Plena Noite;Ceu Claro;Automovel;Ileso;8;4;4;2;1;1
Ingestao de alcool pelo condutor;Atropelamento de Pedestre;Plena Noite;Ceu Claro;Automovel;Lesoes Graves;3;4;4;2;1;1
Ingestao de alcool pelo condutor;Atropelamento de Pedestre;Plena Noite;Ceu Claro;Automovel;Lesoes Leves;7;4;4;2;1;1
Ingestao de alcool pelo condutor;Atropelamento de Pedestre;Plena Noite;Ceu Claro;Bicicleta;Lesoes Leves;1;4;4;2;1;3
Ingestao de alcool pelo condutor;Atropelamento de Pedestre;Plena Noite;Ceu Claro;Bicicleta;Obito;1;4;4;2;1;3
Ingestao de alcool pelo condutor;Atropelamento de Pedestre;Plena Noite;Ceu Claro;Caminhao;Ileso;2;4;4;2;1;2
Ingestao de alcool pelo condutor;Atropelamento de Pedestre;Plena Noite;Ceu Claro;Caminhao-trator;Ileso;3;4;4;2;1;2
Ingestao de alcool pelo condutor;Atropelamento de Pedestre;Plena Noite;Ceu Claro;Caminhonete;Ileso;1;4;4;2;1;2
Ingestao de alcool pelo condutor;Atropelamento de Pedestre;Plena Noite;Ceu Claro;Caminhonete;Lesoes Graves;2;4;4;2;1;2
Ingestao de alcool pelo condutor;Atropelamento de Pedestre;Plena Noite;Ceu Claro;Caminhonete;Lesoes Leves;1;4;4;2;1;2
Ingestao de alcool pelo condutor;Atropelamento de Pedestre;Plena Noite;Ceu Claro;Caminhonete;Obito;1;4;4;2;1;2
Ingestao de alcool pelo condutor;Atropelamento de Pedestre;Plena Noite;Ceu Claro;Motocicleta;Lesoes Graves;1;4;4;2;1;1
Ingestao de alcool pelo condutor;Atropelamento de Pedestre;Plena Noite;Ceu Claro;Motocicleta;Lesoes Leves;2;4;4;2;1;1
Ingestao de alcool pelo condutor;Atropelamento de Pedestre;Plena Noite;Ceu Claro;Motocicleta;Obito;2;4;4;2;1;1
Ingestao de alcool pelo condutor;Atropelamento de Pedestre;Plena Noite;Ceu Claro;Nao se aplica;Lesoes Graves;5;4;4;2;1;3
Ingestao de alcool pelo condutor;Atropelamento de Pedestre;Plena Noite;Ceu Claro;Nao se aplica;Lesoes Leves;9;4;4;2;1;3
Ingestao de alcool pelo condutor;Atropelamento de Pedestre;Plena Noite;Ceu Claro;Nao se aplica;Obito;2;4;4;2;1;3
Ingestao de alcool pelo condutor;Atropelamento de Pedestre;Plena Noite;Chuva;Automovel;Ileso;3;4;4;2;2;1
Ingestao de alcool pelo condutor;Atropelamento de Pedestre;Plena Noite;Chuva;Automovel;Lesoes Graves;2;4;4;2;2;1
Ingestao de alcool pelo condutor;Atropelamento de Pedestre;Plena Noite;Chuva;Automovel;Obito;1;4;4;2;2;1
Ingestao de alcool pelo condutor;Atropelamento de Pedestre;Plena Noite;Chuva;Motocicleta;Lesoes Leves;1;4;4;2;2;1
Ingestao de alcool pelo condutor;Atropelamento de Pedestre;Plena Noite;Chuva;Motocicleta;Obito;1;4;4;2;2;1
Ingestao de alcool pelo condutor;Atropelamento de Pedestre;Plena Noite;Chuva;Nao se aplica;Lesoes Graves;1;4;4;2;2;3
Ingestao de alcool pelo condutor;Atropelamento de Pedestre;Plena Noite;Chuva;Nao se aplica;Lesoes Leves;1;4;4;2;2;3
Ingestao de alcool pelo condutor;Atropelamento de Pedestre;Plena Noite;Ignorado;Motocicleta;Lesoes Leves;1;4;4;2;0;1
Ingestao de alcool pelo condutor;Atropelamento de Pedestre;Plena Noite;Ignorado;Nao se aplica;Lesoes Graves;1;4;4;2;0;3
Ingestao de alcool pelo condutor;Atropelamento de Pedestre;Plena Noite;Nublado;Automovel;Ileso;1;4;4;2;2;1
Ingestao de alcool pelo condutor;Atropelamento de Pedestre;Plena Noite;Nublado;Caminhonete;Ileso;1;4;4;2;2;2
Ingestao de alcool pelo condutor;Atropelamento de Pedestre;Plena Noite;Nublado;Motocicleta;Lesoes Graves;1;4;4;2;2;1
Ingestao de alcool pelo condutor;Atropelamento de Pedestre;Plena Noite;Nublado;Motocicleta;Obito;2;4;4;2;2;1
Ingestao de alcool pelo condutor;Atropelamento de Pedestre;Plena Noite;Nublado;Nao Informado;Ileso;1;4;4;2;2;3
Ingestao de alcool pelo condutor;Atropelamento de Pedestre;Pleno dia;Ceu Claro;Automovel;Ileso;3;4;4;1;1;1
Ingestao de alcool pelo condutor;Atropelamento de Pedestre;Pleno dia;Ceu Claro;Caminhonete;Ileso;1;4;4;1;1;2
Ingestao de alcool pelo condutor;Atropelamento de Pedestre;Pleno dia;Ceu Claro;Nao se aplica;Lesoes Graves;2;4;4;1;1;3
Ingestao de alcool pelo condutor;Atropelamento de Pedestre;Pleno dia;Ceu Claro;Nao se aplica;Lesoes Leves;1;4;4;1;1;3
Ingestao de alcool pelo condutor;Atropelamento de Pedestre;Pleno dia;Ceu Claro;Nao se aplica;Obito;1;4;4;1;1;3
Ingestao de alcool pelo condutor;Atropelamento de Pedestre;Pleno dia;Chuva;Caminhonete;Ileso;1;4;4;1;2;2
Ingestao de alcool pelo condutor;Atropelamento de Pedestre;Pleno dia;Chuva;Nao se aplica;Lesoes Leves;1;4;4;1;2;3
Ingestao de alcool pelo condutor;Atropelamento de Pedestre;Pleno dia;Nublado;Automovel;Ileso;3;4;4;1;2;1
Ingestao de alcool pelo condutor;Atropelamento de Pedestre;Pleno dia;Nublado;Motocicleta;Lesoes Graves;1;4;4;1;2;1
Ingestao de alcool pelo condutor;Atropelamento de Pedestre;Pleno dia;Nublado;Motocicleta;Obito;1;4;4;1;2;1
Ingestao de alcool pelo condutor;Atropelamento de Pedestre;Pleno dia;Sol;Bicicleta;Lesoes Leves;1;4;4;1;3;3
Ingestao de alcool pelo condutor;Atropelamento de Pedestre;Pleno dia;Sol;Caminhonete;Ileso;2;4;4;1;3;2
Ingestao de alcool pelo condutor;Atropelamento de Pedestre;Pleno dia;Sol;Nao se aplica;Lesoes Leves;1;4;4;1;3;3
Ingestao de alcool pelo condutor;Capotamento;Amanhecer;Ceu Claro;Automovel;Ileso;9;4;5;4;1;1
Ingestao de alcool pelo condutor;Capotamento;Amanhecer;Ceu Claro;Automovel;Lesoes Graves;3;4;5;4;1;1
Ingestao de alcool pelo condutor;Capotamento;Amanhecer;Ceu Claro;Automovel;Lesoes Leves;9;4;5;4;1;1
Ingestao de alcool pelo condutor;Capotamento;Amanhecer;Ceu Claro;Caminhao-trator;Ileso;2;4;5;4;1;2
Ingestao de alcool pelo condutor;Capotamento;Amanhecer;Ceu Claro;Caminhonete;Lesoes Graves;2;4;5;4;1;2
Ingestao de alcool pelo condutor;Capotamento;Amanhecer;Ceu Claro;Motoneta;Obito;1;4;5;4;1;3
Ingestao de alcool pelo condutor;Capotamento;Amanhecer;Ceu Claro;Utilitario;Ileso;1;4;5;4;1;3
Ingestao de alcool pelo condutor;Capotamento;Amanhecer;Chuva;Nao Informado;Ileso;2;4;5;4;2;3
Ingestao de alcool pelo condutor;Capotamento;Amanhecer;Chuva;Nao Informado;Lesoes Leves;2;4;5;4;2;3
Ingestao de alcool pelo condutor;Capotamento;Amanhecer;Nevoeiro/Neblina;Nao Informado;Ileso;1;4;5;4;4;3
Ingestao de alcool pelo condutor;Capotamento;Amanhecer;Nevoeiro/Neblina;Nao Informado;Lesoes Leves;1;4;5;4;4;3
Ingestao de alcool pelo condutor;Capotamento;Amanhecer;Nublado;Automovel;Lesoes Leves;2;4;5;4;2;1
Ingestao de alcool pelo condutor;Capotamento;Amanhecer;Nublado;Automovel;Obito;1;4;5;4;2;1
Ingestao de alcool pelo condutor;Capotamento;Amanhecer;Nublado;Caminhonete;Lesoes Graves;1;4;5;4;2;2
Ingestao de alcool pelo condutor;Capotamento;Anoitecer;Ceu Claro;Automovel;Ileso;3;4;5;4;1;1
Ingestao de alcool pelo condutor;Capotamento;Anoitecer;Ceu Claro;Automovel;Lesoes Graves;1;4;5;4;1;1
Ingestao de alcool pelo condutor;Capotamento;Anoitecer;Ceu Claro;Automovel;Lesoes Leves;11;4;5;4;1;1
Ingestao de alcool pelo condutor;Capotamento;Anoitecer;Ceu Claro;Caminhao;Ileso;1;4;5;4;1;2
Ingestao de alcool pelo condutor;Capotamento;Anoitecer;Ceu Claro;Caminhao-trator;Ileso;3;4;5;4;1;2
Ingestao de alcool pelo condutor;Capotamento;Anoitecer;Ceu Claro;Caminhonete;Ileso;1;4;5;4;1;2
Ingestao de alcool pelo condutor;Capotamento;Anoitecer;Ceu Claro;Caminhonete;Lesoes Leves;1;4;5;4;1;2
Ingestao de alcool pelo condutor;Capotamento;Anoitecer;Ceu Claro;Motocicleta;Obito;2;4;5;4;1;1
Ingestao de alcool pelo condutor;Capotamento;Anoitecer;Chuva;Automovel;Lesoes Graves;2;4;5;4;2;1
Ingestao de alcool pelo condutor;Capotamento;Anoitecer;Garoa/Chuvisco;Automovel;Lesoes Leves;2;4;5;4;3;1
Ingestao de alcool pelo condutor;Capotamento;Anoitecer;Garoa/Chuvisco;Automovel;Obito;1;4;5;4;3;1
Ingestao de alcool pelo condutor;Capotamento;Anoitecer;Nublado;Automovel;Ileso;4;4;5;4;2;1
Ingestao de alcool pelo condutor;Capotamento;Anoitecer;Nublado;Automovel;Obito;1;4;5;4;2;1
Ingestao de alcool pelo condutor;Capotamento;Plena Noite;Ceu Claro;Automovel;Ileso;39;4;5;2;1;1
Ingestao de alcool pelo condutor;Capotamento;Plena Noite;Ceu Claro;Automovel;Lesoes Graves;10;4;5;2;1;1
Ingestao de alcool pelo condutor;Capotamento;Plena Noite;Ceu Claro;Automovel;Lesoes Leves;35;4;5;2;1;1
Ingestao de alcool pelo condutor;Capotamento;Plena Noite;Ceu Claro;Automovel;Obito;7;4;5;2;1;1
Ingestao de alcool pelo condutor;Capotamento;Plena Noite;Ceu Claro;Caminhao;Ileso;2;4;5;2;1;2
Ingestao de alcool pelo condutor;Capotamento;Plena Noite;Ceu Claro;Caminhao;Obito;1;4;5;2;1;2
Ingestao de alcool pelo condutor;Capotamento;Plena Noite;Ceu Claro;Caminhao-trator;Ileso;1;4;5;2;1;2
Ingestao de alcool pelo condutor;Capotamento;Plena Noite;Ceu Claro;Caminhonete;Ileso;1;4;5;2;1;2
Ingestao de alcool pelo condutor;Capotamento;Plena Noite;Ceu Claro;Caminhonete;Lesoes Graves;5;4;5;2;1;2
Ingestao de alcool pelo condutor;Capotamento;Plena Noite;Ceu Claro;Caminhonete;Lesoes Leves;10;4;5;2;1;2
Ingestao de alcool pelo condutor;Capotamento;Plena Noite;Ceu Claro;Caminhonete;Obito;1;4;5;2;1;2
Ingestao de alcool pelo condutor;Capotamento;Plena Noite;Ceu Claro;Motocicleta;Lesoes Graves;3;4;5;2;1;1
Ingestao de alcool pelo condutor;Capotamento;Plena Noite;Ceu Claro;Nao Informado;Lesoes Graves;2;4;5;2;1;3
Ingestao de alcool pelo condutor;Capotamento;Plena Noite;Ceu Claro;Nao Informado;Lesoes Leves;5;4;5;2;1;3
Ingestao de alcool pelo condutor;Capotamento;Plena Noite;Ceu Claro;Utilitario;Ileso;1;4;5;2;1;3
Ingestao de alcool pelo condutor;Capotamento;Plena Noite;Ceu Claro;Utilitario;Lesoes Graves;1;4;5;2;1;3
Ingestao de alcool pelo condutor;Capotamento;Plena Noite;Chuva;Automovel;Ileso;7;4;5;2;2;1
Ingestao de alcool pelo condutor;Capotamento;Plena Noite;Chuva;Automovel;Lesoes Graves;6;4;5;2;2;1
Ingestao de alcool pelo condutor;Capotamento;Plena Noite;Chuva;Automovel;Lesoes Leves;6;4;5;2;2;1
Ingestao de alcool pelo condutor;Capotamento;Plena Noite;Chuva;Automovel;Obito;1;4;5;2;2;1
Ingestao de alcool pelo condutor;Capotamento;Plena Noite;Chuva;Caminhao-trator;Ileso;1;4;5;2;2;2
Ingestao de alcool pelo condutor;Capotamento;Plena Noite;Chuva;Caminhonete;Lesoes Graves;2;4;5;2;2;2