causa_acidente;tipo_acidente;fase_dia;condicao_metereologica;tipo_veiculo;estado_fisico;count;causa_acidente_criterios;tipo_acidente_criterios;fase_dia_criterios;condicao_metereologica_criterios;tipo_veiculo_criterios
Ingestao de alcool pelo condutor;Capotamento;Plena Noite;Garoa/Chuvisco;Automovel;Ileso;4;4;5;2;3;1
Ingestao de alcool pelo condutor;Capotamento;Plena Noite;Garoa/Chuvisco;Automovel;Lesoes Graves;1;4;5;2;3;1
Ingestao de alcool pelo condutor;Capotamento;Plena Noite;Garoa/Chuvisco;Automovel;Lesoes Leves;8;4;5;2;3;1
Ingestao de alcool pelo condutor;Capotamento;Plena Noite;Garoa/Chuvisco;Automovel;Obito;1;4;5;2;3;1
Ingestao de alcool pelo condutor;Capotamento;Plena Noite;Nublado;Automovel;Ileso;16;4;5;2;2;1
Ingestao de alcool pelo condutor;Capotamento;Plena Noite;Nublado;Automovel;Lesoes Graves;7;4;5;2;2;1
Ingestao de alcool pelo condutor;Capotamento;Plena Noite;Nublado;Automovel;Lesoes Leves;10;4;5;2;2;1
Ingestao de alcool pelo condutor;Capotamento;Plena Noite;Nublado;Automovel;Obito;1;4;5;2;2;1
Ingestao de alcool pelo condutor;Capotamento;Plena Noite;Nublado;Caminhonete;Ileso;2;4;5;2;2;2
Ingestao de alcool pelo condutor;Capotamento;Plena Noite;Nublado;Caminhonete;Lesoes Graves;3;4;5;2;2;2
Ingestao de alcool pelo condutor;Capotamento;Plena Noite;Nublado;Caminhonete;Lesoes Leves;2;4;5;2;2;2
Ingestao de alcool pelo condutor;Capotamento;Plena Noite;Nublado;Motocicleta;Obito;1;4;5;2;2;1
Ingestao de alcool pelo condutor;Capotamento;Plena Noite;Nublado;Nao Informado;Ileso;1;4;5;2;2;3
Ingestao de alcool pelo condutor;Capotamento;Plena Noite;Nublado;Nao Informado;Lesoes Leves;5;4;5;2;2;3
Ingestao de alcool pelo condutor;Capotamento;Plena Noite;Nublado;Utilitario;Ileso;1;4;5;2;2;3
Ingestao de alcool pelo condutor;Capotamento;Pleno dia;Ceu Claro;Automovel;Ileso;20;4;5;1;1;1
Ingestao de alcool pelo condutor;Capotamento;Pleno dia;Ceu Claro;Automovel;Lesoes Graves;17;4;5;1;1;1
Ingestao de alcool pelo condutor;Capotamento;Pleno dia;Ceu Claro;Automovel;Lesoes Leves;24;4;5;1;1;1
Ingestao de alcool pelo condutor;Capotamento;Pleno dia;Ceu Claro;Automovel;Obito;2;4;5;1;1;1
Ingestao de alcool pelo condutor;Capotamento;Pleno dia;Ceu Claro;Caminhao;Ileso;2;4;5;1;1;2
Ingestao de alcool pelo condutor;Capotamento;Pleno dia;Ceu Claro;Caminhao-trator;Ileso;3;4;5;1;1;2
Ingestao de alcool pelo condutor;Capotamento;Pleno dia;Ceu Claro;Caminhonete;Ileso;2;4;5;1;1;2
Ingestao de alcool pelo condutor;Capotamento;Pleno dia;Ceu Claro;Caminhonete;Lesoes Graves;2;4;5;1;1;2
Ingestao de alcool pelo condutor;Capotamento;Pleno dia;Ceu Claro;Caminhonete;Lesoes Leves;9;4;5;1;1;2
Ingestao de alcool pelo condutor;Capotamento;Pleno dia;Ceu Claro;Motocicleta;Ileso;1;4;5;1;1;1
Ingestao de alcool pelo condutor;Capotamento;Pleno dia;Ceu Claro;Motocicleta;Obito;1;4;5;1;1;1
Ingestao de alcool pelo condutor;Capotamento;Pleno dia;Ceu Claro;Nao Informado;Lesoes Graves;1;4;5;1;1;3
Ingestao de alcool pelo condutor;Capotamento;Pleno dia;Ceu Claro;Utilitario;Obito;1;4;5;1;1;3
Ingestao de alcool pelo condutor;Capotamento;Pleno dia;Chuva;Automovel;Ileso;1;4;5;1;2;1
Ingestao de alcool pelo condutor;Capotamento;Pleno dia;Chuva;Automovel;Lesoes Leves;4;4;5;1;2;1
Ingestao de alcool pelo condutor;Capotamento;Pleno dia;Chuva;Utilitario;Ileso;1;4;5;1;2;3
Ingestao de alcool pelo condutor;Capotamento;Pleno dia;Garoa/Chuvisco;Automovel;Lesoes Leves;3;4;5;1;3;1
Ingestao de alcool pelo condutor;Capotamento;Pleno dia;Nublado;Automovel;Ileso;4;4;5;1;2;1
Ingestao de alcool pelo condutor;Capotamento;Pleno dia;Nublado;Automovel;Lesoes Graves;2;4;5;1;2;1
Ingestao de alcool pelo condutor;Capotamento;Pleno dia;Nublado;Automovel;Lesoes Leves;5;4;5;1;2;1
Ingestao de alcool pelo condutor;Capotamento;Pleno dia;Nublado;Caminhao-trator;Lesoes Leves;1;4;5;1;2;2
Ingestao de alcool pelo condutor;Capotamento;Pleno dia;Nublado;Caminhonete;Lesoes Leves;1;4;5;1;2;2
Ingestao de alcool pelo condutor;Capotamento;Pleno dia;Sol;Automovel;Lesoes Graves;1;4;5;1;3;1
Ingestao de alcool pelo condutor;Capotamento;Pleno dia;Sol;Automovel;Lesoes Leves;2;4;5;1;3;1
Ingestao de alcool pelo condutor;Capotamento;Pleno dia;Sol;Automovel;Obito;1;4;5;1;3;1
Ingestao de alcool pelo condutor;Colisao com objeto;Amanhecer;Ceu Claro;Automovel;Ileso;9;4;5;4;1;1
Ingestao de alcool pelo condutor;Colisao com objeto;Amanhecer;Ceu Claro;Automovel;Lesoes Graves;4;4;5;4;1;1
Ingestao de alcool pelo condutor;Colisao com objeto;Amanhecer;Ceu Claro;Automovel;Lesoes Leves;7;4;5;4;1;1
Ingestao de alcool pelo condutor;Colisao com objeto;Amanhecer;Ceu Claro;Caminhonete;Ileso;1;4;5;4;1;2
Ingestao de alcool pelo condutor;Colisao com objeto;Amanhecer;Ceu Claro;Caminhonete;Lesoes Leves;2;4;5;4;1;2
Ingestao de alcool pelo condutor;Colisao com objeto;Amanhecer;Ceu Claro;Motocicleta;Ileso;1;4;5;4;1;1
Ingestao de alcool pelo condutor;Colisao com objeto;Amanhecer;Ceu Claro;Motocicleta;Lesoes Graves;4;4;5;4;1;1
Ingestao de alcool pelo condutor;Colisao com objeto;Amanhecer;Ceu Claro;Motocicleta;Lesoes Leves;2;4;5;4;1;1
Ingestao de alcool pelo condutor;Colisao com objeto;Amanhecer;Ceu Claro;Nao Informado;Lesoes Graves;1;4;5;4;1;3
Ingestao de alcool pelo condutor;Colisao com objeto;Amanhecer;Ceu Claro;Nao Informado;Lesoes Leves;1;4;5;4;1;3
Ingestao de alcool pelo condutor;Colisao com objeto;Amanhecer;Ceu Claro;Outros;Lesoes Graves;1;4;5;4;1;5
Ingestao de alcool pelo condutor;Colisao com objeto;Amanhecer;Ceu Claro;Outros;Obito;1;4;5;4;1;5
Ingestao de alcool pelo condutor;Colisao com objeto;Amanhecer;Chuva;Motocicleta;Lesoes Graves;1;4;5;4;2;1
Ingestao de alcool pelo condutor;Colisao com objeto;Amanhecer;Nevoeiro/Neblina;Motocicleta;Lesoes Leves;1;4;5;4;4;1
Ingestao de alcool pelo condutor;Colisao com objeto;Amanhecer;Nevoeiro/Neblina;Nao Informado;Ileso;1;4;5;4;4;3
Ingestao de alcool pelo condutor;Colisao com objeto;Amanhecer;Nevoeiro/Neblina;Nao Informado;Lesoes Leves;1;4;5;4;4;3
Ingestao de alcool pelo condutor;Colisao com objeto;Amanhecer;Nublado;Automovel;Lesoes Leves;4;4;5;4;2;1
Ingestao de alcool pelo condutor;Colisao com objeto;Amanhecer;Nublado;Caminhao;Ileso;1;4;5;4;2;2
Ingestao de alcool pelo condutor;Colisao com objeto;Amanhecer;Nublado;Caminhao;Lesoes Leves;1;4;5;4;2;2
Ingestao de alcool pelo condutor;Colisao com objeto;Amanhecer;Nublado;Caminhonete;Lesoes Graves;1;4;5;4;2;2
Ingestao de alcool pelo condutor;Colisao com objeto;Amanhecer;Nublado;Caminhonete;Lesoes Leves;1;4;5;4;2;2
Ingestao de alcool pelo condutor;Colisao com objeto;Anoitecer;Ceu Claro;Automovel;Ileso;4;4;5;4;1;1
Ingestao de alcool pelo condutor;Colisao com objeto;Anoitecer;Ceu Claro;Automovel;Lesoes Graves;4;4;5;4;1;1
Ingestao de alcool pelo condutor;Colisao com objeto;Anoitecer;Ceu Claro;Automovel;Lesoes Leves;2;4;5;4;1;1
Ingestao de alcool pelo condutor;Colisao com objeto;Anoitecer;Ceu Claro;Caminhao-trator;Ileso;1;4;5;4;1;2
Ingestao de alcool pelo condutor;Colisao com objeto;Anoitecer;Ceu Claro;Caminhonete;Lesoes Leves;1;4;5;4;1;2
Ingestao de alcool pelo condutor;Colisao com objeto;Anoitecer;Ceu Claro;Ciclomotor;Lesoes Graves;1;4;5;4;1;4
Ingestao de alcool pelo condutor;Colisao com objeto;Anoitecer;Ceu Claro;Motocicleta;Lesoes Leves;1;4;5;4;1;1
Ingestao de alcool pelo condutor;Colisao com objeto;Anoitecer;Chuva;Automovel;Ileso;3;4;5;4;2;1
Ingestao de alcool pelo condutor;Colisao com objeto;Anoitecer;Chuva;Caminhonete;Ileso;1;4;5;4;2;2
Ingestao de alcool pelo condutor;Colisao com objeto;Anoitecer;Garoa/Chuvisco;Automovel;Ileso;2;4;5;4;3;1
Ingestao de alcool pelo condutor;Colisao com objeto;Anoitecer;Garoa/Chuvisco;Automovel;Lesoes Leves;1;4;5;4;3;1
Ingestao de alcool pelo condutor;Colisao com objeto;Anoitecer;Garoa/Chuvisco;Automovel;Obito;1;4;5;4;3;1
Ingestao de alcool pelo condutor;Colisao com objeto;Anoitecer;Nublado;Automovel;Ileso;11;4;5;4;2;1
Ingestao de alcool pelo condutor;Colisao com objeto;Anoitecer;Nublado;Automovel;Lesoes Leves;4;4;5;4;2;1
Ingestao de alcool pelo condutor;Colisao com objeto;Anoitecer;Nublado;Automovel;Obito;1;4;5;4;2;1
Ingestao de alcool pelo condutor;Colisao com objeto;Anoitecer;Nublado;Caminhao-trator;Lesoes Leves;4;4;5;4;2;2
Ingestao de alcool pelo condutor;Colisao com objeto;Plena Noite;Ceu Claro;Automovel;Ileso;72;4;5;2;1;1
Ingestao de alcool pelo condutor;Colisao com objeto;Plena Noite;Ceu Claro;Automovel;Lesoes Graves;12;4;5;2;1;1
Ingestao de alcool pelo condutor;Colisao com objeto;Plena Noite;Ceu Claro;Automovel;Lesoes Leves;52;4;5;2;1;1
Ingestao de alcool pelo condutor;Colisao com objeto;Plena Noite;Ceu Claro;Automovel;Obito;2;4;5;2;1;1
Ingestao de alcool pelo condutor;Colisao com objeto;Plena Noite;Ceu Claro;Bicicleta;Lesoes Leves;1;4;5;2;1;3
Ingestao de alcool pelo condutor;Colisao com objeto;Plena Noite;Ceu Claro;Caminhao;Ileso;3;4;5;2;1;2
Ingestao de alcool pelo condutor;Colisao com objeto;Plena Noite;Ceu Claro;Caminhao;Obito;1;4;5;2;1;2
Ingestao de alcool pelo condutor;Colisao com objeto;Plena Noite;Ceu Claro;Caminhao-trator;Ileso;7;4;5;2;1;2
Ingestao de alcool pelo condutor;Colisao com objeto;Plena Noite;Ceu Claro;Caminhao-trator;Lesoes Leves;4;4;5;2;1;2
Ingestao de alcool pelo condutor;Colisao com objeto;Plena Noite;Ceu Claro;Caminhonete;Ileso;7;4;5;2;1;2
Ingestao de alcool pelo condutor;Colisao com objeto;Plena Noite;Ceu Claro;Caminhonete;Lesoes Graves;3;4;5;2;1;2
Ingestao de alcool pelo condutor;Colisao com objeto;Plena Noite;Ceu Claro;Caminhonete;Lesoes Leves;11;4;5;2;1;2
Ingestao de alcool pelo condutor;Colisao com objeto;Plena Noite;Ceu Claro;Motocicleta;Ileso;1;4;5;2;1;1
Ingestao de alcool pelo condutor;Colisao com objeto;Plena Noite;Ceu Claro;Motocicleta;Lesoes Graves;10;4;5;2;1;1
Ingestao de alcool pelo condutor;Colisao com objeto;Plena Noite;Ceu Claro;Motocicleta;Lesoes Leves;19;4;5;2;1;1
Ingestao de alcool pelo condutor;Colisao com objeto;Plena Noite;Ceu Claro;Motocicleta;Obito;5;4;5;2;1;1
Ingestao de alcool pelo condutor;Colisao com objeto;Plena Noite;Ceu Claro;Motoneta;Lesoes Leves;1;4;5;2;1;3
Ingestao de alcool pelo condutor;Colisao com objeto;Plena Noite;Ceu Claro;Nao Informado;Ileso;5;4;5;2;1;3
Ingestao de alcool pelo condutor;Colisao com objeto;Plena Noite;Ceu Claro;Nao Informado;Lesoes Leves;4;4;5;2;1;3
Ingestao de alcool pelo condutor;Colisao com objeto;Plena Noite;Ceu Claro;Nao se aplica;Lesoes Graves;2;4;5;2;1;3
Ingestao de alcool pelo condutor;Colisao com objeto;Plena Noite;Ceu Claro;Nao se aplica;Lesoes Leves;2;4;5;2;1;3
Ingestao de alcool pelo condutor;Colisao com objeto;Plena Noite;Ceu Claro;Onibus;Ileso;1;4;5;2;1;3
Ingestao de alcool pelo condutor;Colisao com objeto;Plena Noite;Ceu Claro;Utilitario;Ileso;7;4;5;2;1;3
Ingestao de alcool pelo condutor;Colisao com objeto;Plena Noite;Ceu Claro;Utilitario;Lesoes Leves;1;4;5;2;1;3
Ingestao de alcool pelo condutor;Colisao com objeto;Plena Noite;Chuva;Automovel;Ileso;17;4;5;2;2;1
Ingestao de alcool pelo condutor;Colisao com objeto;Plena Noite;Chuva;Automovel;Lesoes Graves;8;4;5;2;2;1
Ingestao de alcool pelo condutor;Colisao com objeto;Plena Noite;Chuva;Automovel;Lesoes Leves;6;4;5;2;2;1
Ingestao de alcool pelo condutor;Colisao com objeto;Plena Noite;Chuva;Automovel;Obito;1;4;5;2;2;1
Ingestao de alcool pelo condutor;Colisao com objeto;Plena Noite;Chuva;Caminhao;Ileso;2;4;5;2;2;2
Ingestao de alcool pelo condutor;Colisao com objeto;Plena Noite;Chuva;Caminhao-trator;Ileso;3;4;5;2;2;2
Ingestao de alcool pelo condutor;Colisao com objeto;Plena Noite;Chuva;Caminhao-trator;Lesoes Leves;1;4;5;2;2;2
Ingestao de alcool pelo condutor;Colisao com objeto;Plena Noite;Chuva;Caminhonete;Ileso;3;4;5;2;2;2
Ingestao de alcool pelo condutor;Colisao com objeto;Plena Noite;Chuva;Caminhonete;Lesoes Graves;4;4;5;2;2;2
Ingestao de alcool pelo condutor;Colisao com objeto;Plena Noite;Chuva;Motocicleta;Ileso;1;4;5;2;2;1
Ingestao de alcool pelo condutor;Colisao com objeto;Plena Noite;Chuva;Motocicleta;Lesoes Graves;2;4;5;2;2;1
Ingestao de alcool pelo condutor;Colisao com objeto;Plena Noite;Chuva;Motocicleta;Obito;2;4;5;2;2;1
Ingestao de alcool pelo condutor;Colisao com objeto;Plena Noite;Chuva;Utilitario;Ileso;5;4;5;2;2;3
Ingestao de alcool pelo condutor;Colisao com objeto;Plena Noite;Garoa/Chuvisco;Automovel;Ileso;14;4;5;2;3;1
Ingestao de alcool pelo condutor;Colisao com objeto;Plena Noite;Garoa/Chuvisco;Automovel;Lesoes Leves;7;4;5;2;3;1
Ingestao de alcool pelo condutor;Colisao com objeto;Plena Noite;Garoa/Chuvisco;Automovel;Obito;1;4;5;2;3;1
Ingestao de alcool pelo condutor;Colisao com objeto;Plena Noite;Garoa/Chuvisco;Caminhao;Ileso;1;4;5;2;3;2
Ingestao de alcool pelo condutor;Colisao com objeto;Plena Noite;Garoa/Chuvisco;Motocicleta;Ileso;1;4;5;2;3;1
Ingestao de alcool pelo condutor;Colisao com objeto;Plena Noite;Garoa/Chuvisco;Motocicleta;Lesoes Leves;1;4;5;2;3;1
Ingestao de alcool pelo condutor;Colisao com objeto;Plena Noite;Garoa/Chuvisco;Nao Informado;Ileso;1;4;5;2;3;3
Ingestao de alcool pelo condutor;Colisao com objeto;Plena Noite;Ignorado;Automovel;Ileso;5;4;5;2;0;1
Ingestao de alcool pelo condutor;Colisao com objeto;Plena Noite;Ignorado;Automovel;Lesoes Leves;2;4;5;2;0;1
Ingestao de alcool pelo condutor;Colisao com objeto;Plena Noite;Ignorado;Caminhonete;Ileso;1;4;5;2;0;2
Ingestao de alcool pelo condutor;Colisao com objeto;Plena Noite;Ignorado;Micro-onibus;Lesoes Graves;1;4;5;2;0;4
Ingestao de alcool pelo condutor;Colisao com objeto;Plena Noite;Ignorado;Motocicleta;Lesoes Graves;1;4;5;2;0;1
Ingestao de alcool pelo condutor;Colisao com objeto;Plena Noite;Ignorado;Motoneta;Lesoes Graves;1;4;5;2;0;3
Ingestao de alcool pelo condutor;Colisao com objeto;Plena Noite;Ignorado;Nao se aplica;Lesoes Graves;1;4;5;2;0;3
Ingestao de alcool pelo condutor;Colisao com objeto;Plena Noite;Ignorado;Utilitario;Ileso;3;4;5;2;0;3
Ingestao de alcool pelo condutor;Colisao com objeto;Plena Noite;Nevoeiro/Neblina;Automovel;Ileso;1;4;5;2;4;1
Ingestao de alcool pelo condutor;Colisao com objeto;Plena Noite;Nevoeiro/Neblina;Automovel;Lesoes Leves;3;4;5;2;4;1
Ingestao de alcool pelo condutor;Colisao com objeto;Plena Noite;Nublado;Automovel;Ileso;50;4;5;2;2;1
Ingestao de alcool pelo condutor;Colisao com objeto;Plena Noite;Nublado;Automovel;Lesoes Graves;7;4;5;2;2;1
Ingestao de alcool pelo condutor;Colisao com objeto;Plena Noite;Nublado;Automovel;Lesoes Leves;27;4;5;2;2;1
Ingestao de alcool pelo condutor;Colisao com objeto;Plena Noite;Nublado;Automovel;Obito;2;4;5;2;2;1
Ingestao de alcool pelo condutor;Colisao com objeto;Plena Noite;Nublado;Caminhao;Ileso;1;4;5;2;2;2
Ingestao de alcool pelo condutor;Colisao com objeto;Plena Noite;Nublado;Caminhao-trator;Ileso;4;4;5;2;2;2
Ingestao de alcool pelo condutor;Colisao com objeto;Plena Noite;Nublado;Caminhao-trator;Lesoes Leves;1;4;5;2;2;2
Ingestao de alcool pelo condutor;Colisao com objeto;Plena Noite;Nublado;Caminhonete;Ileso;6;4;5;2;2;2
Ingestao de alcool pelo condutor;Colisao com objeto;Plena Noite;Nublado;Caminhonete;Lesoes Leves;1;4;5;2;2;2
Ingestao de alcool pelo condutor;Colisao com objeto;Plena Noite;Nublado;Ciclomotor;Lesoes Leves;1;4;5;2;2;4
Ingestao de alcool pelo condutor;Colisao com objeto;Plena Noite;Nublado;Motocicleta;Lesoes Graves;3;4;5;2;2;1
Ingestao de alcool pelo condutor;Colisao com objeto;Plena Noite;Nublado;Motocicleta;Lesoes Leves;1;4;5;2;2;1
Ingestao de alcool pelo condutor;Colisao com objeto;Plena Noite;Nublado;Motocicleta;Obito;2;4;5;2;2;1
Ingestao de alcool pelo condutor;Colisao com objeto;Plena Noite;Nublado;Motoneta;Lesoes Graves;2;4;5;2;2;3
Ingestao de alcool pelo condutor;Colisao com objeto;Plena Noite;Nublado;Nao Informado;Ileso;3;4;5;2;2;3
Ingestao de alcool pelo condutor;Colisao com objeto;Plena Noite;Nublado;Trator de rodas;Ileso;1;4;5;2;2;5
Ingestao de alcool pelo condutor;Colisao com objeto;Plena Noite;Nublado;Utilitario;Ileso;6;4;5;2;2;3
Ingestao de alcool pelo condutor;Colisao com objeto;Plena Noite;Nublado;Utilitario;Lesoes Leves;1;4;5;2;2;3
Ingestao de alcool pelo condutor;Colisao com objeto;Pleno dia;Ceu Claro;Automovel;Ileso;52;4;5;1;1;1
Ingestao de alcool pelo condutor;Colisao com objeto;Pleno dia;Ceu Claro;Automovel;Lesoes Graves;12;4;5;1;1;1
Ingestao de alcool pelo condutor;Colisao com objeto;Pleno dia;Ceu Claro;Automovel;Lesoes Leves;34;4;5;1;1;1
Ingestao de alcool pelo condutor;Colisao com objeto;Pleno dia;Ceu Claro;Caminhao;Lesoes Leves;1;4;5;1;1;2
Ingestao de alcool pelo condutor;Colisao com objeto;Pleno dia;Ceu Claro;Caminhao-trator;Ileso;7;4;5;1;1;2
Ingestao de alcool pelo condutor;Colisao com objeto;Pleno dia;Ceu Claro;Caminhao-trator;Lesoes Leves;2;4;5;1;1;2
Ingestao de alcool pelo condutor;Colisao com objeto;Pleno dia;Ceu Claro;Caminhonete;Ileso;2;4;5;1;1;2
Ingestao de alcool pelo condutor;Colisao com objeto;Pleno dia;Ceu Claro;Caminhonete;Lesoes Graves;3;4;5;1;1;2
Ingestao de alcool pelo condutor;Colisao com objeto;Pleno dia;Ceu Claro;Caminhonete;Lesoes Leves;5;4;5;1;1;2
Ingestao de alcool pelo condutor;Colisao com objeto;Pleno dia;Ceu Claro;Caminhonete;Obito;1;4;5;1;1;2
Ingestao de alcool pelo condutor;Colisao com objeto;Pleno dia;Ceu Claro;Carroca-charrete;Ileso;1;4;5;1;1;5
Ingestao de alcool pelo condutor;Colisao com objeto;Pleno dia;Ceu Claro;Micro-onibus;Lesoes Leves;1;4;5;1;1;4
Ingestao de alcool pelo condutor;Colisao com objeto;Pleno dia;Ceu Claro;Motocicleta;Ileso;2;4;5;1;1;1
Ingestao de alcool pelo condutor;Colisao com objeto;Pleno dia;Ceu Claro;Motocicleta;Lesoes Graves;5;4;5;1;1;1
Ingestao de alcool pelo condutor;Colisao com objeto;Pleno dia;Ceu Claro;Motocicleta;Lesoes Leves;6;4;5;1;1;1
Ingestao de alcool pelo condutor;Colisao com objeto;Pleno dia;Ceu Claro;Motocicleta;Obito;2;4;5;1;1;1
Ingestao de alcool pelo condutor;Colisao com objeto;Pleno dia;Ceu Claro;Nao Informado;Ileso;2;4;5;1;1;3
Ingestao de alcool pelo condutor;Colisao com objeto;Pleno dia;Ceu Claro;Nao Informado;Lesoes Graves;1;4;5;1;1;3
Ingestao de alcool pelo condutor;Colisao com objeto;Pleno dia;Ceu Claro;Nao Informado;Lesoes Leves;3;4;5;1;1;3
Ingestao de alcool pelo condutor;Colisao com objeto;Pleno dia;Ceu Claro;Onibus;Ileso;1;4;5;1;1;3
Ingestao de alcool pelo condutor;Colisao com objeto;Pleno dia;Ceu Claro;Utilitario;Ileso;2;4;5;1;1;3
Ingestao de alcool pelo condutor;Colisao com objeto;Pleno dia;Chuva;Automovel;Ileso;2;4;5;1;2;1
Ingestao de alcool pelo condutor;Colisao com objeto;Pleno dia;Chuva;Automovel;Lesoes Graves;2;4;5;1;2;1
Ingestao de alcool pelo condutor;Colisao com objeto;Pleno dia;Chuva;Caminhao;Lesoes Graves;1;4;5;1;2;2
Ingestao de alcool pelo condutor;Colisao com objeto;Pleno dia;Chuva;Caminhao;Lesoes Leves;1;4;5;1;2;2
Ingestao de alcool pelo condutor;Colisao com objeto;Pleno dia;Chuva;Caminhonete;Lesoes Graves;3;4;5;1;2;2
Ingestao de alcool pelo condutor;Colisao com objeto;Pleno dia;Chuva;Motocicleta;Lesoes Graves;1;4;5;1;2;1
Ingestao de alcool pelo condutor;Colisao com objeto;Pleno dia;Chuva;Motocicleta;Lesoes Leves;1;4;5;1;2;1
Ingestao de alcool pelo condutor;Colisao com objeto;Pleno dia;Garoa/Chuvisco;Automovel;Ileso;1;4;5;1;3;1
Ingestao de alcool pelo condutor;Colisao com objeto;Pleno dia;Garoa/Chuvisco;Automovel;Lesoes Leves;3;4;5;1;3;1
Ingestao de alcool pelo condutor;Colisao com objeto;Pleno dia;Garoa/Chuvisco;Caminhonete;Ileso;1;4;5;1;3;2
Ingestao de alcool pelo condutor;Colisao com objeto;Pleno dia;Ignorado;Automovel;Lesoes Leves;1;4;5;1;0;1
Ingestao de alcool pelo condutor;Colisao com objeto;Pleno dia;Nublado;Automovel;Ileso;11;4;5;1;2;1
Ingestao de alcool pelo condutor;Colisao com objeto;Pleno dia;Nublado;Automovel;Lesoes Graves;1;4;5;1;2;1
Ingestao de alcool pelo condutor;Colisao com objeto;Pleno dia;Nublado;Automovel;Lesoes Leves;8;4;5;1;2;1
Ingestao de alcool pelo condutor;Colisao com objeto;Pleno dia;Nublado;Caminhao-trator;Ileso;1;4;5;1;2;2
Ingestao de alcool pelo condutor;Colisao com objeto;Pleno dia;Nublado;Caminhao-trator;Lesoes Leves;1;4;5;1;2;2
Ingestao de alcool pelo condutor;Colisao com objeto;Pleno dia;Nublado;Caminhonete;Lesoes Leves;1;4;5;1;2;2
Ingestao de alcool pelo condutor;Colisao com objeto;Pleno dia;Nublado;Motocicleta;Lesoes Graves;2;4;5;1;2;1
Ingestao de alcool pelo condutor;Colisao com objeto;Pleno dia;Nublado;Motocicleta;Lesoes Leves;2;4;5;1;2;1
Ingestao de alcool pelo condutor;Colisao com objeto;Pleno dia;Nublado;Motocicleta;Obito;1;4;5;1;2;1
Ingestao de alcool pelo condutor;Colisao com objeto;Pleno dia;Nublado;Motoneta;Obito;1;4;5;1;2;3
Ingestao de alcool pelo condutor;Colisao com objeto;Pleno dia;Nublado;Nao Informado;Ileso;7;4;5;1;2;3
Ingestao de alcool pelo condutor;Colisao com objeto;Pleno dia;Nublado;Utilitario;Ileso;2;4;5;1;2;3
Ingestao de alcool pelo condutor;Colisao com objeto;Pleno dia;Nublado;Utilitario;Lesoes Leves;2;4;5;1;2;3
Ingestao de alcool pelo condutor;Colisao com objeto;Pleno dia;Sol;Automovel;Ileso;4;4;5;1;3;1
Ingestao de alcool pelo condutor;Colisao com objeto;Pleno dia;Sol;Automovel;Lesoes Graves;1;4;5;1;3;1
Ingestao de alcool pelo condutor;Colisao com objeto;Pleno dia;Sol;Automovel;Lesoes Leves;1;4;5;1;3;1
Ingestao de alcool pelo condutor;Colisao com objeto;Pleno dia;Sol;Bicicleta;Lesoes Leves;4;4;5;1;3;3
Ingestao de alcool pelo condutor;Colisao com objeto;Pleno dia;Sol;Caminhao-trator;Ileso;4;4;5;1;3;2
Ingestao de alcool pelo condutor;Colisao com objeto;Pleno dia;Sol;Caminhonete;Ileso;6;4;5;1;3;2
Ingestao de alcool pelo condutor;Colisao com objeto;Pleno dia;Sol;Caminhonete;Lesoes Leves;1;4;5;1;3;2
Ingestao de alcool pelo condutor;Colisao com objeto;Pleno dia;Sol;Motocicleta;Ileso;1;4;5;1;3;1
Ingestao de alcool pelo condutor;Colisao com objeto;Pleno dia;Sol;Motocicleta;Lesoes Leves;4;4;5;1;3;1
Ingestao de alcool pelo condutor;Colisao com objeto;Pleno dia;Sol;Motocicleta;Obito;1;4;5;1;3;1
Ingestao de alcool pelo condutor;Colisao frontal;Amanhecer;Ceu Claro;Automovel;Ileso;22;4;5;4;1;1
Ingestao de alcool pelo condutor;Colisao frontal;Amanhecer;Ceu Claro;Automovel;Lesoes Graves;2;4;5;4;1;1
Ingestao de alcool pelo condutor;Colisao frontal;Amanhecer;Ceu Claro;Automovel;Lesoes Leves;16;4;5;4;1;1
Ingestao de alcool pelo condutor;Colisao frontal;Amanhecer;Ceu Claro;Automovel;Obito;3;4;5;4;1;1
Ingestao de alcool pelo condutor;Colisao frontal;Amanhecer;Ceu Claro;Bicicleta;Obito;1;4;5;4;1;3
Ingestao de alcool pelo condutor;Colisao frontal;Amanhecer;Ceu Claro;Caminhao-trator;Ileso;2;4;5;4;1;2
Ingestao de alcool pelo condutor;Colisao frontal;Amanhecer;Ceu Claro;Caminhao-trator;Lesoes Leves;1;4;5;4;1;2
Ingestao de alcool pelo condutor;Colisao frontal;Amanhecer;Ceu Claro;Caminhonete;Obito;1;4;5;4;1;2
Ingestao de alcool pelo condutor;Colisao frontal;Amanhecer;Ceu Claro;Ciclomotor;Lesoes Leves;1;4;5;4;1;4
Ingestao de alcool pelo condutor;Colisao frontal;Amanhecer;Ceu Claro;Motocicleta;Lesoes Graves;1;4;5;4;1;1
Ingestao de alcool pelo condutor;Colisao frontal;Amanhecer;Ceu Claro;Motocicleta;Lesoes Leves;1;4;5;4;1;1
Ingestao de alcool pelo condutor;Colisao frontal;Amanhecer;Ceu Claro;Motocicleta;Obito;2;4;5;4;1;1
Ingestao de alcool pelo condutor;Colisao frontal;Amanhecer;Ceu Claro;Motoneta;Obito;1;4;5;4;1;3
Ingestao de alcool pelo condutor;Colisao frontal;Amanhecer;Ceu Claro;Onibus;Lesoes Leves;2;4;5;4;1;3
Ingestao de alcool pelo condutor;Colisao frontal;Amanhecer;Garoa/Chuvisco;Automovel;Lesoes Graves;5;4;5;4;3;1
Ingestao de alcool pelo condutor;Colisao frontal;Amanhecer;Garoa/Chuvisco;Automovel;Obito;1;4;5;4;3;1