causa_acidente;tipo_acidente;fase_dia;condicao_metereologica;tipo_veiculo;estado_fisico;count;causa_acidente_criterios;tipo_acidente_criterios;fase_dia_criterios;condicao_metereologica_criterios;tipo_veiculo_criterios
Ingestao de alcool pelo condutor;Colisao lateral mesmo sentido;Plena Noite;Nublado;Motocicleta;Lesoes Leves;5;4;5;2;2;1
Ingestao de alcool pelo condutor;Colisao lateral mesmo sentido;Plena Noite;Nublado;Nao Informado;Ileso;1;4;5;2;2;3
Ingestao de alcool pelo condutor;Colisao lateral mesmo sentido;Plena Noite;Sol;Automovel;Ileso;2;4;5;2;3;1
Ingestao de alcool pelo condutor;Colisao lateral mesmo sentido;Plena Noite;Sol;Motocicleta;Lesoes Leves;1;4;5;2;3;1
Ingestao de alcool pelo condutor;Colisao lateral mesmo sentido;Pleno dia;Ceu Claro;Automovel;Ileso;70;4;5;1;1;1
Ingestao de alcool pelo condutor;Colisao lateral mesmo sentido;Pleno dia;Ceu Claro;Automovel;Lesoes Graves;4;4;5;1;1;1
Ingestao de alcool pelo condutor;Colisao lateral mesmo sentido;Pleno dia;Ceu Claro;Automovel;Lesoes Leves;12;4;5;1;1;1
Ingestao de alcool pelo condutor;Colisao lateral mesmo sentido;Pleno dia;Ceu Claro;Bicicleta;Lesoes Graves;3;4;5;1;1;3
Ingestao de alcool pelo condutor;Colisao lateral mesmo sentido;Pleno dia;Ceu Claro;Caminhao;Ileso;2;4;5;1;1;2
Ingestao de alcool pelo condutor;Colisao lateral mesmo sentido;Pleno dia;Ceu Claro;Caminhao-trator;Ileso;10;4;5;1;1;2
Ingestao de alcool pelo condutor;Colisao lateral mesmo sentido;Pleno dia;Ceu Claro;Caminhonete;Ileso;8;4;5;1;1;2
Ingestao de alcool pelo condutor;Colisao lateral mesmo sentido;Pleno dia;Ceu Claro;Caminhonete;Lesoes Leves;2;4;5;1;1;2
Ingestao de alcool pelo condutor;Colisao lateral mesmo sentido;Pleno dia;Ceu Claro;Carroca-charrete;Ileso;1;4;5;1;1;5
Ingestao de alcool pelo condutor;Colisao lateral mesmo sentido;Pleno dia;Ceu Claro;Motocicleta;Ileso;2;4;5;1;1;1
Ingestao de alcool pelo condutor;Colisao lateral mesmo sentido;Pleno dia;Ceu Claro;Motocicleta;Lesoes Graves;3;4;5;1;1;1
Ingestao de alcool pelo condutor;Colisao lateral mesmo sentido;Pleno dia;Ceu Claro;Motocicleta;Lesoes Leves;8;4;5;1;1;1
Ingestao de alcool pelo condutor;Colisao lateral mesmo sentido;Pleno dia;Ceu Claro;Motoneta;Lesoes Leves;1;4;5;1;1;3
Ingestao de alcool pelo condutor;Colisao lateral mesmo sentido;Pleno dia;Ceu Claro;Nao Informado;Ileso;11;4;5;1;1;3
Ingestao de alcool pelo condutor;Colisao lateral mesmo sentido;Pleno dia;Ceu Claro;Onibus;Ileso;2;4;5;1;1;3
Ingestao de alcool pelo condutor;Colisao lateral mesmo sentido;Pleno dia;Ceu Claro;Utilitario;Ileso;2;4;5;1;1;3
Ingestao de alcool pelo condutor;Colisao lateral mesmo sentido;Pleno dia;Chuva;Automovel;Ileso;3;4;5;1;2;1
Ingestao de alcool pelo condutor;Colisao lateral mesmo sentido;Pleno dia;Chuva;Caminhao-trator;Ileso;1;4;5;1;2;2
Ingestao de alcool pelo condutor;Colisao lateral mesmo sentido;Pleno dia;Garoa/Chuvisco;Automovel;Ileso;9;4;5;1;3;1
Ingestao de alcool pelo condutor;Colisao lateral mesmo sentido;Pleno dia;Garoa/Chuvisco;Automovel;Lesoes Leves;3;4;5;1;3;1
Ingestao de alcool pelo condutor;Colisao lateral mesmo sentido;Pleno dia;Garoa/Chuvisco;Caminhao-trator;Ileso;1;4;5;1;3;2
Ingestao de alcool pelo condutor;Colisao lateral mesmo sentido;Pleno dia;Garoa/Chuvisco;Caminhonete;Ileso;3;4;5;1;3;2
Ingestao de alcool pelo condutor;Colisao lateral mesmo sentido;Pleno dia;Nublado;Automovel;Ileso;10;4;5;1;2;1
Ingestao de alcool pelo condutor;Colisao lateral mesmo sentido;Pleno dia;Nublado;Automovel;Lesoes Leves;1;4;5;1;2;1
Ingestao de alcool pelo condutor;Colisao lateral mesmo sentido;Pleno dia;Nublado;Caminhonete;Ileso;2;4;5;1;2;2
Ingestao de alcool pelo condutor;Colisao lateral mesmo sentido;Pleno dia;Nublado;Caminhonete;Lesoes Graves;4;4;5;1;2;2
Ingestao de alcool pelo condutor;Colisao lateral mesmo sentido;Pleno dia;Nublado;Caminhonete;Lesoes Leves;1;4;5;1;2;2
Ingestao de alcool pelo condutor;Colisao lateral mesmo sentido;Pleno dia;Nublado;Motocicleta;Lesoes Leves;6;4;5;1;2;1
Ingestao de alcool pelo condutor;Colisao lateral mesmo sentido;Pleno dia;Nublado;Utilitario;Ileso;1;4;5;1;2;3
Ingestao de alcool pelo condutor;Colisao lateral mesmo sentido;Pleno dia;Sol;Automovel;Ileso;8;4;5;1;3;1
Ingestao de alcool pelo condutor;Colisao lateral mesmo sentido;Pleno dia;Sol;Automovel;Lesoes Leves;1;4;5;1;3;1
Ingestao de alcool pelo condutor;Colisao lateral mesmo sentido;Pleno dia;Sol;Caminhao-trator;Ileso;1;4;5;1;3;2
Ingestao de alcool pelo condutor;Colisao lateral mesmo sentido;Pleno dia;Sol;Caminhonete;Ileso;2;4;5;1;3;2
Ingestao de alcool pelo condutor;Colisao lateral mesmo sentido;Pleno dia;Sol;Caminhonete;Lesoes Leves;1;4;5;1;3;2
Ingestao de alcool pelo condutor;Colisao lateral mesmo sentido;Pleno dia;Sol;Motocicleta;Lesoes Leves;2;4;5;1;3;1
Ingestao de alcool pelo condutor;Colisao lateral mesmo sentido;Pleno dia;Sol;Onibus;Ileso;1;4;5;1;3;3
Ingestao de alcool pelo condutor;Colisao lateral sentido oposto;Amanhecer;Ceu Claro;Automovel;Ileso;14;4;4;4;1;1
Ingestao de alcool pelo condutor;Colisao lateral sentido oposto;Amanhecer;Ceu Claro;Automovel;Lesoes Leves;13;4;4;4;1;1
Ingestao de alcool pelo condutor;Colisao lateral sentido oposto;Amanhecer;Ceu Claro;Caminhao;Ileso;1;4;4;4;1;2
Ingestao de alcool pelo condutor;Colisao lateral sentido oposto;Amanhecer;Ceu Claro;Caminhao;Lesoes Graves;1;4;4;4;1;2
Ingestao de alcool pelo condutor;Colisao lateral sentido oposto;Amanhecer;Ceu Claro;Caminhao-trator;Ileso;2;4;4;4;1;2
Ingestao de alcool pelo condutor;Colisao lateral sentido oposto;Amanhecer;Ceu Claro;Caminhonete;Lesoes Leves;2;4;4;4;1;2
Ingestao de alcool pelo condutor;Colisao lateral sentido oposto;Amanhecer;Nublado;Automovel;Ileso;8;4;4;4;2;1
Ingestao de alcool pelo condutor;Colisao lateral sentido oposto;Amanhecer;Nublado;Automovel;Lesoes Graves;2;4;4;4;2;1
Ingestao de alcool pelo condutor;Colisao lateral sentido oposto;Amanhecer;Nublado;Automovel;Lesoes Leves;5;4;4;4;2;1
Ingestao de alcool pelo condutor;Colisao lateral sentido oposto;Amanhecer;Nublado;Caminhao;Ileso;1;4;4;4;2;2
Ingestao de alcool pelo condutor;Colisao lateral sentido oposto;Amanhecer;Nublado;Caminhao;Lesoes Leves;1;4;4;4;2;2
Ingestao de alcool pelo condutor;Colisao lateral sentido oposto;Amanhecer;Nublado;Caminhao-trator;Ileso;3;4;4;4;2;2
Ingestao de alcool pelo condutor;Colisao lateral sentido oposto;Anoitecer;Ceu Claro;Automovel;Ileso;3;4;4;4;1;1
Ingestao de alcool pelo condutor;Colisao lateral sentido oposto;Anoitecer;Ceu Claro;Automovel;Lesoes Leves;2;4;4;4;1;1
Ingestao de alcool pelo condutor;Colisao lateral sentido oposto;Anoitecer;Ceu Claro;Caminhao;Ileso;6;4;4;4;1;2
Ingestao de alcool pelo condutor;Colisao lateral sentido oposto;Anoitecer;Ceu Claro;Caminhao-trator;Ileso;2;4;4;4;1;2
Ingestao de alcool pelo condutor;Colisao lateral sentido oposto;Anoitecer;Ceu Claro;Caminhonete;Ileso;3;4;4;4;1;2
Ingestao de alcool pelo condutor;Colisao lateral sentido oposto;Anoitecer;Ceu Claro;Motocicleta;Obito;2;4;4;4;1;1
Ingestao de alcool pelo condutor;Colisao lateral sentido oposto;Anoitecer;Nublado;Automovel;Ileso;2;4;4;4;2;1
Ingestao de alcool pelo condutor;Colisao lateral sentido oposto;Anoitecer;Nublado;Caminhonete;Ileso;1;4;4;4;2;2
Ingestao de alcool pelo condutor;Colisao lateral sentido oposto;Anoitecer;Sol;Automovel;Ileso;2;4;4;4;3;1
Ingestao de alcool pelo condutor;Colisao lateral sentido oposto;Anoitecer;Sol;Automovel;Lesoes Graves;2;4;4;4;3;1
Ingestao de alcool pelo condutor;Colisao lateral sentido oposto;Anoitecer;Sol;Caminhao;Ileso;2;4;4;4;3;2
Ingestao de alcool pelo condutor;Colisao lateral sentido oposto;Plena Noite;Ceu Claro;Automovel;Ileso;32;4;4;2;1;1
Ingestao de alcool pelo condutor;Colisao lateral sentido oposto;Plena Noite;Ceu Claro;Automovel;Lesoes Graves;5;4;4;2;1;1
Ingestao de alcool pelo condutor;Colisao lateral sentido oposto;Plena Noite;Ceu Claro;Automovel;Lesoes Leves;19;4;4;2;1;1
Ingestao de alcool pelo condutor;Colisao lateral sentido oposto;Plena Noite;Ceu Claro;Automovel;Obito;1;4;4;2;1;1
Ingestao de alcool pelo condutor;Colisao lateral sentido oposto;Plena Noite;Ceu Claro;Caminhao;Ileso;11;4;4;2;1;2
Ingestao de alcool pelo condutor;Colisao lateral sentido oposto;Plena Noite;Ceu Claro;Caminhao-trator;Ileso;14;4;4;2;1;2
Ingestao de alcool pelo condutor;Colisao lateral sentido oposto;Plena Noite;Ceu Claro;Caminhao-trator;Lesoes Leves;1;4;4;2;1;2
Ingestao de alcool pelo condutor;Colisao lateral sentido oposto;Plena Noite;Ceu Claro;Caminhonete;Ileso;8;4;4;2;1;2
Ingestao de alcool pelo condutor;Colisao lateral sentido oposto;Plena Noite;Ceu Claro;Caminhonete;Lesoes Graves;1;4;4;2;1;2
Ingestao de alcool pelo condutor;Colisao lateral sentido oposto;Plena Noite;Ceu Claro;Caminhonete;Lesoes Leves;1;4;4;2;1;2
Ingestao de alcool pelo condutor;Colisao lateral sentido oposto;Plena Noite;Ceu Claro;Micro-onibus;Ileso;2;4;4;2;1;4
Ingestao de alcool pelo condutor;Colisao lateral sentido oposto;Plena Noite;Ceu Claro;Motocicleta;Lesoes Graves;7;4;4;2;1;1
Ingestao de alcool pelo condutor;Colisao lateral sentido oposto;Plena Noite;Ceu Claro;Motocicleta;Lesoes Leves;6;4;4;2;1;1
Ingestao de alcool pelo condutor;Colisao lateral sentido oposto;Plena Noite;Ceu Claro;Motocicleta;Obito;1;4;4;2;1;1
Ingestao de alcool pelo condutor;Colisao lateral sentido oposto;Plena Noite;Ceu Claro;Nao Informado;Ileso;1;4;4;2;1;3
Ingestao de alcool pelo condutor;Colisao lateral sentido oposto;Plena Noite;Ceu Claro;Nao Informado;Lesoes Graves;2;4;4;2;1;3
Ingestao de alcool pelo condutor;Colisao lateral sentido oposto;Plena Noite;Ceu Claro;Nao Informado;Lesoes Leves;5;4;4;2;1;3
Ingestao de alcool pelo condutor;Colisao lateral sentido oposto;Plena Noite;Ceu Claro;Nao se aplica;Lesoes Leves;1;4;4;2;1;3
Ingestao de alcool pelo condutor;Colisao lateral sentido oposto;Plena Noite;Ceu Claro;Onibus;Ileso;4;4;4;2;1;3
Ingestao de alcool pelo condutor;Colisao lateral sentido oposto;Plena Noite;Ceu Claro;Utilitario;Ileso;1;4;4;2;1;3
Ingestao de alcool pelo condutor;Colisao lateral sentido oposto;Plena Noite;Ceu Claro;Utilitario;Lesoes Graves;1;4;4;2;1;3
Ingestao de alcool pelo condutor;Colisao lateral sentido oposto;Plena Noite;Chuva;Automovel;Ileso;12;4;4;2;2;1
Ingestao de alcool pelo condutor;Colisao lateral sentido oposto;Plena Noite;Chuva;Automovel;Lesoes Graves;2;4;4;2;2;1
Ingestao de alcool pelo condutor;Colisao lateral sentido oposto;Plena Noite;Chuva;Automovel;Lesoes Leves;5;4;4;2;2;1
Ingestao de alcool pelo condutor;Colisao lateral sentido oposto;Plena Noite;Chuva;Caminhao;Ileso;4;4;4;2;2;2
Ingestao de alcool pelo condutor;Colisao lateral sentido oposto;Plena Noite;Chuva;Caminhao-trator;Ileso;2;4;4;2;2;2
Ingestao de alcool pelo condutor;Colisao lateral sentido oposto;Plena Noite;Chuva;Caminhonete;Ileso;6;4;4;2;2;2
Ingestao de alcool pelo condutor;Colisao lateral sentido oposto;Plena Noite;Chuva;Caminhonete;Lesoes Leves;1;4;4;2;2;2
Ingestao de alcool pelo condutor;Colisao lateral sentido oposto;Plena Noite;Chuva;Micro-onibus;Ileso;1;4;4;2;2;4
Ingestao de alcool pelo condutor;Colisao lateral sentido oposto;Plena Noite;Garoa/Chuvisco;Automovel;Ileso;5;4;4;2;3;1
Ingestao de alcool pelo condutor;Colisao lateral sentido oposto;Plena Noite;Garoa/Chuvisco;Automovel;Lesoes Graves;1;4;4;2;3;1
Ingestao de alcool pelo condutor;Colisao lateral sentido oposto;Plena Noite;Garoa/Chuvisco;Automovel;Lesoes Leves;2;4;4;2;3;1
Ingestao de alcool pelo condutor;Colisao lateral sentido oposto;Plena Noite;Garoa/Chuvisco;Caminhao;Ileso;3;4;4;2;3;2
Ingestao de alcool pelo condutor;Colisao lateral sentido oposto;Plena Noite;Garoa/Chuvisco;Caminhao-trator;Ileso;1;4;4;2;3;2
Ingestao de alcool pelo condutor;Colisao lateral sentido oposto;Plena Noite;Garoa/Chuvisco;Onibus;Ileso;2;4;4;2;3;3
Ingestao de alcool pelo condutor;Colisao lateral sentido oposto;Plena Noite;Ignorado;Automovel;Ileso;7;4;4;2;0;1
Ingestao de alcool pelo condutor;Colisao lateral sentido oposto;Plena Noite;Ignorado;Caminhao-trator;Ileso;1;4;4;2;0;2
Ingestao de alcool pelo condutor;Colisao lateral sentido oposto;Plena Noite;Ignorado;Motocicleta;Lesoes Leves;1;4;4;2;0;1
Ingestao de alcool pelo condutor;Colisao lateral sentido oposto;Plena Noite;Nevoeiro/Neblina;Automovel;Ileso;4;4;4;2;4;1
Ingestao de alcool pelo condutor;Colisao lateral sentido oposto;Plena Noite;Nublado;Automovel;Ileso;17;4;4;2;2;1
Ingestao de alcool pelo condutor;Colisao lateral sentido oposto;Plena Noite;Nublado;Automovel;Lesoes Graves;2;4;4;2;2;1
Ingestao de alcool pelo condutor;Colisao lateral sentido oposto;Plena Noite;Nublado;Automovel;Lesoes Leves;10;4;4;2;2;1
Ingestao de alcool pelo condutor;Colisao lateral sentido oposto;Plena Noite;Nublado;Caminhao;Ileso;3;4;4;2;2;2
Ingestao de alcool pelo condutor;Colisao lateral sentido oposto;Plena Noite;Nublado;Caminhao-trator;Ileso;5;4;4;2;2;2
Ingestao de alcool pelo condutor;Colisao lateral sentido oposto;Plena Noite;Nublado;Caminhonete;Ileso;6;4;4;2;2;2
Ingestao de alcool pelo condutor;Colisao lateral sentido oposto;Plena Noite;Nublado;Caminhonete;Lesoes Leves;2;4;4;2;2;2
Ingestao de alcool pelo condutor;Colisao lateral sentido oposto;Plena Noite;Nublado;Motocicleta;Ileso;1;4;4;2;2;1
Ingestao de alcool pelo condutor;Colisao lateral sentido oposto;Plena Noite;Nublado;Motocicleta;Lesoes Graves;2;4;4;2;2;1
Ingestao de alcool pelo condutor;Colisao lateral sentido oposto;Plena Noite;Nublado;Onibus;Ileso;1;4;4;2;2;3
Ingestao de alcool pelo condutor;Colisao lateral sentido oposto;Plena Noite;Nublado;Utilitario;Ileso;5;4;4;2;2;3
Ingestao de alcool pelo condutor;Colisao lateral sentido oposto;Pleno dia;Ceu Claro;Automovel;Ileso;14;4;4;1;1;1
Ingestao de alcool pelo condutor;Colisao lateral sentido oposto;Pleno dia;Ceu Claro;Automovel;Lesoes Graves;2;4;4;1;1;1
Ingestao de alcool pelo condutor;Colisao lateral sentido oposto;Pleno dia;Ceu Claro;Automovel;Lesoes Leves;4;4;4;1;1;1
Ingestao de alcool pelo condutor;Colisao lateral sentido oposto;Pleno dia;Ceu Claro;Caminhao;Ileso;6;4;4;1;1;2
Ingestao de alcool pelo condutor;Colisao lateral sentido oposto;Pleno dia;Ceu Claro;Caminhao-trator;Ileso;11;4;4;1;1;2
Ingestao de alcool pelo condutor;Colisao lateral sentido oposto;Pleno dia;Ceu Claro;Caminhonete;Ileso;6;4;4;1;1;2
Ingestao de alcool pelo condutor;Colisao lateral sentido oposto;Pleno dia;Ceu Claro;Motocicleta;Lesoes Graves;4;4;4;1;1;1
Ingestao de alcool pelo condutor;Colisao lateral sentido oposto;Pleno dia;Ceu Claro;Motocicleta;Lesoes Leves;2;4;4;1;1;1
Ingestao de alcool pelo condutor;Colisao lateral sentido oposto;Pleno dia;Ceu Claro;Motocicleta;Obito;1;4;4;1;1;1
Ingestao de alcool pelo condutor;Colisao lateral sentido oposto;Pleno dia;Ceu Claro;Nao Informado;Ileso;5;4;4;1;1;3
Ingestao de alcool pelo condutor;Colisao lateral sentido oposto;Pleno dia;Ceu Claro;Utilitario;Ileso;2;4;4;1;1;3
Ingestao de alcool pelo condutor;Colisao lateral sentido oposto;Pleno dia;Chuva;Automovel;Ileso;1;4;4;1;2;1
Ingestao de alcool pelo condutor;Colisao lateral sentido oposto;Pleno dia;Chuva;Automovel;Lesoes Leves;1;4;4;1;2;1
Ingestao de alcool pelo condutor;Colisao lateral sentido oposto;Pleno dia;Chuva;Caminhao;Ileso;3;4;4;1;2;2
Ingestao de alcool pelo condutor;Colisao lateral sentido oposto;Pleno dia;Chuva;Caminhonete;Ileso;3;4;4;1;2;2
Ingestao de alcool pelo condutor;Colisao lateral sentido oposto;Pleno dia;Chuva;Caminhonete;Lesoes Leves;2;4;4;1;2;2
Ingestao de alcool pelo condutor;Colisao lateral sentido oposto;Pleno dia;Nublado;Automovel;Ileso;2;4;4;1;2;1
Ingestao de alcool pelo condutor;Colisao lateral sentido oposto;Pleno dia;Nublado;Automovel;Lesoes Leves;1;4;4;1;2;1
Ingestao de alcool pelo condutor;Colisao lateral sentido oposto;Pleno dia;Nublado;Caminhao;Ileso;1;4;4;1;2;2
Ingestao de alcool pelo condutor;Colisao lateral sentido oposto;Pleno dia;Nublado;Caminhao-trator;Ileso;1;4;4;1;2;2
Ingestao de alcool pelo condutor;Colisao lateral sentido oposto;Pleno dia;Nublado;Caminhonete;Lesoes Leves;1;4;4;1;2;2
Ingestao de alcool pelo condutor;Colisao lateral sentido oposto;Pleno dia;Nublado;Motocicleta;Lesoes Graves;1;4;4;1;2;1
Ingestao de alcool pelo condutor;Colisao lateral sentido oposto;Pleno dia;Nublado;Motocicleta;Lesoes Leves;2;4;4;1;2;1
Ingestao de alcool pelo condutor;Colisao lateral sentido oposto;Pleno dia;Nublado;Nao Informado;Ileso;4;4;4;1;2;3
Ingestao de alcool pelo condutor;Colisao lateral sentido oposto;Pleno dia;Nublado;Utilitario;Ileso;1;4;4;1;2;3
Ingestao de alcool pelo condutor;Colisao lateral sentido oposto;Pleno dia;Nublado;Utilitario;Lesoes Leves;1;4;4;1;2;3
Ingestao de alcool pelo condutor;Colisao lateral sentido oposto;Pleno dia;Sol;Caminhao;Ileso;1;4;4;1;3;2
Ingestao de alcool pelo condutor;Colisao transversal;Amanhecer;Ceu Claro;Automovel;Ileso;1;4;5;4;1;1
Ingestao de alcool pelo condutor;Colisao transversal;Amanhecer;Ceu Claro;Automovel;Lesoes Graves;1;4;5;4;1;1
Ingestao de alcool pelo condutor;Colisao transversal;Amanhecer;Ceu Claro;Automovel;Lesoes Leves;2;4;5;4;1;1
Ingestao de alcool pelo condutor;Colisao transversal;Amanhecer;Ceu Claro;Automovel;Obito;1;4;5;4;1;1
Ingestao de alcool pelo condutor;Colisao transversal;Amanhecer;Ceu Claro;Caminhao-trator;Ileso;1;4;5;4;1;2
Ingestao de alcool pelo condutor;Colisao transversal;Amanhecer;Ceu Claro;Caminhonete;Ileso;1;4;5;4;1;2
Ingestao de alcool pelo condutor;Colisao transversal;Amanhecer;Ceu Claro;Caminhonete;Lesoes Leves;2;4;5;4;1;2
Ingestao de alcool pelo condutor;Colisao transversal;Amanhecer;Ceu Claro;Motocicleta;Obito;1;4;5;4;1;1
Ingestao de alcool pelo condutor;Colisao transversal;Anoitecer;Ceu Claro;Automovel;Ileso;2;4;5;4;1;1
Ingestao de alcool pelo condutor;Colisao transversal;Anoitecer;Ceu Claro;Automovel;Lesoes Leves;1;4;5;4;1;1
Ingestao de alcool pelo condutor;Colisao transversal;Anoitecer;Ceu Claro;Caminhao-trator;Ileso;1;4;5;4;1;2
Ingestao de alcool pelo condutor;Colisao transversal;Anoitecer;Ceu Claro;Caminhonete;Ileso;1;4;5;4;1;2
Ingestao de alcool pelo condutor;Colisao transversal;Anoitecer;Ceu Claro;Utilitario;Ileso;1;4;5;4;1;3
Ingestao de alcool pelo condutor;Colisao transversal;Anoitecer;Garoa/Chuvisco;Caminhonete;Ileso;1;4;5;4;3;2
Ingestao de alcool pelo condutor;Colisao transversal;Anoitecer;Garoa/Chuvisco;Motocicleta;Lesoes Leves;1;4;5;4;3;1
Ingestao de alcool pelo condutor;Colisao transversal;Anoitecer;Nublado;Automovel;Ileso;13;4;5;4;2;1
Ingestao de alcool pelo condutor;Colisao transversal;Anoitecer;Nublado;Automovel;Lesoes Leves;5;4;5;4;2;1
Ingestao de alcool pelo condutor;Colisao transversal;Anoitecer;Nublado;Caminhonete;Ileso;1;4;5;4;2;2
Ingestao de alcool pelo condutor;Colisao transversal;Anoitecer;Nublado;Caminhonete;Lesoes Leves;2;4;5;4;2;2
Ingestao de alcool pelo condutor;Colisao transversal;Anoitecer;Nublado;Motocicleta;Lesoes Graves;1;4;5;4;2;1
Ingestao de alcool pelo condutor;Colisao transversal;Plena Noite;Ceu Claro;Automovel;Ileso;86;4;5;2;1;1
Ingestao de alcool pelo condutor;Colisao transversal;Plena Noite;Ceu Claro;Automovel;Lesoes Graves;5;4;5;2;1;1
Ingestao de alcool pelo condutor;Colisao transversal;Plena Noite;Ceu Claro;Automovel;Lesoes Leves;26;4;5;2;1;1
Ingestao de alcool pelo condutor;Colisao transversal;Plena Noite;Ceu Claro;Automovel;Obito;1;4;5;2;1;1
Ingestao de alcool pelo condutor;Colisao transversal;Plena Noite;Ceu Claro;Bicicleta;Lesoes Graves;2;4;5;2;1;3
Ingestao de alcool pelo condutor;Colisao transversal;Plena Noite;Ceu Claro;Bicicleta;Lesoes Leves;3;4;5;2;1;3
Ingestao de alcool pelo condutor;Colisao transversal;Plena Noite;Ceu Claro;Bicicleta;Obito;3;4;5;2;1;3
Ingestao de alcool pelo condutor;Colisao transversal;Plena Noite;Ceu Claro;Caminhao;Ileso;8;4;5;2;1;2
Ingestao de alcool pelo condutor;Colisao transversal;Plena Noite;Ceu Claro;Caminhao;Obito;1;4;5;2;1;2
Ingestao de alcool pelo condutor;Colisao transversal;Plena Noite;Ceu Claro;Caminhao-trator;Ileso;8;4;5;2;1;2
Ingestao de alcool pelo condutor;Colisao transversal;Plena Noite;Ceu Claro;Caminhao-trator;Lesoes Leves;1;4;5;2;1;2
Ingestao de alcool pelo condutor;Colisao transversal;Plena Noite;Ceu Claro;Caminhonete;Ileso;13;4;5;2;1;2
Ingestao de alcool pelo condutor;Colisao transversal;Plena Noite;Ceu Claro;Caminhonete;Lesoes Graves;2;4;5;2;1;2
Ingestao de alcool pelo condutor;Colisao transversal;Plena Noite;Ceu Claro;Caminhonete;Lesoes Leves;3;4;5;2;1;2
Ingestao de alcool pelo condutor;Colisao transversal;Plena Noite;Ceu Claro;Ciclomotor;Lesoes Leves;1;4;5;2;1;4
Ingestao de alcool pelo condutor;Colisao transversal;Plena Noite;Ceu Claro;Motocicleta;Ileso;5;4;5;2;1;1
Ingestao de alcool pelo condutor;Colisao transversal;Plena Noite;Ceu Claro;Motocicleta;Lesoes Graves;7;4;5;2;1;1
Ingestao de alcool pelo condutor;Colisao transversal;Plena Noite;Ceu Claro;Motocicleta;Lesoes Leves;17;4;5;2;1;1
Ingestao de alcool pelo condutor;Colisao transversal;Plena Noite;Ceu Claro;Motocicleta;Obito;2;4;5;2;1;1
Ingestao de alcool pelo condutor;Colisao transversal;Plena Noite;Ceu Claro;Motoneta;Lesoes Graves;1;4;5;2;1;3
Ingestao de alcool pelo condutor;Colisao transversal;Plena Noite;Ceu Claro;Motoneta;Lesoes Leves;2;4;5;2;1;3
Ingestao de alcool pelo condutor;Colisao transversal;Plena Noite;Ceu Claro;Nao Informado;Ileso;5;4;5;2;1;3
Ingestao de alcool pelo condutor;Colisao transversal;Plena Noite;Ceu Claro;Onibus;Ileso;2;4;5;2;1;3
Ingestao de alcool pelo condutor;Colisao transversal;Plena Noite;Ceu Claro;Utilitario;Ileso;7;4;5;2;1;3
Ingestao de alcool pelo condutor;Colisao transversal;Plena Noite;Ceu Claro;Utilitario;Lesoes Leves;1;4;5;2;1;3
Ingestao de alcool pelo condutor;Colisao transversal;Plena Noite;Chuva;Automovel;Ileso;4;4;5;2;2;1
Ingestao de alcool pelo condutor;Colisao transversal;Plena Noite;Chuva;Automovel;Lesoes Leves;2;4;5;2;2;1
Ingestao de alcool pelo condutor;Colisao transversal;Plena Noite;Chuva;Bicicleta;Lesoes Graves;1;4;5;2;2;3
Ingestao de alcool pelo condutor;Colisao transversal;Plena Noite;Chuva;Bicicleta;Obito;1;4;5;2;2;3
Ingestao de alcool pelo condutor;Colisao transversal;Plena Noite;Chuva;Caminhao-trator;Ileso;1;4;5;2;2;2
Ingestao de alcool pelo condutor;Colisao transversal;Plena Noite;Chuva;Caminhonete;Ileso;1;4;5;2;2;2
Ingestao de alcool pelo condutor;Colisao transversal;Plena Noite;Chuva;Motocicleta;Lesoes Graves;1;4;5;2;2;1
Ingestao de alcool pelo condutor;Colisao transversal;Plena Noite;Chuva;Motocicleta;Lesoes Leves;1;4;5;2;2;1
Ingestao de alcool pelo condutor;Colisao transversal;Plena Noite;Chuva;Utilitario;Ileso;4;4;5;2;2;3
Ingestao de alcool pelo condutor;Colisao transversal;Plena Noite;Garoa/Chuvisco;Automovel;Ileso;5;4;5;2;3;1
Ingestao de alcool pelo condutor;Colisao transversal;Plena Noite;Garoa/Chuvisco;Automovel;Lesoes Graves;2;4;5;2;3;1
Ingestao de alcool pelo condutor;Colisao transversal;Plena Noite;Garoa/Chuvisco;Automovel;Lesoes Leves;1;4;5;2;3;1
Ingestao de alcool pelo condutor;Colisao transversal;Plena Noite;Garoa/Chuvisco;Caminhao-trator;Ileso;3;4;5;2;3;2
Ingestao de alcool pelo condutor;Colisao transversal;Plena Noite;Garoa/Chuvisco;Caminhonete;Ileso;2;4;5;2;3;2
Ingestao de alcool pelo condutor;Colisao transversal;Plena Noite;Garoa/Chuvisco;Motocicleta;Lesoes Graves;1;4;5;2;3;1
Ingestao de alcool pelo condutor;Colisao transversal;Plena Noite;Garoa/Chuvisco;Motoneta;Lesoes Leves;1;4;5;2;3;3
Ingestao de alcool pelo condutor;Colisao transversal;Plena Noite;Garoa/Chuvisco;Nao Informado;Ileso;1;4;5;2;3;3