causa_acidente;tipo_acidente;fase_dia;condicao_metereologica;tipo_veiculo;estado_fisico;count;causa_acidente_criterios;tipo_acidente_criterios;fase_dia_criterios;condicao_metereologica_criterios;tipo_veiculo_criterios
Ingestao de alcool pelo condutor;Colisao transversal;Plena Noite;Ignorado;Automovel;Ileso;5;4;5;2;0;1
Ingestao de alcool pelo condutor;Colisao transversal;Plena Noite;Ignorado;Automovel;Lesoes Leves;1;4;5;2;0;1
Ingestao de alcool pelo condutor;Colisao transversal;Plena Noite;Ignorado;Bicicleta;Ileso;1;4;5;2;0;3
Ingestao de alcool pelo condutor;Colisao transversal;Plena Noite;Ignorado;Bicicleta;Lesoes Graves;1;4;5;2;0;3
Ingestao de alcool pelo condutor;Colisao transversal;Plena Noite;Ignorado;Micro-onibus;Lesoes Graves;1;4;5;2;0;4
Ingestao de alcool pelo condutor;Colisao transversal;Plena Noite;Ignorado;Nao Informado;Ileso;1;4;5;2;0;3
Ingestao de alcool pelo condutor;Colisao transversal;Plena Noite;Ignorado;Nao Informado;Lesoes Graves;2;4;5;2;0;3
Ingestao de alcool pelo condutor;Colisao transversal;Plena Noite;Ignorado;Nao se aplica;Lesoes Graves;1;4;5;2;0;3
Ingestao de alcool pelo condutor;Colisao transversal;Plena Noite;Nevoeiro/Neblina;Automovel;Ileso;1;4;5;2;4;1
Ingestao de alcool pelo condutor;Colisao transversal;Plena Noite;Nevoeiro/Neblina;Bicicleta;Lesoes Leves;1;4;5;2;4;3
Ingestao de alcool pelo condutor;Colisao transversal;Plena Noite;Nublado;Automovel;Ileso;11;4;5;2;2;1
Ingestao de alcool pelo condutor;Colisao transversal;Plena Noite;Nublado;Automovel;Lesoes Graves;3;4;5;2;2;1
Ingestao de alcool pelo condutor;Colisao transversal;Plena Noite;Nublado;Automovel;Lesoes Leves;5;4;5;2;2;1
Ingestao de alcool pelo condutor;Colisao transversal;Plena Noite;Nublado;Bicicleta;Lesoes Graves;1;4;5;2;2;3
Ingestao de alcool pelo condutor;Colisao transversal;Plena Noite;Nublado;Caminhao;Ileso;3;4;5;2;2;2
Ingestao de alcool pelo condutor;Colisao transversal;Plena Noite;Nublado;Caminhao;Lesoes Graves;1;4;5;2;2;2
Ingestao de alcool pelo condutor;Colisao transversal;Plena Noite;Nublado;Caminhao-trator;Ileso;1;4;5;2;2;2
Ingestao de alcool pelo condutor;Colisao transversal;Plena Noite;Nublado;Caminhonete;Ileso;9;4;5;2;2;2
Ingestao de alcool pelo condutor;Colisao transversal;Plena Noite;Nublado;Motocicleta;Lesoes Graves;3;4;5;2;2;1
Ingestao de alcool pelo condutor;Colisao transversal;Plena Noite;Nublado;Motocicleta;Lesoes Leves;2;4;5;2;2;1
Ingestao de alcool pelo condutor;Colisao transversal;Plena Noite;Nublado;Nao Informado;Ileso;1;4;5;2;2;3
Ingestao de alcool pelo condutor;Colisao transversal;Pleno dia;Ceu Claro;Automovel;Ileso;50;4;5;1;1;1
Ingestao de alcool pelo condutor;Colisao transversal;Pleno dia;Ceu Claro;Automovel;Lesoes Graves;10;4;5;1;1;1
Ingestao de alcool pelo condutor;Colisao transversal;Pleno dia;Ceu Claro;Automovel;Lesoes Leves;12;4;5;1;1;1
Ingestao de alcool pelo condutor;Colisao transversal;Pleno dia;Ceu Claro;Automovel;Obito;2;4;5;1;1;1
Ingestao de alcool pelo condutor;Colisao transversal;Pleno dia;Ceu Claro;Bicicleta;Lesoes Graves;1;4;5;1;1;3
Ingestao de alcool pelo condutor;Colisao transversal;Pleno dia;Ceu Claro;Bicicleta;Lesoes Leves;1;4;5;1;1;3
Ingestao de alcool pelo condutor;Colisao transversal;Pleno dia;Ceu Claro;Caminhao;Ileso;10;4;5;1;1;2
Ingestao de alcool pelo condutor;Colisao transversal;Pleno dia;Ceu Claro;Caminhao-trator;Ileso;5;4;5;1;1;2
Ingestao de alcool pelo condutor;Colisao transversal;Pleno dia;Ceu Claro;Caminhonete;Ileso;6;4;5;1;1;2
Ingestao de alcool pelo condutor;Colisao transversal;Pleno dia;Ceu Claro;Caminhonete;Lesoes Leves;2;4;5;1;1;2
Ingestao de alcool pelo condutor;Colisao transversal;Pleno dia;Ceu Claro;Motocicleta;Ileso;1;4;5;1;1;1
Ingestao de alcool pelo condutor;Colisao transversal;Pleno dia;Ceu Claro;Motocicleta;Lesoes Graves;6;4;5;1;1;1
Ingestao de alcool pelo condutor;Colisao transversal;Pleno dia;Ceu Claro;Motocicleta;Lesoes Leves;10;4;5;1;1;1
Ingestao de alcool pelo condutor;Colisao transversal;Pleno dia;Ceu Claro;Motocicleta;Obito;1;4;5;1;1;1
Ingestao de alcool pelo condutor;Colisao transversal;Pleno dia;Ceu Claro;Motoneta;Lesoes Graves;1;4;5;1;1;3
Ingestao de alcool pelo condutor;Colisao transversal;Pleno dia;Ceu Claro;Motoneta;Obito;1;4;5;1;1;3
Ingestao de alcool pelo condutor;Colisao transversal;Pleno dia;Ceu Claro;Nao Informado;Ileso;1;4;5;1;1;3
Ingestao de alcool pelo condutor;Colisao transversal;Pleno dia;Ceu Claro;Outros;Lesoes Leves;1;4;5;1;1;5
Ingestao de alcool pelo condutor;Colisao transversal;Pleno dia;Chuva;Automovel;Ileso;7;4;5;1;2;1
Ingestao de alcool pelo condutor;Colisao transversal;Pleno dia;Chuva;Automovel;Lesoes Leves;7;4;5;1;2;1
Ingestao de alcool pelo condutor;Colisao transversal;Pleno dia;Chuva;Caminhao-trator;Ileso;1;4;5;1;2;2
Ingestao de alcool pelo condutor;Colisao transversal;Pleno dia;Chuva;Caminhonete;Ileso;1;4;5;1;2;2
Ingestao de alcool pelo condutor;Colisao transversal;Pleno dia;Chuva;Nao Informado;Lesoes Leves;1;4;5;1;2;3
Ingestao de alcool pelo condutor;Colisao transversal;Pleno dia;Ignorado;Automovel;Ileso;2;4;5;1;0;1
Ingestao de alcool pelo condutor;Colisao transversal;Pleno dia;Ignorado;Bicicleta;Lesoes Leves;1;4;5;1;0;3
Ingestao de alcool pelo condutor;Colisao transversal;Pleno dia;Nublado;Automovel;Ileso;12;4;5;1;2;1
Ingestao de alcool pelo condutor;Colisao transversal;Pleno dia;Nublado;Automovel;Lesoes Graves;1;4;5;1;2;1
Ingestao de alcool pelo condutor;Colisao transversal;Pleno dia;Nublado;Automovel;Lesoes Leves;4;4;5;1;2;1
Ingestao de alcool pelo condutor;Colisao transversal;Pleno dia;Nublado;Bicicleta;Lesoes Graves;1;4;5;1;2;3
Ingestao de alcool pelo condutor;Colisao transversal;Pleno dia;Nublado;Bicicleta;Lesoes Leves;1;4;5;1;2;3
Ingestao de alcool pelo condutor;Colisao transversal;Pleno dia;Nublado;Caminhao;Ileso;1;4;5;1;2;2
Ingestao de alcool pelo condutor;Colisao transversal;Pleno dia;Nublado;Caminhao;Lesoes Leves;1;4;5;1;2;2
Ingestao de alcool pelo condutor;Colisao transversal;Pleno dia;Nublado;Caminhao-trator;Ileso;1;4;5;1;2;2
Ingestao de alcool pelo condutor;Colisao transversal;Pleno dia;Nublado;Motocicleta;Ileso;2;4;5;1;2;1
Ingestao de alcool pelo condutor;Colisao transversal;Pleno dia;Nublado;Motocicleta;Lesoes Graves;2;4;5;1;2;1
Ingestao de alcool pelo condutor;Colisao transversal;Pleno dia;Nublado;Motocicleta;Lesoes Leves;5;4;5;1;2;1
Ingestao de alcool pelo condutor;Colisao transversal;Pleno dia;Nublado;Motocicleta;Obito;1;4;5;1;2;1
Ingestao de alcool pelo condutor;Colisao transversal;Pleno dia;Nublado;Trator de rodas;Ileso;1;4;5;1;2;5
Ingestao de alcool pelo condutor;Colisao transversal;Pleno dia;Nublado;Utilitario;Ileso;2;4;5;1;2;3
Ingestao de alcool pelo condutor;Colisao transversal;Pleno dia;Sol;Automovel;Ileso;2;4;5;1;3;1
Ingestao de alcool pelo condutor;Colisao transversal;Pleno dia;Sol;Bicicleta;Lesoes Leves;2;4;5;1;3;3
Ingestao de alcool pelo condutor;Colisao transversal;Pleno dia;Sol;Caminhao-trator;Ileso;1;4;5;1;3;2
Ingestao de alcool pelo condutor;Colisao transversal;Pleno dia;Sol;Caminhonete;Ileso;2;4;5;1;3;2
Ingestao de alcool pelo condutor;Colisao transversal;Pleno dia;Sol;Motocicleta;Lesoes Graves;1;4;5;1;3;1
Ingestao de alcool pelo condutor;Colisao transversal;Pleno dia;Sol;Motocicleta;Lesoes Leves;1;4;5;1;3;1
Ingestao de alcool pelo condutor;Colisao transversal;Pleno dia;Sol;Motocicleta;Obito;1;4;5;1;3;1
Ingestao de alcool pelo condutor;Colisao transversal;Pleno dia;Sol;Motoneta;Lesoes Leves;1;4;5;1;3;3
Ingestao de alcool pelo condutor;Colisao transversal;Pleno dia;Sol;Nao se aplica;Lesoes Leves;1;4;5;1;3;3
Ingestao de alcool pelo condutor;Colisao transversal;Pleno dia;Sol;Utilitario;Ileso;1;4;5;1;3;3
Ingestao de alcool pelo condutor;Colisao traseira;Amanhecer;Ceu Claro;Automovel;Ileso;9;4;5;4;1;1
Ingestao de alcool pelo condutor;Colisao traseira;Amanhecer;Ceu Claro;Automovel;Lesoes Leves;1;4;5;4;1;1
Ingestao de alcool pelo condutor;Colisao traseira;Amanhecer;Ceu Claro;Caminhao;Ileso;1;4;5;4;1;2
Ingestao de alcool pelo condutor;Colisao traseira;Amanhecer;Ceu Claro;Caminhao;Lesoes Leves;1;4;5;4;1;2
Ingestao de alcool pelo condutor;Colisao traseira;Amanhecer;Ceu Claro;Caminhao-trator;Ileso;1;4;5;4;1;2
Ingestao de alcool pelo condutor;Colisao traseira;Amanhecer;Ceu Claro;Caminhonete;Ileso;3;4;5;4;1;2
Ingestao de alcool pelo condutor;Colisao traseira;Amanhecer;Ceu Claro;Caminhonete;Lesoes Leves;2;4;5;4;1;2
Ingestao de alcool pelo condutor;Colisao traseira;Amanhecer;Ceu Claro;Motocicleta;Lesoes Graves;2;4;5;4;1;1
Ingestao de alcool pelo condutor;Colisao traseira;Amanhecer;Ceu Claro;Motocicleta;Lesoes Leves;3;4;5;4;1;1
Ingestao de alcool pelo condutor;Colisao traseira;Amanhecer;Ceu Claro;Motocicleta;Obito;1;4;5;4;1;1
Ingestao de alcool pelo condutor;Colisao traseira;Amanhecer;Chuva;Automovel;Ileso;1;4;5;4;2;1
Ingestao de alcool pelo condutor;Colisao traseira;Amanhecer;Chuva;Caminhao;Lesoes Leves;1;4;5;4;2;2
Ingestao de alcool pelo condutor;Colisao traseira;Amanhecer;Chuva;Caminhao-trator;Ileso;1;4;5;4;2;2
Ingestao de alcool pelo condutor;Colisao traseira;Amanhecer;Chuva;Caminhonete;Ileso;1;4;5;4;2;2
Ingestao de alcool pelo condutor;Colisao traseira;Amanhecer;Garoa/Chuvisco;Automovel;Lesoes Graves;2;4;5;4;3;1
Ingestao de alcool pelo condutor;Colisao traseira;Amanhecer;Garoa/Chuvisco;Caminhonete;Ileso;1;4;5;4;3;2
Ingestao de alcool pelo condutor;Colisao traseira;Amanhecer;Nevoeiro/Neblina;Automovel;Obito;1;4;5;4;4;1
Ingestao de alcool pelo condutor;Colisao traseira;Amanhecer;Nevoeiro/Neblina;Caminhonete;Ileso;3;4;5;4;4;2
Ingestao de alcool pelo condutor;Colisao traseira;Amanhecer;Nevoeiro/Neblina;Caminhonete;Lesoes Leves;1;4;5;4;4;2
Ingestao de alcool pelo condutor;Colisao traseira;Amanhecer;Nublado;Automovel;Ileso;1;4;5;4;2;1
Ingestao de alcool pelo condutor;Colisao traseira;Amanhecer;Nublado;Automovel;Lesoes Leves;1;4;5;4;2;1
Ingestao de alcool pelo condutor;Colisao traseira;Amanhecer;Nublado;Caminhao-trator;Ileso;1;4;5;4;2;2
Ingestao de alcool pelo condutor;Colisao traseira;Amanhecer;Nublado;Caminhonete;Ileso;1;4;5;4;2;2
Ingestao de alcool pelo condutor;Colisao traseira;Amanhecer;Nublado;Motocicleta;Lesoes Leves;1;4;5;4;2;1
Ingestao de alcool pelo condutor;Colisao traseira;Amanhecer;Nublado;Onibus;Ileso;1;4;5;4;2;3
Ingestao de alcool pelo condutor;Colisao traseira;Anoitecer;Ceu Claro;Automovel;Ileso;21;4;5;4;1;1
Ingestao de alcool pelo condutor;Colisao traseira;Anoitecer;Ceu Claro;Automovel;Lesoes Graves;2;4;5;4;1;1
Ingestao de alcool pelo condutor;Colisao traseira;Anoitecer;Ceu Claro;Automovel;Lesoes Leves;8;4;5;4;1;1
Ingestao de alcool pelo condutor;Colisao traseira;Anoitecer;Ceu Claro;Bicicleta;Lesoes Graves;1;4;5;4;1;3
Ingestao de alcool pelo condutor;Colisao traseira;Anoitecer;Ceu Claro;Caminhao-trator;Ileso;1;4;5;4;1;2
Ingestao de alcool pelo condutor;Colisao traseira;Anoitecer;Ceu Claro;Caminhonete;Ileso;1;4;5;4;1;2
Ingestao de alcool pelo condutor;Colisao traseira;Anoitecer;Ceu Claro;Motocicleta;Lesoes Graves;3;4;5;4;1;1
Ingestao de alcool pelo condutor;Colisao traseira;Anoitecer;Ceu Claro;Motocicleta;Lesoes Leves;5;4;5;4;1;1
Ingestao de alcool pelo condutor;Colisao traseira;Anoitecer;Ceu Claro;Motoneta;Lesoes Graves;1;4;5;4;1;3
Ingestao de alcool pelo condutor;Colisao traseira;Anoitecer;Ceu Claro;Utilitario;Ileso;9;4;5;4;1;3
Ingestao de alcool pelo condutor;Colisao traseira;Anoitecer;Chuva;Automovel;Ileso;2;4;5;4;2;1
Ingestao de alcool pelo condutor;Colisao traseira;Anoitecer;Garoa/Chuvisco;Automovel;Ileso;4;4;5;4;3;1
Ingestao de alcool pelo condutor;Colisao traseira;Anoitecer;Garoa/Chuvisco;Caminhao;Ileso;1;4;5;4;3;2
Ingestao de alcool pelo condutor;Colisao traseira;Anoitecer;Garoa/Chuvisco;Motocicleta;Lesoes Leves;1;4;5;4;3;1
Ingestao de alcool pelo condutor;Colisao traseira;Anoitecer;Nublado;Automovel;Ileso;11;4;5;4;2;1
Ingestao de alcool pelo condutor;Colisao traseira;Anoitecer;Nublado;Automovel;Lesoes Leves;6;4;5;4;2;1
Ingestao de alcool pelo condutor;Colisao traseira;Anoitecer;Nublado;Caminhonete;Ileso;1;4;5;4;2;2
Ingestao de alcool pelo condutor;Colisao traseira;Anoitecer;Nublado;Motocicleta;Lesoes Leves;3;4;5;4;2;1
Ingestao de alcool pelo condutor;Colisao traseira;Anoitecer;Nublado;Nao Informado;Ileso;2;4;5;4;2;3
Ingestao de alcool pelo condutor;Colisao traseira;Anoitecer;Nublado;Utilitario;Ileso;1;4;5;4;2;3
Ingestao de alcool pelo condutor;Colisao traseira;Plena Noite;Ceu Claro;Automovel;Ileso;155;4;5;2;1;1
Ingestao de alcool pelo condutor;Colisao traseira;Plena Noite;Ceu Claro;Automovel;Lesoes Graves;7;4;5;2;1;1
Ingestao de alcool pelo condutor;Colisao traseira;Plena Noite;Ceu Claro;Automovel;Lesoes Leves;48;4;5;2;1;1
Ingestao de alcool pelo condutor;Colisao traseira;Plena Noite;Ceu Claro;Automovel;Obito;2;4;5;2;1;1
Ingestao de alcool pelo condutor;Colisao traseira;Plena Noite;Ceu Claro;Bicicleta;Lesoes Graves;2;4;5;2;1;3
Ingestao de alcool pelo condutor;Colisao traseira;Plena Noite;Ceu Claro;Bicicleta;Lesoes Leves;2;4;5;2;1;3
Ingestao de alcool pelo condutor;Colisao traseira;Plena Noite;Ceu Claro;Bicicleta;Obito;1;4;5;2;1;3
Ingestao de alcool pelo condutor;Colisao traseira;Plena Noite;Ceu Claro;Caminhao;Ileso;12;4;5;2;1;2
Ingestao de alcool pelo condutor;Colisao traseira;Plena Noite;Ceu Claro;Caminhao;Lesoes Leves;1;4;5;2;1;2
Ingestao de alcool pelo condutor;Colisao traseira;Plena Noite;Ceu Claro;Caminhao-trator;Ileso;11;4;5;2;1;2
Ingestao de alcool pelo condutor;Colisao traseira;Plena Noite;Ceu Claro;Caminhao-trator;Lesoes Leves;2;4;5;2;1;2
Ingestao de alcool pelo condutor;Colisao traseira;Plena Noite;Ceu Claro;Caminhonete;Ileso;19;4;5;2;1;2
Ingestao de alcool pelo condutor;Colisao traseira;Plena Noite;Ceu Claro;Caminhonete;Lesoes Graves;1;4;5;2;1;2
Ingestao de alcool pelo condutor;Colisao traseira;Plena Noite;Ceu Claro;Caminhonete;Lesoes Leves;3;4;5;2;1;2
Ingestao de alcool pelo condutor;Colisao traseira;Plena Noite;Ceu Claro;Ciclomotor;Lesoes Graves;2;4;5;2;1;4
Ingestao de alcool pelo condutor;Colisao traseira;Plena Noite;Ceu Claro;Ciclomotor;Obito;2;4;5;2;1;4
Ingestao de alcool pelo condutor;Colisao traseira;Plena Noite;Ceu Claro;Motocicleta;Ileso;4;4;5;2;1;1
Ingestao de alcool pelo condutor;Colisao traseira;Plena Noite;Ceu Claro;Motocicleta;Lesoes Graves;17;4;5;2;1;1
Ingestao de alcool pelo condutor;Colisao traseira;Plena Noite;Ceu Claro;Motocicleta;Lesoes Leves;27;4;5;2;1;1
Ingestao de alcool pelo condutor;Colisao traseira;Plena Noite;Ceu Claro;Motocicleta;Obito;5;4;5;2;1;1
Ingestao de alcool pelo condutor;Colisao traseira;Plena Noite;Ceu Claro;Motoneta;Lesoes Leves;2;4;5;2;1;3
Ingestao de alcool pelo condutor;Colisao traseira;Plena Noite;Ceu Claro;Nao Informado;Ileso;12;4;5;2;1;3
Ingestao de alcool pelo condutor;Colisao traseira;Plena Noite;Ceu Claro;Nao Informado;Lesoes Leves;2;4;5;2;1;3
Ingestao de alcool pelo condutor;Colisao traseira;Plena Noite;Ceu Claro;Nao se aplica;Lesoes Leves;1;4;5;2;1;3
Ingestao de alcool pelo condutor;Colisao traseira;Plena Noite;Ceu Claro;Onibus;Ileso;3;4;5;2;1;3
Ingestao de alcool pelo condutor;Colisao traseira;Plena Noite;Ceu Claro;Onibus;Lesoes Leves;4;4;5;2;1;3
Ingestao de alcool pelo condutor;Colisao traseira;Plena Noite;Ceu Claro;Utilitario;Ileso;5;4;5;2;1;3
Ingestao de alcool pelo condutor;Colisao traseira;Plena Noite;Ceu Claro;Utilitario;Lesoes Leves;1;4;5;2;1;3
Ingestao de alcool pelo condutor;Colisao traseira;Plena Noite;Chuva;Automovel;Ileso;23;4;5;2;2;1
Ingestao de alcool pelo condutor;Colisao traseira;Plena Noite;Chuva;Automovel;Lesoes Graves;5;4;5;2;2;1
Ingestao de alcool pelo condutor;Colisao traseira;Plena Noite;Chuva;Automovel;Lesoes Leves;2;4;5;2;2;1
Ingestao de alcool pelo condutor;Colisao traseira;Plena Noite;Chuva;Automovel;Obito;1;4;5;2;2;1
Ingestao de alcool pelo condutor;Colisao traseira;Plena Noite;Chuva;Bicicleta;Obito;1;4;5;2;2;3
Ingestao de alcool pelo condutor;Colisao traseira;Plena Noite;Chuva;Caminhao-trator;Ileso;1;4;5;2;2;2
Ingestao de alcool pelo condutor;Colisao traseira;Plena Noite;Chuva;Caminhonete;Ileso;4;4;5;2;2;2
Ingestao de alcool pelo condutor;Colisao traseira;Plena Noite;Chuva;Motocicleta;Lesoes Graves;1;4;5;2;2;1
Ingestao de alcool pelo condutor;Colisao traseira;Plena Noite;Chuva;Motocicleta;Lesoes Leves;3;4;5;2;2;1
Ingestao de alcool pelo condutor;Colisao traseira;Plena Noite;Chuva;Nao Informado;Lesoes Leves;2;4;5;2;2;3
Ingestao de alcool pelo condutor;Colisao traseira;Plena Noite;Chuva;Onibus;Ileso;2;4;5;2;2;3
Ingestao de alcool pelo condutor;Colisao traseira;Plena Noite;Chuva;Utilitario;Ileso;1;4;5;2;2;3
Ingestao de alcool pelo condutor;Colisao traseira;Plena Noite;Garoa/Chuvisco;Automovel;Ileso;14;4;5;2;3;1
Ingestao de alcool pelo condutor;Colisao traseira;Plena Noite;Garoa/Chuvisco;Automovel;Lesoes Leves;7;4;5;2;3;1
Ingestao de alcool pelo condutor;Colisao traseira;Plena Noite;Garoa/Chuvisco;Motocicleta;Lesoes Leves;2;4;5;2;3;1
Ingestao de alcool pelo condutor;Colisao traseira;Plena Noite;Ignorado;Automovel;Ileso;4;4;5;2;0;1
Ingestao de alcool pelo condutor;Colisao traseira;Plena Noite;Ignorado;Automovel;Lesoes Leves;1;4;5;2;0;1
Ingestao de alcool pelo condutor;Colisao traseira;Plena Noite;Ignorado;Caminhonete;Ileso;3;4;5;2;0;2
Ingestao de alcool pelo condutor;Colisao traseira;Plena Noite;Ignorado;Caminhonete;Lesoes Graves;1;4;5;2;0;2
Ingestao de alcool pelo condutor;Colisao traseira;Plena Noite;Ignorado;Micro-onibus;Ileso;1;4;5;2;0;4
Ingestao de alcool pelo condutor;Colisao traseira;Plena Noite;Ignorado;Micro-onibus;Lesoes Graves;1;4;5;2;0;4
Ingestao de alcool pelo condutor;Colisao traseira;Plena Noite;Ignorado;Micro-onibus;Lesoes Leves;2;4;5;2;0;4
Ingestao de alcool pelo condutor;Colisao traseira;Plena Noite;Ignorado;Nao se aplica;Lesoes Graves;1;4;5;2;0;3
Ingestao de alcool pelo condutor;Colisao traseira;Plena Noite;Ignorado;Utilitario;Ileso;3;4;5;2;0;3
Ingestao de alcool pelo condutor;Colisao traseira;Plena Noite;Nevoeiro/Neblina;Automovel;Ileso;1;4;5;2;4;1
Ingestao de alcool pelo condutor;Colisao traseira;Plena Noite;Nevoeiro/Neblina;Automovel;Lesoes Graves;2;4;5;2;4;1
Ingestao de alcool pelo condutor;Colisao traseira;Plena Noite;Nevoeiro/Neblina;Automovel;Lesoes Leves;2;4;5;2;4;1
Ingestao de alcool pelo condutor;Colisao traseira;Plena Noite;Nevoeiro/Neblina;Caminhao-trator;Ileso;1;4;5;2;4;2
Ingestao de alcool pelo condutor;Colisao traseira;Plena Noite;Nevoeiro/Neblina;Semireboque;Ileso;1;4;5;2;4;5
Ingestao de alcool pelo condutor;Colisao traseira;Plena Noite;Nublado;Automovel;Ileso;41;4;5;2;2;1
Ingestao de alcool pelo condutor;Colisao traseira;Plena Noite;Nublado;Automovel;Lesoes Graves;2;4;5;2;2;1
Ingestao de alcool pelo condutor;Colisao traseira;Plena Noite;Nublado;Automovel;Lesoes Leves;10;4;5;2;2;1
Ingestao de alcool pelo condutor;Colisao traseira;Plena Noite;Nublado;Bicicleta;Lesoes Graves;1;4;5;2;2;3
Ingestao de alcool pelo condutor;Colisao traseira;Plena Noite;Nublado;Bicicleta;Lesoes Leves;2;4;5;2;2;3
Ingestao de alcool pelo condutor;Colisao traseira;Plena Noite;Nublado;Bicicleta;Obito;1;4;5;2;2;3
Ingestao de alcool pelo condutor;Colisao traseira;Plena Noite;Nublado;Caminhao;Ileso;8;4;5;2;2;2
Ingestao de alcool pelo condutor;Colisao traseira;Plena Noite;Nublado;Caminhao-trator;Ileso;7;4;5;2;2;2
Ingestao de alcool pelo condutor;Colisao traseira;Plena Noite;Nublado;Caminhonete;Ileso;5;4;5;2;2;2
Ingestao de alcool pelo condutor;Colisao traseira;Plena Noite;Nublado;Caminhonete;Lesoes Leves;3;4;5;2;2;2
Ingestao de alcool pelo condutor;Colisao traseira;Plena Noite;Nublado;Motocicleta;Ileso;3;4;5;2;2;1
Ingestao de alcool pelo condutor;Colisao traseira;Plena Noite;Nublado;Motocicleta;Lesoes Graves;6;4;5;2;2;1
Ingestao de alcool pelo condutor;Colisao traseira;Plena Noite;Nublado;Motocicleta;Lesoes Leves;13;4;5;2;2;1
Ingestao de alcool pelo condutor;Colisao traseira;Plena Noite;Nublado;Motocicleta;Obito;3;4;5;2;2;1
Ingestao de alcool pelo condutor;Colisao traseira;Plena Noite;Nublado;Motoneta;Obito;2;4;5;2;2;3
Ingestao de alcool pelo condutor;Colisao traseira;Plena Noite;Nublado;Nao Informado;Ileso;2;4;5;2;2;3
Ingestao de alcool pelo condutor;Colisao traseira;Plena Noite;Nublado;Nao Informado;Lesoes Leves;1;4;5;2;2;3
Ingestao de alcool pelo condutor;Colisao traseira;Plena Noite;Nublado;Trator de rodas;Ileso;1;4;5;2;2;5
Ingestao de alcool pelo condutor;Colisao traseira;Plena Noite;Nublado;Utilitario;Ileso;1;4;5;2;2;3
Ingestao de alcool pelo condutor;Colisao traseira;Plena Noite;Sol;Automovel;Ileso;2;4;5;2;3;1
Ingestao de alcool pelo condutor;Colisao traseira;Plena Noite;Sol;Motocicleta;Lesoes Leves;1;4;5;2;3;1
Ingestao de alcool pelo condutor;Colisao traseira;Plena Noite;Vento;Automovel;Ileso;2;4;5;2;5;1
Ingestao de alcool pelo condutor;Colisao traseira;Pleno dia;Ceu Claro;Automovel;Ileso;115;4;5;1;1;1
Ingestao de alcool pelo condutor;Colisao traseira;Pleno dia;Ceu Claro;Automovel;Lesoes Graves;1;4;5;1;1;1
Ingestao de alcool pelo condutor;Colisao traseira;Pleno dia;Ceu Claro;Automovel;Lesoes Leves;18;4;5;1;1;1
Ingestao de alcool pelo condutor;Colisao traseira;Pleno dia;Ceu Claro;Bicicleta;Lesoes Graves;1;4;5;1;1;3
Ingestao de alcool pelo condutor;Colisao traseira;Pleno dia;Ceu Claro;Bicicleta;Obito;1;4;5;1;1;3
Ingestao de alcool pelo condutor;Colisao traseira;Pleno dia;Ceu Claro;Caminhao;Ileso;11;4;5;1;1;2
Ingestao de alcool pelo condutor;Colisao traseira;Pleno dia;Ceu Claro;Caminhao-trator;Ileso;15;4;5;1;1;2
Ingestao de alcool pelo condutor;Colisao traseira;Pleno dia;Ceu Claro;Caminhonete;Ileso;19;4;5;1;1;2
Ingestao de alcool pelo condutor;Colisao traseira;Pleno dia;Ceu Claro;Caminhonete;Lesoes Leves;1;4;5;1;1;2
Ingestao de alcool pelo condutor;Colisao traseira;Pleno dia;Ceu Claro;Caminhonete;Obito;1;4;5;1;1;2
Ingestao de alcool pelo condutor;Colisao traseira;Pleno dia;Ceu Claro;Micro-onibus;Ileso;1;4;5;1;1;4
Ingestao de alcool pelo condutor;Colisao traseira;Pleno dia;Ceu Claro;Motocicleta;Ileso;1;4;5;1;1;1
Ingestao de alcool pelo condutor;Colisao traseira;Pleno dia;Ceu Claro;Motocicleta;Lesoes Graves;6;4;5;1;1;1
Ingestao de alcool pelo condutor;Colisao traseira;Pleno dia;Ceu Claro;Motocicleta;Lesoes Leves;10;4;5;1;1;1
Ingestao de alcool pelo condutor;Colisao traseira;Pleno dia;Ceu Claro;Motoneta;Ileso;2;4;5;1;1;3
Ingestao de alcool pelo condutor;Colisao traseira;Pleno dia;Ceu Claro;Motoneta;Lesoes Graves;1;4;5;1;1;3
Ingestao de alcool pelo condutor;Colisao traseira;Pleno dia;Ceu Claro;Motoneta;Lesoes Leves;3;4;5;1;1;3
Ingestao de alcool pelo condutor;Colisao traseira;Pleno dia;Ceu Claro;Nao Informado;Ileso;2;4;5;1;1;3
Ingestao de alcool pelo condutor;Colisao traseira;Pleno dia;Ceu Claro;Onibus;Ileso;11;4;5;1;1;3
Ingestao de alcool pelo condutor;Colisao traseira;Pleno dia;Ceu Claro;Onibus;Lesoes Graves;1;4;5;1;1;3
Ingestao de alcool pelo condutor;Colisao traseira;Pleno dia;Ceu Claro;Onibus;Lesoes Leves;5;4;5;1;1;3
Ingestao de alcool pelo condutor;Colisao traseira;Pleno dia;Ceu Claro;Utilitario;Ileso;5;4;5;1;1;3
Ingestao de alcool pelo condutor;Colisao traseira;Pleno dia;Chuva;Automovel;Lesoes Leves;1;4;5;1;2;1
Ingestao de alcool pelo condutor;Colisao traseira;Pleno dia;Chuva;Caminhao-trator;Ileso;1;4;5;1;2;2
Ingestao de alcool pelo condutor;Colisao traseira;Pleno dia;Garoa/Chuvisco;Automovel;Ileso;3;4;5;1;3;1
Ingestao de alcool pelo condutor;Colisao traseira;Pleno dia;Garoa/Chuvisco;Motoneta;Lesoes Leves;2;4;5;1;3;3
Ingestao de alcool pelo condutor;Colisao traseira;Pleno dia;Ignorado;Automovel;Ileso;2;4;5;1;0;1