causa_acidente;tipo_acidente;fase_dia;condicao_metereologica;tipo_veiculo;estado_fisico;count;causa_acidente_criterios;tipo_acidente_criterios;fase_dia_criterios;condicao_metereologica_criterios;tipo_veiculo_criterios
Ingestao de alcool pelo condutor;Queda de ocupante de veiculo;Pleno dia;Sol;Automovel;Ileso;7;4;5;1;3;1
Ingestao de alcool pelo condutor;Queda de ocupante de veiculo;Pleno dia;Sol;Automovel;Lesoes Graves;1;4;5;1;3;1
Ingestao de alcool pelo condutor;Queda de ocupante de veiculo;Pleno dia;Sol;Automovel;Obito;1;4;5;1;3;1
Ingestao de alcool pelo condutor;Queda de ocupante de veiculo;Pleno dia;Sol;Bicicleta;Lesoes Leves;2;4;5;1;3;3
Ingestao de alcool pelo condutor;Queda de ocupante de veiculo;Pleno dia;Sol;Caminhao-trator;Ileso;1;4;5;1;3;2
Ingestao de alcool pelo condutor;Queda de ocupante de veiculo;Pleno dia;Sol;Caminhonete;Ileso;2;4;5;1;3;2
Ingestao de alcool pelo condutor;Queda de ocupante de veiculo;Pleno dia;Sol;Motocicleta;Ileso;3;4;5;1;3;1
Ingestao de alcool pelo condutor;Queda de ocupante de veiculo;Pleno dia;Sol;Motocicleta;Lesoes Graves;3;4;5;1;3;1
Ingestao de alcool pelo condutor;Queda de ocupante de veiculo;Pleno dia;Sol;Motocicleta;Lesoes Leves;7;4;5;1;3;1
Ingestao de alcool pelo condutor;Queda de ocupante de veiculo;Pleno dia;Sol;Motocicleta;Obito;4;4;5;1;3;1
Ingestao de alcool pelo condutor;Queda de ocupante de veiculo;Pleno dia;Sol;Motoneta;Lesoes Graves;1;4;5;1;3;3
Ingestao de alcool pelo condutor;Queda de ocupante de veiculo;Pleno dia;Sol;Motoneta;Lesoes Leves;2;4;5;1;3;3
Ingestao de alcool pelo condutor;Queda de ocupante de veiculo;Pleno dia;Sol;Nao se aplica;Lesoes Leves;1;4;5;1;3;3
Ingestao de alcool pelo condutor;Saida de leito carrocavel;Amanhecer;Ceu Claro;Automovel;Ileso;20;4;5;4;1;1
Ingestao de alcool pelo condutor;Saida de leito carrocavel;Amanhecer;Ceu Claro;Automovel;Lesoes Graves;4;4;5;4;1;1
Ingestao de alcool pelo condutor;Saida de leito carrocavel;Amanhecer;Ceu Claro;Automovel;Lesoes Leves;13;4;5;4;1;1
Ingestao de alcool pelo condutor;Saida de leito carrocavel;Amanhecer;Ceu Claro;Automovel;Obito;3;4;5;4;1;1
Ingestao de alcool pelo condutor;Saida de leito carrocavel;Amanhecer;Ceu Claro;Caminhao;Ileso;2;4;5;4;1;2
Ingestao de alcool pelo condutor;Saida de leito carrocavel;Amanhecer;Ceu Claro;Caminhao;Lesoes Graves;1;4;5;4;1;2
Ingestao de alcool pelo condutor;Saida de leito carrocavel;Amanhecer;Ceu Claro;Caminhao-trator;Ileso;4;4;5;4;1;2
Ingestao de alcool pelo condutor;Saida de leito carrocavel;Amanhecer;Ceu Claro;Caminhao-trator;Lesoes Leves;2;4;5;4;1;2
Ingestao de alcool pelo condutor;Saida de leito carrocavel;Amanhecer;Ceu Claro;Caminhonete;Ileso;4;4;5;4;1;2
Ingestao de alcool pelo condutor;Saida de leito carrocavel;Amanhecer;Ceu Claro;Caminhonete;Lesoes Graves;2;4;5;4;1;2
Ingestao de alcool pelo condutor;Saida de leito carrocavel;Amanhecer;Ceu Claro;Caminhonete;Lesoes Leves;7;4;5;4;1;2
Ingestao de alcool pelo condutor;Saida de leito carrocavel;Amanhecer;Ceu Claro;Caminhonete;Obito;2;4;5;4;1;2
Ingestao de alcool pelo condutor;Saida de leito carrocavel;Amanhecer;Ceu Claro;Motocicleta;Lesoes Graves;1;4;5;4;1;1
Ingestao de alcool pelo condutor;Saida de leito carrocavel;Amanhecer;Ceu Claro;Motocicleta;Obito;1;4;5;4;1;1
Ingestao de alcool pelo condutor;Saida de leito carrocavel;Amanhecer;Ceu Claro;Motoneta;Obito;1;4;5;4;1;3
Ingestao de alcool pelo condutor;Saida de leito carrocavel;Amanhecer;Ceu Claro;Nao Informado;Ileso;2;4;5;4;1;3
Ingestao de alcool pelo condutor;Saida de leito carrocavel;Amanhecer;Ceu Claro;Onibus;Lesoes Leves;2;4;5;4;1;3
Ingestao de alcool pelo condutor;Saida de leito carrocavel;Amanhecer;Ceu Claro;Utilitario;Ileso;1;4;5;4;1;3
Ingestao de alcool pelo condutor;Saida de leito carrocavel;Amanhecer;Chuva;Caminhao;Lesoes Leves;1;4;5;4;2;2
Ingestao de alcool pelo condutor;Saida de leito carrocavel;Amanhecer;Chuva;Caminhao-trator;Ileso;1;4;5;4;2;2
Ingestao de alcool pelo condutor;Saida de leito carrocavel;Amanhecer;Chuva;Motocicleta;Lesoes Graves;1;4;5;4;2;1
Ingestao de alcool pelo condutor;Saida de leito carrocavel;Amanhecer;Garoa/Chuvisco;Automovel;Ileso;1;4;5;4;3;1
Ingestao de alcool pelo condutor;Saida de leito carrocavel;Amanhecer;Garoa/Chuvisco;Automovel;Lesoes Graves;5;4;5;4;3;1
Ingestao de alcool pelo condutor;Saida de leito carrocavel;Amanhecer;Garoa/Chuvisco;Automovel;Obito;1;4;5;4;3;1
Ingestao de alcool pelo condutor;Saida de leito carrocavel;Amanhecer;Garoa/Chuvisco;Caminhonete;Ileso;1;4;5;4;3;2
Ingestao de alcool pelo condutor;Saida de leito carrocavel;Amanhecer;Ignorado;Automovel;Ileso;1;4;5;4;0;1
Ingestao de alcool pelo condutor;Saida de leito carrocavel;Amanhecer;Nevoeiro/Neblina;Nao Informado;Ileso;1;4;5;4;4;3
Ingestao de alcool pelo condutor;Saida de leito carrocavel;Amanhecer;Nevoeiro/Neblina;Nao Informado;Lesoes Leves;1;4;5;4;4;3
Ingestao de alcool pelo condutor;Saida de leito carrocavel;Amanhecer;Nublado;Automovel;Ileso;2;4;5;4;2;1
Ingestao de alcool pelo condutor;Saida de leito carrocavel;Amanhecer;Nublado;Automovel;Lesoes Graves;1;4;5;4;2;1
Ingestao de alcool pelo condutor;Saida de leito carrocavel;Amanhecer;Nublado;Automovel;Lesoes Leves;7;4;5;4;2;1
Ingestao de alcool pelo condutor;Saida de leito carrocavel;Amanhecer;Nublado;Automovel;Obito;1;4;5;4;2;1
Ingestao de alcool pelo condutor;Saida de leito carrocavel;Amanhecer;Nublado;Caminhao;Ileso;1;4;5;4;2;2
Ingestao de alcool pelo condutor;Saida de leito carrocavel;Amanhecer;Nublado;Caminhao;Lesoes Leves;1;4;5;4;2;2
Ingestao de alcool pelo condutor;Saida de leito carrocavel;Amanhecer;Nublado;Caminhao-trator;Lesoes Leves;1;4;5;4;2;2
Ingestao de alcool pelo condutor;Saida de leito carrocavel;Amanhecer;Nublado;Caminhonete;Lesoes Graves;1;4;5;4;2;2
Ingestao de alcool pelo condutor;Saida de leito carrocavel;Amanhecer;Nublado;Motocicleta;Lesoes Leves;1;4;5;4;2;1
Ingestao de alcool pelo condutor;Saida de leito carrocavel;Anoitecer;Ceu Claro;Automovel;Ileso;7;4;5;4;1;1
Ingestao de alcool pelo condutor;Saida de leito carrocavel;Anoitecer;Ceu Claro;Automovel;Lesoes Graves;5;4;5;4;1;1
Ingestao de alcool pelo condutor;Saida de leito carrocavel;Anoitecer;Ceu Claro;Automovel;Lesoes Leves;13;4;5;4;1;1
Ingestao de alcool pelo condutor;Saida de leito carrocavel;Anoitecer;Ceu Claro;Caminhao;Ileso;1;4;5;4;1;2
Ingestao de alcool pelo condutor;Saida de leito carrocavel;Anoitecer;Ceu Claro;Caminhao;Lesoes Leves;1;4;5;4;1;2
Ingestao de alcool pelo condutor;Saida de leito carrocavel;Anoitecer;Ceu Claro;Caminhao-trator;Ileso;3;4;5;4;1;2
Ingestao de alcool pelo condutor;Saida de leito carrocavel;Anoitecer;Ceu Claro;Caminhonete;Ileso;2;4;5;4;1;2
Ingestao de alcool pelo condutor;Saida de leito carrocavel;Anoitecer;Ceu Claro;Caminhonete;Lesoes Leves;3;4;5;4;1;2
Ingestao de alcool pelo condutor;Saida de leito carrocavel;Anoitecer;Ceu Claro;Motocicleta;Lesoes Graves;4;4;5;4;1;1
Ingestao de alcool pelo condutor;Saida de leito carrocavel;Anoitecer;Ceu Claro;Motocicleta;Obito;2;4;5;4;1;1
Ingestao de alcool pelo condutor;Saida de leito carrocavel;Anoitecer;Ceu Claro;Motoneta;Lesoes Graves;1;4;5;4;1;3
Ingestao de alcool pelo condutor;Saida de leito carrocavel;Anoitecer;Ceu Claro;Motoneta;Lesoes Leves;1;4;5;4;1;3
Ingestao de alcool pelo condutor;Saida de leito carrocavel;Anoitecer;Chuva;Automovel;Lesoes Graves;2;4;5;4;2;1
Ingestao de alcool pelo condutor;Saida de leito carrocavel;Anoitecer;Chuva;Caminhonete;Ileso;1;4;5;4;2;2
Ingestao de alcool pelo condutor;Saida de leito carrocavel;Anoitecer;Garoa/Chuvisco;Automovel;Ileso;1;4;5;4;3;1
Ingestao de alcool pelo condutor;Saida de leito carrocavel;Anoitecer;Garoa/Chuvisco;Automovel;Lesoes Leves;2;4;5;4;3;1
Ingestao de alcool pelo condutor;Saida de leito carrocavel;Anoitecer;Garoa/Chuvisco;Automovel;Obito;1;4;5;4;3;1
Ingestao de alcool pelo condutor;Saida de leito carrocavel;Anoitecer;Nublado;Automovel;Ileso;9;4;5;4;2;1
Ingestao de alcool pelo condutor;Saida de leito carrocavel;Anoitecer;Nublado;Automovel;Lesoes Leves;1;4;5;4;2;1
Ingestao de alcool pelo condutor;Saida de leito carrocavel;Anoitecer;Nublado;Automovel;Obito;1;4;5;4;2;1
Ingestao de alcool pelo condutor;Saida de leito carrocavel;Anoitecer;Nublado;Caminhao-trator;Lesoes Leves;2;4;5;4;2;2
Ingestao de alcool pelo condutor;Saida de leito carrocavel;Anoitecer;Nublado;Caminhonete;Ileso;1;4;5;4;2;2
Ingestao de alcool pelo condutor;Saida de leito carrocavel;Anoitecer;Sol;Automovel;Ileso;4;4;5;4;3;1
Ingestao de alcool pelo condutor;Saida de leito carrocavel;Anoitecer;Sol;Automovel;Lesoes Graves;1;4;5;4;3;1
Ingestao de alcool pelo condutor;Saida de leito carrocavel;Anoitecer;Sol;Automovel;Lesoes Leves;2;4;5;4;3;1
Ingestao de alcool pelo condutor;Saida de leito carrocavel;Anoitecer;Sol;Caminhao;Ileso;1;4;5;4;3;2
Ingestao de alcool pelo condutor;Saida de leito carrocavel;Plena Noite;Ceu Claro;Automovel;Ileso;78;4;5;2;1;1
Ingestao de alcool pelo condutor;Saida de leito carrocavel;Plena Noite;Ceu Claro;Automovel;Lesoes Graves;17;4;5;2;1;1
Ingestao de alcool pelo condutor;Saida de leito carrocavel;Plena Noite;Ceu Claro;Automovel;Lesoes Leves;81;4;5;2;1;1
Ingestao de alcool pelo condutor;Saida de leito carrocavel;Plena Noite;Ceu Claro;Automovel;Obito;17;4;5;2;1;1
Ingestao de alcool pelo condutor;Saida de leito carrocavel;Plena Noite;Ceu Claro;Caminhao;Ileso;4;4;5;2;1;2
Ingestao de alcool pelo condutor;Saida de leito carrocavel;Plena Noite;Ceu Claro;Caminhao;Lesoes Graves;1;4;5;2;1;2
Ingestao de alcool pelo condutor;Saida de leito carrocavel;Plena Noite;Ceu Claro;Caminhao-trator;Ileso;15;4;5;2;1;2
Ingestao de alcool pelo condutor;Saida de leito carrocavel;Plena Noite;Ceu Claro;Caminhao-trator;Lesoes Leves;5;4;5;2;1;2
Ingestao de alcool pelo condutor;Saida de leito carrocavel;Plena Noite;Ceu Claro;Caminhonete;Ileso;24;4;5;2;1;2
Ingestao de alcool pelo condutor;Saida de leito carrocavel;Plena Noite;Ceu Claro;Caminhonete;Lesoes Graves;6;4;5;2;1;2
Ingestao de alcool pelo condutor;Saida de leito carrocavel;Plena Noite;Ceu Claro;Caminhonete;Lesoes Leves;14;4;5;2;1;2
Ingestao de alcool pelo condutor;Saida de leito carrocavel;Plena Noite;Ceu Claro;Caminhonete;Obito;1;4;5;2;1;2
Ingestao de alcool pelo condutor;Saida de leito carrocavel;Plena Noite;Ceu Claro;Ciclomotor;Lesoes Graves;1;4;5;2;1;4
Ingestao de alcool pelo condutor;Saida de leito carrocavel;Plena Noite;Ceu Claro;Ciclomotor;Obito;1;4;5;2;1;4
Ingestao de alcool pelo condutor;Saida de leito carrocavel;Plena Noite;Ceu Claro;Micro-onibus;Ileso;2;4;5;2;1;4
Ingestao de alcool pelo condutor;Saida de leito carrocavel;Plena Noite;Ceu Claro;Motocicleta;Ileso;1;4;5;2;1;1
Ingestao de alcool pelo condutor;Saida de leito carrocavel;Plena Noite;Ceu Claro;Motocicleta;Lesoes Graves;16;4;5;2;1;1
Ingestao de alcool pelo condutor;Saida de leito carrocavel;Plena Noite;Ceu Claro;Motocicleta;Lesoes Leves;13;4;5;2;1;1
Ingestao de alcool pelo condutor;Saida de leito carrocavel;Plena Noite;Ceu Claro;Motocicleta;Obito;7;4;5;2;1;1
Ingestao de alcool pelo condutor;Saida de leito carrocavel;Plena Noite;Ceu Claro;Motoneta;Lesoes Leves;1;4;5;2;1;3
Ingestao de alcool pelo condutor;Saida de leito carrocavel;Plena Noite;Ceu Claro;Nao Informado;Ileso;4;4;5;2;1;3
Ingestao de alcool pelo condutor;Saida de leito carrocavel;Plena Noite;Ceu Claro;Nao Informado;Lesoes Graves;6;4;5;2;1;3
Ingestao de alcool pelo condutor;Saida de leito carrocavel;Plena Noite;Ceu Claro;Nao Informado;Lesoes Leves;7;4;5;2;1;3
Ingestao de alcool pelo condutor;Saida de leito carrocavel;Plena Noite;Ceu Claro;Onibus;Ileso;1;4;5;2;1;3
Ingestao de alcool pelo condutor;Saida de leito carrocavel;Plena Noite;Ceu Claro;Utilitario;Ileso;4;4;5;2;1;3
Ingestao de alcool pelo condutor;Saida de leito carrocavel;Plena Noite;Ceu Claro;Utilitario;Lesoes Graves;2;4;5;2;1;3
Ingestao de alcool pelo condutor;Saida de leito carrocavel;Plena Noite;Ceu Claro;Utilitario;Lesoes Leves;2;4;5;2;1;3
Ingestao de alcool pelo condutor;Saida de leito carrocavel;Plena Noite;Chuva;Automovel;Ileso;28;4;5;2;2;1
Ingestao de alcool pelo condutor;Saida de leito carrocavel;Plena Noite;Chuva;Automovel;Lesoes Graves;13;4;5;2;2;1
Ingestao de alcool pelo condutor;Saida de leito carrocavel;Plena Noite;Chuva;Automovel;Lesoes Leves;17;4;5;2;2;1
Ingestao de alcool pelo condutor;Saida de leito carrocavel;Plena Noite;Chuva;Automovel;Obito;3;4;5;2;2;1
Ingestao de alcool pelo condutor;Saida de leito carrocavel;Plena Noite;Chuva;Caminhao;Ileso;2;4;5;2;2;2
Ingestao de alcool pelo condutor;Saida de leito carrocavel;Plena Noite;Chuva;Caminhao-trator;Ileso;2;4;5;2;2;2
Ingestao de alcool pelo condutor;Saida de leito carrocavel;Plena Noite;Chuva;Caminhonete;Ileso;10;4;5;2;2;2
Ingestao de alcool pelo condutor;Saida de leito carrocavel;Plena Noite;Chuva;Caminhonete;Lesoes Graves;2;4;5;2;2;2
Ingestao de alcool pelo condutor;Saida de leito carrocavel;Plena Noite;Chuva;Caminhonete;Lesoes Leves;1;4;5;2;2;2
Ingestao de alcool pelo condutor;Saida de leito carrocavel;Plena Noite;Chuva;Motocicleta;Lesoes Leves;1;4;5;2;2;1
Ingestao de alcool pelo condutor;Saida de leito carrocavel;Plena Noite;Chuva;Motocicleta;Obito;1;4;5;2;2;1
Ingestao de alcool pelo condutor;Saida de leito carrocavel;Plena Noite;Chuva;Nao Informado;Lesoes Leves;5;4;5;2;2;3
Ingestao de alcool pelo condutor;Saida de leito carrocavel;Plena Noite;Chuva;Utilitario;Ileso;5;4;5;2;2;3
Ingestao de alcool pelo condutor;Saida de leito carrocavel;Plena Noite;Garoa/Chuvisco;Automovel;Ileso;11;4;5;2;3;1
Ingestao de alcool pelo condutor;Saida de leito carrocavel;Plena Noite;Garoa/Chuvisco;Automovel;Lesoes Graves;1;4;5;2;3;1
Ingestao de alcool pelo condutor;Saida de leito carrocavel;Plena Noite;Garoa/Chuvisco;Automovel;Lesoes Leves;8;4;5;2;3;1
Ingestao de alcool pelo condutor;Saida de leito carrocavel;Plena Noite;Garoa/Chuvisco;Caminhao;Lesoes Leves;1;4;5;2;3;2
Ingestao de alcool pelo condutor;Saida de leito carrocavel;Plena Noite;Garoa/Chuvisco;Motocicleta;Ileso;1;4;5;2;3;1
Ingestao de alcool pelo condutor;Saida de leito carrocavel;Plena Noite;Garoa/Chuvisco;Motocicleta;Lesoes Graves;1;4;5;2;3;1
Ingestao de alcool pelo condutor;Saida de leito carrocavel;Plena Noite;Garoa/Chuvisco;Motocicleta;Lesoes Leves;2;4;5;2;3;1
Ingestao de alcool pelo condutor;Saida de leito carrocavel;Plena Noite;Garoa/Chuvisco;Motoneta;Lesoes Leves;1;4;5;2;3;3
Ingestao de alcool pelo condutor;Saida de leito carrocavel;Plena Noite;Ignorado;Automovel;Ileso;2;4;5;2;0;1
Ingestao de alcool pelo condutor;Saida de leito carrocavel;Plena Noite;Ignorado;Automovel;Lesoes Leves;4;4;5;2;0;1
Ingestao de alcool pelo condutor;Saida de leito carrocavel;Plena Noite;Ignorado;Caminhonete;Lesoes Graves;1;4;5;2;0;2
Ingestao de alcool pelo condutor;Saida de leito carrocavel;Plena Noite;Ignorado;Motoneta;Lesoes Graves;1;4;5;2;0;3
Ingestao de alcool pelo condutor;Saida de leito carrocavel;Plena Noite;Ignorado;Utilitario;Lesoes Leves;1;4;5;2;0;3
Ingestao de alcool pelo condutor;Saida de leito carrocavel;Plena Noite;Nevoeiro/Neblina;Automovel;Ileso;1;4;5;2;4;1
Ingestao de alcool pelo condutor;Saida de leito carrocavel;Plena Noite;Nevoeiro/Neblina;Automovel;Lesoes Leves;3;4;5;2;4;1
Ingestao de alcool pelo condutor;Saida de leito carrocavel;Plena Noite;Nevoeiro/Neblina;Motocicleta;Lesoes Graves;1;4;5;2;4;1
Ingestao de alcool pelo condutor;Saida de leito carrocavel;Plena Noite;Nevoeiro/Neblina;Motocicleta;Lesoes Leves;1;4;5;2;4;1
Ingestao de alcool pelo condutor;Saida de leito carrocavel;Plena Noite;Nublado;Automovel;Ileso;47;4;5;2;2;1
Ingestao de alcool pelo condutor;Saida de leito carrocavel;Plena Noite;Nublado;Automovel;Lesoes Graves;8;4;5;2;2;1
Ingestao de alcool pelo condutor;Saida de leito carrocavel;Plena Noite;Nublado;Automovel;Lesoes Leves;17;4;5;2;2;1
Ingestao de alcool pelo condutor;Saida de leito carrocavel;Plena Noite;Nublado;Automovel;Obito;3;4;5;2;2;1
Ingestao de alcool pelo condutor;Saida de leito carrocavel;Plena Noite;Nublado;Caminhao;Ileso;3;4;5;2;2;2
Ingestao de alcool pelo condutor;Saida de leito carrocavel;Plena Noite;Nublado;Caminhao-trator;Ileso;5;4;5;2;2;2
Ingestao de alcool pelo condutor;Saida de leito carrocavel;Plena Noite;Nublado;Caminhao-trator;Lesoes Leves;4;4;5;2;2;2
Ingestao de alcool pelo condutor;Saida de leito carrocavel;Plena Noite;Nublado;Caminhonete;Ileso;12;4;5;2;2;2
Ingestao de alcool pelo condutor;Saida de leito carrocavel;Plena Noite;Nublado;Caminhonete;Lesoes Graves;5;4;5;2;2;2
Ingestao de alcool pelo condutor;Saida de leito carrocavel;Plena Noite;Nublado;Caminhonete;Lesoes Leves;4;4;5;2;2;2
Ingestao de alcool pelo condutor;Saida de leito carrocavel;Plena Noite;Nublado;Motocicleta;Lesoes Graves;6;4;5;2;2;1
Ingestao de alcool pelo condutor;Saida de leito carrocavel;Plena Noite;Nublado;Motocicleta;Lesoes Leves;3;4;5;2;2;1
Ingestao de alcool pelo condutor;Saida de leito carrocavel;Plena Noite;Nublado;Motocicleta;Obito;2;4;5;2;2;1
Ingestao de alcool pelo condutor;Saida de leito carrocavel;Plena Noite;Nublado;Motoneta;Lesoes Leves;1;4;5;2;2;3
Ingestao de alcool pelo condutor;Saida de leito carrocavel;Plena Noite;Nublado;Nao Informado;Ileso;3;4;5;2;2;3
Ingestao de alcool pelo condutor;Saida de leito carrocavel;Plena Noite;Nublado;Nao Informado;Lesoes Leves;5;4;5;2;2;3
Ingestao de alcool pelo condutor;Saida de leito carrocavel;Plena Noite;Nublado;Utilitario;Ileso;1;4;5;2;2;3
Ingestao de alcool pelo condutor;Saida de leito carrocavel;Plena Noite;Vento;Automovel;Ileso;1;4;5;2;5;1
Ingestao de alcool pelo condutor;Saida de leito carrocavel;Plena Noite;Vento;Automovel;Lesoes Leves;1;4;5;2;5;1
Ingestao de alcool pelo condutor;Saida de leito carrocavel;Pleno dia;Ceu Claro;Automovel;Ileso;58;4;5;1;1;1
Ingestao de alcool pelo condutor;Saida de leito carrocavel;Pleno dia;Ceu Claro;Automovel;Lesoes Graves;20;4;5;1;1;1
Ingestao de alcool pelo condutor;Saida de leito carrocavel;Pleno dia;Ceu Claro;Automovel;Lesoes Leves;57;4;5;1;1;1
Ingestao de alcool pelo condutor;Saida de leito carrocavel;Pleno dia;Ceu Claro;Automovel;Obito;5;4;5;1;1;1
Ingestao de alcool pelo condutor;Saida de leito carrocavel;Pleno dia;Ceu Claro;Caminhao;Ileso;5;4;5;1;1;2
Ingestao de alcool pelo condutor;Saida de leito carrocavel;Pleno dia;Ceu Claro;Caminhao-trator;Ileso;7;4;5;1;1;2
Ingestao de alcool pelo condutor;Saida de leito carrocavel;Pleno dia;Ceu Claro;Caminhao-trator;Lesoes Leves;3;4;5;1;1;2
Ingestao de alcool pelo condutor;Saida de leito carrocavel;Pleno dia;Ceu Claro;Caminhonete;Ileso;9;4;5;1;1;2
Ingestao de alcool pelo condutor;Saida de leito carrocavel;Pleno dia;Ceu Claro;Caminhonete;Lesoes Graves;6;4;5;1;1;2
Ingestao de alcool pelo condutor;Saida de leito carrocavel;Pleno dia;Ceu Claro;Caminhonete;Lesoes Leves;11;4;5;1;1;2
Ingestao de alcool pelo condutor;Saida de leito carrocavel;Pleno dia;Ceu Claro;Caminhonete;Obito;3;4;5;1;1;2
Ingestao de alcool pelo condutor;Saida de leito carrocavel;Pleno dia;Ceu Claro;Micro-onibus;Lesoes Leves;1;4;5;1;1;4
Ingestao de alcool pelo condutor;Saida de leito carrocavel;Pleno dia;Ceu Claro;Motocicleta;Ileso;4;4;5;1;1;1
Ingestao de alcool pelo condutor;Saida de leito carrocavel;Pleno dia;Ceu Claro;Motocicleta;Lesoes Graves;3;4;5;1;1;1
Ingestao de alcool pelo condutor;Saida de leito carrocavel;Pleno dia;Ceu Claro;Motocicleta;Lesoes Leves;5;4;5;1;1;1
Ingestao de alcool pelo condutor;Saida de leito carrocavel;Pleno dia;Ceu Claro;Motocicleta;Obito;2;4;5;1;1;1
Ingestao de alcool pelo condutor;Saida de leito carrocavel;Pleno dia;Ceu Claro;Motoneta;Lesoes Leves;1;4;5;1;1;3
Ingestao de alcool pelo condutor;Saida de leito carrocavel;Pleno dia;Ceu Claro;Nao Informado;Ileso;7;4;5;1;1;3
Ingestao de alcool pelo condutor;Saida de leito carrocavel;Pleno dia;Ceu Claro;Nao Informado;Lesoes Graves;1;4;5;1;1;3
Ingestao de alcool pelo condutor;Saida de leito carrocavel;Pleno dia;Ceu Claro;Nao se aplica;Ileso;1;4;5;1;1;3
Ingestao de alcool pelo condutor;Saida de leito carrocavel;Pleno dia;Ceu Claro;Onibus;Ileso;10;4;5;1;1;3
Ingestao de alcool pelo condutor;Saida de leito carrocavel;Pleno dia;Ceu Claro;Onibus;Lesoes Graves;1;4;5;1;1;3
Ingestao de alcool pelo condutor;Saida de leito carrocavel;Pleno dia;Ceu Claro;Onibus;Lesoes Leves;5;4;5;1;1;3
Ingestao de alcool pelo condutor;Saida de leito carrocavel;Pleno dia;Ceu Claro;Utilitario;Obito;1;4;5;1;1;3
Ingestao de alcool pelo condutor;Saida de leito carrocavel;Pleno dia;Chuva;Automovel;Ileso;12;4;5;1;2;1
Ingestao de alcool pelo condutor;Saida de leito carrocavel;Pleno dia;Chuva;Automovel;Lesoes Graves;4;4;5;1;2;1
Ingestao de alcool pelo condutor;Saida de leito carrocavel;Pleno dia;Chuva;Automovel;Lesoes Leves;6;4;5;1;2;1
Ingestao de alcool pelo condutor;Saida de leito carrocavel;Pleno dia;Chuva;Caminhao;Lesoes Graves;1;4;5;1;2;2
Ingestao de alcool pelo condutor;Saida de leito carrocavel;Pleno dia;Chuva;Caminhao;Lesoes Leves;1;4;5;1;2;2
Ingestao de alcool pelo condutor;Saida de leito carrocavel;Pleno dia;Chuva;Caminhao-trator;Ileso;1;4;5;1;2;2
Ingestao de alcool pelo condutor;Saida de leito carrocavel;Pleno dia;Chuva;Caminhonete;Lesoes Graves;3;4;5;1;2;2
Ingestao de alcool pelo condutor;Saida de leito carrocavel;Pleno dia;Chuva;Motocicleta;Lesoes Graves;1;4;5;1;2;1
Ingestao de alcool pelo condutor;Saida de leito carrocavel;Pleno dia;Garoa/Chuvisco;Automovel;Ileso;2;4;5;1;3;1
Ingestao de alcool pelo condutor;Saida de leito carrocavel;Pleno dia;Garoa/Chuvisco;Automovel;Lesoes Leves;3;4;5;1;3;1
Ingestao de alcool pelo condutor;Saida de leito carrocavel;Pleno dia;Garoa/Chuvisco;Caminhao;Ileso;1;4;5;1;3;2
Ingestao de alcool pelo condutor;Saida de leito carrocavel;Pleno dia;Garoa/Chuvisco;Nao Informado;Ileso;1;4;5;1;3;3
Ingestao de alcool pelo condutor;Saida de leito carrocavel;Pleno dia;Ignorado;Caminhonete;Ileso;1;4;5;1;0;2
Ingestao de alcool pelo condutor;Saida de leito carrocavel;Pleno dia;Nevoeiro/Neblina;Automovel;Lesoes Leves;1;4;5;1;4;1
Ingestao de alcool pelo condutor;Saida de leito carrocavel;Pleno dia;Nublado;Automovel;Ileso;17;4;5;1;2;1
Ingestao de alcool pelo condutor;Saida de leito carrocavel;Pleno dia;Nublado;Automovel;Lesoes Graves;2;4;5;1;2;1
Ingestao de alcool pelo condutor;Saida de leito carrocavel;Pleno dia;Nublado;Automovel;Lesoes Leves;11;4;5;1;2;1
Ingestao de alcool pelo condutor;Saida de leito carrocavel;Pleno dia;Nublado;Caminhao;Ileso;3;4;5;1;2;2
Ingestao de alcool pelo condutor;Saida de leito carrocavel;Pleno dia;Nublado;Caminhao-trator;Ileso;2;4;5;1;2;2
Ingestao de alcool pelo condutor;Saida de leito carrocavel;Pleno dia;Nublado;Caminhao-trator;Lesoes Leves;1;4;5;1;2;2
Ingestao de alcool pelo condutor;Saida de leito carrocavel;Pleno dia;Nublado;Caminhonete;Ileso;3;4;5;1;2;2
Ingestao de alcool pelo condutor;Saida de leito carrocavel;Pleno dia;Nublado;Caminhonete;Lesoes Graves;4;4;5;1;2;2
Ingestao de alcool pelo condutor;Saida de leito carrocavel;Pleno dia;Nublado;Caminhonete;Lesoes Leves;5;4;5;1;2;2
Ingestao de alcool pelo condutor;Saida de leito carrocavel;Pleno dia;Nublado;Motocicleta;Lesoes Graves;1;4;5;1;2;1
Ingestao de alcool pelo condutor;Saida de leito carrocavel;Pleno dia;Nublado;Motocicleta;Lesoes Leves;2;4;5;1;2;1
Ingestao de alcool pelo condutor;Saida de leito carrocavel;Pleno dia;Nublado;Motoneta;Obito;1;4;5;1;2;3
Ingestao de alcool pelo condutor;Saida de leito carrocavel;Pleno dia;Nublado;Nao Informado;Ileso;4;4;5;1;2;3