causa_acidente;tipo_acidente;fase_dia;condicao_metereologica;tipo_veiculo;estado_fisico;count;causa_acidente_criterios;tipo_acidente_criterios;fase_dia_criterios;condicao_metereologica_criterios;tipo_veiculo_criterios
Ingestao de alcool pelo condutor;Saida de leito carrocavel;Pleno dia;Nublado;Utilitario;Ileso;1;4;5;1;2;3
Ingestao de alcool pelo condutor;Saida de leito carrocavel;Pleno dia;Sol;Automovel;Ileso;3;4;5;1;3;1
Ingestao de alcool pelo condutor;Saida de leito carrocavel;Pleno dia;Sol;Automovel;Lesoes Graves;2;4;5;1;3;1
Ingestao de alcool pelo condutor;Saida de leito carrocavel;Pleno dia;Sol;Automovel;Lesoes Leves;3;4;5;1;3;1
Ingestao de alcool pelo condutor;Saida de leito carrocavel;Pleno dia;Sol;Automovel;Obito;1;4;5;1;3;1
Ingestao de alcool pelo condutor;Saida de leito carrocavel;Pleno dia;Sol;Bicicleta;Lesoes Leves;1;4;5;1;3;3
Ingestao de alcool pelo condutor;Saida de leito carrocavel;Pleno dia;Sol;Caminhao;Ileso;1;4;5;1;3;2
Ingestao de alcool pelo condutor;Saida de leito carrocavel;Pleno dia;Sol;Caminhao-trator;Ileso;2;4;5;1;3;2
Ingestao de alcool pelo condutor;Saida de leito carrocavel;Pleno dia;Sol;Caminhao-trator;Lesoes Leves;1;4;5;1;3;2
Ingestao de alcool pelo condutor;Saida de leito carrocavel;Pleno dia;Sol;Caminhonete;Ileso;3;4;5;1;3;2
Ingestao de alcool pelo condutor;Saida de leito carrocavel;Pleno dia;Sol;Motocicleta;Lesoes Graves;1;4;5;1;3;1
Ingestao de alcool pelo condutor;Saida de leito carrocavel;Pleno dia;Sol;Nao Informado;Lesoes Leves;1;4;5;1;3;3
Ingestao de alcool pelo condutor;Tombamento;Amanhecer;Ceu Claro;Automovel;Ileso;9;4;5;4;1;1
Ingestao de alcool pelo condutor;Tombamento;Amanhecer;Ceu Claro;Automovel;Lesoes Leves;1;4;5;4;1;1
Ingestao de alcool pelo condutor;Tombamento;Amanhecer;Ceu Claro;Caminhao;Ileso;2;4;5;4;1;2
Ingestao de alcool pelo condutor;Tombamento;Amanhecer;Ceu Claro;Caminhao;Lesoes Graves;1;4;5;4;1;2
Ingestao de alcool pelo condutor;Tombamento;Amanhecer;Ceu Claro;Caminhao-trator;Ileso;1;4;5;4;1;2
Ingestao de alcool pelo condutor;Tombamento;Amanhecer;Ceu Claro;Caminhao-trator;Lesoes Graves;1;4;5;4;1;2
Ingestao de alcool pelo condutor;Tombamento;Amanhecer;Ceu Claro;Caminhao-trator;Lesoes Leves;1;4;5;4;1;2
Ingestao de alcool pelo condutor;Tombamento;Amanhecer;Ceu Claro;Caminhonete;Lesoes Leves;3;4;5;4;1;2
Ingestao de alcool pelo condutor;Tombamento;Amanhecer;Ceu Claro;Caminhonete;Obito;1;4;5;4;1;2
Ingestao de alcool pelo condutor;Tombamento;Amanhecer;Ceu Claro;Ciclomotor;Lesoes Leves;1;4;5;4;1;4
Ingestao de alcool pelo condutor;Tombamento;Amanhecer;Ceu Claro;Motocicleta;Ileso;1;4;5;4;1;1
Ingestao de alcool pelo condutor;Tombamento;Amanhecer;Ceu Claro;Motocicleta;Lesoes Graves;6;4;5;4;1;1
Ingestao de alcool pelo condutor;Tombamento;Amanhecer;Ceu Claro;Motocicleta;Lesoes Leves;5;4;5;4;1;1
Ingestao de alcool pelo condutor;Tombamento;Amanhecer;Ceu Claro;Motocicleta;Obito;3;4;5;4;1;1
Ingestao de alcool pelo condutor;Tombamento;Amanhecer;Ceu Claro;Motoneta;Obito;1;4;5;4;1;3
Ingestao de alcool pelo condutor;Tombamento;Amanhecer;Ceu Claro;Outros;Lesoes Graves;1;4;5;4;1;5
Ingestao de alcool pelo condutor;Tombamento;Amanhecer;Ceu Claro;Outros;Obito;1;4;5;4;1;5
Ingestao de alcool pelo condutor;Tombamento;Amanhecer;Chuva;Motocicleta;Lesoes Graves;1;4;5;4;2;1
Ingestao de alcool pelo condutor;Tombamento;Amanhecer;Garoa/Chuvisco;Motocicleta;Lesoes Graves;1;4;5;4;3;1
Ingestao de alcool pelo condutor;Tombamento;Amanhecer;Garoa/Chuvisco;Motocicleta;Lesoes Leves;1;4;5;4;3;1
Ingestao de alcool pelo condutor;Tombamento;Amanhecer;Nublado;Automovel;Ileso;3;4;5;4;2;1
Ingestao de alcool pelo condutor;Tombamento;Amanhecer;Nublado;Automovel;Lesoes Leves;1;4;5;4;2;1
Ingestao de alcool pelo condutor;Tombamento;Amanhecer;Nublado;Caminhao;Ileso;1;4;5;4;2;2
Ingestao de alcool pelo condutor;Tombamento;Amanhecer;Nublado;Caminhao;Lesoes Leves;1;4;5;4;2;2
Ingestao de alcool pelo condutor;Tombamento;Amanhecer;Nublado;Motocicleta;Obito;1;4;5;4;2;1
Ingestao de alcool pelo condutor;Tombamento;Anoitecer;Ceu Claro;Automovel;Ileso;2;4;5;4;1;1
Ingestao de alcool pelo condutor;Tombamento;Anoitecer;Ceu Claro;Automovel;Lesoes Graves;5;4;5;4;1;1
Ingestao de alcool pelo condutor;Tombamento;Anoitecer;Ceu Claro;Automovel;Lesoes Leves;8;4;5;4;1;1
Ingestao de alcool pelo condutor;Tombamento;Anoitecer;Ceu Claro;Bicicleta;Ileso;1;4;5;4;1;3
Ingestao de alcool pelo condutor;Tombamento;Anoitecer;Ceu Claro;Bicicleta;Lesoes Leves;1;4;5;4;1;3
Ingestao de alcool pelo condutor;Tombamento;Anoitecer;Ceu Claro;Caminhao;Ileso;1;4;5;4;1;2
Ingestao de alcool pelo condutor;Tombamento;Anoitecer;Ceu Claro;Caminhao-trator;Ileso;1;4;5;4;1;2
Ingestao de alcool pelo condutor;Tombamento;Anoitecer;Ceu Claro;Caminhonete;Ileso;1;4;5;4;1;2
Ingestao de alcool pelo condutor;Tombamento;Anoitecer;Ceu Claro;Motocicleta;Lesoes Graves;8;4;5;4;1;1
Ingestao de alcool pelo condutor;Tombamento;Anoitecer;Ceu Claro;Motocicleta;Lesoes Leves;4;4;5;4;1;1
Ingestao de alcool pelo condutor;Tombamento;Anoitecer;Ceu Claro;Motocicleta;Obito;2;4;5;4;1;1
Ingestao de alcool pelo condutor;Tombamento;Anoitecer;Ceu Claro;Motoneta;Lesoes Graves;2;4;5;4;1;3
Ingestao de alcool pelo condutor;Tombamento;Anoitecer;Ceu Claro;Motoneta;Lesoes Leves;2;4;5;4;1;3
Ingestao de alcool pelo condutor;Tombamento;Anoitecer;Ceu Claro;Motoneta;Obito;2;4;5;4;1;3
Ingestao de alcool pelo condutor;Tombamento;Anoitecer;Ceu Claro;Nao se aplica;Lesoes Graves;1;4;5;4;1;3
Ingestao de alcool pelo condutor;Tombamento;Anoitecer;Chuva;Motocicleta;Ileso;2;4;5;4;2;1
Ingestao de alcool pelo condutor;Tombamento;Anoitecer;Chuva;Motocicleta;Lesoes Leves;2;4;5;4;2;1
Ingestao de alcool pelo condutor;Tombamento;Anoitecer;Garoa/Chuvisco;Automovel;Ileso;1;4;5;4;3;1
Ingestao de alcool pelo condutor;Tombamento;Anoitecer;Garoa/Chuvisco;Caminhonete;Ileso;1;4;5;4;3;2
Ingestao de alcool pelo condutor;Tombamento;Anoitecer;Garoa/Chuvisco;Motocicleta;Lesoes Leves;1;4;5;4;3;1
Ingestao de alcool pelo condutor;Tombamento;Anoitecer;Nublado;Automovel;Ileso;2;4;5;4;2;1
Ingestao de alcool pelo condutor;Tombamento;Anoitecer;Nublado;Caminhao-trator;Ileso;1;4;5;4;2;2
Ingestao de alcool pelo condutor;Tombamento;Anoitecer;Nublado;Caminhao-trator;Lesoes Leves;1;4;5;4;2;2
Ingestao de alcool pelo condutor;Tombamento;Anoitecer;Nublado;Motocicleta;Lesoes Graves;1;4;5;4;2;1
Ingestao de alcool pelo condutor;Tombamento;Plena Noite;Ceu Claro;Automovel;Ileso;50;4;5;2;1;1
Ingestao de alcool pelo condutor;Tombamento;Plena Noite;Ceu Claro;Automovel;Lesoes Graves;4;4;5;2;1;1
Ingestao de alcool pelo condutor;Tombamento;Plena Noite;Ceu Claro;Automovel;Lesoes Leves;10;4;5;2;1;1
Ingestao de alcool pelo condutor;Tombamento;Plena Noite;Ceu Claro;Automovel;Obito;2;4;5;2;1;1
Ingestao de alcool pelo condutor;Tombamento;Plena Noite;Ceu Claro;Bicicleta;Lesoes Graves;4;4;5;2;1;3
Ingestao de alcool pelo condutor;Tombamento;Plena Noite;Ceu Claro;Bicicleta;Lesoes Leves;8;4;5;2;1;3
Ingestao de alcool pelo condutor;Tombamento;Plena Noite;Ceu Claro;Bicicleta;Obito;1;4;5;2;1;3
Ingestao de alcool pelo condutor;Tombamento;Plena Noite;Ceu Claro;Caminhao;Ileso;5;4;5;2;1;2
Ingestao de alcool pelo condutor;Tombamento;Plena Noite;Ceu Claro;Caminhao-trator;Ileso;7;4;5;2;1;2
Ingestao de alcool pelo condutor;Tombamento;Plena Noite;Ceu Claro;Caminhao-trator;Lesoes Leves;3;4;5;2;1;2
Ingestao de alcool pelo condutor;Tombamento;Plena Noite;Ceu Claro;Caminhonete;Ileso;8;4;5;2;1;2
Ingestao de alcool pelo condutor;Tombamento;Plena Noite;Ceu Claro;Caminhonete;Lesoes Graves;1;4;5;2;1;2
Ingestao de alcool pelo condutor;Tombamento;Plena Noite;Ceu Claro;Caminhonete;Lesoes Leves;2;4;5;2;1;2
Ingestao de alcool pelo condutor;Tombamento;Plena Noite;Ceu Claro;Caminhonete;Obito;1;4;5;2;1;2
Ingestao de alcool pelo condutor;Tombamento;Plena Noite;Ceu Claro;Motocicleta;Ileso;8;4;5;2;1;1
Ingestao de alcool pelo condutor;Tombamento;Plena Noite;Ceu Claro;Motocicleta;Lesoes Graves;33;4;5;2;1;1
Ingestao de alcool pelo condutor;Tombamento;Plena Noite;Ceu Claro;Motocicleta;Lesoes Leves;63;4;5;2;1;1
Ingestao de alcool pelo condutor;Tombamento;Plena Noite;Ceu Claro;Motocicleta;Obito;11;4;5;2;1;1
Ingestao de alcool pelo condutor;Tombamento;Plena Noite;Ceu Claro;Motoneta;Lesoes Graves;1;4;5;2;1;3
Ingestao de alcool pelo condutor;Tombamento;Plena Noite;Ceu Claro;Motoneta;Lesoes Leves;7;4;5;2;1;3
Ingestao de alcool pelo condutor;Tombamento;Plena Noite;Ceu Claro;Motoneta;Obito;1;4;5;2;1;3
Ingestao de alcool pelo condutor;Tombamento;Plena Noite;Ceu Claro;Nao Informado;Ileso;2;4;5;2;1;3
Ingestao de alcool pelo condutor;Tombamento;Plena Noite;Ceu Claro;Nao Informado;Lesoes Graves;2;4;5;2;1;3
Ingestao de alcool pelo condutor;Tombamento;Plena Noite;Ceu Claro;Nao Informado;Lesoes Leves;5;4;5;2;1;3
Ingestao de alcool pelo condutor;Tombamento;Plena Noite;Ceu Claro;Utilitario;Ileso;5;4;5;2;1;3
Ingestao de alcool pelo condutor;Tombamento;Plena Noite;Chuva;Automovel;Ileso;6;4;5;2;2;1
Ingestao de alcool pelo condutor;Tombamento;Plena Noite;Chuva;Automovel;Lesoes Leves;5;4;5;2;2;1
Ingestao de alcool pelo condutor;Tombamento;Plena Noite;Chuva;Bicicleta;Lesoes Leves;1;4;5;2;2;3
Ingestao de alcool pelo condutor;Tombamento;Plena Noite;Chuva;Caminhao;Ileso;1;4;5;2;2;2
Ingestao de alcool pelo condutor;Tombamento;Plena Noite;Chuva;Caminhao-trator;Lesoes Leves;1;4;5;2;2;2
Ingestao de alcool pelo condutor;Tombamento;Plena Noite;Chuva;Caminhonete;Lesoes Graves;1;4;5;2;2;2
Ingestao de alcool pelo condutor;Tombamento;Plena Noite;Chuva;Motocicleta;Ileso;1;4;5;2;2;1
Ingestao de alcool pelo condutor;Tombamento;Plena Noite;Chuva;Motocicleta;Lesoes Graves;6;4;5;2;2;1
Ingestao de alcool pelo condutor;Tombamento;Plena Noite;Chuva;Motocicleta;Lesoes Leves;7;4;5;2;2;1
Ingestao de alcool pelo condutor;Tombamento;Plena Noite;Chuva;Motocicleta;Obito;3;4;5;2;2;1
Ingestao de alcool pelo condutor;Tombamento;Plena Noite;Chuva;Nao Informado;Lesoes Leves;2;4;5;2;2;3
Ingestao de alcool pelo condutor;Tombamento;Plena Noite;Chuva;Utilitario;Ileso;5;4;5;2;2;3
Ingestao de alcool pelo condutor;Tombamento;Plena Noite;Garoa/Chuvisco;Automovel;Ileso;2;4;5;2;3;1
Ingestao de alcool pelo condutor;Tombamento;Plena Noite;Garoa/Chuvisco;Automovel;Lesoes Leves;3;4;5;2;3;1
Ingestao de alcool pelo condutor;Tombamento;Plena Noite;Garoa/Chuvisco;Caminhao;Ileso;1;4;5;2;3;2
Ingestao de alcool pelo condutor;Tombamento;Plena Noite;Garoa/Chuvisco;Caminhao;Lesoes Leves;1;4;5;2;3;2
Ingestao de alcool pelo condutor;Tombamento;Plena Noite;Garoa/Chuvisco;Caminhao-trator;Ileso;1;4;5;2;3;2
Ingestao de alcool pelo condutor;Tombamento;Plena Noite;Garoa/Chuvisco;Motocicleta;Ileso;1;4;5;2;3;1
Ingestao de alcool pelo condutor;Tombamento;Plena Noite;Garoa/Chuvisco;Motocicleta;Lesoes Graves;2;4;5;2;3;1
Ingestao de alcool pelo condutor;Tombamento;Plena Noite;Garoa/Chuvisco;Motocicleta;Lesoes Leves;4;4;5;2;3;1
Ingestao de alcool pelo condutor;Tombamento;Plena Noite;Garoa/Chuvisco;Motocicleta;Obito;1;4;5;2;3;1
Ingestao de alcool pelo condutor;Tombamento;Plena Noite;Garoa/Chuvisco;Motoneta;Lesoes Leves;2;4;5;2;3;3
Ingestao de alcool pelo condutor;Tombamento;Plena Noite;Garoa/Chuvisco;Onibus;Ileso;1;4;5;2;3;3
Ingestao de alcool pelo condutor;Tombamento;Plena Noite;Ignorado;Automovel;Ileso;5;4;5;2;0;1
Ingestao de alcool pelo condutor;Tombamento;Plena Noite;Ignorado;Automovel;Lesoes Leves;1;4;5;2;0;1
Ingestao de alcool pelo condutor;Tombamento;Plena Noite;Ignorado;Bicicleta;Ileso;1;4;5;2;0;3
Ingestao de alcool pelo condutor;Tombamento;Plena Noite;Ignorado;Caminhonete;Ileso;1;4;5;2;0;2
Ingestao de alcool pelo condutor;Tombamento;Plena Noite;Ignorado;Micro-onibus;Lesoes Graves;1;4;5;2;0;4
Ingestao de alcool pelo condutor;Tombamento;Plena Noite;Ignorado;Motocicleta;Lesoes Graves;1;4;5;2;0;1
Ingestao de alcool pelo condutor;Tombamento;Plena Noite;Ignorado;Motocicleta;Lesoes Leves;5;4;5;2;0;1
Ingestao de alcool pelo condutor;Tombamento;Plena Noite;Ignorado;Motoneta;Lesoes Graves;1;4;5;2;0;3
Ingestao de alcool pelo condutor;Tombamento;Plena Noite;Ignorado;Nao se aplica;Lesoes Graves;2;4;5;2;0;3
Ingestao de alcool pelo condutor;Tombamento;Plena Noite;Nevoeiro/Neblina;Automovel;Ileso;1;4;5;2;4;1
Ingestao de alcool pelo condutor;Tombamento;Plena Noite;Nevoeiro/Neblina;Bicicleta;Lesoes Leves;1;4;5;2;4;3
Ingestao de alcool pelo condutor;Tombamento;Plena Noite;Nevoeiro/Neblina;Motocicleta;Lesoes Graves;1;4;5;2;4;1
Ingestao de alcool pelo condutor;Tombamento;Plena Noite;Nevoeiro/Neblina;Motocicleta;Lesoes Leves;1;4;5;2;4;1
Ingestao de alcool pelo condutor;Tombamento;Plena Noite;Nublado;Automovel;Ileso;13;4;5;2;2;1
Ingestao de alcool pelo condutor;Tombamento;Plena Noite;Nublado;Automovel;Obito;1;4;5;2;2;1
Ingestao de alcool pelo condutor;Tombamento;Plena Noite;Nublado;Bicicleta;Ileso;1;4;5;2;2;3
Ingestao de alcool pelo condutor;Tombamento;Plena Noite;Nublado;Bicicleta;Lesoes Leves;1;4;5;2;2;3
Ingestao de alcool pelo condutor;Tombamento;Plena Noite;Nublado;Caminhao;Ileso;3;4;5;2;2;2
Ingestao de alcool pelo condutor;Tombamento;Plena Noite;Nublado;Caminhao-trator;Ileso;3;4;5;2;2;2
Ingestao de alcool pelo condutor;Tombamento;Plena Noite;Nublado;Caminhao-trator;Lesoes Leves;2;4;5;2;2;2
Ingestao de alcool pelo condutor;Tombamento;Plena Noite;Nublado;Motocicleta;Ileso;3;4;5;2;2;1
Ingestao de alcool pelo condutor;Tombamento;Plena Noite;Nublado;Motocicleta;Lesoes Graves;12;4;5;2;2;1
Ingestao de alcool pelo condutor;Tombamento;Plena Noite;Nublado;Motocicleta;Lesoes Leves;22;4;5;2;2;1
Ingestao de alcool pelo condutor;Tombamento;Plena Noite;Nublado;Motocicleta;Obito;3;4;5;2;2;1
Ingestao de alcool pelo condutor;Tombamento;Plena Noite;Nublado;Motoneta;Lesoes Graves;3;4;5;2;2;3
Ingestao de alcool pelo condutor;Tombamento;Plena Noite;Nublado;Motoneta;Lesoes Leves;4;4;5;2;2;3
Ingestao de alcool pelo condutor;Tombamento;Plena Noite;Nublado;Nao Informado;Ileso;1;4;5;2;2;3
Ingestao de alcool pelo condutor;Tombamento;Plena Noite;Nublado;Utilitario;Ileso;2;4;5;2;2;3
Ingestao de alcool pelo condutor;Tombamento;Plena Noite;Sol;Automovel;Ileso;2;4;5;2;3;1
Ingestao de alcool pelo condutor;Tombamento;Plena Noite;Sol;Motocicleta;Lesoes Leves;1;4;5;2;3;1
Ingestao de alcool pelo condutor;Tombamento;Plena Noite;Vento;Motoneta;Lesoes Leves;1;4;5;2;5;3
Ingestao de alcool pelo condutor;Tombamento;Pleno dia;Ceu Claro;Automovel;Ileso;32;4;5;1;1;1
Ingestao de alcool pelo condutor;Tombamento;Pleno dia;Ceu Claro;Automovel;Lesoes Graves;5;4;5;1;1;1
Ingestao de alcool pelo condutor;Tombamento;Pleno dia;Ceu Claro;Automovel;Lesoes Leves;10;4;5;1;1;1
Ingestao de alcool pelo condutor;Tombamento;Pleno dia;Ceu Claro;Automovel;Obito;3;4;5;1;1;1
Ingestao de alcool pelo condutor;Tombamento;Pleno dia;Ceu Claro;Bicicleta;Lesoes Graves;1;4;5;1;1;3
Ingestao de alcool pelo condutor;Tombamento;Pleno dia;Ceu Claro;Bicicleta;Lesoes Leves;2;4;5;1;1;3
Ingestao de alcool pelo condutor;Tombamento;Pleno dia;Ceu Claro;Caminhao;Ileso;10;4;5;1;1;2
Ingestao de alcool pelo condutor;Tombamento;Pleno dia;Ceu Claro;Caminhao-trator;Ileso;9;4;5;1;1;2
Ingestao de alcool pelo condutor;Tombamento;Pleno dia;Ceu Claro;Caminhao-trator;Lesoes Leves;2;4;5;1;1;2
Ingestao de alcool pelo condutor;Tombamento;Pleno dia;Ceu Claro;Caminhonete;Ileso;10;4;5;1;1;2
Ingestao de alcool pelo condutor;Tombamento;Pleno dia;Ceu Claro;Caminhonete;Lesoes Leves;1;4;5;1;1;2
Ingestao de alcool pelo condutor;Tombamento;Pleno dia;Ceu Claro;Ciclomotor;Lesoes Graves;1;4;5;1;1;4
Ingestao de alcool pelo condutor;Tombamento;Pleno dia;Ceu Claro;Ciclomotor;Lesoes Leves;1;4;5;1;1;4
Ingestao de alcool pelo condutor;Tombamento;Pleno dia;Ceu Claro;Motocicleta;Ileso;4;4;5;1;1;1
Ingestao de alcool pelo condutor;Tombamento;Pleno dia;Ceu Claro;Motocicleta;Lesoes Graves;12;4;5;1;1;1
Ingestao de alcool pelo condutor;Tombamento;Pleno dia;Ceu Claro;Motocicleta;Lesoes Leves;24;4;5;1;1;1
Ingestao de alcool pelo condutor;Tombamento;Pleno dia;Ceu Claro;Motocicleta;Obito;7;4;5;1;1;1
Ingestao de alcool pelo condutor;Tombamento;Pleno dia;Ceu Claro;Motoneta;Ileso;2;4;5;1;1;3
Ingestao de alcool pelo condutor;Tombamento;Pleno dia;Ceu Claro;Motoneta;Lesoes Graves;1;4;5;1;1;3
Ingestao de alcool pelo condutor;Tombamento;Pleno dia;Ceu Claro;Motoneta;Lesoes Leves;5;4;5;1;1;3
Ingestao de alcool pelo condutor;Tombamento;Pleno dia;Ceu Claro;Motoneta;Obito;1;4;5;1;1;3
Ingestao de alcool pelo condutor;Tombamento;Pleno dia;Ceu Claro;Utilitario;Ileso;1;4;5;1;1;3
Ingestao de alcool pelo condutor;Tombamento;Pleno dia;Chuva;Automovel;Ileso;4;4;5;1;2;1
Ingestao de alcool pelo condutor;Tombamento;Pleno dia;Chuva;Automovel;Lesoes Graves;2;4;5;1;2;1
Ingestao de alcool pelo condutor;Tombamento;Pleno dia;Chuva;Automovel;Lesoes Leves;1;4;5;1;2;1
Ingestao de alcool pelo condutor;Tombamento;Pleno dia;Chuva;Caminhao;Lesoes Graves;1;4;5;1;2;2
Ingestao de alcool pelo condutor;Tombamento;Pleno dia;Chuva;Caminhao;Lesoes Leves;1;4;5;1;2;2
Ingestao de alcool pelo condutor;Tombamento;Pleno dia;Chuva;Caminhonete;Lesoes Graves;3;4;5;1;2;2
Ingestao de alcool pelo condutor;Tombamento;Pleno dia;Chuva;Ciclomotor;Lesoes Leves;1;4;5;1;2;4
Ingestao de alcool pelo condutor;Tombamento;Pleno dia;Chuva;Motocicleta;Lesoes Graves;2;4;5;1;2;1
Ingestao de alcool pelo condutor;Tombamento;Pleno dia;Chuva;Motocicleta;Lesoes Leves;2;4;5;1;2;1
Ingestao de alcool pelo condutor;Tombamento;Pleno dia;Garoa/Chuvisco;Automovel;Ileso;1;4;5;1;3;1
Ingestao de alcool pelo condutor;Tombamento;Pleno dia;Garoa/Chuvisco;Motoneta;Lesoes Leves;2;4;5;1;3;3
Ingestao de alcool pelo condutor;Tombamento;Pleno dia;Ignorado;Bicicleta;Obito;1;4;5;1;0;3
Ingestao de alcool pelo condutor;Tombamento;Pleno dia;Ignorado;Utilitario;Ileso;1;4;5;1;0;3
Ingestao de alcool pelo condutor;Tombamento;Pleno dia;Nublado;Automovel;Ileso;6;4;5;1;2;1
Ingestao de alcool pelo condutor;Tombamento;Pleno dia;Nublado;Automovel;Lesoes Leves;3;4;5;1;2;1
Ingestao de alcool pelo condutor;Tombamento;Pleno dia;Nublado;Caminhao;Ileso;3;4;5;1;2;2
Ingestao de alcool pelo condutor;Tombamento;Pleno dia;Nublado;Caminhao;Lesoes Leves;2;4;5;1;2;2
Ingestao de alcool pelo condutor;Tombamento;Pleno dia;Nublado;Caminhao-trator;Ileso;3;4;5;1;2;2
Ingestao de alcool pelo condutor;Tombamento;Pleno dia;Nublado;Caminhonete;Ileso;2;4;5;1;2;2
Ingestao de alcool pelo condutor;Tombamento;Pleno dia;Nublado;Caminhonete;Lesoes Leves;1;4;5;1;2;2
Ingestao de alcool pelo condutor;Tombamento;Pleno dia;Nublado;Motocicleta;Lesoes Graves;5;4;5;1;2;1
Ingestao de alcool pelo condutor;Tombamento;Pleno dia;Nublado;Motocicleta;Lesoes Leves;16;4;5;1;2;1
Ingestao de alcool pelo condutor;Tombamento;Pleno dia;Nublado;Motocicleta;Obito;1;4;5;1;2;1
Ingestao de alcool pelo condutor;Tombamento;Pleno dia;Nublado;Motoneta;Obito;1;4;5;1;2;3
Ingestao de alcool pelo condutor;Tombamento;Pleno dia;Nublado;Nao Informado;Ileso;2;4;5;1;2;3
Ingestao de alcool pelo condutor;Tombamento;Pleno dia;Sol;Automovel;Ileso;7;4;5;1;3;1
Ingestao de alcool pelo condutor;Tombamento;Pleno dia;Sol;Bicicleta;Lesoes Leves;1;4;5;1;3;3
Ingestao de alcool pelo condutor;Tombamento;Pleno dia;Sol;Caminhao-trator;Ileso;1;4;5;1;3;2
Ingestao de alcool pelo condutor;Tombamento;Pleno dia;Sol;Motocicleta;Ileso;2;4;5;1;3;1
Ingestao de alcool pelo condutor;Tombamento;Pleno dia;Sol;Motocicleta;Lesoes Graves;3;4;5;1;3;1
Ingestao de alcool pelo condutor;Tombamento;Pleno dia;Sol;Motocicleta;Lesoes Leves;4;4;5;1;3;1
Ingestao de alcool pelo condutor;Tombamento;Pleno dia;Sol;Motocicleta;Obito;4;4;5;1;3;1
Ingestao de alcool pelo condutor;Tombamento;Pleno dia;Sol;Motoneta;Lesoes Graves;1;4;5;1;3;3
Ingestao de alcool pelo condutor;Tombamento;Pleno dia;Sol;Motoneta;Lesoes Leves;2;4;5;1;3;3
Ingestao de substancias psicoativas pelo condutor;Atropelamento de Pedestre;Plena Noite;Chuva;Automovel;Ileso;1;1;4;2;2;1
Ingestao de substancias psicoativas pelo condutor;Atropelamento de Pedestre;Plena Noite;Chuva;Automovel;Lesoes Graves;2;1;4;2;2;1
Ingestao de substancias psicoativas pelo condutor;Atropelamento de Pedestre;Plena Noite;Chuva;Automovel;Obito;1;1;4;2;2;1
Ingestao de substancias psicoativas pelo condutor;Capotamento;Plena Noite;Ceu Claro;Automovel;Lesoes Leves;1;1;5;2;1;1
Ingestao de substancias psicoativas pelo condutor;Capotamento;Plena Noite;Ceu Claro;Caminhonete;Lesoes Leves;1;1;5;2;1;2
Ingestao de substancias psicoativas pelo condutor;Capotamento;Plena Noite;Chuva;Automovel;Ileso;1;1;5;2;2;1
Ingestao de substancias psicoativas pelo condutor;Capotamento;Plena Noite;Chuva;Automovel;Lesoes Graves;2;1;5;2;2;1
Ingestao de substancias psicoativas pelo condutor;Capotamento;Plena Noite;Chuva;Automovel;Obito;1;1;5;2;2;1
Ingestao de substancias psicoativas pelo condutor;Capotamento;Pleno dia;Ceu Claro;Automovel;Lesoes Graves;4;1;5;1;1;1
Ingestao de substancias psicoativas pelo condutor;Capotamento;Pleno dia;Ceu Claro;Caminhao;Obito;1;1;5;1;1;2
Ingestao de substancias psicoativas pelo condutor;Capotamento;Pleno dia;Ceu Claro;Caminhonete;Lesoes Graves;1;1;5;1;1;2
Ingestao de substancias psicoativas pelo condutor;Capotamento;Pleno dia;Ceu Claro;Caminhonete;Lesoes Leves;1;1;5;1;1;2
Ingestao de substancias psicoativas pelo condutor;Capotamento;Pleno dia;Sol;Caminhonete;Ileso;1;1;5;1;3;2
Ingestao de substancias psicoativas pelo condutor;Capotamento;Pleno dia;Sol;Caminhonete;Lesoes Graves;1;1;5;1;3;2
Ingestao de substancias psicoativas pelo condutor;Capotamento;Pleno dia;Sol;Caminhonete;Lesoes Leves;2;1;5;1;3;2
Ingestao de substancias psicoativas pelo condutor;Colisao com objeto;Amanhecer;Nublado;Automovel;Lesoes Leves;1;1;5;4;2;1
Ingestao de substancias psicoativas pelo condutor;Colisao com objeto;Plena Noite;Ceu Claro;Automovel;Ileso;2;1;5;2;1;1
Ingestao de substancias psicoativas pelo condutor;Colisao com objeto;Plena Noite;Ceu Claro;Automovel;Lesoes Leves;2;1;5;2;1;1
Ingestao de substancias psicoativas pelo condutor;Colisao com objeto;Plena Noite;Chuva;Automovel;Ileso;1;1;5;2;2;1
Ingestao de substancias psicoativas pelo condutor;Colisao com objeto;Plena Noite;Chuva;Automovel;Lesoes Graves;2;1;5;2;2;1
Ingestao de substancias psicoativas pelo condutor;Colisao com objeto;Plena Noite;Chuva;Automovel;Obito;1;1;5;2;2;1
Ingestao de substancias psicoativas pelo condutor;Colisao com objeto;Plena Noite;Nublado;Automovel;Ileso;3;1;5;2;2;1
Ingestao de substancias psicoativas pelo condutor;Colisao com objeto;Plena Noite;Nublado;Automovel;Lesoes Leves;5;1;5;2;2;1
Ingestao de substancias psicoativas pelo condutor;Colisao com objeto;Pleno dia;Ceu Claro;Automovel;Lesoes Leves;1;1;5;1;1;1
Ingestao de substancias psicoativas pelo condutor;Colisao com objeto;Pleno dia;Ceu Claro;Caminhao;Obito;1;1;5;1;1;2
Ingestao de substancias psicoativas pelo condutor;Colisao com objeto;Pleno dia;Ceu Claro;Caminhao-trator;Ileso;1;1;5;1;1;2
Ingestao de substancias psicoativas pelo condutor;Colisao com objeto;Pleno dia;Ceu Claro;Caminhonete;Lesoes Leves;1;1;5;1;1;2
Ingestao de substancias psicoativas pelo condutor;Colisao frontal;Amanhecer;Ceu Claro;Caminhao-trator;Ileso;2;1;5;4;1;2
Ingestao de substancias psicoativas pelo condutor;Colisao frontal;Amanhecer;Ceu Claro;Caminhao-trator;Lesoes Graves;1;1;5;4;1;2
Ingestao de substancias psicoativas pelo condutor;Colisao frontal;Amanhecer;Ceu Claro;Caminhao-trator;Lesoes Leves;1;1;5;4;1;2
Ingestao de substancias psicoativas pelo condutor;Colisao frontal;Plena Noite;Ceu Claro;Automovel;Ileso;1;1;5;2;1;1