causa_acidente;tipo_acidente;fase_dia;condicao_metereologica;tipo_veiculo;estado_fisico;count;causa_acidente_criterios;tipo_acidente_criterios;fase_dia_criterios;condicao_metereologica_criterios;tipo_veiculo_criterios
Ingestao de substancias psicoativas pelo condutor;Colisao frontal;Plena Noite;Ceu Claro;Caminhao-trator;Ileso;1;1;5;2;1;2
Ingestao de substancias psicoativas pelo condutor;Colisao frontal;Plena Noite;Ceu Claro;Motocicleta;Lesoes Graves;1;1;5;2;1;1
Ingestao de substancias psicoativas pelo condutor;Colisao frontal;Pleno dia;Ceu Claro;Automovel;Ileso;1;1;5;1;1;1
Ingestao de substancias psicoativas pelo condutor;Colisao frontal;Pleno dia;Ceu Claro;Automovel;Lesoes Graves;5;1;5;1;1;1
Ingestao de substancias psicoativas pelo condutor;Colisao frontal;Pleno dia;Ceu Claro;Automovel;Obito;6;1;5;1;1;1
Ingestao de substancias psicoativas pelo condutor;Colisao frontal;Pleno dia;Ceu Claro;Caminhao;Ileso;2;1;5;1;1;2
Ingestao de substancias psicoativas pelo condutor;Colisao frontal;Pleno dia;Ceu Claro;Caminhao-trator;Ileso;1;1;5;1;1;2
Ingestao de substancias psicoativas pelo condutor;Colisao frontal;Pleno dia;Ceu Claro;Caminhao-trator;Lesoes Leves;2;1;5;1;1;2
Ingestao de substancias psicoativas pelo condutor;Colisao frontal;Pleno dia;Ceu Claro;Caminhonete;Lesoes Graves;1;1;5;1;1;2
Ingestao de substancias psicoativas pelo condutor;Colisao frontal;Pleno dia;Ceu Claro;Caminhonete;Lesoes Leves;1;1;5;1;1;2
Ingestao de substancias psicoativas pelo condutor;Colisao frontal;Pleno dia;Ceu Claro;Caminhonete;Obito;1;1;5;1;1;2
Ingestao de substancias psicoativas pelo condutor;Colisao frontal;Pleno dia;Ceu Claro;Motocicleta;Lesoes Leves;1;1;5;1;1;1
Ingestao de substancias psicoativas pelo condutor;Colisao frontal;Pleno dia;Ceu Claro;Nao Informado;Ileso;1;1;5;1;1;3
Ingestao de substancias psicoativas pelo condutor;Colisao frontal;Pleno dia;Ceu Claro;Onibus;Ileso;9;1;5;1;1;3
Ingestao de substancias psicoativas pelo condutor;Colisao frontal;Pleno dia;Ceu Claro;Onibus;Lesoes Graves;1;1;5;1;1;3
Ingestao de substancias psicoativas pelo condutor;Colisao frontal;Pleno dia;Ceu Claro;Onibus;Lesoes Leves;5;1;5;1;1;3
Ingestao de substancias psicoativas pelo condutor;Colisao frontal;Pleno dia;Garoa/Chuvisco;Automovel;Ileso;1;1;5;1;3;1
Ingestao de substancias psicoativas pelo condutor;Colisao frontal;Pleno dia;Garoa/Chuvisco;Automovel;Lesoes Graves;2;1;5;1;3;1
Ingestao de substancias psicoativas pelo condutor;Colisao frontal;Pleno dia;Garoa/Chuvisco;Automovel;Lesoes Leves;2;1;5;1;3;1
Ingestao de substancias psicoativas pelo condutor;Colisao frontal;Pleno dia;Nublado;Caminhao-trator;Ileso;1;1;5;1;2;2
Ingestao de substancias psicoativas pelo condutor;Colisao frontal;Pleno dia;Nublado;Nao Informado;Lesoes Graves;2;1;5;1;2;3
Ingestao de substancias psicoativas pelo condutor;Colisao frontal;Pleno dia;Nublado;Nao Informado;Lesoes Leves;1;1;5;1;2;3
Ingestao de substancias psicoativas pelo condutor;Colisao frontal;Pleno dia;Nublado;Nao Informado;Obito;1;1;5;1;2;3
Ingestao de substancias psicoativas pelo condutor;Colisao lateral mesmo sentido;Amanhecer;Ceu Claro;Caminhao-trator;Lesoes Graves;1;1;5;4;1;2
Ingestao de substancias psicoativas pelo condutor;Colisao lateral mesmo sentido;Amanhecer;Ceu Claro;Onibus;Lesoes Graves;9;1;5;4;1;3
Ingestao de substancias psicoativas pelo condutor;Colisao lateral mesmo sentido;Amanhecer;Ceu Claro;Onibus;Lesoes Leves;11;1;5;4;1;3
Ingestao de substancias psicoativas pelo condutor;Colisao lateral mesmo sentido;Amanhecer;Ceu Claro;Onibus;Obito;3;1;5;4;1;3
Ingestao de substancias psicoativas pelo condutor;Colisao lateral mesmo sentido;Plena Noite;Nublado;Automovel;Ileso;2;1;5;2;2;1
Ingestao de substancias psicoativas pelo condutor;Colisao lateral mesmo sentido;Plena Noite;Nublado;Automovel;Lesoes Leves;1;1;5;2;2;1
Ingestao de substancias psicoativas pelo condutor;Colisao lateral mesmo sentido;Pleno dia;Ceu Claro;Automovel;Ileso;4;1;5;1;1;1
Ingestao de substancias psicoativas pelo condutor;Colisao lateral mesmo sentido;Pleno dia;Ceu Claro;Automovel;Lesoes Leves;2;1;5;1;1;1
Ingestao de substancias psicoativas pelo condutor;Colisao lateral mesmo sentido;Pleno dia;Ceu Claro;Caminhao;Ileso;1;1;5;1;1;2
Ingestao de substancias psicoativas pelo condutor;Colisao lateral mesmo sentido;Pleno dia;Ceu Claro;Caminhao-trator;Ileso;2;1;5;1;1;2
Ingestao de substancias psicoativas pelo condutor;Colisao lateral mesmo sentido;Pleno dia;Ceu Claro;Motocicleta;Ileso;1;1;5;1;1;1
Ingestao de substancias psicoativas pelo condutor;Colisao lateral mesmo sentido;Pleno dia;Ceu Claro;Motocicleta;Lesoes Graves;1;1;5;1;1;1
Ingestao de substancias psicoativas pelo condutor;Colisao lateral sentido oposto;Amanhecer;Ceu Claro;Caminhao-trator;Ileso;2;1;4;4;1;2
Ingestao de substancias psicoativas pelo condutor;Colisao lateral sentido oposto;Amanhecer;Ceu Claro;Caminhao-trator;Lesoes Graves;1;1;4;4;1;2
Ingestao de substancias psicoativas pelo condutor;Colisao lateral sentido oposto;Amanhecer;Ceu Claro;Caminhao-trator;Lesoes Leves;1;1;4;4;1;2
Ingestao de substancias psicoativas pelo condutor;Colisao lateral sentido oposto;Pleno dia;Ceu Claro;Automovel;Ileso;1;1;4;1;1;1
Ingestao de substancias psicoativas pelo condutor;Colisao lateral sentido oposto;Pleno dia;Ceu Claro;Caminhao-trator;Ileso;1;1;4;1;1;2
Ingestao de substancias psicoativas pelo condutor;Colisao transversal;Plena Noite;Ceu Claro;Motocicleta;Lesoes Graves;1;1;5;2;1;1
Ingestao de substancias psicoativas pelo condutor;Colisao transversal;Plena Noite;Ceu Claro;Motocicleta;Lesoes Leves;1;1;5;2;1;1
Ingestao de substancias psicoativas pelo condutor;Colisao transversal;Pleno dia;Ceu Claro;Automovel;Ileso;1;1;5;1;1;1
Ingestao de substancias psicoativas pelo condutor;Colisao transversal;Pleno dia;Ceu Claro;Caminhao;Ileso;1;1;5;1;1;2
Ingestao de substancias psicoativas pelo condutor;Colisao transversal;Pleno dia;Ceu Claro;Motocicleta;Lesoes Graves;1;1;5;1;1;1
Ingestao de substancias psicoativas pelo condutor;Colisao traseira;Plena Noite;Ceu Claro;Automovel;Ileso;6;1;5;2;1;1
Ingestao de substancias psicoativas pelo condutor;Colisao traseira;Plena Noite;Ceu Claro;Automovel;Lesoes Leves;2;1;5;2;1;1
Ingestao de substancias psicoativas pelo condutor;Colisao traseira;Plena Noite;Ceu Claro;Caminhao-trator;Ileso;1;1;5;2;1;2
Ingestao de substancias psicoativas pelo condutor;Colisao traseira;Plena Noite;Ceu Claro;Caminhonete;Ileso;1;1;5;2;1;2
Ingestao de substancias psicoativas pelo condutor;Colisao traseira;Plena Noite;Ceu Claro;Motocicleta;Lesoes Graves;1;1;5;2;1;1
Ingestao de substancias psicoativas pelo condutor;Colisao traseira;Plena Noite;Ceu Claro;Motocicleta;Lesoes Leves;1;1;5;2;1;1
Ingestao de substancias psicoativas pelo condutor;Colisao traseira;Plena Noite;Chuva;Automovel;Ileso;1;1;5;2;2;1
Ingestao de substancias psicoativas pelo condutor;Colisao traseira;Plena Noite;Chuva;Automovel;Lesoes Graves;2;1;5;2;2;1
Ingestao de substancias psicoativas pelo condutor;Colisao traseira;Plena Noite;Chuva;Automovel;Obito;1;1;5;2;2;1
Ingestao de substancias psicoativas pelo condutor;Colisao traseira;Plena Noite;Garoa/Chuvisco;Caminhao-trator;Ileso;1;1;5;2;3;2
Ingestao de substancias psicoativas pelo condutor;Colisao traseira;Plena Noite;Garoa/Chuvisco;Motocicleta;Lesoes Leves;1;1;5;2;3;1
Ingestao de substancias psicoativas pelo condutor;Colisao traseira;Plena Noite;Nublado;Automovel;Ileso;2;1;5;2;2;1
Ingestao de substancias psicoativas pelo condutor;Colisao traseira;Plena Noite;Nublado;Automovel;Lesoes Leves;1;1;5;2;2;1
Ingestao de substancias psicoativas pelo condutor;Colisao traseira;Pleno dia;Ceu Claro;Automovel;Lesoes Graves;1;1;5;1;1;1
Ingestao de substancias psicoativas pelo condutor;Colisao traseira;Pleno dia;Ceu Claro;Caminhao;Ileso;1;1;5;1;1;2
Ingestao de substancias psicoativas pelo condutor;Colisao traseira;Pleno dia;Ceu Claro;Caminhonete;Obito;1;1;5;1;1;2
Ingestao de substancias psicoativas pelo condutor;Colisao traseira;Pleno dia;Ceu Claro;Motocicleta;Lesoes Leves;2;1;5;1;1;1
Ingestao de substancias psicoativas pelo condutor;Colisao traseira;Pleno dia;Ceu Claro;Nao Informado;Ileso;1;1;5;1;1;3
Ingestao de substancias psicoativas pelo condutor;Colisao traseira;Pleno dia;Ceu Claro;Onibus;Ileso;9;1;5;1;1;3
Ingestao de substancias psicoativas pelo condutor;Colisao traseira;Pleno dia;Ceu Claro;Onibus;Lesoes Graves;1;1;5;1;1;3
Ingestao de substancias psicoativas pelo condutor;Colisao traseira;Pleno dia;Ceu Claro;Onibus;Lesoes Leves;5;1;5;1;1;3
Ingestao de substancias psicoativas pelo condutor;Colisao traseira;Pleno dia;Nublado;Automovel;Ileso;4;1;5;1;2;1
Ingestao de substancias psicoativas pelo condutor;Colisao traseira;Pleno dia;Nublado;Automovel;Lesoes Leves;1;1;5;1;2;1
Ingestao de substancias psicoativas pelo condutor;Colisao traseira;Pleno dia;Nublado;Caminhao;Ileso;1;1;5;1;2;2
Ingestao de substancias psicoativas pelo condutor;Colisao traseira;Pleno dia;Nublado;Caminhao;Lesoes Leves;2;1;5;1;2;2
Ingestao de substancias psicoativas pelo condutor;Colisao traseira;Pleno dia;Nublado;Caminhonete;Ileso;3;1;5;1;2;2
Ingestao de substancias psicoativas pelo condutor;Colisao traseira;Pleno dia;Sol;Automovel;Ileso;4;1;5;1;3;1
Ingestao de substancias psicoativas pelo condutor;Colisao traseira;Pleno dia;Sol;Caminhonete;Ileso;2;1;5;1;3;2
Ingestao de substancias psicoativas pelo condutor;Colisao traseira;Pleno dia;Sol;Motocicleta;Lesoes Graves;1;1;5;1;3;1
Ingestao de substancias psicoativas pelo condutor;Derramamento de carga;Amanhecer;Ceu Claro;Caminhao-trator;Lesoes Graves;2;1;3;4;1;2
Ingestao de substancias psicoativas pelo condutor;Derramamento de carga;Amanhecer;Ceu Claro;Onibus;Lesoes Graves;9;1;3;4;1;3
Ingestao de substancias psicoativas pelo condutor;Derramamento de carga;Amanhecer;Ceu Claro;Onibus;Lesoes Leves;11;1;3;4;1;3
Ingestao de substancias psicoativas pelo condutor;Derramamento de carga;Amanhecer;Ceu Claro;Onibus;Obito;3;1;3;4;1;3
Ingestao de substancias psicoativas pelo condutor;Engavetamento;Plena Noite;Nublado;Automovel;Lesoes Graves;2;1;3;2;2;1
Ingestao de substancias psicoativas pelo condutor;Engavetamento;Plena Noite;Nublado;Automovel;Obito;3;1;3;2;2;1
Ingestao de substancias psicoativas pelo condutor;Engavetamento;Plena Noite;Nublado;Caminhao-trator;Ileso;3;1;3;2;2;2
Ingestao de substancias psicoativas pelo condutor;Queda de ocupante de veiculo;Plena Noite;Ceu Claro;Automovel;Ileso;3;1;5;2;1;1
Ingestao de substancias psicoativas pelo condutor;Queda de ocupante de veiculo;Plena Noite;Ceu Claro;Motocicleta;Lesoes Graves;2;1;5;2;1;1
Ingestao de substancias psicoativas pelo condutor;Queda de ocupante de veiculo;Plena Noite;Ceu Claro;Motocicleta;Lesoes Leves;2;1;5;2;1;1
Ingestao de substancias psicoativas pelo condutor;Queda de ocupante de veiculo;Pleno dia;Ceu Claro;Motocicleta;Lesoes Leves;2;1;5;1;1;1
Ingestao de substancias psicoativas pelo condutor;Queda de ocupante de veiculo;Pleno dia;Sol;Motocicleta;Lesoes Graves;1;1;5;1;3;1
Ingestao de substancias psicoativas pelo condutor;Queda de ocupante de veiculo;Pleno dia;Sol;Motoneta;Lesoes Leves;1;1;5;1;3;3
Ingestao de substancias psicoativas pelo condutor;Saida de leito carrocavel;Amanhecer;Ceu Claro;Caminhao-trator;Ileso;2;1;5;4;1;2
Ingestao de substancias psicoativas pelo condutor;Saida de leito carrocavel;Amanhecer;Ceu Claro;Caminhao-trator;Lesoes Graves;3;1;5;4;1;2
Ingestao de substancias psicoativas pelo condutor;Saida de leito carrocavel;Amanhecer;Ceu Claro;Caminhao-trator;Lesoes Leves;1;1;5;4;1;2
Ingestao de substancias psicoativas pelo condutor;Saida de leito carrocavel;Amanhecer;Ceu Claro;Onibus;Lesoes Graves;9;1;5;4;1;3
Ingestao de substancias psicoativas pelo condutor;Saida de leito carrocavel;Amanhecer;Ceu Claro;Onibus;Lesoes Leves;11;1;5;4;1;3
Ingestao de substancias psicoativas pelo condutor;Saida de leito carrocavel;Amanhecer;Ceu Claro;Onibus;Obito;3;1;5;4;1;3
Ingestao de substancias psicoativas pelo condutor;Saida de leito carrocavel;Amanhecer;Nublado;Automovel;Lesoes Leves;1;1;5;4;2;1
Ingestao de substancias psicoativas pelo condutor;Saida de leito carrocavel;Plena Noite;Ceu Claro;Automovel;Ileso;3;1;5;2;1;1
Ingestao de substancias psicoativas pelo condutor;Saida de leito carrocavel;Plena Noite;Ceu Claro;Caminhonete;Lesoes Leves;1;1;5;2;1;2
Ingestao de substancias psicoativas pelo condutor;Saida de leito carrocavel;Plena Noite;Chuva;Automovel;Ileso;2;1;5;2;2;1
Ingestao de substancias psicoativas pelo condutor;Saida de leito carrocavel;Plena Noite;Chuva;Automovel;Lesoes Graves;4;1;5;2;2;1
Ingestao de substancias psicoativas pelo condutor;Saida de leito carrocavel;Plena Noite;Chuva;Automovel;Obito;2;1;5;2;2;1
Ingestao de substancias psicoativas pelo condutor;Saida de leito carrocavel;Pleno dia;Ceu Claro;Automovel;Ileso;1;1;5;1;1;1
Ingestao de substancias psicoativas pelo condutor;Saida de leito carrocavel;Pleno dia;Ceu Claro;Automovel;Lesoes Graves;5;1;5;1;1;1
Ingestao de substancias psicoativas pelo condutor;Saida de leito carrocavel;Pleno dia;Ceu Claro;Automovel;Obito;3;1;5;1;1;1
Ingestao de substancias psicoativas pelo condutor;Saida de leito carrocavel;Pleno dia;Ceu Claro;Caminhao;Ileso;1;1;5;1;1;2
Ingestao de substancias psicoativas pelo condutor;Saida de leito carrocavel;Pleno dia;Ceu Claro;Caminhao;Obito;1;1;5;1;1;2
Ingestao de substancias psicoativas pelo condutor;Saida de leito carrocavel;Pleno dia;Ceu Claro;Caminhao-trator;Ileso;1;1;5;1;1;2
Ingestao de substancias psicoativas pelo condutor;Saida de leito carrocavel;Pleno dia;Ceu Claro;Caminhao-trator;Lesoes Leves;1;1;5;1;1;2
Ingestao de substancias psicoativas pelo condutor;Saida de leito carrocavel;Pleno dia;Ceu Claro;Caminhonete;Lesoes Graves;1;1;5;1;1;2
Ingestao de substancias psicoativas pelo condutor;Saida de leito carrocavel;Pleno dia;Ceu Claro;Caminhonete;Lesoes Leves;1;1;5;1;1;2
Ingestao de substancias psicoativas pelo condutor;Saida de leito carrocavel;Pleno dia;Ceu Claro;Caminhonete;Obito;1;1;5;1;1;2
Ingestao de substancias psicoativas pelo condutor;Saida de leito carrocavel;Pleno dia;Ceu Claro;Nao Informado;Ileso;1;1;5;1;1;3
Ingestao de substancias psicoativas pelo condutor;Saida de leito carrocavel;Pleno dia;Ceu Claro;Onibus;Ileso;9;1;5;1;1;3
Ingestao de substancias psicoativas pelo condutor;Saida de leito carrocavel;Pleno dia;Ceu Claro;Onibus;Lesoes Graves;1;1;5;1;1;3
Ingestao de substancias psicoativas pelo condutor;Saida de leito carrocavel;Pleno dia;Ceu Claro;Onibus;Lesoes Leves;5;1;5;1;1;3
Ingestao de substancias psicoativas pelo condutor;Saida de leito carrocavel;Pleno dia;Chuva;Nao Informado;Lesoes Leves;1;1;5;1;2;3
Ingestao de substancias psicoativas pelo condutor;Saida de leito carrocavel;Pleno dia;Garoa/Chuvisco;Automovel;Ileso;1;1;5;1;3;1
Ingestao de substancias psicoativas pelo condutor;Saida de leito carrocavel;Pleno dia;Garoa/Chuvisco;Automovel;Lesoes Graves;2;1;5;1;3;1
Ingestao de substancias psicoativas pelo condutor;Saida de leito carrocavel;Pleno dia;Garoa/Chuvisco;Automovel;Lesoes Leves;2;1;5;1;3;1
Ingestao de substancias psicoativas pelo condutor;Tombamento;Amanhecer;Ceu Claro;Caminhao-trator;Ileso;4;1;5;4;1;2
Ingestao de substancias psicoativas pelo condutor;Tombamento;Amanhecer;Ceu Claro;Caminhao-trator;Lesoes Graves;5;1;5;4;1;2
Ingestao de substancias psicoativas pelo condutor;Tombamento;Amanhecer;Ceu Claro;Caminhao-trator;Lesoes Leves;2;1;5;4;1;2
Ingestao de substancias psicoativas pelo condutor;Tombamento;Amanhecer;Ceu Claro;Onibus;Lesoes Graves;18;1;5;4;1;3
Ingestao de substancias psicoativas pelo condutor;Tombamento;Amanhecer;Ceu Claro;Onibus;Lesoes Leves;22;1;5;4;1;3
Ingestao de substancias psicoativas pelo condutor;Tombamento;Amanhecer;Ceu Claro;Onibus;Obito;6;1;5;4;1;3
Ingestao de substancias psicoativas pelo condutor;Tombamento;Plena Noite;Ceu Claro;Automovel;Ileso;1;1;5;2;1;1
Ingestao de substancias psicoativas pelo condutor;Tombamento;Plena Noite;Ceu Claro;Caminhao-trator;Ileso;1;1;5;2;1;2
Ingestao de substancias psicoativas pelo condutor;Tombamento;Plena Noite;Ceu Claro;Motocicleta;Lesoes Graves;1;1;5;2;1;1
Ingestao de substancias psicoativas pelo condutor;Tombamento;Plena Noite;Ceu Claro;Motocicleta;Lesoes Leves;1;1;5;2;1;1
Ingestao de substancias psicoativas pelo condutor;Tombamento;Pleno dia;Ceu Claro;Automovel;Lesoes Graves;1;1;5;1;1;1
Ingestao de substancias psicoativas pelo condutor;Tombamento;Pleno dia;Ceu Claro;Automovel;Obito;3;1;5;1;1;1
Ingestao de substancias psicoativas pelo condutor;Tombamento;Pleno dia;Ceu Claro;Caminhao;Ileso;1;1;5;1;1;2
Ingestao de substancias psicoativas pelo condutor;Tombamento;Pleno dia;Ceu Claro;Caminhao;Obito;1;1;5;1;1;2
Ingestao de substancias psicoativas pelo condutor;Tombamento;Pleno dia;Ceu Claro;Caminhao-trator;Lesoes Leves;1;1;5;1;1;2
Ingestao de substancias psicoativas pelo condutor;Tombamento;Pleno dia;Ceu Claro;Motocicleta;Lesoes Leves;1;1;5;1;1;1
Ingestao de substancias psicoativas pelo condutor;Tombamento;Pleno dia;Sol;Motocicleta;Lesoes Graves;1;1;5;1;3;1
Ingestao de substancias psicoativas pelo condutor;Tombamento;Pleno dia;Sol;Motoneta;Lesoes Leves;1;1;5;1;3;3
Mal subito do condutor;Atropelamento de Pedestre;Plena Noite;Ceu Claro;Automovel;Obito;1;2;4;2;1;1
Mal subito do condutor;Atropelamento de Pedestre;Plena Noite;Ceu Claro;Bicicleta;Obito;1;2;4;2;1;3
Mal subito do condutor;Atropelamento de Pedestre;Plena Noite;Ceu Claro;Caminhao-trator;Ileso;2;2;4;2;1;2
Mal subito do condutor;Capotamento;Anoitecer;Ceu Claro;Caminhonete;Obito;2;2;5;4;1;2
Mal subito do condutor;Capotamento;Plena Noite;Ceu Claro;Automovel;Ileso;4;2;5;2;1;1
Mal subito do condutor;Capotamento;Plena Noite;Ceu Claro;Automovel;Lesoes Graves;2;2;5;2;1;1
Mal subito do condutor;Capotamento;Plena Noite;Ceu Claro;Automovel;Lesoes Leves;3;2;5;2;1;1
Mal subito do condutor;Capotamento;Plena Noite;Ceu Claro;Automovel;Obito;1;2;5;2;1;1
Mal subito do condutor;Capotamento;Plena Noite;Ceu Claro;Caminhao;Ileso;1;2;5;2;1;2
Mal subito do condutor;Capotamento;Plena Noite;Chuva;Automovel;Lesoes Graves;1;2;5;2;2;1
Mal subito do condutor;Capotamento;Pleno dia;Ceu Claro;Automovel;Lesoes Graves;3;2;5;1;1;1
Mal subito do condutor;Capotamento;Pleno dia;Ceu Claro;Automovel;Lesoes Leves;6;2;5;1;1;1
Mal subito do condutor;Capotamento;Pleno dia;Ceu Claro;Automovel;Obito;1;2;5;1;1;1
Mal subito do condutor;Capotamento;Pleno dia;Ceu Claro;Caminhao-trator;Ileso;1;2;5;1;1;2
Mal subito do condutor;Capotamento;Pleno dia;Ceu Claro;Caminhao-trator;Lesoes Leves;1;2;5;1;1;2
Mal subito do condutor;Capotamento;Pleno dia;Ceu Claro;Caminhao-trator;Obito;1;2;5;1;1;2
Mal subito do condutor;Capotamento;Pleno dia;Ceu Claro;Micro-onibus;Lesoes Graves;3;2;5;1;1;4
Mal subito do condutor;Capotamento;Pleno dia;Ceu Claro;Micro-onibus;Lesoes Leves;3;2;5;1;1;4
Mal subito do condutor;Capotamento;Pleno dia;Ceu Claro;Micro-onibus;Obito;2;2;5;1;1;4
Mal subito do condutor;Capotamento;Pleno dia;Ceu Claro;Motocicleta;Obito;1;2;5;1;1;1
Mal subito do condutor;Capotamento;Pleno dia;Ceu Claro;Nao Informado;Lesoes Graves;1;2;5;1;1;3
Mal subito do condutor;Capotamento;Pleno dia;Chuva;Automovel;Lesoes Leves;2;2;5;1;2;1
Mal subito do condutor;Capotamento;Pleno dia;Chuva;Caminhonete;Obito;1;2;5;1;2;2
Mal subito do condutor;Capotamento;Pleno dia;Garoa/Chuvisco;Automovel;Lesoes Leves;2;2;5;1;3;1
Mal subito do condutor;Capotamento;Pleno dia;Nublado;Automovel;Lesoes Leves;3;2;5;1;2;1
Mal subito do condutor;Capotamento;Pleno dia;Nublado;Caminhonete;Ileso;1;2;5;1;2;2
Mal subito do condutor;Capotamento;Pleno dia;Nublado;Caminhonete;Lesoes Graves;1;2;5;1;2;2
Mal subito do condutor;Capotamento;Pleno dia;Nublado;Caminhonete;Lesoes Leves;2;2;5;1;2;2
Mal subito do condutor;Capotamento;Pleno dia;Nublado;Utilitario;Obito;1;2;5;1;2;3
Mal subito do condutor;Capotamento;Pleno dia;Sol;Automovel;Ileso;3;2;5;1;3;1
Mal subito do condutor;Capotamento;Pleno dia;Sol;Automovel;Lesoes Graves;1;2;5;1;3;1
Mal subito do condutor;Capotamento;Pleno dia;Sol;Automovel;Lesoes Leves;2;2;5;1;3;1
Mal subito do condutor;Capotamento;Pleno dia;Sol;Utilitario;Lesoes Graves;1;2;5;1;3;3
Mal subito do condutor;Colisao com objeto;Amanhecer;Ceu Claro;Automovel;Obito;1;2;5;4;1;1
Mal subito do condutor;Colisao com objeto;Amanhecer;Ceu Claro;Caminhao-trator;Ileso;1;2;5;4;1;2
Mal subito do condutor;Colisao com objeto;Amanhecer;Ceu Claro;Motocicleta;Obito;1;2;5;4;1;1
Mal subito do condutor;Colisao com objeto;Amanhecer;Chuva;Caminhao;Lesoes Leves;1;2;5;4;2;2
Mal subito do condutor;Colisao com objeto;Amanhecer;Nublado;Automovel;Lesoes Leves;1;2;5;4;2;1
Mal subito do condutor;Colisao com objeto;Amanhecer;Nublado;Caminhao-trator;Lesoes Leves;1;2;5;4;2;2
Mal subito do condutor;Colisao com objeto;Anoitecer;Ceu Claro;Automovel;Lesoes Leves;1;2;5;4;1;1
Mal subito do condutor;Colisao com objeto;Plena Noite;Ceu Claro;Automovel;Ileso;4;2;5;2;1;1
Mal subito do condutor;Colisao com objeto;Plena Noite;Ceu Claro;Automovel;Lesoes Graves;1;2;5;2;1;1
Mal subito do condutor;Colisao com objeto;Plena Noite;Ceu Claro;Automovel;Lesoes Leves;3;2;5;2;1;1
Mal subito do condutor;Colisao com objeto;Plena Noite;Ceu Claro;Motoneta;Lesoes Graves;1;2;5;2;1;3
Mal subito do condutor;Colisao com objeto;Plena Noite;Chuva;Caminhao;Ileso;2;2;5;2;2;2
Mal subito do condutor;Colisao com objeto;Plena Noite;Chuva;Caminhao;Obito;3;2;5;2;2;2
Mal subito do condutor;Colisao com objeto;Plena Noite;Chuva;Onibus;Ileso;33;2;5;2;2;3
Mal subito do condutor;Colisao com objeto;Plena Noite;Chuva;Onibus;Lesoes Graves;9;2;5;2;2;3
Mal subito do condutor;Colisao com objeto;Plena Noite;Chuva;Onibus;Lesoes Leves;5;2;5;2;2;3
Mal subito do condutor;Colisao com objeto;Plena Noite;Garoa/Chuvisco;Automovel;Lesoes Graves;2;2;5;2;3;1
Mal subito do condutor;Colisao com objeto;Plena Noite;Garoa/Chuvisco;Automovel;Lesoes Leves;1;2;5;2;3;1
Mal subito do condutor;Colisao com objeto;Plena Noite;Garoa/Chuvisco;Caminhonete;Lesoes Graves;1;2;5;2;3;2
Mal subito do condutor;Colisao com objeto;Plena Noite;Garoa/Chuvisco;Caminhonete;Lesoes Leves;1;2;5;2;3;2
Mal subito do condutor;Colisao com objeto;Plena Noite;Garoa/Chuvisco;Onibus;Ileso;4;2;5;2;3;3
Mal subito do condutor;Colisao com objeto;Plena Noite;Nublado;Automovel;Lesoes Leves;1;2;5;2;2;1
Mal subito do condutor;Colisao com objeto;Plena Noite;Nublado;Motocicleta;Lesoes Graves;1;2;5;2;2;1
Mal subito do condutor;Colisao com objeto;Plena Noite;Nublado;Motocicleta;Obito;1;2;5;2;2;1
Mal subito do condutor;Colisao com objeto;Pleno dia;Ceu Claro;Automovel;Ileso;4;2;5;1;1;1
Mal subito do condutor;Colisao com objeto;Pleno dia;Ceu Claro;Automovel;Lesoes Graves;8;2;5;1;1;1
Mal subito do condutor;Colisao com objeto;Pleno dia;Ceu Claro;Automovel;Lesoes Leves;13;2;5;1;1;1
Mal subito do condutor;Colisao com objeto;Pleno dia;Ceu Claro;Automovel;Obito;1;2;5;1;1;1
Mal subito do condutor;Colisao com objeto;Pleno dia;Ceu Claro;Caminhao;Ileso;1;2;5;1;1;2
Mal subito do condutor;Colisao com objeto;Pleno dia;Ceu Claro;Caminhao;Lesoes Leves;1;2;5;1;1;2
Mal subito do condutor;Colisao com objeto;Pleno dia;Ceu Claro;Caminhao-trator;Ileso;5;2;5;1;1;2
Mal subito do condutor;Colisao com objeto;Pleno dia;Ceu Claro;Caminhao-trator;Lesoes Graves;1;2;5;1;1;2
Mal subito do condutor;Colisao com objeto;Pleno dia;Ceu Claro;Caminhao-trator;Lesoes Leves;7;2;5;1;1;2
Mal subito do condutor;Colisao com objeto;Pleno dia;Ceu Claro;Caminhonete;Ileso;2;2;5;1;1;2