causa_acidente;tipo_acidente;fase_dia;condicao_metereologica;tipo_veiculo;estado_fisico;count;causa_acidente_criterios;tipo_acidente_criterios;fase_dia_criterios;condicao_metereologica_criterios;tipo_veiculo_criterios
Mal subito do condutor;Colisao com objeto;Pleno dia;Ceu Claro;Caminhonete;Lesoes Leves;2;2;5;1;1;2
Mal subito do condutor;Colisao com objeto;Pleno dia;Ceu Claro;Caminhonete;Obito;3;2;5;1;1;2
Mal subito do condutor;Colisao com objeto;Pleno dia;Ceu Claro;Micro-onibus;Lesoes Graves;3;2;5;1;1;4
Mal subito do condutor;Colisao com objeto;Pleno dia;Ceu Claro;Micro-onibus;Lesoes Leves;3;2;5;1;1;4
Mal subito do condutor;Colisao com objeto;Pleno dia;Ceu Claro;Micro-onibus;Obito;2;2;5;1;1;4
Mal subito do condutor;Colisao com objeto;Pleno dia;Ceu Claro;Motocicleta;Lesoes Graves;1;2;5;1;1;1
Mal subito do condutor;Colisao com objeto;Pleno dia;Ceu Claro;Motocicleta;Lesoes Leves;3;2;5;1;1;1
Mal subito do condutor;Colisao com objeto;Pleno dia;Ceu Claro;Motocicleta;Obito;2;2;5;1;1;1
Mal subito do condutor;Colisao com objeto;Pleno dia;Ceu Claro;Nao Informado;Ileso;1;2;5;1;1;3
Mal subito do condutor;Colisao com objeto;Pleno dia;Ceu Claro;Nao Informado;Lesoes Graves;2;2;5;1;1;3
Mal subito do condutor;Colisao com objeto;Pleno dia;Ceu Claro;Nao Informado;Obito;1;2;5;1;1;3
Mal subito do condutor;Colisao com objeto;Pleno dia;Ceu Claro;Utilitario;Obito;1;2;5;1;1;3
Mal subito do condutor;Colisao com objeto;Pleno dia;Chuva;Automovel;Ileso;1;2;5;1;2;1
Mal subito do condutor;Colisao com objeto;Pleno dia;Chuva;Automovel;Lesoes Leves;2;2;5;1;2;1
Mal subito do condutor;Colisao com objeto;Pleno dia;Chuva;Caminhonete;Obito;2;2;5;1;2;2
Mal subito do condutor;Colisao com objeto;Pleno dia;Chuva;Micro-onibus;Obito;1;2;5;1;2;4
Mal subito do condutor;Colisao com objeto;Pleno dia;Chuva;Motocicleta;Lesoes Graves;1;2;5;1;2;1
Mal subito do condutor;Colisao com objeto;Pleno dia;Chuva;Motocicleta;Lesoes Leves;1;2;5;1;2;1
Mal subito do condutor;Colisao com objeto;Pleno dia;Nublado;Automovel;Ileso;6;2;5;1;2;1
Mal subito do condutor;Colisao com objeto;Pleno dia;Nublado;Automovel;Lesoes Graves;1;2;5;1;2;1
Mal subito do condutor;Colisao com objeto;Pleno dia;Nublado;Automovel;Lesoes Leves;7;2;5;1;2;1
Mal subito do condutor;Colisao com objeto;Pleno dia;Nublado;Caminhao;Ileso;2;2;5;1;2;2
Mal subito do condutor;Colisao com objeto;Pleno dia;Nublado;Caminhao;Lesoes Leves;5;2;5;1;2;2
Mal subito do condutor;Colisao com objeto;Pleno dia;Nublado;Caminhao-trator;Ileso;2;2;5;1;2;2
Mal subito do condutor;Colisao com objeto;Pleno dia;Nublado;Caminhao-trator;Lesoes Leves;1;2;5;1;2;2
Mal subito do condutor;Colisao com objeto;Pleno dia;Nublado;Caminhonete;Lesoes Graves;2;2;5;1;2;2
Mal subito do condutor;Colisao com objeto;Pleno dia;Nublado;Caminhonete;Obito;2;2;5;1;2;2
Mal subito do condutor;Colisao com objeto;Pleno dia;Nublado;Utilitario;Obito;1;2;5;1;2;3
Mal subito do condutor;Colisao com objeto;Pleno dia;Sol;Automovel;Ileso;2;2;5;1;3;1
Mal subito do condutor;Colisao com objeto;Pleno dia;Sol;Automovel;Lesoes Graves;1;2;5;1;3;1
Mal subito do condutor;Colisao com objeto;Pleno dia;Sol;Automovel;Lesoes Leves;2;2;5;1;3;1
Mal subito do condutor;Colisao com objeto;Pleno dia;Sol;Caminhao;Ileso;1;2;5;1;3;2
Mal subito do condutor;Colisao com objeto;Pleno dia;Sol;Motocicleta;Lesoes Graves;1;2;5;1;3;1
Mal subito do condutor;Colisao frontal;Anoitecer;Ceu Claro;Automovel;Lesoes Graves;1;2;5;4;1;1
Mal subito do condutor;Colisao frontal;Anoitecer;Ceu Claro;Automovel;Obito;1;2;5;4;1;1
Mal subito do condutor;Colisao frontal;Anoitecer;Ceu Claro;Caminhao;Ileso;1;2;5;4;1;2
Mal subito do condutor;Colisao frontal;Anoitecer;Ceu Claro;Onibus;Ileso;1;2;5;4;1;3
Mal subito do condutor;Colisao frontal;Plena Noite;Ceu Claro;Automovel;Ileso;1;2;5;2;1;1
Mal subito do condutor;Colisao frontal;Plena Noite;Ceu Claro;Automovel;Lesoes Graves;2;2;5;2;1;1
Mal subito do condutor;Colisao frontal;Plena Noite;Ceu Claro;Automovel;Lesoes Leves;5;2;5;2;1;1
Mal subito do condutor;Colisao frontal;Plena Noite;Ceu Claro;Automovel;Obito;2;2;5;2;1;1
Mal subito do condutor;Colisao frontal;Plena Noite;Ceu Claro;Bicicleta;Lesoes Graves;1;2;5;2;1;3
Mal subito do condutor;Colisao frontal;Plena Noite;Ceu Claro;Caminhao;Ileso;2;2;5;2;1;2
Mal subito do condutor;Colisao frontal;Plena Noite;Ceu Claro;Caminhao-trator;Ileso;3;2;5;2;1;2
Mal subito do condutor;Colisao frontal;Plena Noite;Ceu Claro;Motocicleta;Obito;1;2;5;2;1;1
Mal subito do condutor;Colisao frontal;Plena Noite;Garoa/Chuvisco;Automovel;Lesoes Graves;2;2;5;2;3;1
Mal subito do condutor;Colisao frontal;Plena Noite;Garoa/Chuvisco;Automovel;Obito;1;2;5;2;3;1
Mal subito do condutor;Colisao frontal;Plena Noite;Garoa/Chuvisco;Micro-onibus;Ileso;9;2;5;2;3;4
Mal subito do condutor;Colisao frontal;Plena Noite;Nublado;Caminhao-trator;Lesoes Leves;1;2;5;2;2;2
Mal subito do condutor;Colisao frontal;Plena Noite;Nublado;Utilitario;Obito;1;2;5;2;2;3
Mal subito do condutor;Colisao frontal;Pleno dia;Ceu Claro;Automovel;Ileso;8;2;5;1;1;1
Mal subito do condutor;Colisao frontal;Pleno dia;Ceu Claro;Automovel;Lesoes Graves;7;2;5;1;1;1
Mal subito do condutor;Colisao frontal;Pleno dia;Ceu Claro;Automovel;Lesoes Leves;32;2;5;1;1;1
Mal subito do condutor;Colisao frontal;Pleno dia;Ceu Claro;Automovel;Obito;3;2;5;1;1;1
Mal subito do condutor;Colisao frontal;Pleno dia;Ceu Claro;Bicicleta;Lesoes Leves;2;2;5;1;1;3
Mal subito do condutor;Colisao frontal;Pleno dia;Ceu Claro;Caminhao;Ileso;2;2;5;1;1;2
Mal subito do condutor;Colisao frontal;Pleno dia;Ceu Claro;Caminhao-trator;Ileso;10;2;5;1;1;2
Mal subito do condutor;Colisao frontal;Pleno dia;Ceu Claro;Caminhao-trator;Lesoes Leves;1;2;5;1;1;2
Mal subito do condutor;Colisao frontal;Pleno dia;Ceu Claro;Caminhonete;Ileso;4;2;5;1;1;2
Mal subito do condutor;Colisao frontal;Pleno dia;Ceu Claro;Caminhonete;Lesoes Graves;3;2;5;1;1;2
Mal subito do condutor;Colisao frontal;Pleno dia;Ceu Claro;Caminhonete;Lesoes Leves;6;2;5;1;1;2
Mal subito do condutor;Colisao frontal;Pleno dia;Ceu Claro;Caminhonete;Obito;1;2;5;1;1;2
Mal subito do condutor;Colisao frontal;Pleno dia;Ceu Claro;Motocicleta;Lesoes Leves;1;2;5;1;1;1
Mal subito do condutor;Colisao frontal;Pleno dia;Ceu Claro;Nao Informado;Ileso;1;2;5;1;1;3
Mal subito do condutor;Colisao frontal;Pleno dia;Ceu Claro;Nao Informado;Lesoes Graves;2;2;5;1;1;3
Mal subito do condutor;Colisao frontal;Pleno dia;Ceu Claro;Nao Informado;Lesoes Leves;1;2;5;1;1;3
Mal subito do condutor;Colisao frontal;Pleno dia;Ceu Claro;Nao Informado;Obito;1;2;5;1;1;3
Mal subito do condutor;Colisao frontal;Pleno dia;Ceu Claro;Onibus;Ileso;9;2;5;1;1;3
Mal subito do condutor;Colisao frontal;Pleno dia;Ceu Claro;Onibus;Lesoes Graves;1;2;5;1;1;3
Mal subito do condutor;Colisao frontal;Pleno dia;Ceu Claro;Onibus;Lesoes Leves;5;2;5;1;1;3
Mal subito do condutor;Colisao frontal;Pleno dia;Chuva;Automovel;Obito;1;2;5;1;2;1
Mal subito do condutor;Colisao frontal;Pleno dia;Chuva;Caminhao;Lesoes Leves;1;2;5;1;2;2
Mal subito do condutor;Colisao frontal;Pleno dia;Chuva;Caminhao-trator;Lesoes Graves;1;2;5;1;2;2
Mal subito do condutor;Colisao frontal;Pleno dia;Chuva;Caminhao-trator;Lesoes Leves;1;2;5;1;2;2
Mal subito do condutor;Colisao frontal;Pleno dia;Garoa/Chuvisco;Caminhao-trator;Ileso;1;2;5;1;3;2
Mal subito do condutor;Colisao frontal;Pleno dia;Garoa/Chuvisco;Caminhonete;Obito;1;2;5;1;3;2
Mal subito do condutor;Colisao frontal;Pleno dia;Nublado;Automovel;Obito;1;2;5;1;2;1
Mal subito do condutor;Colisao frontal;Pleno dia;Nublado;Caminhao;Lesoes Leves;2;2;5;1;2;2
Mal subito do condutor;Colisao frontal;Pleno dia;Nublado;Caminhao-trator;Ileso;1;2;5;1;2;2
Mal subito do condutor;Colisao frontal;Pleno dia;Nublado;Caminhonete;Lesoes Graves;1;2;5;1;2;2
Mal subito do condutor;Colisao frontal;Pleno dia;Nublado;Caminhonete;Obito;1;2;5;1;2;2
Mal subito do condutor;Colisao frontal;Pleno dia;Sol;Automovel;Lesoes Graves;3;2;5;1;3;1
Mal subito do condutor;Colisao frontal;Pleno dia;Sol;Automovel;Lesoes Leves;3;2;5;1;3;1
Mal subito do condutor;Colisao frontal;Pleno dia;Sol;Automovel;Obito;2;2;5;1;3;1
Mal subito do condutor;Colisao frontal;Pleno dia;Sol;Caminhao;Ileso;1;2;5;1;3;2
Mal subito do condutor;Colisao frontal;Pleno dia;Sol;Caminhao-trator;Ileso;4;2;5;1;3;2
Mal subito do condutor;Colisao frontal;Pleno dia;Sol;Caminhonete;Ileso;1;2;5;1;3;2
Mal subito do condutor;Colisao frontal;Pleno dia;Sol;Caminhonete;Lesoes Leves;2;2;5;1;3;2
Mal subito do condutor;Colisao lateral mesmo sentido;Plena Noite;Ceu Claro;Automovel;Ileso;4;2;5;2;1;1
Mal subito do condutor;Colisao lateral mesmo sentido;Plena Noite;Ceu Claro;Automovel;Lesoes Leves;1;2;5;2;1;1
Mal subito do condutor;Colisao lateral mesmo sentido;Plena Noite;Ceu Claro;Caminhao;Ileso;1;2;5;2;1;2
Mal subito do condutor;Colisao lateral mesmo sentido;Plena Noite;Ceu Claro;Motocicleta;Lesoes Graves;1;2;5;2;1;1
Mal subito do condutor;Colisao lateral mesmo sentido;Pleno dia;Ceu Claro;Automovel;Ileso;5;2;5;1;1;1
Mal subito do condutor;Colisao lateral mesmo sentido;Pleno dia;Ceu Claro;Automovel;Lesoes Leves;4;2;5;1;1;1
Mal subito do condutor;Colisao lateral mesmo sentido;Pleno dia;Ceu Claro;Caminhao-trator;Ileso;1;2;5;1;1;2
Mal subito do condutor;Colisao lateral mesmo sentido;Pleno dia;Ceu Claro;Caminhao-trator;Lesoes Leves;1;2;5;1;1;2
Mal subito do condutor;Colisao lateral mesmo sentido;Pleno dia;Ceu Claro;Caminhonete;Lesoes Leves;1;2;5;1;1;2
Mal subito do condutor;Colisao lateral mesmo sentido;Pleno dia;Ceu Claro;Motocicleta;Lesoes Leves;1;2;5;1;1;1
Mal subito do condutor;Colisao lateral mesmo sentido;Pleno dia;Ceu Claro;Nao Informado;Ileso;2;2;5;1;1;3
Mal subito do condutor;Colisao lateral mesmo sentido;Pleno dia;Ceu Claro;Nao se aplica;Ileso;1;2;5;1;1;3
Mal subito do condutor;Colisao lateral mesmo sentido;Pleno dia;Chuva;Automovel;Ileso;1;2;5;1;2;1
Mal subito do condutor;Colisao lateral mesmo sentido;Pleno dia;Chuva;Caminhonete;Lesoes Leves;1;2;5;1;2;2
Mal subito do condutor;Colisao lateral mesmo sentido;Pleno dia;Nublado;Automovel;Ileso;2;2;5;1;2;1
Mal subito do condutor;Colisao lateral mesmo sentido;Pleno dia;Nublado;Caminhao-trator;Lesoes Leves;1;2;5;1;2;2
Mal subito do condutor;Colisao lateral sentido oposto;Amanhecer;Ceu Claro;Automovel;Obito;1;2;4;4;1;1
Mal subito do condutor;Colisao lateral sentido oposto;Amanhecer;Ceu Claro;Caminhao-trator;Ileso;1;2;4;4;1;2
Mal subito do condutor;Colisao lateral sentido oposto;Plena Noite;Ceu Claro;Automovel;Lesoes Graves;1;2;4;2;1;1
Mal subito do condutor;Colisao lateral sentido oposto;Plena Noite;Ceu Claro;Automovel;Lesoes Leves;1;2;4;2;1;1
Mal subito do condutor;Colisao lateral sentido oposto;Plena Noite;Ceu Claro;Automovel;Obito;1;2;4;2;1;1
Mal subito do condutor;Colisao lateral sentido oposto;Plena Noite;Ceu Claro;Caminhao;Ileso;2;2;4;2;1;2
Mal subito do condutor;Colisao lateral sentido oposto;Plena Noite;Ceu Claro;Caminhao-trator;Ileso;2;2;4;2;1;2
Mal subito do condutor;Colisao lateral sentido oposto;Plena Noite;Ceu Claro;Motocicleta;Lesoes Graves;1;2;4;2;1;1
Mal subito do condutor;Colisao lateral sentido oposto;Pleno dia;Ceu Claro;Automovel;Ileso;4;2;4;1;1;1
Mal subito do condutor;Colisao lateral sentido oposto;Pleno dia;Ceu Claro;Automovel;Lesoes Graves;5;2;4;1;1;1
Mal subito do condutor;Colisao lateral sentido oposto;Pleno dia;Ceu Claro;Automovel;Lesoes Leves;5;2;4;1;1;1
Mal subito do condutor;Colisao lateral sentido oposto;Pleno dia;Ceu Claro;Caminhao-trator;Ileso;5;2;4;1;1;2
Mal subito do condutor;Colisao lateral sentido oposto;Pleno dia;Ceu Claro;Caminhonete;Ileso;1;2;4;1;1;2
Mal subito do condutor;Colisao lateral sentido oposto;Pleno dia;Ceu Claro;Caminhonete;Lesoes Graves;2;2;4;1;1;2
Mal subito do condutor;Colisao lateral sentido oposto;Pleno dia;Ceu Claro;Caminhonete;Lesoes Leves;1;2;4;1;1;2
Mal subito do condutor;Colisao lateral sentido oposto;Pleno dia;Ceu Claro;Motocicleta;Lesoes Graves;1;2;4;1;1;1
Mal subito do condutor;Colisao lateral sentido oposto;Pleno dia;Ceu Claro;Nao Informado;Ileso;1;2;4;1;1;3
Mal subito do condutor;Colisao lateral sentido oposto;Pleno dia;Nublado;Automovel;Lesoes Leves;2;2;4;1;2;1
Mal subito do condutor;Colisao lateral sentido oposto;Pleno dia;Nublado;Caminhao;Ileso;1;2;4;1;2;2
Mal subito do condutor;Colisao lateral sentido oposto;Pleno dia;Nublado;Caminhao-trator;Ileso;1;2;4;1;2;2
Mal subito do condutor;Colisao lateral sentido oposto;Pleno dia;Nublado;Nao Informado;Lesoes Leves;5;2;4;1;2;3
Mal subito do condutor;Colisao lateral sentido oposto;Pleno dia;Nublado;Nao Informado;Obito;1;2;4;1;2;3
Mal subito do condutor;Colisao lateral sentido oposto;Pleno dia;Sol;Caminhonete;Ileso;2;2;4;1;3;2
Mal subito do condutor;Colisao lateral sentido oposto;Pleno dia;Sol;Motocicleta;Lesoes Leves;1;2;4;1;3;1
Mal subito do condutor;Colisao transversal;Anoitecer;Nublado;Automovel;Ileso;1;2;5;4;2;1
Mal subito do condutor;Colisao transversal;Anoitecer;Nublado;Caminhao;Ileso;1;2;5;4;2;2
Mal subito do condutor;Colisao transversal;Plena Noite;Nublado;Automovel;Ileso;1;2;5;2;2;1
Mal subito do condutor;Colisao transversal;Plena Noite;Nublado;Caminhonete;Ileso;1;2;5;2;2;2
Mal subito do condutor;Colisao transversal;Pleno dia;Ceu Claro;Automovel;Ileso;1;2;5;1;1;1
Mal subito do condutor;Colisao transversal;Pleno dia;Ceu Claro;Automovel;Lesoes Leves;1;2;5;1;1;1
Mal subito do condutor;Colisao transversal;Pleno dia;Ceu Claro;Caminhao;Ileso;1;2;5;1;1;2
Mal subito do condutor;Colisao transversal;Pleno dia;Ceu Claro;Caminhao-trator;Ileso;1;2;5;1;1;2
Mal subito do condutor;Colisao transversal;Pleno dia;Ceu Claro;Caminhao-trator;Lesoes Leves;1;2;5;1;1;2
Mal subito do condutor;Colisao transversal;Pleno dia;Ceu Claro;Caminhonete;Lesoes Graves;1;2;5;1;1;2
Mal subito do condutor;Colisao transversal;Pleno dia;Ceu Claro;Caminhonete;Lesoes Leves;1;2;5;1;1;2
Mal subito do condutor;Colisao transversal;Pleno dia;Nublado;Bicicleta;Lesoes Leves;1;2;5;1;2;3
Mal subito do condutor;Colisao transversal;Pleno dia;Nublado;Caminhonete;Ileso;2;2;5;1;2;2
Mal subito do condutor;Colisao transversal;Pleno dia;Sol;Caminhao-trator;Ileso;1;2;5;1;3;2
Mal subito do condutor;Colisao transversal;Pleno dia;Sol;Caminhao-trator;Lesoes Leves;1;2;5;1;3;2
Mal subito do condutor;Colisao traseira;Amanhecer;Nublado;Caminhao;Ileso;1;2;5;4;2;2
Mal subito do condutor;Colisao traseira;Amanhecer;Nublado;Caminhao;Lesoes Graves;1;2;5;4;2;2
Mal subito do condutor;Colisao traseira;Anoitecer;Nublado;Automovel;Ileso;1;2;5;4;2;1
Mal subito do condutor;Colisao traseira;Anoitecer;Nublado;Automovel;Lesoes Leves;1;2;5;4;2;1
Mal subito do condutor;Colisao traseira;Anoitecer;Nublado;Motocicleta;Lesoes Leves;1;2;5;4;2;1
Mal subito do condutor;Colisao traseira;Plena Noite;Ceu Claro;Automovel;Ileso;8;2;5;2;1;1
Mal subito do condutor;Colisao traseira;Plena Noite;Ceu Claro;Automovel;Lesoes Leves;3;2;5;2;1;1
Mal subito do condutor;Colisao traseira;Plena Noite;Ceu Claro;Bicicleta;Obito;1;2;5;2;1;3
Mal subito do condutor;Colisao traseira;Plena Noite;Ceu Claro;Caminhao-trator;Ileso;2;2;5;2;1;2
Mal subito do condutor;Colisao traseira;Plena Noite;Ceu Claro;Caminhonete;Ileso;1;2;5;2;1;2
Mal subito do condutor;Colisao traseira;Plena Noite;Garoa/Chuvisco;Automovel;Lesoes Graves;2;2;5;2;3;1
Mal subito do condutor;Colisao traseira;Plena Noite;Garoa/Chuvisco;Automovel;Lesoes Leves;1;2;5;2;3;1
Mal subito do condutor;Colisao traseira;Plena Noite;Garoa/Chuvisco;Onibus;Ileso;4;2;5;2;3;3
Mal subito do condutor;Colisao traseira;Plena Noite;Nublado;Automovel;Ileso;1;2;5;2;2;1
Mal subito do condutor;Colisao traseira;Plena Noite;Nublado;Motocicleta;Lesoes Graves;1;2;5;2;2;1
Mal subito do condutor;Colisao traseira;Pleno dia;Ceu Claro;Automovel;Ileso;8;2;5;1;1;1
Mal subito do condutor;Colisao traseira;Pleno dia;Ceu Claro;Automovel;Lesoes Graves;6;2;5;1;1;1
Mal subito do condutor;Colisao traseira;Pleno dia;Ceu Claro;Automovel;Lesoes Leves;10;2;5;1;1;1
Mal subito do condutor;Colisao traseira;Pleno dia;Ceu Claro;Bicicleta;Lesoes Leves;1;2;5;1;1;3
Mal subito do condutor;Colisao traseira;Pleno dia;Ceu Claro;Caminhao;Ileso;3;2;5;1;1;2
Mal subito do condutor;Colisao traseira;Pleno dia;Ceu Claro;Caminhao;Lesoes Leves;1;2;5;1;1;2
Mal subito do condutor;Colisao traseira;Pleno dia;Ceu Claro;Caminhao-trator;Ileso;5;2;5;1;1;2
Mal subito do condutor;Colisao traseira;Pleno dia;Ceu Claro;Caminhonete;Ileso;9;2;5;1;1;2
Mal subito do condutor;Colisao traseira;Pleno dia;Ceu Claro;Caminhonete;Lesoes Leves;4;2;5;1;1;2
Mal subito do condutor;Colisao traseira;Pleno dia;Ceu Claro;Caminhonete;Obito;1;2;5;1;1;2
Mal subito do condutor;Colisao traseira;Pleno dia;Ceu Claro;Motocicleta;Lesoes Leves;4;2;5;1;1;1
Mal subito do condutor;Colisao traseira;Pleno dia;Ceu Claro;Nao Informado;Ileso;2;2;5;1;1;3
Mal subito do condutor;Colisao traseira;Pleno dia;Ceu Claro;Onibus;Ileso;15;2;5;1;1;3
Mal subito do condutor;Colisao traseira;Pleno dia;Ceu Claro;Onibus;Lesoes Graves;2;2;5;1;1;3
Mal subito do condutor;Colisao traseira;Pleno dia;Ceu Claro;Onibus;Lesoes Leves;8;2;5;1;1;3
Mal subito do condutor;Colisao traseira;Pleno dia;Nublado;Automovel;Ileso;1;2;5;1;2;1
Mal subito do condutor;Colisao traseira;Pleno dia;Nublado;Caminhao;Ileso;1;2;5;1;2;2
Mal subito do condutor;Colisao traseira;Pleno dia;Sol;Automovel;Ileso;4;2;5;1;3;1
Mal subito do condutor;Colisao traseira;Pleno dia;Sol;Automovel;Lesoes Leves;2;2;5;1;3;1
Mal subito do condutor;Colisao traseira;Pleno dia;Sol;Utilitario;Lesoes Graves;1;2;5;1;3;3
Mal subito do condutor;Derramamento de carga;Plena Noite;Ceu Claro;Caminhao-trator;Lesoes Leves;2;2;3;2;1;2
Mal subito do condutor;Derramamento de carga;Pleno dia;Ceu Claro;Caminhao-trator;Lesoes Leves;3;2;3;1;1;2
Mal subito do condutor;Derramamento de carga;Pleno dia;Chuva;Automovel;Obito;1;2;3;1;2;1
Mal subito do condutor;Derramamento de carga;Pleno dia;Chuva;Caminhao;Lesoes Leves;1;2;3;1;2;2
Mal subito do condutor;Derramamento de carga;Pleno dia;Chuva;Caminhao-trator;Lesoes Graves;1;2;3;1;2;2
Mal subito do condutor;Derramamento de carga;Pleno dia;Chuva;Caminhao-trator;Lesoes Leves;1;2;3;1;2;2
Mal subito do condutor;Derramamento de carga;Pleno dia;Garoa/Chuvisco;Caminhao-trator;Ileso;1;2;3;1;3;2
Mal subito do condutor;Derramamento de carga;Pleno dia;Garoa/Chuvisco;Caminhonete;Obito;1;2;3;1;3;2
Mal subito do condutor;Engavetamento;Anoitecer;Garoa/Chuvisco;Automovel;Ileso;5;2;3;4;3;1
Mal subito do condutor;Engavetamento;Anoitecer;Garoa/Chuvisco;Automovel;Lesoes Leves;3;2;3;4;3;1
Mal subito do condutor;Engavetamento;Plena Noite;Nublado;Automovel;Lesoes Leves;3;2;3;2;2;1
Mal subito do condutor;Engavetamento;Pleno dia;Ceu Claro;Automovel;Ileso;3;2;3;1;1;1
Mal subito do condutor;Engavetamento;Pleno dia;Ceu Claro;Automovel;Lesoes Leves;1;2;3;1;1;1
Mal subito do condutor;Engavetamento;Pleno dia;Ceu Claro;Caminhao;Ileso;1;2;3;1;1;2
Mal subito do condutor;Engavetamento;Pleno dia;Ceu Claro;Caminhonete;Ileso;1;2;3;1;1;2
Mal subito do condutor;Engavetamento;Pleno dia;Ceu Claro;Micro-onibus;Obito;1;2;3;1;1;4
Mal subito do condutor;Engavetamento;Pleno dia;Ceu Claro;Motocicleta;Ileso;1;2;3;1;1;1
Mal subito do condutor;Eventos atipicos;Plena Noite;Nublado;Automovel;Ileso;1;2;2;2;2;1
Mal subito do condutor;Eventos atipicos;Plena Noite;Nublado;Caminhonete;Ileso;1;2;2;2;2;2
Mal subito do condutor;Eventos atipicos;Pleno dia;Ceu Claro;Bicicleta;Lesoes Graves;1;2;2;1;1;3
Mal subito do condutor;Eventos atipicos;Pleno dia;Ceu Claro;Caminhao-trator;Obito;1;2;2;1;1;2
Mal subito do condutor;Incendio;Plena Noite;Ceu Claro;Automovel;Lesoes Leves;1;2;2;2;1;1
Mal subito do condutor;Incendio;Plena Noite;Ceu Claro;Caminhao-trator;Ileso;1;2;2;2;1;2
Mal subito do condutor;Incendio;Pleno dia;Ceu Claro;Caminhao-trator;Lesoes Leves;1;2;2;1;1;2
Mal subito do condutor;Incendio;Pleno dia;Chuva;Automovel;Obito;1;2;2;1;2;1
Mal subito do condutor;Incendio;Pleno dia;Chuva;Caminhao;Lesoes Leves;1;2;2;1;2;2
Mal subito do condutor;Incendio;Pleno dia;Garoa/Chuvisco;Caminhao-trator;Ileso;1;2;2;1;3;2
Mal subito do condutor;Incendio;Pleno dia;Garoa/Chuvisco;Caminhonete;Obito;1;2;2;1;3;2
Mal subito do condutor;Incendio;Pleno dia;Nublado;Caminhao-trator;Ileso;1;2;2;1;2;2
Mal subito do condutor;Queda de ocupante de veiculo;Amanhecer;Ceu Claro;Motocicleta;Obito;1;2;5;4;1;1
Mal subito do condutor;Queda de ocupante de veiculo;Amanhecer;Nublado;Bicicleta;Lesoes Leves;1;2;5;4;2;3
Mal subito do condutor;Queda de ocupante de veiculo;Anoitecer;Ceu Claro;Motocicleta;Lesoes Leves;1;2;5;4;1;1
Mal subito do condutor;Queda de ocupante de veiculo;Anoitecer;Chuva;Motocicleta;Lesoes Graves;1;2;5;4;2;1
Mal subito do condutor;Queda de ocupante de veiculo;Anoitecer;Nublado;Automovel;Ileso;1;2;5;4;2;1
Mal subito do condutor;Queda de ocupante de veiculo;Anoitecer;Nublado;Automovel;Lesoes Leves;1;2;5;4;2;1
Mal subito do condutor;Queda de ocupante de veiculo;Anoitecer;Nublado;Motocicleta;Lesoes Leves;1;2;5;4;2;1
Mal subito do condutor;Queda de ocupante de veiculo;Plena Noite;Ceu Claro;Bicicleta;Lesoes Graves;1;2;5;2;1;3
Mal subito do condutor;Queda de ocupante de veiculo;Plena Noite;Ceu Claro;Bicicleta;Obito;1;2;5;2;1;3
Mal subito do condutor;Queda de ocupante de veiculo;Plena Noite;Ceu Claro;Caminhao;Ileso;1;2;5;2;1;2
Mal subito do condutor;Queda de ocupante de veiculo;Plena Noite;Ceu Claro;Caminhao-trator;Ileso;2;2;5;2;1;2
Mal subito do condutor;Queda de ocupante de veiculo;Plena Noite;Ceu Claro;Ciclomotor;Lesoes Leves;2;2;5;2;1;4
Mal subito do condutor;Queda de ocupante de veiculo;Plena Noite;Ceu Claro;Motocicleta;Ileso;1;2;5;2;1;1
Mal subito do condutor;Queda de ocupante de veiculo;Plena Noite;Ceu Claro;Motocicleta;Lesoes Graves;3;2;5;2;1;1
Mal subito do condutor;Queda de ocupante de veiculo;Plena Noite;Ceu Claro;Motocicleta;Lesoes Leves;2;2;5;2;1;1
Mal subito do condutor;Queda de ocupante de veiculo;Plena Noite;Ceu Claro;Motocicleta;Obito;2;2;5;2;1;1
Mal subito do condutor;Queda de ocupante de veiculo;Plena Noite;Ceu Claro;Motoneta;Lesoes Graves;1;2;5;2;1;3
Mal subito do condutor;Queda de ocupante de veiculo;Plena Noite;Garoa/Chuvisco;Motocicleta;Lesoes Graves;1;2;5;2;3;1
Mal subito do condutor;Queda de ocupante de veiculo;Plena Noite;Garoa/Chuvisco;Motocicleta;Lesoes Leves;1;2;5;2;3;1
Mal subito do condutor;Queda de ocupante de veiculo;Plena Noite;Nublado;Automovel;Ileso;1;2;5;2;2;1
Mal subito do condutor;Queda de ocupante de veiculo;Plena Noite;Nublado;Motocicleta;Lesoes Graves;3;2;5;2;2;1
Mal subito do condutor;Queda de ocupante de veiculo;Plena Noite;Nublado;Motocicleta;Obito;1;2;5;2;2;1
Mal subito do condutor;Queda de ocupante de veiculo;Pleno dia;Ceu Claro;Automovel;Ileso;3;2;5;1;1;1
Mal subito do condutor;Queda de ocupante de veiculo;Pleno dia;Ceu Claro;Bicicleta;Lesoes Leves;2;2;5;1;1;3
Mal subito do condutor;Queda de ocupante de veiculo;Pleno dia;Ceu Claro;Caminhao;Ileso;1;2;5;1;1;2
Mal subito do condutor;Queda de ocupante de veiculo;Pleno dia;Ceu Claro;Caminhao;Lesoes Leves;1;2;5;1;1;2
Mal subito do condutor;Queda de ocupante de veiculo;Pleno dia;Ceu Claro;Caminhonete;Ileso;1;2;5;1;1;2
Mal subito do condutor;Queda de ocupante de veiculo;Pleno dia;Ceu Claro;Micro-onibus;Lesoes Graves;3;2;5;1;1;4
Mal subito do condutor;Queda de ocupante de veiculo;Pleno dia;Ceu Claro;Micro-onibus;Lesoes Leves;3;2;5;1;1;4
Mal subito do condutor;Queda de ocupante de veiculo;Pleno dia;Ceu Claro;Micro-onibus;Obito;3;2;5;1;1;4
Mal subito do condutor;Queda de ocupante de veiculo;Pleno dia;Ceu Claro;Motocicleta;Ileso;1;2;5;1;1;1