causa_acidente;tipo_acidente;fase_dia;condicao_metereologica;tipo_veiculo;estado_fisico;count;causa_acidente_criterios;tipo_acidente_criterios;fase_dia_criterios;condicao_metereologica_criterios;tipo_veiculo_criterios
Mal subito do condutor;Queda de ocupante de veiculo;Pleno dia;Ceu Claro;Motocicleta;Lesoes Graves;7;2;5;1;1;1
Mal subito do condutor;Queda de ocupante de veiculo;Pleno dia;Ceu Claro;Motocicleta;Lesoes Leves;17;2;5;1;1;1
Mal subito do condutor;Queda de ocupante de veiculo;Pleno dia;Ceu Claro;Motocicleta;Obito;5;2;5;1;1;1
Mal subito do condutor;Queda de ocupante de veiculo;Pleno dia;Ceu Claro;Motoneta;Lesoes Leves;1;2;5;1;1;3
Mal subito do condutor;Queda de ocupante de veiculo;Pleno dia;Ceu Claro;Nao Informado;Ileso;1;2;5;1;1;3
Mal subito do condutor;Queda de ocupante de veiculo;Pleno dia;Ceu Claro;Triciclo;Lesoes Leves;1;2;5;1;1;5
Mal subito do condutor;Queda de ocupante de veiculo;Pleno dia;Chuva;Motocicleta;Lesoes Graves;1;2;5;1;2;1
Mal subito do condutor;Queda de ocupante de veiculo;Pleno dia;Chuva;Motocicleta;Lesoes Leves;2;2;5;1;2;1
Mal subito do condutor;Queda de ocupante de veiculo;Pleno dia;Ignorado;Motocicleta;Lesoes Graves;1;2;5;1;0;1
Mal subito do condutor;Queda de ocupante de veiculo;Pleno dia;Ignorado;Motocicleta;Lesoes Leves;1;2;5;1;0;1
Mal subito do condutor;Queda de ocupante de veiculo;Pleno dia;Nublado;Bicicleta;Lesoes Leves;1;2;5;1;2;3
Mal subito do condutor;Queda de ocupante de veiculo;Pleno dia;Nublado;Motocicleta;Lesoes Leves;1;2;5;1;2;1
Mal subito do condutor;Queda de ocupante de veiculo;Pleno dia;Nublado;Motoneta;Lesoes Graves;1;2;5;1;2;3
Mal subito do condutor;Queda de ocupante de veiculo;Pleno dia;Nublado;Motoneta;Lesoes Leves;1;2;5;1;2;3
Mal subito do condutor;Queda de ocupante de veiculo;Pleno dia;Nublado;Utilitario;Obito;1;2;5;1;2;3
Mal subito do condutor;Queda de ocupante de veiculo;Pleno dia;Sol;Bicicleta;Lesoes Leves;1;2;5;1;3;3
Mal subito do condutor;Queda de ocupante de veiculo;Pleno dia;Sol;Caminhonete;Ileso;2;2;5;1;3;2
Mal subito do condutor;Queda de ocupante de veiculo;Pleno dia;Sol;Motocicleta;Lesoes Leves;2;2;5;1;3;1
Mal subito do condutor;Queda de ocupante de veiculo;Pleno dia;Sol;Motoneta;Lesoes Leves;1;2;5;1;3;3
Mal subito do condutor;Saida de leito carrocavel;Amanhecer;Ceu Claro;Motocicleta;Obito;1;2;5;4;1;1
Mal subito do condutor;Saida de leito carrocavel;Amanhecer;Nublado;Automovel;Lesoes Leves;2;2;5;4;2;1
Mal subito do condutor;Saida de leito carrocavel;Amanhecer;Nublado;Caminhao;Ileso;1;2;5;4;2;2
Mal subito do condutor;Saida de leito carrocavel;Amanhecer;Nublado;Caminhao;Obito;1;2;5;4;2;2
Mal subito do condutor;Saida de leito carrocavel;Amanhecer;Nublado;Caminhao-trator;Lesoes Leves;1;2;5;4;2;2
Mal subito do condutor;Saida de leito carrocavel;Anoitecer;Ceu Claro;Automovel;Lesoes Leves;1;2;5;4;1;1
Mal subito do condutor;Saida de leito carrocavel;Anoitecer;Garoa/Chuvisco;Automovel;Ileso;5;2;5;4;3;1
Mal subito do condutor;Saida de leito carrocavel;Anoitecer;Garoa/Chuvisco;Automovel;Lesoes Leves;3;2;5;4;3;1
Mal subito do condutor;Saida de leito carrocavel;Anoitecer;Nublado;Nao Informado;Lesoes Leves;1;2;5;4;2;3
Mal subito do condutor;Saida de leito carrocavel;Plena Noite;Ceu Claro;Automovel;Ileso;4;2;5;2;1;1
Mal subito do condutor;Saida de leito carrocavel;Plena Noite;Ceu Claro;Automovel;Lesoes Graves;2;2;5;2;1;1
Mal subito do condutor;Saida de leito carrocavel;Plena Noite;Ceu Claro;Automovel;Lesoes Leves;7;2;5;2;1;1
Mal subito do condutor;Saida de leito carrocavel;Plena Noite;Ceu Claro;Automovel;Obito;1;2;5;2;1;1
Mal subito do condutor;Saida de leito carrocavel;Plena Noite;Ceu Claro;Caminhao;Ileso;1;2;5;2;1;2
Mal subito do condutor;Saida de leito carrocavel;Plena Noite;Ceu Claro;Caminhao;Lesoes Graves;1;2;5;2;1;2
Mal subito do condutor;Saida de leito carrocavel;Plena Noite;Ceu Claro;Caminhao;Lesoes Leves;2;2;5;2;1;2
Mal subito do condutor;Saida de leito carrocavel;Plena Noite;Ceu Claro;Caminhao-trator;Lesoes Leves;4;2;5;2;1;2
Mal subito do condutor;Saida de leito carrocavel;Plena Noite;Ceu Claro;Motoneta;Lesoes Graves;1;2;5;2;1;3
Mal subito do condutor;Saida de leito carrocavel;Plena Noite;Chuva;Automovel;Ileso;1;2;5;2;2;1
Mal subito do condutor;Saida de leito carrocavel;Plena Noite;Chuva;Automovel;Lesoes Graves;2;2;5;2;2;1
Mal subito do condutor;Saida de leito carrocavel;Plena Noite;Chuva;Caminhao;Obito;2;2;5;2;2;2
Mal subito do condutor;Saida de leito carrocavel;Plena Noite;Chuva;Onibus;Ileso;33;2;5;2;2;3
Mal subito do condutor;Saida de leito carrocavel;Plena Noite;Chuva;Onibus;Lesoes Graves;9;2;5;2;2;3
Mal subito do condutor;Saida de leito carrocavel;Plena Noite;Chuva;Onibus;Lesoes Leves;5;2;5;2;2;3
Mal subito do condutor;Saida de leito carrocavel;Plena Noite;Garoa/Chuvisco;Automovel;Lesoes Graves;2;2;5;2;3;1
Mal subito do condutor;Saida de leito carrocavel;Plena Noite;Garoa/Chuvisco;Automovel;Obito;1;2;5;2;3;1
Mal subito do condutor;Saida de leito carrocavel;Plena Noite;Garoa/Chuvisco;Micro-onibus;Ileso;9;2;5;2;3;4
Mal subito do condutor;Saida de leito carrocavel;Plena Noite;Ignorado;Caminhao-trator;Lesoes Leves;1;2;5;2;0;2
Mal subito do condutor;Saida de leito carrocavel;Plena Noite;Nublado;Automovel;Ileso;1;2;5;2;2;1
Mal subito do condutor;Saida de leito carrocavel;Plena Noite;Nublado;Caminhao-trator;Lesoes Leves;3;2;5;2;2;2
Mal subito do condutor;Saida de leito carrocavel;Plena Noite;Nublado;Caminhonete;Ileso;2;2;5;2;2;2
Mal subito do condutor;Saida de leito carrocavel;Plena Noite;Nublado;Caminhonete;Lesoes Leves;1;2;5;2;2;2
Mal subito do condutor;Saida de leito carrocavel;Plena Noite;Nublado;Triciclo;Lesoes Leves;1;2;5;2;2;5
Mal subito do condutor;Saida de leito carrocavel;Plena Noite;Nublado;Utilitario;Obito;1;2;5;2;2;3
Mal subito do condutor;Saida de leito carrocavel;Pleno dia;Ceu Claro;Automovel;Ileso;9;2;5;1;1;1
Mal subito do condutor;Saida de leito carrocavel;Pleno dia;Ceu Claro;Automovel;Lesoes Graves;6;2;5;1;1;1
Mal subito do condutor;Saida de leito carrocavel;Pleno dia;Ceu Claro;Automovel;Lesoes Leves;20;2;5;1;1;1
Mal subito do condutor;Saida de leito carrocavel;Pleno dia;Ceu Claro;Automovel;Obito;5;2;5;1;1;1
Mal subito do condutor;Saida de leito carrocavel;Pleno dia;Ceu Claro;Caminhao;Ileso;1;2;5;1;1;2
Mal subito do condutor;Saida de leito carrocavel;Pleno dia;Ceu Claro;Caminhao;Lesoes Leves;2;2;5;1;1;2
Mal subito do condutor;Saida de leito carrocavel;Pleno dia;Ceu Claro;Caminhao-trator;Ileso;6;2;5;1;1;2
Mal subito do condutor;Saida de leito carrocavel;Pleno dia;Ceu Claro;Caminhao-trator;Lesoes Graves;3;2;5;1;1;2
Mal subito do condutor;Saida de leito carrocavel;Pleno dia;Ceu Claro;Caminhao-trator;Lesoes Leves;7;2;5;1;1;2
Mal subito do condutor;Saida de leito carrocavel;Pleno dia;Ceu Claro;Caminhao-trator;Obito;2;2;5;1;1;2
Mal subito do condutor;Saida de leito carrocavel;Pleno dia;Ceu Claro;Caminhonete;Ileso;2;2;5;1;1;2
Mal subito do condutor;Saida de leito carrocavel;Pleno dia;Ceu Claro;Caminhonete;Lesoes Leves;2;2;5;1;1;2
Mal subito do condutor;Saida de leito carrocavel;Pleno dia;Ceu Claro;Caminhonete;Obito;5;2;5;1;1;2
Mal subito do condutor;Saida de leito carrocavel;Pleno dia;Ceu Claro;Micro-onibus;Lesoes Graves;3;2;5;1;1;4
Mal subito do condutor;Saida de leito carrocavel;Pleno dia;Ceu Claro;Micro-onibus;Lesoes Leves;3;2;5;1;1;4
Mal subito do condutor;Saida de leito carrocavel;Pleno dia;Ceu Claro;Micro-onibus;Obito;2;2;5;1;1;4
Mal subito do condutor;Saida de leito carrocavel;Pleno dia;Ceu Claro;Motocicleta;Lesoes Graves;1;2;5;1;1;1
Mal subito do condutor;Saida de leito carrocavel;Pleno dia;Ceu Claro;Motocicleta;Lesoes Leves;3;2;5;1;1;1
Mal subito do condutor;Saida de leito carrocavel;Pleno dia;Ceu Claro;Motocicleta;Obito;3;2;5;1;1;1
Mal subito do condutor;Saida de leito carrocavel;Pleno dia;Ceu Claro;Nao Informado;Ileso;2;2;5;1;1;3
Mal subito do condutor;Saida de leito carrocavel;Pleno dia;Ceu Claro;Nao Informado;Lesoes Graves;1;2;5;1;1;3
Mal subito do condutor;Saida de leito carrocavel;Pleno dia;Ceu Claro;Onibus;Ileso;9;2;5;1;1;3
Mal subito do condutor;Saida de leito carrocavel;Pleno dia;Ceu Claro;Onibus;Lesoes Graves;1;2;5;1;1;3
Mal subito do condutor;Saida de leito carrocavel;Pleno dia;Ceu Claro;Onibus;Lesoes Leves;5;2;5;1;1;3
Mal subito do condutor;Saida de leito carrocavel;Pleno dia;Ceu Claro;Utilitario;Obito;1;2;5;1;1;3
Mal subito do condutor;Saida de leito carrocavel;Pleno dia;Chuva;Automovel;Ileso;1;2;5;1;2;1
Mal subito do condutor;Saida de leito carrocavel;Pleno dia;Chuva;Automovel;Lesoes Leves;3;2;5;1;2;1
Mal subito do condutor;Saida de leito carrocavel;Pleno dia;Chuva;Caminhao-trator;Obito;1;2;5;1;2;2
Mal subito do condutor;Saida de leito carrocavel;Pleno dia;Chuva;Caminhonete;Obito;1;2;5;1;2;2
Mal subito do condutor;Saida de leito carrocavel;Pleno dia;Chuva;Micro-onibus;Obito;1;2;5;1;2;4
Mal subito do condutor;Saida de leito carrocavel;Pleno dia;Garoa/Chuvisco;Automovel;Lesoes Leves;2;2;5;1;3;1
Mal subito do condutor;Saida de leito carrocavel;Pleno dia;Garoa/Chuvisco;Caminhao;Lesoes Leves;1;2;5;1;3;2
Mal subito do condutor;Saida de leito carrocavel;Pleno dia;Garoa/Chuvisco;Caminhao-trator;Lesoes Leves;1;2;5;1;3;2
Mal subito do condutor;Saida de leito carrocavel;Pleno dia;Ignorado;Motocicleta;Lesoes Graves;1;2;5;1;0;1
Mal subito do condutor;Saida de leito carrocavel;Pleno dia;Ignorado;Motocicleta;Lesoes Leves;1;2;5;1;0;1
Mal subito do condutor;Saida de leito carrocavel;Pleno dia;Nublado;Automovel;Ileso;3;2;5;1;2;1
Mal subito do condutor;Saida de leito carrocavel;Pleno dia;Nublado;Automovel;Lesoes Graves;1;2;5;1;2;1
Mal subito do condutor;Saida de leito carrocavel;Pleno dia;Nublado;Automovel;Lesoes Leves;8;2;5;1;2;1
Mal subito do condutor;Saida de leito carrocavel;Pleno dia;Nublado;Automovel;Obito;1;2;5;1;2;1
Mal subito do condutor;Saida de leito carrocavel;Pleno dia;Nublado;Caminhao;Ileso;2;2;5;1;2;2
Mal subito do condutor;Saida de leito carrocavel;Pleno dia;Nublado;Caminhao;Lesoes Leves;1;2;5;1;2;2
Mal subito do condutor;Saida de leito carrocavel;Pleno dia;Nublado;Caminhao-trator;Ileso;2;2;5;1;2;2
Mal subito do condutor;Saida de leito carrocavel;Pleno dia;Nublado;Caminhonete;Ileso;1;2;5;1;2;2
Mal subito do condutor;Saida de leito carrocavel;Pleno dia;Nublado;Caminhonete;Lesoes Graves;1;2;5;1;2;2
Mal subito do condutor;Saida de leito carrocavel;Pleno dia;Nublado;Caminhonete;Lesoes Leves;2;2;5;1;2;2
Mal subito do condutor;Saida de leito carrocavel;Pleno dia;Nublado;Nao Informado;Lesoes Leves;1;2;5;1;2;3
Mal subito do condutor;Saida de leito carrocavel;Pleno dia;Nublado;Utilitario;Obito;1;2;5;1;2;3
Mal subito do condutor;Saida de leito carrocavel;Pleno dia;Sol;Automovel;Ileso;4;2;5;1;3;1
Mal subito do condutor;Saida de leito carrocavel;Pleno dia;Sol;Automovel;Lesoes Graves;1;2;5;1;3;1
Mal subito do condutor;Saida de leito carrocavel;Pleno dia;Sol;Automovel;Lesoes Leves;2;2;5;1;3;1
Mal subito do condutor;Saida de leito carrocavel;Pleno dia;Sol;Caminhao;Ileso;1;2;5;1;3;2
Mal subito do condutor;Saida de leito carrocavel;Pleno dia;Sol;Motocicleta;Lesoes Graves;1;2;5;1;3;1
Mal subito do condutor;Saida de leito carrocavel;Pleno dia;Sol;Utilitario;Lesoes Graves;1;2;5;1;3;3
Mal subito do condutor;Tombamento;Anoitecer;Ceu Claro;Automovel;Lesoes Leves;1;2;5;4;1;1
Mal subito do condutor;Tombamento;Plena Noite;Ceu Claro;Bicicleta;Lesoes Graves;1;2;5;2;1;3
Mal subito do condutor;Tombamento;Plena Noite;Ceu Claro;Bicicleta;Obito;1;2;5;2;1;3
Mal subito do condutor;Tombamento;Plena Noite;Ceu Claro;Caminhao;Ileso;1;2;5;2;1;2
Mal subito do condutor;Tombamento;Plena Noite;Ceu Claro;Caminhao;Lesoes Graves;1;2;5;2;1;2
Mal subito do condutor;Tombamento;Plena Noite;Ceu Claro;Caminhao;Lesoes Leves;2;2;5;2;1;2
Mal subito do condutor;Tombamento;Plena Noite;Ceu Claro;Caminhao-trator;Ileso;2;2;5;2;1;2
Mal subito do condutor;Tombamento;Plena Noite;Ceu Claro;Caminhao-trator;Lesoes Leves;3;2;5;2;1;2
Mal subito do condutor;Tombamento;Plena Noite;Ceu Claro;Ciclomotor;Lesoes Leves;2;2;5;2;1;4
Mal subito do condutor;Tombamento;Plena Noite;Ceu Claro;Motocicleta;Lesoes Graves;2;2;5;2;1;1
Mal subito do condutor;Tombamento;Plena Noite;Ceu Claro;Motoneta;Lesoes Graves;1;2;5;2;1;3
Mal subito do condutor;Tombamento;Plena Noite;Ceu Claro;Motoneta;Lesoes Leves;2;2;5;2;1;3
Mal subito do condutor;Tombamento;Plena Noite;Chuva;Caminhao;Obito;2;2;5;2;2;2
Mal subito do condutor;Tombamento;Plena Noite;Chuva;Onibus;Ileso;33;2;5;2;2;3
Mal subito do condutor;Tombamento;Plena Noite;Chuva;Onibus;Lesoes Graves;9;2;5;2;2;3
Mal subito do condutor;Tombamento;Plena Noite;Chuva;Onibus;Lesoes Leves;5;2;5;2;2;3
Mal subito do condutor;Tombamento;Plena Noite;Nublado;Caminhao-trator;Lesoes Leves;2;2;5;2;2;2
Mal subito do condutor;Tombamento;Plena Noite;Nublado;Motocicleta;Lesoes Graves;1;2;5;2;2;1
Mal subito do condutor;Tombamento;Plena Noite;Nublado;Motocicleta;Obito;1;2;5;2;2;1
Mal subito do condutor;Tombamento;Plena Noite;Nublado;Motoneta;Lesoes Graves;1;2;5;2;2;3
Mal subito do condutor;Tombamento;Plena Noite;Nublado;Utilitario;Obito;1;2;5;2;2;3
Mal subito do condutor;Tombamento;Pleno dia;Ceu Claro;Automovel;Ileso;3;2;5;1;1;1
Mal subito do condutor;Tombamento;Pleno dia;Ceu Claro;Automovel;Lesoes Leves;1;2;5;1;1;1
Mal subito do condutor;Tombamento;Pleno dia;Ceu Claro;Caminhao;Ileso;1;2;5;1;1;2
Mal subito do condutor;Tombamento;Pleno dia;Ceu Claro;Caminhao;Lesoes Leves;1;2;5;1;1;2
Mal subito do condutor;Tombamento;Pleno dia;Ceu Claro;Caminhao-trator;Lesoes Graves;2;2;5;1;1;2
Mal subito do condutor;Tombamento;Pleno dia;Ceu Claro;Caminhao-trator;Lesoes Leves;4;2;5;1;1;2
Mal subito do condutor;Tombamento;Pleno dia;Ceu Claro;Caminhonete;Ileso;1;2;5;1;1;2
Mal subito do condutor;Tombamento;Pleno dia;Ceu Claro;Micro-onibus;Obito;1;2;5;1;1;4
Mal subito do condutor;Tombamento;Pleno dia;Ceu Claro;Motocicleta;Ileso;1;2;5;1;1;1
Mal subito do condutor;Tombamento;Pleno dia;Ceu Claro;Motocicleta;Lesoes Graves;3;2;5;1;1;1
Mal subito do condutor;Tombamento;Pleno dia;Ceu Claro;Motocicleta;Lesoes Leves;13;2;5;1;1;1
Mal subito do condutor;Tombamento;Pleno dia;Ceu Claro;Motocicleta;Obito;3;2;5;1;1;1
Mal subito do condutor;Tombamento;Pleno dia;Ceu Claro;Motoneta;Lesoes Leves;1;2;5;1;1;3
Mal subito do condutor;Tombamento;Pleno dia;Ceu Claro;Nao Informado;Ileso;1;2;5;1;1;3
Mal subito do condutor;Tombamento;Pleno dia;Chuva;Automovel;Ileso;1;2;5;1;2;1
Mal subito do condutor;Tombamento;Pleno dia;Chuva;Caminhonete;Lesoes Leves;1;2;5;1;2;2
Mal subito do condutor;Tombamento;Pleno dia;Chuva;Micro-onibus;Obito;1;2;5;1;2;4
Mal subito do condutor;Tombamento;Pleno dia;Chuva;Motocicleta;Lesoes Graves;1;2;5;1;2;1
Mal subito do condutor;Tombamento;Pleno dia;Chuva;Motocicleta;Lesoes Leves;2;2;5;1;2;1
Mal subito do condutor;Tombamento;Pleno dia;Garoa/Chuvisco;Caminhao;Lesoes Leves;1;2;5;1;3;2
Mal subito do condutor;Tombamento;Pleno dia;Ignorado;Motocicleta;Lesoes Graves;1;2;5;1;0;1
Mal subito do condutor;Tombamento;Pleno dia;Ignorado;Motocicleta;Lesoes Leves;1;2;5;1;0;1
Mal subito do condutor;Tombamento;Pleno dia;Nublado;Automovel;Ileso;2;2;5;1;2;1
Mal subito do condutor;Tombamento;Pleno dia;Nublado;Automovel;Lesoes Graves;1;2;5;1;2;1
Mal subito do condutor;Tombamento;Pleno dia;Nublado;Automovel;Lesoes Leves;3;2;5;1;2;1
Mal subito do condutor;Tombamento;Pleno dia;Nublado;Bicicleta;Lesoes Graves;1;2;5;1;2;3
Mal subito do condutor;Tombamento;Pleno dia;Nublado;Caminhao;Ileso;1;2;5;1;2;2
Mal subito do condutor;Tombamento;Pleno dia;Nublado;Caminhao;Lesoes Leves;1;2;5;1;2;2
Mal subito do condutor;Tombamento;Pleno dia;Nublado;Caminhao-trator;Ileso;1;2;5;1;2;2
Mal subito do condutor;Tombamento;Pleno dia;Nublado;Caminhao-trator;Lesoes Graves;1;2;5;1;2;2
Mal subito do condutor;Tombamento;Pleno dia;Nublado;Motocicleta;Lesoes Leves;1;2;5;1;2;1
Mal subito do condutor;Tombamento;Pleno dia;Sol;Bicicleta;Lesoes Leves;1;2;5;1;3;3
Mal subito do condutor;Tombamento;Pleno dia;Sol;Caminhonete;Ileso;2;2;5;1;3;2
Mal subito do condutor;Tombamento;Pleno dia;Sol;Motocicleta;Lesoes Graves;1;2;5;1;3;1
Mal subito do condutor;Tombamento;Pleno dia;Sol;Motocicleta;Lesoes Leves;2;2;5;1;3;1
Manobra de mudanca de faixa;Atropelamento de Pedestre;Amanhecer;Nublado;Motocicleta;Ileso;1;4;4;4;2;1
Manobra de mudanca de faixa;Atropelamento de Pedestre;Amanhecer;Nublado;Nao se aplica;Lesoes Leves;1;4;4;4;2;3
Manobra de mudanca de faixa;Atropelamento de Pedestre;Amanhecer;Sol;Caminhao;Ileso;1;4;4;4;3;2
Manobra de mudanca de faixa;Atropelamento de Pedestre;Amanhecer;Sol;Motocicleta;Lesoes Graves;1;4;4;4;3;1
Manobra de mudanca de faixa;Atropelamento de Pedestre;Plena Noite;Ceu Claro;Automovel;Ileso;1;4;4;2;1;1
Manobra de mudanca de faixa;Atropelamento de Pedestre;Plena Noite;Ceu Claro;Caminhao-trator;Ileso;2;4;4;2;1;2
Manobra de mudanca de faixa;Atropelamento de Pedestre;Plena Noite;Ceu Claro;Motocicleta;Lesoes Leves;1;4;4;2;1;1
Manobra de mudanca de faixa;Atropelamento de Pedestre;Plena Noite;Ceu Claro;Motocicleta;Obito;2;4;4;2;1;1
Manobra de mudanca de faixa;Atropelamento de Pedestre;Plena Noite;Ceu Claro;Nao se aplica;Lesoes Leves;1;4;4;2;1;3
Manobra de mudanca de faixa;Atropelamento de Pedestre;Pleno dia;Ceu Claro;Automovel;Ileso;4;4;4;1;1;1
Manobra de mudanca de faixa;Atropelamento de Pedestre;Pleno dia;Ceu Claro;Caminhao;Ileso;1;4;4;1;1;2
Manobra de mudanca de faixa;Atropelamento de Pedestre;Pleno dia;Ceu Claro;Caminhao-trator;Ileso;1;4;4;1;1;2
Manobra de mudanca de faixa;Atropelamento de Pedestre;Pleno dia;Ceu Claro;Motocicleta;Lesoes Graves;1;4;4;1;1;1
Manobra de mudanca de faixa;Atropelamento de Pedestre;Pleno dia;Ceu Claro;Motocicleta;Obito;1;4;4;1;1;1
Manobra de mudanca de faixa;Atropelamento de Pedestre;Pleno dia;Ceu Claro;Nao se aplica;Lesoes Graves;1;4;4;1;1;3
Manobra de mudanca de faixa;Atropelamento de Pedestre;Pleno dia;Ceu Claro;Nao se aplica;Lesoes Leves;2;4;4;1;1;3
Manobra de mudanca de faixa;Atropelamento de Pedestre;Pleno dia;Nublado;Caminhonete;Ileso;2;4;4;1;2;2
Manobra de mudanca de faixa;Atropelamento de Pedestre;Pleno dia;Nublado;Nao se aplica;Lesoes Leves;1;4;4;1;2;3
Manobra de mudanca de faixa;Capotamento;Amanhecer;Ceu Claro;Automovel;Ileso;1;4;5;4;1;1
Manobra de mudanca de faixa;Capotamento;Amanhecer;Ceu Claro;Automovel;Lesoes Leves;1;4;5;4;1;1
Manobra de mudanca de faixa;Capotamento;Amanhecer;Nublado;Automovel;Ileso;2;4;5;4;2;1
Manobra de mudanca de faixa;Capotamento;Amanhecer;Nublado;Automovel;Lesoes Graves;3;4;5;4;2;1
Manobra de mudanca de faixa;Capotamento;Amanhecer;Nublado;Automovel;Lesoes Leves;3;4;5;4;2;1
Manobra de mudanca de faixa;Capotamento;Amanhecer;Nublado;Caminhao-trator;Ileso;1;4;5;4;2;2
Manobra de mudanca de faixa;Capotamento;Amanhecer;Nublado;Caminhonete;Lesoes Leves;2;4;5;4;2;2
Manobra de mudanca de faixa;Capotamento;Amanhecer;Nublado;Onibus;Ileso;1;4;5;4;2;3
Manobra de mudanca de faixa;Capotamento;Anoitecer;Ceu Claro;Automovel;Ileso;3;4;5;4;1;1
Manobra de mudanca de faixa;Capotamento;Anoitecer;Ceu Claro;Automovel;Lesoes Graves;3;4;5;4;1;1
Manobra de mudanca de faixa;Capotamento;Anoitecer;Ceu Claro;Caminhao-trator;Ileso;1;4;5;4;1;2
Manobra de mudanca de faixa;Capotamento;Anoitecer;Ceu Claro;Motoneta;Obito;1;4;5;4;1;3
Manobra de mudanca de faixa;Capotamento;Anoitecer;Chuva;Automovel;Ileso;1;4;5;4;2;1
Manobra de mudanca de faixa;Capotamento;Anoitecer;Chuva;Automovel;Lesoes Graves;2;4;5;4;2;1
Manobra de mudanca de faixa;Capotamento;Anoitecer;Chuva;Automovel;Lesoes Leves;2;4;5;4;2;1
Manobra de mudanca de faixa;Capotamento;Anoitecer;Chuva;Caminhao;Ileso;1;4;5;4;2;2
Manobra de mudanca de faixa;Capotamento;Anoitecer;Chuva;Micro-onibus;Ileso;1;4;5;4;2;4
Manobra de mudanca de faixa;Capotamento;Anoitecer;Chuva;Micro-onibus;Lesoes Graves;5;4;5;4;2;4
Manobra de mudanca de faixa;Capotamento;Anoitecer;Chuva;Micro-onibus;Lesoes Leves;2;4;5;4;2;4
Manobra de mudanca de faixa;Capotamento;Anoitecer;Chuva;Micro-onibus;Obito;4;4;5;4;2;4
Manobra de mudanca de faixa;Capotamento;Anoitecer;Nublado;Automovel;Ileso;3;4;5;4;2;1
Manobra de mudanca de faixa;Capotamento;Anoitecer;Nublado;Automovel;Lesoes Leves;1;4;5;4;2;1
Manobra de mudanca de faixa;Capotamento;Anoitecer;Nublado;Automovel;Obito;1;4;5;4;2;1
Manobra de mudanca de faixa;Capotamento;Anoitecer;Nublado;Caminhao-trator;Ileso;1;4;5;4;2;2
Manobra de mudanca de faixa;Capotamento;Plena Noite;Ceu Claro;Automovel;Ileso;9;4;5;2;1;1
Manobra de mudanca de faixa;Capotamento;Plena Noite;Ceu Claro;Automovel;Lesoes Graves;2;4;5;2;1;1
Manobra de mudanca de faixa;Capotamento;Plena Noite;Ceu Claro;Automovel;Lesoes Leves;12;4;5;2;1;1
Manobra de mudanca de faixa;Capotamento;Plena Noite;Ceu Claro;Automovel;Obito;1;4;5;2;1;1
Manobra de mudanca de faixa;Capotamento;Plena Noite;Ceu Claro;Caminhao;Ileso;1;4;5;2;1;2
Manobra de mudanca de faixa;Capotamento;Plena Noite;Ceu Claro;Caminhao-trator;Ileso;1;4;5;2;1;2
Manobra de mudanca de faixa;Capotamento;Plena Noite;Ceu Claro;Caminhonete;Lesoes Graves;1;4;5;2;1;2
Manobra de mudanca de faixa;Capotamento;Plena Noite;Ceu Claro;Caminhonete;Lesoes Leves;2;4;5;2;1;2
Manobra de mudanca de faixa;Capotamento;Plena Noite;Ceu Claro;Utilitario;Ileso;1;4;5;2;1;3
Manobra de mudanca de faixa;Capotamento;Plena Noite;Chuva;Automovel;Obito;1;4;5;2;2;1
Manobra de mudanca de faixa;Capotamento;Plena Noite;Chuva;Caminhao;Lesoes Leves;1;4;5;2;2;2
Manobra de mudanca de faixa;Capotamento;Plena Noite;Garoa/Chuvisco;Automovel;Ileso;1;4;5;2;3;1
Manobra de mudanca de faixa;Capotamento;Plena Noite;Garoa/Chuvisco;Automovel;Lesoes Leves;1;4;5;2;3;1
Manobra de mudanca de faixa;Capotamento;Plena Noite;Garoa/Chuvisco;Caminhao-trator;Lesoes Leves;1;4;5;2;3;2
Manobra de mudanca de faixa;Capotamento;Plena Noite;Garoa/Chuvisco;Motocicleta;Lesoes Graves;1;4;5;2;3;1
Manobra de mudanca de faixa;Capotamento;Plena Noite;Garoa/Chuvisco;Motocicleta;Obito;1;4;5;2;3;1
Manobra de mudanca de faixa;Capotamento;Plena Noite;Nublado;Automovel;Ileso;11;4;5;2;2;1
Manobra de mudanca de faixa;Capotamento;Plena Noite;Nublado;Automovel;Lesoes Graves;3;4;5;2;2;1
Manobra de mudanca de faixa;Capotamento;Plena Noite;Nublado;Automovel;Lesoes Leves;10;4;5;2;2;1
Manobra de mudanca de faixa;Capotamento;Plena Noite;Nublado;Caminhonete;Ileso;2;4;5;2;2;2
Manobra de mudanca de faixa;Capotamento;Plena Noite;Nublado;Caminhonete;Lesoes Leves;1;4;5;2;2;2
Manobra de mudanca de faixa;Capotamento;Plena Noite;Nublado;Motocicleta;Lesoes Leves;1;4;5;2;2;1
Manobra de mudanca de faixa;Capotamento;Plena Noite;Nublado;Nao Informado;Lesoes Leves;4;4;5;2;2;3
Manobra de mudanca de faixa;Capotamento;Pleno dia;Ceu Claro;Automovel;Ileso;29;4;5;1;1;1
Manobra de mudanca de faixa;Capotamento;Pleno dia;Ceu Claro;Automovel;Lesoes Graves;10;4;5;1;1;1
Manobra de mudanca de faixa;Capotamento;Pleno dia;Ceu Claro;Automovel;Lesoes Leves;40;4;5;1;1;1
Manobra de mudanca de faixa;Capotamento;Pleno dia;Ceu Claro;Automovel;Obito;2;4;5;1;1;1
Manobra de mudanca de faixa;Capotamento;Pleno dia;Ceu Claro;Caminhao;Ileso;6;4;5;1;1;2
Manobra de mudanca de faixa;Capotamento;Pleno dia;Ceu Claro;Caminhao;Lesoes Leves;3;4;5;1;1;2
Manobra de mudanca de faixa;Capotamento;Pleno dia;Ceu Claro;Caminhao;Obito;1;4;5;1;1;2
Manobra de mudanca de faixa;Capotamento;Pleno dia;Ceu Claro;Caminhao-trator;Ileso;10;4;5;1;1;2
Manobra de mudanca de faixa;Capotamento;Pleno dia;Ceu Claro;Caminhao-trator;Lesoes Leves;2;4;5;1;1;2