causa_acidente;tipo_acidente;fase_dia;condicao_metereologica;tipo_veiculo;estado_fisico;count;causa_acidente_criterios;tipo_acidente_criterios;fase_dia_criterios;condicao_metereologica_criterios;tipo_veiculo_criterios
Manobra de mudanca de faixa;Colisao frontal;Plena Noite;Nublado;Automovel;Ileso;6;4;5;2;2;1
Manobra de mudanca de faixa;Colisao frontal;Plena Noite;Nublado;Automovel;Lesoes Graves;9;4;5;2;2;1
Manobra de mudanca de faixa;Colisao frontal;Plena Noite;Nublado;Automovel;Lesoes Leves;6;4;5;2;2;1
Manobra de mudanca de faixa;Colisao frontal;Plena Noite;Nublado;Automovel;Obito;2;4;5;2;2;1
Manobra de mudanca de faixa;Colisao frontal;Plena Noite;Nublado;Caminhao;Ileso;6;4;5;2;2;2
Manobra de mudanca de faixa;Colisao frontal;Plena Noite;Nublado;Caminhao;Lesoes Leves;1;4;5;2;2;2
Manobra de mudanca de faixa;Colisao frontal;Plena Noite;Nublado;Caminhao-trator;Lesoes Leves;1;4;5;2;2;2
Manobra de mudanca de faixa;Colisao frontal;Plena Noite;Nublado;Caminhonete;Ileso;3;4;5;2;2;2
Manobra de mudanca de faixa;Colisao frontal;Plena Noite;Nublado;Caminhonete;Lesoes Leves;1;4;5;2;2;2
Manobra de mudanca de faixa;Colisao frontal;Plena Noite;Nublado;Motocicleta;Lesoes Graves;4;4;5;2;2;1
Manobra de mudanca de faixa;Colisao frontal;Plena Noite;Nublado;Motocicleta;Obito;2;4;5;2;2;1
Manobra de mudanca de faixa;Colisao frontal;Plena Noite;Nublado;Nao Informado;Lesoes Leves;4;4;5;2;2;3
Manobra de mudanca de faixa;Colisao frontal;Plena Noite;Nublado;Onibus;Ileso;1;4;5;2;2;3
Manobra de mudanca de faixa;Colisao frontal;Pleno dia;Ceu Claro;Automovel;Ileso;17;4;5;1;1;1
Manobra de mudanca de faixa;Colisao frontal;Pleno dia;Ceu Claro;Automovel;Lesoes Graves;9;4;5;1;1;1
Manobra de mudanca de faixa;Colisao frontal;Pleno dia;Ceu Claro;Automovel;Lesoes Leves;29;4;5;1;1;1
Manobra de mudanca de faixa;Colisao frontal;Pleno dia;Ceu Claro;Automovel;Obito;11;4;5;1;1;1
Manobra de mudanca de faixa;Colisao frontal;Pleno dia;Ceu Claro;Caminhao;Ileso;5;4;5;1;1;2
Manobra de mudanca de faixa;Colisao frontal;Pleno dia;Ceu Claro;Caminhao-trator;Ileso;10;4;5;1;1;2
Manobra de mudanca de faixa;Colisao frontal;Pleno dia;Ceu Claro;Caminhao-trator;Lesoes Graves;1;4;5;1;1;2
Manobra de mudanca de faixa;Colisao frontal;Pleno dia;Ceu Claro;Caminhao-trator;Lesoes Leves;2;4;5;1;1;2
Manobra de mudanca de faixa;Colisao frontal;Pleno dia;Ceu Claro;Caminhao-trator;Obito;1;4;5;1;1;2
Manobra de mudanca de faixa;Colisao frontal;Pleno dia;Ceu Claro;Caminhonete;Ileso;4;4;5;1;1;2
Manobra de mudanca de faixa;Colisao frontal;Pleno dia;Ceu Claro;Caminhonete;Lesoes Graves;4;4;5;1;1;2
Manobra de mudanca de faixa;Colisao frontal;Pleno dia;Ceu Claro;Caminhonete;Lesoes Leves;2;4;5;1;1;2
Manobra de mudanca de faixa;Colisao frontal;Pleno dia;Ceu Claro;Motocicleta;Ileso;1;4;5;1;1;1
Manobra de mudanca de faixa;Colisao frontal;Pleno dia;Ceu Claro;Motocicleta;Lesoes Graves;3;4;5;1;1;1
Manobra de mudanca de faixa;Colisao frontal;Pleno dia;Ceu Claro;Motocicleta;Lesoes Leves;3;4;5;1;1;1
Manobra de mudanca de faixa;Colisao frontal;Pleno dia;Ceu Claro;Motocicleta;Obito;2;4;5;1;1;1
Manobra de mudanca de faixa;Colisao frontal;Pleno dia;Ceu Claro;Motoneta;Lesoes Graves;1;4;5;1;1;3
Manobra de mudanca de faixa;Colisao frontal;Pleno dia;Ceu Claro;Motoneta;Lesoes Leves;1;4;5;1;1;3
Manobra de mudanca de faixa;Colisao frontal;Pleno dia;Ceu Claro;Nao Informado;Ileso;5;4;5;1;1;3
Manobra de mudanca de faixa;Colisao frontal;Pleno dia;Ceu Claro;Nao Informado;Lesoes Graves;1;4;5;1;1;3
Manobra de mudanca de faixa;Colisao frontal;Pleno dia;Ceu Claro;Nao Informado;Obito;1;4;5;1;1;3
Manobra de mudanca de faixa;Colisao frontal;Pleno dia;Ceu Claro;Onibus;Ileso;12;4;5;1;1;3
Manobra de mudanca de faixa;Colisao frontal;Pleno dia;Ceu Claro;Onibus;Lesoes Graves;5;4;5;1;1;3
Manobra de mudanca de faixa;Colisao frontal;Pleno dia;Ceu Claro;Onibus;Lesoes Leves;16;4;5;1;1;3
Manobra de mudanca de faixa;Colisao frontal;Pleno dia;Ceu Claro;Onibus;Obito;1;4;5;1;1;3
Manobra de mudanca de faixa;Colisao frontal;Pleno dia;Ceu Claro;Utilitario;Ileso;4;4;5;1;1;3
Manobra de mudanca de faixa;Colisao frontal;Pleno dia;Chuva;Automovel;Ileso;3;4;5;1;2;1
Manobra de mudanca de faixa;Colisao frontal;Pleno dia;Chuva;Automovel;Lesoes Graves;2;4;5;1;2;1
Manobra de mudanca de faixa;Colisao frontal;Pleno dia;Chuva;Automovel;Lesoes Leves;2;4;5;1;2;1
Manobra de mudanca de faixa;Colisao frontal;Pleno dia;Chuva;Automovel;Obito;4;4;5;1;2;1
Manobra de mudanca de faixa;Colisao frontal;Pleno dia;Chuva;Caminhao;Lesoes Graves;1;4;5;1;2;2
Manobra de mudanca de faixa;Colisao frontal;Pleno dia;Chuva;Caminhao;Lesoes Leves;1;4;5;1;2;2
Manobra de mudanca de faixa;Colisao frontal;Pleno dia;Chuva;Caminhao-trator;Ileso;4;4;5;1;2;2
Manobra de mudanca de faixa;Colisao frontal;Pleno dia;Chuva;Caminhao-trator;Lesoes Graves;2;4;5;1;2;2
Manobra de mudanca de faixa;Colisao frontal;Pleno dia;Chuva;Caminhao-trator;Obito;2;4;5;1;2;2
Manobra de mudanca de faixa;Colisao frontal;Pleno dia;Chuva;Caminhonete;Ileso;3;4;5;1;2;2
Manobra de mudanca de faixa;Colisao frontal;Pleno dia;Chuva;Caminhonete;Lesoes Leves;3;4;5;1;2;2
Manobra de mudanca de faixa;Colisao frontal;Pleno dia;Chuva;Motocicleta;Lesoes Graves;3;4;5;1;2;1
Manobra de mudanca de faixa;Colisao frontal;Pleno dia;Chuva;Motocicleta;Lesoes Leves;2;4;5;1;2;1
Manobra de mudanca de faixa;Colisao frontal;Pleno dia;Garoa/Chuvisco;Automovel;Lesoes Graves;5;4;5;1;3;1
Manobra de mudanca de faixa;Colisao frontal;Pleno dia;Garoa/Chuvisco;Automovel;Lesoes Leves;1;4;5;1;3;1
Manobra de mudanca de faixa;Colisao frontal;Pleno dia;Garoa/Chuvisco;Automovel;Obito;1;4;5;1;3;1
Manobra de mudanca de faixa;Colisao frontal;Pleno dia;Garoa/Chuvisco;Caminhao-trator;Ileso;1;4;5;1;3;2
Manobra de mudanca de faixa;Colisao frontal;Pleno dia;Garoa/Chuvisco;Caminhonete;Lesoes Leves;1;4;5;1;3;2
Manobra de mudanca de faixa;Colisao frontal;Pleno dia;Nublado;Automovel;Ileso;8;4;5;1;2;1
Manobra de mudanca de faixa;Colisao frontal;Pleno dia;Nublado;Automovel;Lesoes Graves;4;4;5;1;2;1
Manobra de mudanca de faixa;Colisao frontal;Pleno dia;Nublado;Automovel;Lesoes Leves;3;4;5;1;2;1
Manobra de mudanca de faixa;Colisao frontal;Pleno dia;Nublado;Automovel;Obito;2;4;5;1;2;1
Manobra de mudanca de faixa;Colisao frontal;Pleno dia;Nublado;Caminhao;Ileso;1;4;5;1;2;2
Manobra de mudanca de faixa;Colisao frontal;Pleno dia;Nublado;Caminhao-trator;Ileso;2;4;5;1;2;2
Manobra de mudanca de faixa;Colisao frontal;Pleno dia;Nublado;Caminhao-trator;Lesoes Leves;1;4;5;1;2;2
Manobra de mudanca de faixa;Colisao frontal;Pleno dia;Nublado;Caminhonete;Ileso;3;4;5;1;2;2
Manobra de mudanca de faixa;Colisao frontal;Pleno dia;Nublado;Caminhonete;Lesoes Graves;1;4;5;1;2;2
Manobra de mudanca de faixa;Colisao frontal;Pleno dia;Nublado;Caminhonete;Lesoes Leves;1;4;5;1;2;2
Manobra de mudanca de faixa;Colisao frontal;Pleno dia;Nublado;Motocicleta;Lesoes Graves;2;4;5;1;2;1
Manobra de mudanca de faixa;Colisao frontal;Pleno dia;Nublado;Motocicleta;Lesoes Leves;3;4;5;1;2;1
Manobra de mudanca de faixa;Colisao frontal;Pleno dia;Nublado;Motoneta;Obito;1;4;5;1;2;3
Manobra de mudanca de faixa;Colisao frontal;Pleno dia;Sol;Automovel;Ileso;15;4;5;1;3;1
Manobra de mudanca de faixa;Colisao frontal;Pleno dia;Sol;Automovel;Lesoes Graves;4;4;5;1;3;1
Manobra de mudanca de faixa;Colisao frontal;Pleno dia;Sol;Automovel;Lesoes Leves;12;4;5;1;3;1
Manobra de mudanca de faixa;Colisao frontal;Pleno dia;Sol;Automovel;Obito;1;4;5;1;3;1
Manobra de mudanca de faixa;Colisao frontal;Pleno dia;Sol;Caminhao;Ileso;3;4;5;1;3;2
Manobra de mudanca de faixa;Colisao frontal;Pleno dia;Sol;Caminhao;Lesoes Leves;1;4;5;1;3;2
Manobra de mudanca de faixa;Colisao frontal;Pleno dia;Sol;Caminhao-trator;Ileso;2;4;5;1;3;2
Manobra de mudanca de faixa;Colisao frontal;Pleno dia;Sol;Caminhao-trator;Lesoes Leves;1;4;5;1;3;2
Manobra de mudanca de faixa;Colisao frontal;Pleno dia;Sol;Caminhonete;Ileso;1;4;5;1;3;2
Manobra de mudanca de faixa;Colisao frontal;Pleno dia;Sol;Motocicleta;Lesoes Graves;1;4;5;1;3;1
Manobra de mudanca de faixa;Colisao frontal;Pleno dia;Sol;Motocicleta;Obito;2;4;5;1;3;1
Manobra de mudanca de faixa;Colisao lateral mesmo sentido;Amanhecer;Ceu Claro;Automovel;Ileso;3;4;5;4;1;1
Manobra de mudanca de faixa;Colisao lateral mesmo sentido;Amanhecer;Ceu Claro;Automovel;Lesoes Leves;2;4;5;4;1;1
Manobra de mudanca de faixa;Colisao lateral mesmo sentido;Amanhecer;Ceu Claro;Caminhao;Ileso;3;4;5;4;1;2
Manobra de mudanca de faixa;Colisao lateral mesmo sentido;Amanhecer;Ceu Claro;Caminhao-trator;Lesoes Leves;1;4;5;4;1;2
Manobra de mudanca de faixa;Colisao lateral mesmo sentido;Amanhecer;Ceu Claro;Caminhonete;Ileso;3;4;5;4;1;2
Manobra de mudanca de faixa;Colisao lateral mesmo sentido;Amanhecer;Ceu Claro;Motocicleta;Lesoes Leves;6;4;5;4;1;1
Manobra de mudanca de faixa;Colisao lateral mesmo sentido;Amanhecer;Ceu Claro;Onibus;Ileso;1;4;5;4;1;3
Manobra de mudanca de faixa;Colisao lateral mesmo sentido;Amanhecer;Ceu Claro;Onibus;Lesoes Leves;3;4;5;4;1;3
Manobra de mudanca de faixa;Colisao lateral mesmo sentido;Amanhecer;Garoa/Chuvisco;Caminhao-trator;Ileso;2;4;5;4;3;2
Manobra de mudanca de faixa;Colisao lateral mesmo sentido;Amanhecer;Garoa/Chuvisco;Onibus;Ileso;2;4;5;4;3;3
Manobra de mudanca de faixa;Colisao lateral mesmo sentido;Amanhecer;Garoa/Chuvisco;Onibus;Lesoes Leves;2;4;5;4;3;3
Manobra de mudanca de faixa;Colisao lateral mesmo sentido;Amanhecer;Nublado;Automovel;Ileso;11;4;5;4;2;1
Manobra de mudanca de faixa;Colisao lateral mesmo sentido;Amanhecer;Nublado;Automovel;Lesoes Graves;1;4;5;4;2;1
Manobra de mudanca de faixa;Colisao lateral mesmo sentido;Amanhecer;Nublado;Automovel;Lesoes Leves;4;4;5;4;2;1
Manobra de mudanca de faixa;Colisao lateral mesmo sentido;Amanhecer;Nublado;Caminhao-trator;Ileso;2;4;5;4;2;2
Manobra de mudanca de faixa;Colisao lateral mesmo sentido;Amanhecer;Nublado;Motocicleta;Lesoes Graves;1;4;5;4;2;1
Manobra de mudanca de faixa;Colisao lateral mesmo sentido;Amanhecer;Nublado;Motocicleta;Lesoes Leves;5;4;5;4;2;1
Manobra de mudanca de faixa;Colisao lateral mesmo sentido;Anoitecer;Ceu Claro;Automovel;Ileso;28;4;5;4;1;1
Manobra de mudanca de faixa;Colisao lateral mesmo sentido;Anoitecer;Ceu Claro;Automovel;Lesoes Graves;5;4;5;4;1;1
Manobra de mudanca de faixa;Colisao lateral mesmo sentido;Anoitecer;Ceu Claro;Automovel;Lesoes Leves;7;4;5;4;1;1
Manobra de mudanca de faixa;Colisao lateral mesmo sentido;Anoitecer;Ceu Claro;Automovel;Obito;1;4;5;4;1;1
Manobra de mudanca de faixa;Colisao lateral mesmo sentido;Anoitecer;Ceu Claro;Caminhao;Ileso;1;4;5;4;1;2
Manobra de mudanca de faixa;Colisao lateral mesmo sentido;Anoitecer;Ceu Claro;Caminhao-trator;Ileso;7;4;5;4;1;2
Manobra de mudanca de faixa;Colisao lateral mesmo sentido;Anoitecer;Ceu Claro;Caminhonete;Ileso;6;4;5;4;1;2
Manobra de mudanca de faixa;Colisao lateral mesmo sentido;Anoitecer;Ceu Claro;Caminhonete;Lesoes Leves;2;4;5;4;1;2
Manobra de mudanca de faixa;Colisao lateral mesmo sentido;Anoitecer;Ceu Claro;Motocicleta;Ileso;6;4;5;4;1;1
Manobra de mudanca de faixa;Colisao lateral mesmo sentido;Anoitecer;Ceu Claro;Motocicleta;Lesoes Graves;5;4;5;4;1;1
Manobra de mudanca de faixa;Colisao lateral mesmo sentido;Anoitecer;Ceu Claro;Motocicleta;Lesoes Leves;29;4;5;4;1;1
Manobra de mudanca de faixa;Colisao lateral mesmo sentido;Anoitecer;Ceu Claro;Motoneta;Lesoes Graves;1;4;5;4;1;3
Manobra de mudanca de faixa;Colisao lateral mesmo sentido;Anoitecer;Ceu Claro;Motoneta;Lesoes Leves;2;4;5;4;1;3
Manobra de mudanca de faixa;Colisao lateral mesmo sentido;Anoitecer;Ceu Claro;Utilitario;Ileso;2;4;5;4;1;3
Manobra de mudanca de faixa;Colisao lateral mesmo sentido;Anoitecer;Ceu Claro;Utilitario;Lesoes Leves;2;4;5;4;1;3
Manobra de mudanca de faixa;Colisao lateral mesmo sentido;Anoitecer;Chuva;Automovel;Ileso;5;4;5;4;2;1
Manobra de mudanca de faixa;Colisao lateral mesmo sentido;Anoitecer;Chuva;Automovel;Lesoes Leves;2;4;5;4;2;1
Manobra de mudanca de faixa;Colisao lateral mesmo sentido;Anoitecer;Chuva;Motocicleta;Lesoes Leves;2;4;5;4;2;1
Manobra de mudanca de faixa;Colisao lateral mesmo sentido;Anoitecer;Chuva;Motoneta;Ileso;1;4;5;4;2;3
Manobra de mudanca de faixa;Colisao lateral mesmo sentido;Anoitecer;Chuva;Motoneta;Lesoes Leves;1;4;5;4;2;3
Manobra de mudanca de faixa;Colisao lateral mesmo sentido;Anoitecer;Garoa/Chuvisco;Automovel;Ileso;3;4;5;4;3;1
Manobra de mudanca de faixa;Colisao lateral mesmo sentido;Anoitecer;Garoa/Chuvisco;Automovel;Lesoes Leves;2;4;5;4;3;1
Manobra de mudanca de faixa;Colisao lateral mesmo sentido;Anoitecer;Garoa/Chuvisco;Caminhao;Ileso;1;4;5;4;3;2
Manobra de mudanca de faixa;Colisao lateral mesmo sentido;Anoitecer;Garoa/Chuvisco;Caminhao-trator;Ileso;1;4;5;4;3;2
Manobra de mudanca de faixa;Colisao lateral mesmo sentido;Anoitecer;Garoa/Chuvisco;Motocicleta;Lesoes Graves;1;4;5;4;3;1
Manobra de mudanca de faixa;Colisao lateral mesmo sentido;Anoitecer;Ignorado;Caminhao;Ileso;2;4;5;4;0;2
Manobra de mudanca de faixa;Colisao lateral mesmo sentido;Anoitecer;Ignorado;Caminhao;Lesoes Leves;1;4;5;4;0;2
Manobra de mudanca de faixa;Colisao lateral mesmo sentido;Anoitecer;Ignorado;Caminhao-trator;Ileso;1;4;5;4;0;2
Manobra de mudanca de faixa;Colisao lateral mesmo sentido;Anoitecer;Nublado;Automovel;Ileso;13;4;5;4;2;1
Manobra de mudanca de faixa;Colisao lateral mesmo sentido;Anoitecer;Nublado;Caminhao;Ileso;1;4;5;4;2;2
Manobra de mudanca de faixa;Colisao lateral mesmo sentido;Anoitecer;Nublado;Caminhonete;Ileso;1;4;5;4;2;2
Manobra de mudanca de faixa;Colisao lateral mesmo sentido;Anoitecer;Nublado;Motocicleta;Lesoes Graves;1;4;5;4;2;1
Manobra de mudanca de faixa;Colisao lateral mesmo sentido;Anoitecer;Nublado;Motocicleta;Lesoes Leves;12;4;5;4;2;1
Manobra de mudanca de faixa;Colisao lateral mesmo sentido;Anoitecer;Nublado;Nao Informado;Ileso;2;4;5;4;2;3
Manobra de mudanca de faixa;Colisao lateral mesmo sentido;Plena Noite;Ceu Claro;Automovel;Ileso;67;4;5;2;1;1
Manobra de mudanca de faixa;Colisao lateral mesmo sentido;Plena Noite;Ceu Claro;Automovel;Lesoes Graves;4;4;5;2;1;1
Manobra de mudanca de faixa;Colisao lateral mesmo sentido;Plena Noite;Ceu Claro;Automovel;Lesoes Leves;16;4;5;2;1;1
Manobra de mudanca de faixa;Colisao lateral mesmo sentido;Plena Noite;Ceu Claro;Bicicleta;Lesoes Leves;2;4;5;2;1;3
Manobra de mudanca de faixa;Colisao lateral mesmo sentido;Plena Noite;Ceu Claro;Caminhao;Ileso;4;4;5;2;1;2
Manobra de mudanca de faixa;Colisao lateral mesmo sentido;Plena Noite;Ceu Claro;Caminhao;Lesoes Leves;2;4;5;2;1;2
Manobra de mudanca de faixa;Colisao lateral mesmo sentido;Plena Noite;Ceu Claro;Caminhao-trator;Ileso;18;4;5;2;1;2
Manobra de mudanca de faixa;Colisao lateral mesmo sentido;Plena Noite;Ceu Claro;Caminhao-trator;Lesoes Graves;1;4;5;2;1;2
Manobra de mudanca de faixa;Colisao lateral mesmo sentido;Plena Noite;Ceu Claro;Caminhonete;Ileso;7;4;5;2;1;2
Manobra de mudanca de faixa;Colisao lateral mesmo sentido;Plena Noite;Ceu Claro;Caminhonete;Lesoes Graves;1;4;5;2;1;2
Manobra de mudanca de faixa;Colisao lateral mesmo sentido;Plena Noite;Ceu Claro;Caminhonete;Lesoes Leves;5;4;5;2;1;2
Manobra de mudanca de faixa;Colisao lateral mesmo sentido;Plena Noite;Ceu Claro;Motocicleta;Ileso;5;4;5;2;1;1
Manobra de mudanca de faixa;Colisao lateral mesmo sentido;Plena Noite;Ceu Claro;Motocicleta;Lesoes Graves;10;4;5;2;1;1
Manobra de mudanca de faixa;Colisao lateral mesmo sentido;Plena Noite;Ceu Claro;Motocicleta;Lesoes Leves;81;4;5;2;1;1
Manobra de mudanca de faixa;Colisao lateral mesmo sentido;Plena Noite;Ceu Claro;Motocicleta;Obito;1;4;5;2;1;1
Manobra de mudanca de faixa;Colisao lateral mesmo sentido;Plena Noite;Ceu Claro;Motoneta;Ileso;2;4;5;2;1;3
Manobra de mudanca de faixa;Colisao lateral mesmo sentido;Plena Noite;Ceu Claro;Motoneta;Lesoes Leves;6;4;5;2;1;3
Manobra de mudanca de faixa;Colisao lateral mesmo sentido;Plena Noite;Ceu Claro;Nao Informado;Ileso;17;4;5;2;1;3
Manobra de mudanca de faixa;Colisao lateral mesmo sentido;Plena Noite;Ceu Claro;Nao Informado;Lesoes Leves;1;4;5;2;1;3
Manobra de mudanca de faixa;Colisao lateral mesmo sentido;Plena Noite;Ceu Claro;Onibus;Ileso;5;4;5;2;1;3
Manobra de mudanca de faixa;Colisao lateral mesmo sentido;Plena Noite;Ceu Claro;Utilitario;Ileso;1;4;5;2;1;3
Manobra de mudanca de faixa;Colisao lateral mesmo sentido;Plena Noite;Chuva;Automovel;Ileso;13;4;5;2;2;1
Manobra de mudanca de faixa;Colisao lateral mesmo sentido;Plena Noite;Chuva;Automovel;Lesoes Leves;4;4;5;2;2;1
Manobra de mudanca de faixa;Colisao lateral mesmo sentido;Plena Noite;Chuva;Caminhao;Ileso;1;4;5;2;2;2
Manobra de mudanca de faixa;Colisao lateral mesmo sentido;Plena Noite;Chuva;Caminhao;Lesoes Leves;1;4;5;2;2;2
Manobra de mudanca de faixa;Colisao lateral mesmo sentido;Plena Noite;Chuva;Caminhao-trator;Ileso;3;4;5;2;2;2
Manobra de mudanca de faixa;Colisao lateral mesmo sentido;Plena Noite;Chuva;Caminhonete;Ileso;1;4;5;2;2;2
Manobra de mudanca de faixa;Colisao lateral mesmo sentido;Plena Noite;Chuva;Motocicleta;Ileso;1;4;5;2;2;1
Manobra de mudanca de faixa;Colisao lateral mesmo sentido;Plena Noite;Chuva;Motocicleta;Lesoes Graves;1;4;5;2;2;1
Manobra de mudanca de faixa;Colisao lateral mesmo sentido;Plena Noite;Chuva;Motocicleta;Lesoes Leves;8;4;5;2;2;1
Manobra de mudanca de faixa;Colisao lateral mesmo sentido;Plena Noite;Chuva;Nao Informado;Ileso;1;4;5;2;2;3
Manobra de mudanca de faixa;Colisao lateral mesmo sentido;Plena Noite;Chuva;Utilitario;Ileso;3;4;5;2;2;3
Manobra de mudanca de faixa;Colisao lateral mesmo sentido;Plena Noite;Garoa/Chuvisco;Automovel;Ileso;11;4;5;2;3;1
Manobra de mudanca de faixa;Colisao lateral mesmo sentido;Plena Noite;Garoa/Chuvisco;Automovel;Lesoes Graves;1;4;5;2;3;1
Manobra de mudanca de faixa;Colisao lateral mesmo sentido;Plena Noite;Garoa/Chuvisco;Automovel;Lesoes Leves;3;4;5;2;3;1
Manobra de mudanca de faixa;Colisao lateral mesmo sentido;Plena Noite;Garoa/Chuvisco;Automovel;Obito;1;4;5;2;3;1
Manobra de mudanca de faixa;Colisao lateral mesmo sentido;Plena Noite;Garoa/Chuvisco;Caminhao-trator;Ileso;4;4;5;2;3;2
Manobra de mudanca de faixa;Colisao lateral mesmo sentido;Plena Noite;Garoa/Chuvisco;Motocicleta;Lesoes Leves;2;4;5;2;3;1
Manobra de mudanca de faixa;Colisao lateral mesmo sentido;Plena Noite;Ignorado;Automovel;Ileso;1;4;5;2;0;1
Manobra de mudanca de faixa;Colisao lateral mesmo sentido;Plena Noite;Ignorado;Automovel;Lesoes Leves;1;4;5;2;0;1
Manobra de mudanca de faixa;Colisao lateral mesmo sentido;Plena Noite;Ignorado;Caminhao;Ileso;1;4;5;2;0;2
Manobra de mudanca de faixa;Colisao lateral mesmo sentido;Plena Noite;Ignorado;Caminhonete;Ileso;1;4;5;2;0;2
Manobra de mudanca de faixa;Colisao lateral mesmo sentido;Plena Noite;Ignorado;Motocicleta;Lesoes Leves;4;4;5;2;0;1
Manobra de mudanca de faixa;Colisao lateral mesmo sentido;Plena Noite;Ignorado;Utilitario;Ileso;1;4;5;2;0;3
Manobra de mudanca de faixa;Colisao lateral mesmo sentido;Plena Noite;Nublado;Automovel;Ileso;56;4;5;2;2;1
Manobra de mudanca de faixa;Colisao lateral mesmo sentido;Plena Noite;Nublado;Automovel;Lesoes Graves;2;4;5;2;2;1
Manobra de mudanca de faixa;Colisao lateral mesmo sentido;Plena Noite;Nublado;Automovel;Lesoes Leves;12;4;5;2;2;1
Manobra de mudanca de faixa;Colisao lateral mesmo sentido;Plena Noite;Nublado;Caminhao;Ileso;3;4;5;2;2;2
Manobra de mudanca de faixa;Colisao lateral mesmo sentido;Plena Noite;Nublado;Caminhao-trator;Ileso;9;4;5;2;2;2
Manobra de mudanca de faixa;Colisao lateral mesmo sentido;Plena Noite;Nublado;Caminhao-trator;Lesoes Leves;1;4;5;2;2;2
Manobra de mudanca de faixa;Colisao lateral mesmo sentido;Plena Noite;Nublado;Caminhonete;Ileso;6;4;5;2;2;2
Manobra de mudanca de faixa;Colisao lateral mesmo sentido;Plena Noite;Nublado;Caminhonete;Lesoes Graves;1;4;5;2;2;2
Manobra de mudanca de faixa;Colisao lateral mesmo sentido;Plena Noite;Nublado;Caminhonete;Lesoes Leves;1;4;5;2;2;2
Manobra de mudanca de faixa;Colisao lateral mesmo sentido;Plena Noite;Nublado;Micro-onibus;Lesoes Leves;1;4;5;2;2;4
Manobra de mudanca de faixa;Colisao lateral mesmo sentido;Plena Noite;Nublado;Motocicleta;Lesoes Graves;4;4;5;2;2;1
Manobra de mudanca de faixa;Colisao lateral mesmo sentido;Plena Noite;Nublado;Motocicleta;Lesoes Leves;14;4;5;2;2;1
Manobra de mudanca de faixa;Colisao lateral mesmo sentido;Plena Noite;Nublado;Motocicleta;Obito;1;4;5;2;2;1
Manobra de mudanca de faixa;Colisao lateral mesmo sentido;Plena Noite;Nublado;Motoneta;Lesoes Leves;1;4;5;2;2;3
Manobra de mudanca de faixa;Colisao lateral mesmo sentido;Plena Noite;Nublado;Nao Informado;Ileso;1;4;5;2;2;3
Manobra de mudanca de faixa;Colisao lateral mesmo sentido;Plena Noite;Nublado;Nao Informado;Lesoes Leves;1;4;5;2;2;3
Manobra de mudanca de faixa;Colisao lateral mesmo sentido;Plena Noite;Nublado;Onibus;Ileso;2;4;5;2;2;3
Manobra de mudanca de faixa;Colisao lateral mesmo sentido;Plena Noite;Nublado;Utilitario;Ileso;3;4;5;2;2;3
Manobra de mudanca de faixa;Colisao lateral mesmo sentido;Plena Noite;Vento;Automovel;Ileso;3;4;5;2;5;1
Manobra de mudanca de faixa;Colisao lateral mesmo sentido;Plena Noite;Vento;Motocicleta;Lesoes Graves;2;4;5;2;5;1
Manobra de mudanca de faixa;Colisao lateral mesmo sentido;Plena Noite;Vento;Motocicleta;Lesoes Leves;1;4;5;2;5;1
Manobra de mudanca de faixa;Colisao lateral mesmo sentido;Plena Noite;Vento;Motoneta;Lesoes Leves;1;4;5;2;5;3
Manobra de mudanca de faixa;Colisao lateral mesmo sentido;Pleno dia;Ceu Claro;Automovel;Ileso;332;4;5;1;1;1
Manobra de mudanca de faixa;Colisao lateral mesmo sentido;Pleno dia;Ceu Claro;Automovel;Lesoes Graves;5;4;5;1;1;1
Manobra de mudanca de faixa;Colisao lateral mesmo sentido;Pleno dia;Ceu Claro;Automovel;Lesoes Leves;76;4;5;1;1;1
Manobra de mudanca de faixa;Colisao lateral mesmo sentido;Pleno dia;Ceu Claro;Automovel;Obito;5;4;5;1;1;1
Manobra de mudanca de faixa;Colisao lateral mesmo sentido;Pleno dia;Ceu Claro;Bicicleta;Lesoes Graves;2;4;5;1;1;3
Manobra de mudanca de faixa;Colisao lateral mesmo sentido;Pleno dia;Ceu Claro;Bicicleta;Lesoes Leves;1;4;5;1;1;3
Manobra de mudanca de faixa;Colisao lateral mesmo sentido;Pleno dia;Ceu Claro;Bicicleta;Obito;1;4;5;1;1;3
Manobra de mudanca de faixa;Colisao lateral mesmo sentido;Pleno dia;Ceu Claro;Caminhao;Ileso;49;4;5;1;1;2
Manobra de mudanca de faixa;Colisao lateral mesmo sentido;Pleno dia;Ceu Claro;Caminhao;Lesoes Leves;2;4;5;1;1;2
Manobra de mudanca de faixa;Colisao lateral mesmo sentido;Pleno dia;Ceu Claro;Caminhao;Obito;1;4;5;1;1;2
Manobra de mudanca de faixa;Colisao lateral mesmo sentido;Pleno dia;Ceu Claro;Caminhao-trator;Ileso;55;4;5;1;1;2
Manobra de mudanca de faixa;Colisao lateral mesmo sentido;Pleno dia;Ceu Claro;Caminhao-trator;Lesoes Graves;1;4;5;1;1;2
Manobra de mudanca de faixa;Colisao lateral mesmo sentido;Pleno dia;Ceu Claro;Caminhonete;Ileso;74;4;5;1;1;2
Manobra de mudanca de faixa;Colisao lateral mesmo sentido;Pleno dia;Ceu Claro;Caminhonete;Lesoes Graves;2;4;5;1;1;2
Manobra de mudanca de faixa;Colisao lateral mesmo sentido;Pleno dia;Ceu Claro;Caminhonete;Lesoes Leves;20;4;5;1;1;2
Manobra de mudanca de faixa;Colisao lateral mesmo sentido;Pleno dia;Ceu Claro;Ciclomotor;Lesoes Leves;2;4;5;1;1;4
Manobra de mudanca de faixa;Colisao lateral mesmo sentido;Pleno dia;Ceu Claro;Micro-onibus;Ileso;12;4;5;1;1;4
Manobra de mudanca de faixa;Colisao lateral mesmo sentido;Pleno dia;Ceu Claro;Motocicleta;Ileso;20;4;5;1;1;1
Manobra de mudanca de faixa;Colisao lateral mesmo sentido;Pleno dia;Ceu Claro;Motocicleta;Lesoes Graves;52;4;5;1;1;1