causa_acidente;tipo_acidente;fase_dia;condicao_metereologica;tipo_veiculo;estado_fisico;count;causa_acidente_criterios;tipo_acidente_criterios;fase_dia_criterios;condicao_metereologica_criterios;tipo_veiculo_criterios
Manobra de mudanca de faixa;Queda de ocupante de veiculo;Pleno dia;Sol;Micro-onibus;Ileso;1;4;5;1;3;4
Manobra de mudanca de faixa;Queda de ocupante de veiculo;Pleno dia;Sol;Motocicleta;Ileso;4;4;5;1;3;1
Manobra de mudanca de faixa;Queda de ocupante de veiculo;Pleno dia;Sol;Motocicleta;Lesoes Graves;6;4;5;1;3;1
Manobra de mudanca de faixa;Queda de ocupante de veiculo;Pleno dia;Sol;Motocicleta;Lesoes Leves;46;4;5;1;3;1
Manobra de mudanca de faixa;Queda de ocupante de veiculo;Pleno dia;Sol;Motocicleta;Obito;2;4;5;1;3;1
Manobra de mudanca de faixa;Queda de ocupante de veiculo;Pleno dia;Sol;Motoneta;Lesoes Graves;2;4;5;1;3;3
Manobra de mudanca de faixa;Queda de ocupante de veiculo;Pleno dia;Sol;Motoneta;Lesoes Leves;3;4;5;1;3;3
Manobra de mudanca de faixa;Queda de ocupante de veiculo;Pleno dia;Sol;Nao Informado;Ileso;3;4;5;1;3;3
Manobra de mudanca de faixa;Queda de ocupante de veiculo;Pleno dia;Sol;Outros;Ileso;1;4;5;1;3;5
Manobra de mudanca de faixa;Saida de leito carrocavel;Amanhecer;Ceu Claro;Automovel;Ileso;3;4;5;4;1;1
Manobra de mudanca de faixa;Saida de leito carrocavel;Amanhecer;Ceu Claro;Automovel;Lesoes Graves;1;4;5;4;1;1
Manobra de mudanca de faixa;Saida de leito carrocavel;Amanhecer;Ceu Claro;Automovel;Lesoes Leves;2;4;5;4;1;1
Manobra de mudanca de faixa;Saida de leito carrocavel;Amanhecer;Ceu Claro;Caminhao;Lesoes Leves;1;4;5;4;1;2
Manobra de mudanca de faixa;Saida de leito carrocavel;Amanhecer;Ceu Claro;Caminhao-trator;Ileso;1;4;5;4;1;2
Manobra de mudanca de faixa;Saida de leito carrocavel;Amanhecer;Ceu Claro;Caminhonete;Obito;1;4;5;4;1;2
Manobra de mudanca de faixa;Saida de leito carrocavel;Amanhecer;Ceu Claro;Motocicleta;Lesoes Leves;1;4;5;4;1;1
Manobra de mudanca de faixa;Saida de leito carrocavel;Amanhecer;Nublado;Automovel;Ileso;5;4;5;4;2;1
Manobra de mudanca de faixa;Saida de leito carrocavel;Amanhecer;Nublado;Automovel;Lesoes Graves;3;4;5;4;2;1
Manobra de mudanca de faixa;Saida de leito carrocavel;Amanhecer;Nublado;Automovel;Lesoes Leves;2;4;5;4;2;1
Manobra de mudanca de faixa;Saida de leito carrocavel;Amanhecer;Nublado;Caminhao;Ileso;3;4;5;4;2;2
Manobra de mudanca de faixa;Saida de leito carrocavel;Amanhecer;Nublado;Caminhao;Lesoes Leves;1;4;5;4;2;2
Manobra de mudanca de faixa;Saida de leito carrocavel;Amanhecer;Nublado;Caminhonete;Lesoes Leves;2;4;5;4;2;2
Manobra de mudanca de faixa;Saida de leito carrocavel;Amanhecer;Nublado;Motocicleta;Lesoes Graves;1;4;5;4;2;1
Manobra de mudanca de faixa;Saida de leito carrocavel;Amanhecer;Nublado;Onibus;Ileso;1;4;5;4;2;3
Manobra de mudanca de faixa;Saida de leito carrocavel;Anoitecer;Ceu Claro;Automovel;Lesoes Graves;3;4;5;4;1;1
Manobra de mudanca de faixa;Saida de leito carrocavel;Anoitecer;Ceu Claro;Automovel;Lesoes Leves;5;4;5;4;1;1
Manobra de mudanca de faixa;Saida de leito carrocavel;Anoitecer;Ceu Claro;Caminhao-trator;Ileso;1;4;5;4;1;2
Manobra de mudanca de faixa;Saida de leito carrocavel;Anoitecer;Chuva;Automovel;Ileso;1;4;5;4;2;1
Manobra de mudanca de faixa;Saida de leito carrocavel;Anoitecer;Chuva;Automovel;Lesoes Graves;2;4;5;4;2;1
Manobra de mudanca de faixa;Saida de leito carrocavel;Anoitecer;Chuva;Automovel;Lesoes Leves;4;4;5;4;2;1
Manobra de mudanca de faixa;Saida de leito carrocavel;Anoitecer;Chuva;Caminhao;Ileso;1;4;5;4;2;2
Manobra de mudanca de faixa;Saida de leito carrocavel;Anoitecer;Chuva;Caminhao-trator;Ileso;1;4;5;4;2;2
Manobra de mudanca de faixa;Saida de leito carrocavel;Anoitecer;Chuva;Micro-onibus;Ileso;1;4;5;4;2;4
Manobra de mudanca de faixa;Saida de leito carrocavel;Anoitecer;Chuva;Micro-onibus;Lesoes Graves;5;4;5;4;2;4
Manobra de mudanca de faixa;Saida de leito carrocavel;Anoitecer;Chuva;Micro-onibus;Lesoes Leves;2;4;5;4;2;4
Manobra de mudanca de faixa;Saida de leito carrocavel;Anoitecer;Chuva;Micro-onibus;Obito;4;4;5;4;2;4
Manobra de mudanca de faixa;Saida de leito carrocavel;Anoitecer;Chuva;Motocicleta;Lesoes Graves;1;4;5;4;2;1
Manobra de mudanca de faixa;Saida de leito carrocavel;Anoitecer;Ignorado;Caminhao;Ileso;2;4;5;4;0;2
Manobra de mudanca de faixa;Saida de leito carrocavel;Anoitecer;Ignorado;Caminhao;Lesoes Leves;1;4;5;4;0;2
Manobra de mudanca de faixa;Saida de leito carrocavel;Anoitecer;Ignorado;Caminhao-trator;Ileso;1;4;5;4;0;2
Manobra de mudanca de faixa;Saida de leito carrocavel;Anoitecer;Nublado;Automovel;Ileso;8;4;5;4;2;1
Manobra de mudanca de faixa;Saida de leito carrocavel;Anoitecer;Nublado;Automovel;Lesoes Leves;1;4;5;4;2;1
Manobra de mudanca de faixa;Saida de leito carrocavel;Anoitecer;Nublado;Automovel;Obito;1;4;5;4;2;1
Manobra de mudanca de faixa;Saida de leito carrocavel;Anoitecer;Nublado;Caminhao-trator;Ileso;1;4;5;4;2;2
Manobra de mudanca de faixa;Saida de leito carrocavel;Anoitecer;Nublado;Caminhao-trator;Lesoes Graves;1;4;5;4;2;2
Manobra de mudanca de faixa;Saida de leito carrocavel;Anoitecer;Nublado;Caminhao-trator;Lesoes Leves;1;4;5;4;2;2
Manobra de mudanca de faixa;Saida de leito carrocavel;Anoitecer;Nublado;Motocicleta;Lesoes Leves;1;4;5;4;2;1
Manobra de mudanca de faixa;Saida de leito carrocavel;Plena Noite;Ceu Claro;Automovel;Ileso;17;4;5;2;1;1
Manobra de mudanca de faixa;Saida de leito carrocavel;Plena Noite;Ceu Claro;Automovel;Lesoes Graves;6;4;5;2;1;1
Manobra de mudanca de faixa;Saida de leito carrocavel;Plena Noite;Ceu Claro;Automovel;Lesoes Leves;16;4;5;2;1;1
Manobra de mudanca de faixa;Saida de leito carrocavel;Plena Noite;Ceu Claro;Automovel;Obito;4;4;5;2;1;1
Manobra de mudanca de faixa;Saida de leito carrocavel;Plena Noite;Ceu Claro;Caminhao;Ileso;1;4;5;2;1;2
Manobra de mudanca de faixa;Saida de leito carrocavel;Plena Noite;Ceu Claro;Caminhao;Lesoes Leves;1;4;5;2;1;2
Manobra de mudanca de faixa;Saida de leito carrocavel;Plena Noite;Ceu Claro;Caminhao-trator;Ileso;3;4;5;2;1;2
Manobra de mudanca de faixa;Saida de leito carrocavel;Plena Noite;Ceu Claro;Caminhao-trator;Lesoes Leves;2;4;5;2;1;2
Manobra de mudanca de faixa;Saida de leito carrocavel;Plena Noite;Ceu Claro;Caminhonete;Ileso;1;4;5;2;1;2
Manobra de mudanca de faixa;Saida de leito carrocavel;Plena Noite;Ceu Claro;Caminhonete;Lesoes Leves;2;4;5;2;1;2
Manobra de mudanca de faixa;Saida de leito carrocavel;Plena Noite;Ceu Claro;Motocicleta;Lesoes Leves;2;4;5;2;1;1
Manobra de mudanca de faixa;Saida de leito carrocavel;Plena Noite;Ceu Claro;Motocicleta;Obito;2;4;5;2;1;1
Manobra de mudanca de faixa;Saida de leito carrocavel;Plena Noite;Ceu Claro;Motoneta;Obito;1;4;5;2;1;3
Manobra de mudanca de faixa;Saida de leito carrocavel;Plena Noite;Ceu Claro;Nao Informado;Ileso;9;4;5;2;1;3
Manobra de mudanca de faixa;Saida de leito carrocavel;Plena Noite;Ceu Claro;Onibus;Ileso;3;4;5;2;1;3
Manobra de mudanca de faixa;Saida de leito carrocavel;Plena Noite;Ceu Claro;Onibus;Lesoes Graves;1;4;5;2;1;3
Manobra de mudanca de faixa;Saida de leito carrocavel;Plena Noite;Ceu Claro;Onibus;Lesoes Leves;5;4;5;2;1;3
Manobra de mudanca de faixa;Saida de leito carrocavel;Plena Noite;Ceu Claro;Utilitario;Ileso;1;4;5;2;1;3
Manobra de mudanca de faixa;Saida de leito carrocavel;Plena Noite;Ceu Claro;Utilitario;Lesoes Graves;2;4;5;2;1;3
Manobra de mudanca de faixa;Saida de leito carrocavel;Plena Noite;Ceu Claro;Utilitario;Lesoes Leves;2;4;5;2;1;3
Manobra de mudanca de faixa;Saida de leito carrocavel;Plena Noite;Ceu Claro;Utilitario;Obito;2;4;5;2;1;3
Manobra de mudanca de faixa;Saida de leito carrocavel;Plena Noite;Chuva;Automovel;Lesoes Leves;1;4;5;2;2;1
Manobra de mudanca de faixa;Saida de leito carrocavel;Plena Noite;Chuva;Automovel;Obito;1;4;5;2;2;1
Manobra de mudanca de faixa;Saida de leito carrocavel;Plena Noite;Chuva;Caminhao;Ileso;1;4;5;2;2;2
Manobra de mudanca de faixa;Saida de leito carrocavel;Plena Noite;Chuva;Caminhao;Lesoes Leves;3;4;5;2;2;2
Manobra de mudanca de faixa;Saida de leito carrocavel;Plena Noite;Chuva;Caminhao-trator;Ileso;2;4;5;2;2;2
Manobra de mudanca de faixa;Saida de leito carrocavel;Plena Noite;Chuva;Caminhao-trator;Lesoes Leves;1;4;5;2;2;2
Manobra de mudanca de faixa;Saida de leito carrocavel;Plena Noite;Garoa/Chuvisco;Automovel;Ileso;5;4;5;2;3;1
Manobra de mudanca de faixa;Saida de leito carrocavel;Plena Noite;Garoa/Chuvisco;Automovel;Lesoes Graves;1;4;5;2;3;1
Manobra de mudanca de faixa;Saida de leito carrocavel;Plena Noite;Garoa/Chuvisco;Automovel;Lesoes Leves;2;4;5;2;3;1
Manobra de mudanca de faixa;Saida de leito carrocavel;Plena Noite;Garoa/Chuvisco;Automovel;Obito;1;4;5;2;3;1
Manobra de mudanca de faixa;Saida de leito carrocavel;Plena Noite;Garoa/Chuvisco;Caminhao;Ileso;2;4;5;2;3;2
Manobra de mudanca de faixa;Saida de leito carrocavel;Plena Noite;Garoa/Chuvisco;Caminhao;Lesoes Graves;1;4;5;2;3;2
Manobra de mudanca de faixa;Saida de leito carrocavel;Plena Noite;Garoa/Chuvisco;Caminhao;Lesoes Leves;1;4;5;2;3;2
Manobra de mudanca de faixa;Saida de leito carrocavel;Plena Noite;Garoa/Chuvisco;Caminhao-trator;Ileso;3;4;5;2;3;2
Manobra de mudanca de faixa;Saida de leito carrocavel;Plena Noite;Garoa/Chuvisco;Caminhao-trator;Lesoes Leves;1;4;5;2;3;2
Manobra de mudanca de faixa;Saida de leito carrocavel;Plena Noite;Garoa/Chuvisco;Caminhonete;Ileso;3;4;5;2;3;2
Manobra de mudanca de faixa;Saida de leito carrocavel;Plena Noite;Garoa/Chuvisco;Caminhonete;Lesoes Leves;1;4;5;2;3;2
Manobra de mudanca de faixa;Saida de leito carrocavel;Plena Noite;Garoa/Chuvisco;Caminhonete;Obito;1;4;5;2;3;2
Manobra de mudanca de faixa;Saida de leito carrocavel;Plena Noite;Garoa/Chuvisco;Micro-onibus;Lesoes Leves;1;4;5;2;3;4
Manobra de mudanca de faixa;Saida de leito carrocavel;Plena Noite;Garoa/Chuvisco;Motocicleta;Lesoes Graves;2;4;5;2;3;1
Manobra de mudanca de faixa;Saida de leito carrocavel;Plena Noite;Garoa/Chuvisco;Motocicleta;Obito;3;4;5;2;3;1
Manobra de mudanca de faixa;Saida de leito carrocavel;Plena Noite;Nublado;Automovel;Ileso;23;4;5;2;2;1
Manobra de mudanca de faixa;Saida de leito carrocavel;Plena Noite;Nublado;Automovel;Lesoes Graves;3;4;5;2;2;1
Manobra de mudanca de faixa;Saida de leito carrocavel;Plena Noite;Nublado;Automovel;Lesoes Leves;9;4;5;2;2;1
Manobra de mudanca de faixa;Saida de leito carrocavel;Plena Noite;Nublado;Automovel;Obito;1;4;5;2;2;1
Manobra de mudanca de faixa;Saida de leito carrocavel;Plena Noite;Nublado;Caminhao;Ileso;1;4;5;2;2;2
Manobra de mudanca de faixa;Saida de leito carrocavel;Plena Noite;Nublado;Caminhao-trator;Ileso;7;4;5;2;2;2
Manobra de mudanca de faixa;Saida de leito carrocavel;Plena Noite;Nublado;Caminhao-trator;Lesoes Leves;1;4;5;2;2;2
Manobra de mudanca de faixa;Saida de leito carrocavel;Plena Noite;Nublado;Caminhonete;Ileso;2;4;5;2;2;2
Manobra de mudanca de faixa;Saida de leito carrocavel;Plena Noite;Nublado;Caminhonete;Lesoes Leves;1;4;5;2;2;2
Manobra de mudanca de faixa;Saida de leito carrocavel;Plena Noite;Nublado;Motocicleta;Lesoes Graves;3;4;5;2;2;1
Manobra de mudanca de faixa;Saida de leito carrocavel;Plena Noite;Nublado;Motocicleta;Obito;3;4;5;2;2;1
Manobra de mudanca de faixa;Saida de leito carrocavel;Plena Noite;Nublado;Nao Informado;Lesoes Leves;4;4;5;2;2;3
Manobra de mudanca de faixa;Saida de leito carrocavel;Plena Noite;Nublado;Onibus;Ileso;1;4;5;2;2;3
Manobra de mudanca de faixa;Saida de leito carrocavel;Pleno dia;Ceu Claro;Automovel;Ileso;62;4;5;1;1;1
Manobra de mudanca de faixa;Saida de leito carrocavel;Pleno dia;Ceu Claro;Automovel;Lesoes Graves;15;4;5;1;1;1
Manobra de mudanca de faixa;Saida de leito carrocavel;Pleno dia;Ceu Claro;Automovel;Lesoes Leves;53;4;5;1;1;1
Manobra de mudanca de faixa;Saida de leito carrocavel;Pleno dia;Ceu Claro;Automovel;Obito;7;4;5;1;1;1
Manobra de mudanca de faixa;Saida de leito carrocavel;Pleno dia;Ceu Claro;Bicicleta;Lesoes Leves;1;4;5;1;1;3
Manobra de mudanca de faixa;Saida de leito carrocavel;Pleno dia;Ceu Claro;Caminhao;Ileso;18;4;5;1;1;2
Manobra de mudanca de faixa;Saida de leito carrocavel;Pleno dia;Ceu Claro;Caminhao;Lesoes Leves;4;4;5;1;1;2
Manobra de mudanca de faixa;Saida de leito carrocavel;Pleno dia;Ceu Claro;Caminhao;Obito;2;4;5;1;1;2
Manobra de mudanca de faixa;Saida de leito carrocavel;Pleno dia;Ceu Claro;Caminhao-trator;Ileso;20;4;5;1;1;2
Manobra de mudanca de faixa;Saida de leito carrocavel;Pleno dia;Ceu Claro;Caminhao-trator;Lesoes Graves;1;4;5;1;1;2
Manobra de mudanca de faixa;Saida de leito carrocavel;Pleno dia;Ceu Claro;Caminhao-trator;Lesoes Leves;9;4;5;1;1;2
Manobra de mudanca de faixa;Saida de leito carrocavel;Pleno dia;Ceu Claro;Caminhao-trator;Obito;1;4;5;1;1;2
Manobra de mudanca de faixa;Saida de leito carrocavel;Pleno dia;Ceu Claro;Caminhonete;Ileso;9;4;5;1;1;2
Manobra de mudanca de faixa;Saida de leito carrocavel;Pleno dia;Ceu Claro;Caminhonete;Lesoes Graves;4;4;5;1;1;2
Manobra de mudanca de faixa;Saida de leito carrocavel;Pleno dia;Ceu Claro;Caminhonete;Lesoes Leves;17;4;5;1;1;2
Manobra de mudanca de faixa;Saida de leito carrocavel;Pleno dia;Ceu Claro;Micro-onibus;Ileso;7;4;5;1;1;4
Manobra de mudanca de faixa;Saida de leito carrocavel;Pleno dia;Ceu Claro;Motocicleta;Lesoes Graves;8;4;5;1;1;1
Manobra de mudanca de faixa;Saida de leito carrocavel;Pleno dia;Ceu Claro;Motocicleta;Lesoes Leves;10;4;5;1;1;1
Manobra de mudanca de faixa;Saida de leito carrocavel;Pleno dia;Ceu Claro;Motoneta;Lesoes Leves;2;4;5;1;1;3
Manobra de mudanca de faixa;Saida de leito carrocavel;Pleno dia;Ceu Claro;Nao Informado;Ileso;10;4;5;1;1;3
Manobra de mudanca de faixa;Saida de leito carrocavel;Pleno dia;Ceu Claro;Nao Informado;Lesoes Leves;6;4;5;1;1;3
Manobra de mudanca de faixa;Saida de leito carrocavel;Pleno dia;Ceu Claro;Nao se aplica;Lesoes Leves;1;4;5;1;1;3
Manobra de mudanca de faixa;Saida de leito carrocavel;Pleno dia;Ceu Claro;Onibus;Ileso;13;4;5;1;1;3
Manobra de mudanca de faixa;Saida de leito carrocavel;Pleno dia;Ceu Claro;Onibus;Lesoes Graves;5;4;5;1;1;3
Manobra de mudanca de faixa;Saida de leito carrocavel;Pleno dia;Ceu Claro;Onibus;Lesoes Leves;16;4;5;1;1;3
Manobra de mudanca de faixa;Saida de leito carrocavel;Pleno dia;Ceu Claro;Onibus;Obito;1;4;5;1;1;3
Manobra de mudanca de faixa;Saida de leito carrocavel;Pleno dia;Ceu Claro;Utilitario;Ileso;9;4;5;1;1;3
Manobra de mudanca de faixa;Saida de leito carrocavel;Pleno dia;Ceu Claro;Utilitario;Lesoes Leves;2;4;5;1;1;3
Manobra de mudanca de faixa;Saida de leito carrocavel;Pleno dia;Chuva;Automovel;Ileso;1;4;5;1;2;1
Manobra de mudanca de faixa;Saida de leito carrocavel;Pleno dia;Chuva;Automovel;Lesoes Graves;4;4;5;1;2;1
Manobra de mudanca de faixa;Saida de leito carrocavel;Pleno dia;Chuva;Automovel;Lesoes Leves;3;4;5;1;2;1
Manobra de mudanca de faixa;Saida de leito carrocavel;Pleno dia;Chuva;Caminhao;Ileso;3;4;5;1;2;2
Manobra de mudanca de faixa;Saida de leito carrocavel;Pleno dia;Chuva;Caminhao;Lesoes Leves;1;4;5;1;2;2
Manobra de mudanca de faixa;Saida de leito carrocavel;Pleno dia;Chuva;Caminhao-trator;Ileso;5;4;5;1;2;2
Manobra de mudanca de faixa;Saida de leito carrocavel;Pleno dia;Chuva;Caminhao-trator;Lesoes Graves;1;4;5;1;2;2
Manobra de mudanca de faixa;Saida de leito carrocavel;Pleno dia;Chuva;Caminhonete;Ileso;3;4;5;1;2;2
Manobra de mudanca de faixa;Saida de leito carrocavel;Pleno dia;Chuva;Caminhonete;Lesoes Leves;3;4;5;1;2;2
Manobra de mudanca de faixa;Saida de leito carrocavel;Pleno dia;Garoa/Chuvisco;Automovel;Ileso;5;4;5;1;3;1
Manobra de mudanca de faixa;Saida de leito carrocavel;Pleno dia;Garoa/Chuvisco;Automovel;Lesoes Graves;5;4;5;1;3;1
Manobra de mudanca de faixa;Saida de leito carrocavel;Pleno dia;Garoa/Chuvisco;Automovel;Lesoes Leves;2;4;5;1;3;1
Manobra de mudanca de faixa;Saida de leito carrocavel;Pleno dia;Garoa/Chuvisco;Automovel;Obito;1;4;5;1;3;1
Manobra de mudanca de faixa;Saida de leito carrocavel;Pleno dia;Garoa/Chuvisco;Caminhao;Lesoes Leves;1;4;5;1;3;2
Manobra de mudanca de faixa;Saida de leito carrocavel;Pleno dia;Garoa/Chuvisco;Caminhonete;Lesoes Leves;1;4;5;1;3;2
Manobra de mudanca de faixa;Saida de leito carrocavel;Pleno dia;Nublado;Automovel;Ileso;20;4;5;1;2;1
Manobra de mudanca de faixa;Saida de leito carrocavel;Pleno dia;Nublado;Automovel;Lesoes Graves;5;4;5;1;2;1
Manobra de mudanca de faixa;Saida de leito carrocavel;Pleno dia;Nublado;Automovel;Lesoes Leves;8;4;5;1;2;1
Manobra de mudanca de faixa;Saida de leito carrocavel;Pleno dia;Nublado;Automovel;Obito;2;4;5;1;2;1
Manobra de mudanca de faixa;Saida de leito carrocavel;Pleno dia;Nublado;Caminhao;Ileso;2;4;5;1;2;2
Manobra de mudanca de faixa;Saida de leito carrocavel;Pleno dia;Nublado;Caminhao;Lesoes Graves;1;4;5;1;2;2
Manobra de mudanca de faixa;Saida de leito carrocavel;Pleno dia;Nublado;Caminhao;Lesoes Leves;1;4;5;1;2;2
Manobra de mudanca de faixa;Saida de leito carrocavel;Pleno dia;Nublado;Caminhao-trator;Ileso;7;4;5;1;2;2
Manobra de mudanca de faixa;Saida de leito carrocavel;Pleno dia;Nublado;Caminhao-trator;Lesoes Leves;1;4;5;1;2;2
Manobra de mudanca de faixa;Saida de leito carrocavel;Pleno dia;Nublado;Caminhonete;Ileso;5;4;5;1;2;2
Manobra de mudanca de faixa;Saida de leito carrocavel;Pleno dia;Nublado;Motocicleta;Lesoes Leves;5;4;5;1;2;1
Manobra de mudanca de faixa;Saida de leito carrocavel;Pleno dia;Nublado;Motoneta;Obito;1;4;5;1;2;3
Manobra de mudanca de faixa;Saida de leito carrocavel;Pleno dia;Nublado;Utilitario;Ileso;2;4;5;1;2;3
Manobra de mudanca de faixa;Saida de leito carrocavel;Pleno dia;Nublado;Utilitario;Lesoes Leves;1;4;5;1;2;3
Manobra de mudanca de faixa;Saida de leito carrocavel;Pleno dia;Sol;Automovel;Ileso;17;4;5;1;3;1
Manobra de mudanca de faixa;Saida de leito carrocavel;Pleno dia;Sol;Automovel;Lesoes Graves;7;4;5;1;3;1
Manobra de mudanca de faixa;Saida de leito carrocavel;Pleno dia;Sol;Automovel;Lesoes Leves;18;4;5;1;3;1
Manobra de mudanca de faixa;Saida de leito carrocavel;Pleno dia;Sol;Caminhao-trator;Ileso;6;4;5;1;3;2
Manobra de mudanca de faixa;Saida de leito carrocavel;Pleno dia;Sol;Caminhao-trator;Lesoes Leves;1;4;5;1;3;2
Manobra de mudanca de faixa;Saida de leito carrocavel;Pleno dia;Sol;Caminhonete;Ileso;5;4;5;1;3;2
Manobra de mudanca de faixa;Saida de leito carrocavel;Pleno dia;Sol;Caminhonete;Lesoes Leves;1;4;5;1;3;2
Manobra de mudanca de faixa;Saida de leito carrocavel;Pleno dia;Sol;Motocicleta;Lesoes Graves;1;4;5;1;3;1
Manobra de mudanca de faixa;Saida de leito carrocavel;Pleno dia;Sol;Motocicleta;Lesoes Leves;1;4;5;1;3;1
Manobra de mudanca de faixa;Saida de leito carrocavel;Pleno dia;Sol;Motocicleta;Obito;2;4;5;1;3;1
Manobra de mudanca de faixa;Saida de leito carrocavel;Pleno dia;Sol;Nao Informado;Ileso;2;4;5;1;3;3
Manobra de mudanca de faixa;Saida de leito carrocavel;Pleno dia;Sol;Nao Informado;Lesoes Leves;1;4;5;1;3;3
Manobra de mudanca de faixa;Tombamento;Amanhecer;Ceu Claro;Caminhao;Ileso;1;4;5;4;1;2
Manobra de mudanca de faixa;Tombamento;Amanhecer;Ceu Claro;Caminhao-trator;Ileso;1;4;5;4;1;2
Manobra de mudanca de faixa;Tombamento;Amanhecer;Ceu Claro;Motocicleta;Lesoes Leves;2;4;5;4;1;1
Manobra de mudanca de faixa;Tombamento;Amanhecer;Ceu Claro;Motocicleta;Obito;1;4;5;4;1;1
Manobra de mudanca de faixa;Tombamento;Amanhecer;Nevoeiro/Neblina;Automovel;Ileso;1;4;5;4;4;1
Manobra de mudanca de faixa;Tombamento;Amanhecer;Nevoeiro/Neblina;Motocicleta;Lesoes Graves;1;4;5;4;4;1
Manobra de mudanca de faixa;Tombamento;Amanhecer;Nublado;Automovel;Ileso;8;4;5;4;2;1
Manobra de mudanca de faixa;Tombamento;Amanhecer;Nublado;Automovel;Lesoes Leves;1;4;5;4;2;1
Manobra de mudanca de faixa;Tombamento;Amanhecer;Nublado;Caminhao;Ileso;1;4;5;4;2;2
Manobra de mudanca de faixa;Tombamento;Amanhecer;Nublado;Caminhao;Lesoes Leves;1;4;5;4;2;2
Manobra de mudanca de faixa;Tombamento;Amanhecer;Nublado;Motocicleta;Ileso;1;4;5;4;2;1
Manobra de mudanca de faixa;Tombamento;Amanhecer;Nublado;Motocicleta;Lesoes Graves;1;4;5;4;2;1
Manobra de mudanca de faixa;Tombamento;Amanhecer;Nublado;Motocicleta;Lesoes Leves;2;4;5;4;2;1
Manobra de mudanca de faixa;Tombamento;Amanhecer;Nublado;Motocicleta;Obito;1;4;5;4;2;1
Manobra de mudanca de faixa;Tombamento;Amanhecer;Nublado;Nao se aplica;Lesoes Leves;1;4;5;4;2;3
Manobra de mudanca de faixa;Tombamento;Amanhecer;Sol;Caminhao;Ileso;1;4;5;4;3;2
Manobra de mudanca de faixa;Tombamento;Amanhecer;Sol;Motocicleta;Lesoes Graves;1;4;5;4;3;1
Manobra de mudanca de faixa;Tombamento;Anoitecer;Ceu Claro;Automovel;Ileso;11;4;5;4;1;1
Manobra de mudanca de faixa;Tombamento;Anoitecer;Ceu Claro;Caminhao;Ileso;1;4;5;4;1;2
Manobra de mudanca de faixa;Tombamento;Anoitecer;Ceu Claro;Caminhao-trator;Ileso;1;4;5;4;1;2
Manobra de mudanca de faixa;Tombamento;Anoitecer;Ceu Claro;Caminhonete;Ileso;2;4;5;4;1;2
Manobra de mudanca de faixa;Tombamento;Anoitecer;Ceu Claro;Motocicleta;Ileso;1;4;5;4;1;1
Manobra de mudanca de faixa;Tombamento;Anoitecer;Ceu Claro;Motocicleta;Lesoes Graves;3;4;5;4;1;1
Manobra de mudanca de faixa;Tombamento;Anoitecer;Ceu Claro;Motocicleta;Lesoes Leves;12;4;5;4;1;1
Manobra de mudanca de faixa;Tombamento;Anoitecer;Ceu Claro;Motoneta;Lesoes Graves;1;4;5;4;1;3
Manobra de mudanca de faixa;Tombamento;Anoitecer;Ceu Claro;Motoneta;Lesoes Leves;1;4;5;4;1;3
Manobra de mudanca de faixa;Tombamento;Anoitecer;Chuva;Automovel;Ileso;2;4;5;4;2;1
Manobra de mudanca de faixa;Tombamento;Anoitecer;Chuva;Caminhao-trator;Ileso;1;4;5;4;2;2
Manobra de mudanca de faixa;Tombamento;Anoitecer;Chuva;Motocicleta;Lesoes Graves;1;4;5;4;2;1
Manobra de mudanca de faixa;Tombamento;Anoitecer;Chuva;Motocicleta;Lesoes Leves;2;4;5;4;2;1
Manobra de mudanca de faixa;Tombamento;Anoitecer;Garoa/Chuvisco;Automovel;Ileso;1;4;5;4;3;1
Manobra de mudanca de faixa;Tombamento;Anoitecer;Garoa/Chuvisco;Motocicleta;Ileso;1;4;5;4;3;1
Manobra de mudanca de faixa;Tombamento;Anoitecer;Garoa/Chuvisco;Motocicleta;Lesoes Leves;1;4;5;4;3;1
Manobra de mudanca de faixa;Tombamento;Anoitecer;Ignorado;Caminhao;Ileso;2;4;5;4;0;2
Manobra de mudanca de faixa;Tombamento;Anoitecer;Ignorado;Caminhao;Lesoes Leves;1;4;5;4;0;2
Manobra de mudanca de faixa;Tombamento;Anoitecer;Ignorado;Caminhao-trator;Ileso;1;4;5;4;0;2
Manobra de mudanca de faixa;Tombamento;Anoitecer;Ignorado;Motocicleta;Lesoes Leves;2;4;5;4;0;1
Manobra de mudanca de faixa;Tombamento;Anoitecer;Nublado;Automovel;Ileso;7;4;5;4;2;1
Manobra de mudanca de faixa;Tombamento;Anoitecer;Nublado;Caminhao-trator;Lesoes Graves;1;4;5;4;2;2
Manobra de mudanca de faixa;Tombamento;Anoitecer;Nublado;Caminhao-trator;Lesoes Leves;1;4;5;4;2;2
Manobra de mudanca de faixa;Tombamento;Anoitecer;Nublado;Motocicleta;Lesoes Leves;9;4;5;4;2;1
Manobra de mudanca de faixa;Tombamento;Anoitecer;Nublado;Motoneta;Lesoes Leves;1;4;5;4;2;3
Manobra de mudanca de faixa;Tombamento;Anoitecer;Nublado;Nao Informado;Ileso;1;4;5;4;2;3
Manobra de mudanca de faixa;Tombamento;Plena Noite;Ceu Claro;Automovel;Ileso;39;4;5;2;1;1
Manobra de mudanca de faixa;Tombamento;Plena Noite;Ceu Claro;Automovel;Lesoes Graves;2;4;5;2;1;1
Manobra de mudanca de faixa;Tombamento;Plena Noite;Ceu Claro;Automovel;Lesoes Leves;2;4;5;2;1;1
Manobra de mudanca de faixa;Tombamento;Plena Noite;Ceu Claro;Automovel;Obito;4;4;5;2;1;1
Manobra de mudanca de faixa;Tombamento;Plena Noite;Ceu Claro;Bicicleta;Lesoes Leves;3;4;5;2;1;3
Manobra de mudanca de faixa;Tombamento;Plena Noite;Ceu Claro;Caminhao;Ileso;8;4;5;2;1;2
Manobra de mudanca de faixa;Tombamento;Plena Noite;Ceu Claro;Caminhao;Lesoes Leves;2;4;5;2;1;2
Manobra de mudanca de faixa;Tombamento;Plena Noite;Ceu Claro;Caminhao-trator;Ileso;4;4;5;2;1;2