causa_acidente;tipo_acidente;fase_dia;condicao_metereologica;tipo_veiculo;estado_fisico;count;causa_acidente_criterios;tipo_acidente_criterios;fase_dia_criterios;condicao_metereologica_criterios;tipo_veiculo_criterios
Objeto estatico sobre o leito carrocavel;Colisao traseira;Pleno dia;Ceu Claro;Automovel;Ileso;3;2;5;1;1;1
Objeto estatico sobre o leito carrocavel;Colisao traseira;Pleno dia;Ceu Claro;Automovel;Lesoes Leves;4;2;5;1;1;1
Objeto estatico sobre o leito carrocavel;Colisao traseira;Pleno dia;Ceu Claro;Caminhao;Ileso;2;2;5;1;1;2
Objeto estatico sobre o leito carrocavel;Colisao traseira;Pleno dia;Ceu Claro;Caminhao-trator;Ileso;1;2;5;1;1;2
Objeto estatico sobre o leito carrocavel;Colisao traseira;Pleno dia;Ceu Claro;Caminhonete;Ileso;1;2;5;1;1;2
Objeto estatico sobre o leito carrocavel;Colisao traseira;Pleno dia;Ceu Claro;Carroca-charrete;Lesoes Leves;1;2;5;1;1;5
Objeto estatico sobre o leito carrocavel;Colisao traseira;Pleno dia;Ceu Claro;Motocicleta;Lesoes Leves;1;2;5;1;1;1
Objeto estatico sobre o leito carrocavel;Colisao traseira;Pleno dia;Ceu Claro;Nao Informado;Ileso;2;2;5;1;1;3
Objeto estatico sobre o leito carrocavel;Colisao traseira;Pleno dia;Ceu Claro;Nao Informado;Lesoes Leves;1;2;5;1;1;3
Objeto estatico sobre o leito carrocavel;Colisao traseira;Pleno dia;Ceu Claro;Onibus;Ileso;1;2;5;1;1;3
Objeto estatico sobre o leito carrocavel;Colisao traseira;Pleno dia;Garoa/Chuvisco;Automovel;Lesoes Leves;5;2;5;1;3;1
Objeto estatico sobre o leito carrocavel;Colisao traseira;Pleno dia;Garoa/Chuvisco;Caminhonete;Ileso;3;2;5;1;3;2
Objeto estatico sobre o leito carrocavel;Colisao traseira;Pleno dia;Nublado;Automovel;Ileso;7;2;5;1;2;1
Objeto estatico sobre o leito carrocavel;Colisao traseira;Pleno dia;Nublado;Automovel;Lesoes Graves;3;2;5;1;2;1
Objeto estatico sobre o leito carrocavel;Colisao traseira;Pleno dia;Nublado;Automovel;Lesoes Leves;4;2;5;1;2;1
Objeto estatico sobre o leito carrocavel;Colisao traseira;Pleno dia;Nublado;Automovel;Obito;2;2;5;1;2;1
Objeto estatico sobre o leito carrocavel;Colisao traseira;Pleno dia;Nublado;Caminhao;Lesoes Leves;1;2;5;1;2;2
Objeto estatico sobre o leito carrocavel;Colisao traseira;Pleno dia;Nublado;Caminhao-trator;Ileso;1;2;5;1;2;2
Objeto estatico sobre o leito carrocavel;Colisao traseira;Pleno dia;Nublado;Caminhonete;Ileso;1;2;5;1;2;2
Objeto estatico sobre o leito carrocavel;Derramamento de carga;Plena Noite;Chuva;Caminhao-trator;Lesoes Leves;1;2;3;2;2;2
Objeto estatico sobre o leito carrocavel;Derramamento de carga;Plena Noite;Nublado;Automovel;Ileso;1;2;3;2;2;1
Objeto estatico sobre o leito carrocavel;Derramamento de carga;Plena Noite;Nublado;Caminhao;Ileso;1;2;3;2;2;2
Objeto estatico sobre o leito carrocavel;Derramamento de carga;Plena Noite;Nublado;Nao se aplica;Ileso;2;2;3;2;2;3
Objeto estatico sobre o leito carrocavel;Derramamento de carga;Plena Noite;Nublado;Nao se aplica;Lesoes Leves;1;2;3;2;2;3
Objeto estatico sobre o leito carrocavel;Derramamento de carga;Plena Noite;Nublado;Nao se aplica;Obito;1;2;3;2;2;3
Objeto estatico sobre o leito carrocavel;Engavetamento;Pleno dia;Chuva;Automovel;Lesoes Leves;1;2;3;1;2;1
Objeto estatico sobre o leito carrocavel;Engavetamento;Pleno dia;Chuva;Caminhao;Ileso;2;2;3;1;2;2
Objeto estatico sobre o leito carrocavel;Engavetamento;Pleno dia;Chuva;Caminhao;Lesoes Graves;1;2;3;1;2;2
Objeto estatico sobre o leito carrocavel;Engavetamento;Pleno dia;Chuva;Caminhao;Lesoes Leves;1;2;3;1;2;2
Objeto estatico sobre o leito carrocavel;Engavetamento;Pleno dia;Chuva;Caminhao-trator;Ileso;2;2;3;1;2;2
Objeto estatico sobre o leito carrocavel;Eventos atipicos;Plena Noite;Ceu Claro;Motoneta;Lesoes Graves;1;2;2;2;1;3
Objeto estatico sobre o leito carrocavel;Eventos atipicos;Pleno dia;Ceu Claro;Motocicleta;Ileso;1;2;2;1;1;1
Objeto estatico sobre o leito carrocavel;Eventos atipicos;Pleno dia;Ceu Claro;Motocicleta;Lesoes Leves;2;2;2;1;1;1
Objeto estatico sobre o leito carrocavel;Eventos atipicos;Pleno dia;Nublado;Automovel;Lesoes Leves;1;2;2;1;2;1
Objeto estatico sobre o leito carrocavel;Eventos atipicos;Pleno dia;Nublado;Caminhonete;Ileso;1;2;2;1;2;2
Objeto estatico sobre o leito carrocavel;Queda de ocupante de veiculo;Amanhecer;Ceu Claro;Caminhao-trator;Ileso;1;2;5;4;1;2
Objeto estatico sobre o leito carrocavel;Queda de ocupante de veiculo;Amanhecer;Ceu Claro;Motocicleta;Lesoes Leves;7;2;5;4;1;1
Objeto estatico sobre o leito carrocavel;Queda de ocupante de veiculo;Amanhecer;Ceu Claro;Motocicleta;Obito;1;2;5;4;1;1
Objeto estatico sobre o leito carrocavel;Queda de ocupante de veiculo;Amanhecer;Ceu Claro;Motoneta;Lesoes Graves;1;2;5;4;1;3
Objeto estatico sobre o leito carrocavel;Queda de ocupante de veiculo;Amanhecer;Ceu Claro;Motoneta;Lesoes Leves;1;2;5;4;1;3
Objeto estatico sobre o leito carrocavel;Queda de ocupante de veiculo;Amanhecer;Ceu Claro;Nao se aplica;Ileso;1;2;5;4;1;3
Objeto estatico sobre o leito carrocavel;Queda de ocupante de veiculo;Amanhecer;Nublado;Motocicleta;Lesoes Leves;1;2;5;4;2;1
Objeto estatico sobre o leito carrocavel;Queda de ocupante de veiculo;Amanhecer;Sol;Motocicleta;Lesoes Graves;1;2;5;4;3;1
Objeto estatico sobre o leito carrocavel;Queda de ocupante de veiculo;Anoitecer;Nublado;Caminhao-trator;Ileso;1;2;5;4;2;2
Objeto estatico sobre o leito carrocavel;Queda de ocupante de veiculo;Anoitecer;Nublado;Motocicleta;Lesoes Leves;2;2;5;4;2;1
Objeto estatico sobre o leito carrocavel;Queda de ocupante de veiculo;Plena Noite;Ceu Claro;Automovel;Ileso;3;2;5;2;1;1
Objeto estatico sobre o leito carrocavel;Queda de ocupante de veiculo;Plena Noite;Ceu Claro;Caminhao;Ileso;1;2;5;2;1;2
Objeto estatico sobre o leito carrocavel;Queda de ocupante de veiculo;Plena Noite;Ceu Claro;Caminhao-trator;Ileso;3;2;5;2;1;2
Objeto estatico sobre o leito carrocavel;Queda de ocupante de veiculo;Plena Noite;Ceu Claro;Motocicleta;Ileso;3;2;5;2;1;1
Objeto estatico sobre o leito carrocavel;Queda de ocupante de veiculo;Plena Noite;Ceu Claro;Motocicleta;Lesoes Graves;11;2;5;2;1;1
Objeto estatico sobre o leito carrocavel;Queda de ocupante de veiculo;Plena Noite;Ceu Claro;Motocicleta;Lesoes Leves;10;2;5;2;1;1
Objeto estatico sobre o leito carrocavel;Queda de ocupante de veiculo;Plena Noite;Ceu Claro;Motocicleta;Obito;1;2;5;2;1;1
Objeto estatico sobre o leito carrocavel;Queda de ocupante de veiculo;Plena Noite;Ceu Claro;Motoneta;Lesoes Leves;1;2;5;2;1;3
Objeto estatico sobre o leito carrocavel;Queda de ocupante de veiculo;Plena Noite;Chuva;Motocicleta;Ileso;1;2;5;2;2;1
Objeto estatico sobre o leito carrocavel;Queda de ocupante de veiculo;Plena Noite;Chuva;Motocicleta;Lesoes Graves;2;2;5;2;2;1
Objeto estatico sobre o leito carrocavel;Queda de ocupante de veiculo;Plena Noite;Chuva;Motocicleta;Lesoes Leves;1;2;5;2;2;1
Objeto estatico sobre o leito carrocavel;Queda de ocupante de veiculo;Plena Noite;Garoa/Chuvisco;Motocicleta;Lesoes Leves;2;2;5;2;3;1
Objeto estatico sobre o leito carrocavel;Queda de ocupante de veiculo;Plena Noite;Garoa/Chuvisco;Motoneta;Lesoes Leves;1;2;5;2;3;3
Objeto estatico sobre o leito carrocavel;Queda de ocupante de veiculo;Plena Noite;Nublado;Motocicleta;Lesoes Graves;1;2;5;2;2;1
Objeto estatico sobre o leito carrocavel;Queda de ocupante de veiculo;Pleno dia;Ceu Claro;Automovel;Ileso;1;2;5;1;1;1
Objeto estatico sobre o leito carrocavel;Queda de ocupante de veiculo;Pleno dia;Ceu Claro;Bicicleta;Lesoes Leves;1;2;5;1;1;3
Objeto estatico sobre o leito carrocavel;Queda de ocupante de veiculo;Pleno dia;Ceu Claro;Caminhao;Ileso;1;2;5;1;1;2
Objeto estatico sobre o leito carrocavel;Queda de ocupante de veiculo;Pleno dia;Ceu Claro;Caminhonete;Ileso;1;2;5;1;1;2
Objeto estatico sobre o leito carrocavel;Queda de ocupante de veiculo;Pleno dia;Ceu Claro;Ciclomotor;Lesoes Graves;1;2;5;1;1;4
Objeto estatico sobre o leito carrocavel;Queda de ocupante de veiculo;Pleno dia;Ceu Claro;Motocicleta;Lesoes Graves;2;2;5;1;1;1
Objeto estatico sobre o leito carrocavel;Queda de ocupante de veiculo;Pleno dia;Ceu Claro;Motocicleta;Lesoes Leves;10;2;5;1;1;1
Objeto estatico sobre o leito carrocavel;Queda de ocupante de veiculo;Pleno dia;Ceu Claro;Motoneta;Lesoes Leves;2;2;5;1;1;3
Objeto estatico sobre o leito carrocavel;Queda de ocupante de veiculo;Pleno dia;Ceu Claro;Nao Informado;Ileso;1;2;5;1;1;3
Objeto estatico sobre o leito carrocavel;Queda de ocupante de veiculo;Pleno dia;Nublado;Motocicleta;Ileso;1;2;5;1;2;1
Objeto estatico sobre o leito carrocavel;Queda de ocupante de veiculo;Pleno dia;Nublado;Motocicleta;Lesoes Graves;2;2;5;1;2;1
Objeto estatico sobre o leito carrocavel;Queda de ocupante de veiculo;Pleno dia;Nublado;Motocicleta;Lesoes Leves;2;2;5;1;2;1
Objeto estatico sobre o leito carrocavel;Queda de ocupante de veiculo;Pleno dia;Sol;Motoneta;Lesoes Leves;1;2;5;1;3;3
Objeto estatico sobre o leito carrocavel;Saida de leito carrocavel;Amanhecer;Ceu Claro;Caminhao-trator;Ileso;1;2;5;4;1;2
Objeto estatico sobre o leito carrocavel;Saida de leito carrocavel;Amanhecer;Ceu Claro;Caminhonete;Ileso;1;2;5;4;1;2
Objeto estatico sobre o leito carrocavel;Saida de leito carrocavel;Amanhecer;Nublado;Motocicleta;Lesoes Leves;1;2;5;4;2;1
Objeto estatico sobre o leito carrocavel;Saida de leito carrocavel;Plena Noite;Ceu Claro;Automovel;Ileso;6;2;5;2;1;1
Objeto estatico sobre o leito carrocavel;Saida de leito carrocavel;Plena Noite;Ceu Claro;Automovel;Lesoes Leves;3;2;5;2;1;1
Objeto estatico sobre o leito carrocavel;Saida de leito carrocavel;Plena Noite;Ceu Claro;Motocicleta;Lesoes Graves;1;2;5;2;1;1
Objeto estatico sobre o leito carrocavel;Saida de leito carrocavel;Plena Noite;Ceu Claro;Utilitario;Ileso;5;2;5;2;1;3
Objeto estatico sobre o leito carrocavel;Saida de leito carrocavel;Plena Noite;Chuva;Automovel;Ileso;1;2;5;2;2;1
Objeto estatico sobre o leito carrocavel;Saida de leito carrocavel;Plena Noite;Chuva;Automovel;Lesoes Leves;1;2;5;2;2;1
Objeto estatico sobre o leito carrocavel;Saida de leito carrocavel;Plena Noite;Chuva;Caminhao;Ileso;1;2;5;2;2;2
Objeto estatico sobre o leito carrocavel;Saida de leito carrocavel;Plena Noite;Chuva;Caminhao-trator;Ileso;1;2;5;2;2;2
Objeto estatico sobre o leito carrocavel;Saida de leito carrocavel;Plena Noite;Chuva;Caminhao-trator;Lesoes Leves;1;2;5;2;2;2
Objeto estatico sobre o leito carrocavel;Saida de leito carrocavel;Plena Noite;Chuva;Caminhonete;Ileso;1;2;5;2;2;2
Objeto estatico sobre o leito carrocavel;Saida de leito carrocavel;Plena Noite;Chuva;Onibus;Ileso;2;2;5;2;2;3
Objeto estatico sobre o leito carrocavel;Saida de leito carrocavel;Plena Noite;Chuva;Onibus;Lesoes Graves;2;2;5;2;2;3
Objeto estatico sobre o leito carrocavel;Saida de leito carrocavel;Plena Noite;Chuva;Onibus;Lesoes Leves;4;2;5;2;2;3
Objeto estatico sobre o leito carrocavel;Saida de leito carrocavel;Plena Noite;Nublado;Automovel;Ileso;1;2;5;2;2;1
Objeto estatico sobre o leito carrocavel;Saida de leito carrocavel;Plena Noite;Nublado;Caminhao;Ileso;1;2;5;2;2;2
Objeto estatico sobre o leito carrocavel;Saida de leito carrocavel;Plena Noite;Nublado;Nao se aplica;Ileso;2;2;5;2;2;3
Objeto estatico sobre o leito carrocavel;Saida de leito carrocavel;Plena Noite;Nublado;Nao se aplica;Lesoes Leves;1;2;5;2;2;3
Objeto estatico sobre o leito carrocavel;Saida de leito carrocavel;Plena Noite;Nublado;Nao se aplica;Obito;1;2;5;2;2;3
Objeto estatico sobre o leito carrocavel;Saida de leito carrocavel;Pleno dia;Ceu Claro;Automovel;Lesoes Leves;3;2;5;1;1;1
Objeto estatico sobre o leito carrocavel;Saida de leito carrocavel;Pleno dia;Ceu Claro;Caminhao;Ileso;1;2;5;1;1;2
Objeto estatico sobre o leito carrocavel;Saida de leito carrocavel;Pleno dia;Ceu Claro;Ciclomotor;Lesoes Graves;1;2;5;1;1;4
Objeto estatico sobre o leito carrocavel;Saida de leito carrocavel;Pleno dia;Chuva;Caminhao-trator;Ileso;1;2;5;1;2;2
Objeto estatico sobre o leito carrocavel;Saida de leito carrocavel;Pleno dia;Chuva;Caminhao-trator;Lesoes Leves;1;2;5;1;2;2
Objeto estatico sobre o leito carrocavel;Saida de leito carrocavel;Pleno dia;Nublado;Automovel;Ileso;5;2;5;1;2;1
Objeto estatico sobre o leito carrocavel;Saida de leito carrocavel;Pleno dia;Nublado;Automovel;Lesoes Graves;3;2;5;1;2;1
Objeto estatico sobre o leito carrocavel;Saida de leito carrocavel;Pleno dia;Nublado;Automovel;Lesoes Leves;2;2;5;1;2;1
Objeto estatico sobre o leito carrocavel;Saida de leito carrocavel;Pleno dia;Nublado;Automovel;Obito;2;2;5;1;2;1
Objeto estatico sobre o leito carrocavel;Saida de leito carrocavel;Pleno dia;Nublado;Caminhao;Lesoes Leves;1;2;5;1;2;2
Objeto estatico sobre o leito carrocavel;Saida de leito carrocavel;Pleno dia;Nublado;Caminhao-trator;Ileso;1;2;5;1;2;2
Objeto estatico sobre o leito carrocavel;Saida de leito carrocavel;Pleno dia;Nublado;Motocicleta;Lesoes Graves;1;2;5;1;2;1
Objeto estatico sobre o leito carrocavel;Tombamento;Amanhecer;Ceu Claro;Caminhao-trator;Ileso;1;2;5;4;1;2
Objeto estatico sobre o leito carrocavel;Tombamento;Amanhecer;Ceu Claro;Caminhonete;Ileso;1;2;5;4;1;2
Objeto estatico sobre o leito carrocavel;Tombamento;Amanhecer;Ceu Claro;Motocicleta;Lesoes Leves;6;2;5;4;1;1
Objeto estatico sobre o leito carrocavel;Tombamento;Amanhecer;Ignorado;Motocicleta;Lesoes Leves;1;2;5;4;0;1
Objeto estatico sobre o leito carrocavel;Tombamento;Amanhecer;Nublado;Motocicleta;Lesoes Leves;1;2;5;4;2;1
Objeto estatico sobre o leito carrocavel;Tombamento;Amanhecer;Sol;Motocicleta;Lesoes Graves;1;2;5;4;3;1
Objeto estatico sobre o leito carrocavel;Tombamento;Anoitecer;Nublado;Caminhao-trator;Ileso;1;2;5;4;2;2
Objeto estatico sobre o leito carrocavel;Tombamento;Anoitecer;Nublado;Motocicleta;Lesoes Leves;2;2;5;4;2;1
Objeto estatico sobre o leito carrocavel;Tombamento;Plena Noite;Ceu Claro;Automovel;Ileso;6;2;5;2;1;1
Objeto estatico sobre o leito carrocavel;Tombamento;Plena Noite;Ceu Claro;Automovel;Lesoes Graves;1;2;5;2;1;1
Objeto estatico sobre o leito carrocavel;Tombamento;Plena Noite;Ceu Claro;Caminhao-trator;Ileso;4;2;5;2;1;2
Objeto estatico sobre o leito carrocavel;Tombamento;Plena Noite;Ceu Claro;Motocicleta;Ileso;1;2;5;2;1;1
Objeto estatico sobre o leito carrocavel;Tombamento;Plena Noite;Ceu Claro;Motocicleta;Lesoes Graves;5;2;5;2;1;1
Objeto estatico sobre o leito carrocavel;Tombamento;Plena Noite;Ceu Claro;Motocicleta;Lesoes Leves;10;2;5;2;1;1
Objeto estatico sobre o leito carrocavel;Tombamento;Plena Noite;Ceu Claro;Motocicleta;Obito;1;2;5;2;1;1
Objeto estatico sobre o leito carrocavel;Tombamento;Plena Noite;Ceu Claro;Motoneta;Lesoes Leves;1;2;5;2;1;3
Objeto estatico sobre o leito carrocavel;Tombamento;Plena Noite;Chuva;Caminhao-trator;Lesoes Leves;4;2;5;2;2;2
Objeto estatico sobre o leito carrocavel;Tombamento;Plena Noite;Chuva;Motocicleta;Ileso;1;2;5;2;2;1
Objeto estatico sobre o leito carrocavel;Tombamento;Plena Noite;Chuva;Motocicleta;Lesoes Graves;2;2;5;2;2;1
Objeto estatico sobre o leito carrocavel;Tombamento;Plena Noite;Chuva;Motocicleta;Lesoes Leves;1;2;5;2;2;1
Objeto estatico sobre o leito carrocavel;Tombamento;Plena Noite;Garoa/Chuvisco;Motocicleta;Lesoes Leves;2;2;5;2;3;1
Objeto estatico sobre o leito carrocavel;Tombamento;Plena Noite;Garoa/Chuvisco;Motoneta;Lesoes Leves;1;2;5;2;3;3
Objeto estatico sobre o leito carrocavel;Tombamento;Plena Noite;Nublado;Automovel;Ileso;1;2;5;2;2;1
Objeto estatico sobre o leito carrocavel;Tombamento;Plena Noite;Nublado;Caminhao;Ileso;1;2;5;2;2;2
Objeto estatico sobre o leito carrocavel;Tombamento;Plena Noite;Nublado;Caminhao;Lesoes Graves;1;2;5;2;2;2
Objeto estatico sobre o leito carrocavel;Tombamento;Plena Noite;Nublado;Caminhao;Lesoes Leves;1;2;5;2;2;2
Objeto estatico sobre o leito carrocavel;Tombamento;Plena Noite;Nublado;Nao se aplica;Ileso;2;2;5;2;2;3
Objeto estatico sobre o leito carrocavel;Tombamento;Plena Noite;Nublado;Nao se aplica;Lesoes Leves;1;2;5;2;2;3
Objeto estatico sobre o leito carrocavel;Tombamento;Plena Noite;Nublado;Nao se aplica;Obito;1;2;5;2;2;3
Objeto estatico sobre o leito carrocavel;Tombamento;Pleno dia;Ceu Claro;Motocicleta;Lesoes Graves;1;2;5;1;1;1
Objeto estatico sobre o leito carrocavel;Tombamento;Pleno dia;Ceu Claro;Motocicleta;Lesoes Leves;10;2;5;1;1;1
Objeto estatico sobre o leito carrocavel;Tombamento;Pleno dia;Chuva;Caminhao-trator;Ileso;1;2;5;1;2;2
Objeto estatico sobre o leito carrocavel;Tombamento;Pleno dia;Chuva;Caminhao-trator;Lesoes Leves;1;2;5;1;2;2
Objeto estatico sobre o leito carrocavel;Tombamento;Pleno dia;Chuva;Motoneta;Lesoes Graves;1;2;5;1;2;3
Objeto estatico sobre o leito carrocavel;Tombamento;Pleno dia;Nublado;Automovel;Ileso;4;2;5;1;2;1
Objeto estatico sobre o leito carrocavel;Tombamento;Pleno dia;Nublado;Automovel;Lesoes Graves;3;2;5;1;2;1
Objeto estatico sobre o leito carrocavel;Tombamento;Pleno dia;Nublado;Automovel;Lesoes Leves;1;2;5;1;2;1
Objeto estatico sobre o leito carrocavel;Tombamento;Pleno dia;Nublado;Automovel;Obito;2;2;5;1;2;1
Objeto estatico sobre o leito carrocavel;Tombamento;Pleno dia;Nublado;Caminhao;Lesoes Leves;1;2;5;1;2;2
Objeto estatico sobre o leito carrocavel;Tombamento;Pleno dia;Nublado;Motocicleta;Ileso;1;2;5;1;2;1
Objeto estatico sobre o leito carrocavel;Tombamento;Pleno dia;Nublado;Motocicleta;Lesoes Graves;2;2;5;1;2;1
Objeto estatico sobre o leito carrocavel;Tombamento;Pleno dia;Nublado;Motocicleta;Lesoes Leves;2;2;5;1;2;1
Objeto estatico sobre o leito carrocavel;Tombamento;Pleno dia;Nublado;Motocicleta;Obito;1;2;5;1;2;1
Participar de racha;Capotamento;Plena Noite;Nublado;Automovel;Ileso;5;1;5;2;2;1
Participar de racha;Capotamento;Plena Noite;Nublado;Automovel;Lesoes Leves;1;1;5;2;2;1
Participar de racha;Colisao com objeto;Plena Noite;Ceu Claro;Motocicleta;Lesoes Leves;2;1;5;2;1;1
Participar de racha;Colisao com objeto;Plena Noite;Nublado;Automovel;Ileso;5;1;5;2;2;1
Participar de racha;Colisao com objeto;Plena Noite;Nublado;Automovel;Lesoes Leves;1;1;5;2;2;1
Participar de racha;Colisao com objeto;Pleno dia;Ceu Claro;Motocicleta;Obito;1;1;5;1;1;1
Participar de racha;Colisao lateral mesmo sentido;Plena Noite;Ceu Claro;Motocicleta;Lesoes Leves;2;1;5;2;1;1
Participar de racha;Colisao lateral mesmo sentido;Plena Noite;Nublado;Automovel;Ileso;6;1;5;2;2;1
Participar de racha;Colisao lateral mesmo sentido;Plena Noite;Nublado;Automovel;Lesoes Leves;1;1;5;2;2;1
Participar de racha;Colisao lateral mesmo sentido;Plena Noite;Nublado;Motocicleta;Lesoes Graves;1;1;5;2;2;1
Participar de racha;Colisao traseira;Plena Noite;Ceu Claro;Automovel;Ileso;1;1;5;2;1;1
Participar de racha;Colisao traseira;Plena Noite;Ceu Claro;Automovel;Lesoes Leves;1;1;5;2;1;1
Participar de racha;Queda de ocupante de veiculo;Plena Noite;Ceu Claro;Motocicleta;Ileso;1;1;5;2;1;1
Participar de racha;Queda de ocupante de veiculo;Plena Noite;Ceu Claro;Motocicleta;Lesoes Leves;1;1;5;2;1;1
Participar de racha;Queda de ocupante de veiculo;Plena Noite;Nublado;Automovel;Ileso;1;1;5;2;2;1
Participar de racha;Queda de ocupante de veiculo;Plena Noite;Nublado;Motocicleta;Lesoes Graves;1;1;5;2;2;1
Participar de racha;Queda de ocupante de veiculo;Pleno dia;Ceu Claro;Motocicleta;Lesoes Graves;1;1;5;1;1;1
Participar de racha;Queda de ocupante de veiculo;Pleno dia;Ceu Claro;Motocicleta;Lesoes Leves;1;1;5;1;1;1
Participar de racha;Queda de ocupante de veiculo;Pleno dia;Ceu Claro;Motocicleta;Obito;1;1;5;1;1;1
Participar de racha;Saida de leito carrocavel;Pleno dia;Ceu Claro;Motocicleta;Lesoes Graves;1;1;5;1;1;1
Participar de racha;Saida de leito carrocavel;Pleno dia;Ceu Claro;Motocicleta;Lesoes Leves;1;1;5;1;1;1
Participar de racha;Tombamento;Plena Noite;Nublado;Automovel;Ileso;1;1;5;2;2;1
Participar de racha;Tombamento;Plena Noite;Nublado;Motocicleta;Lesoes Graves;1;1;5;2;2;1
Participar de racha;Tombamento;Pleno dia;Ceu Claro;Motocicleta;Lesoes Graves;1;1;5;1;1;1
Participar de racha;Tombamento;Pleno dia;Ceu Claro;Motocicleta;Lesoes Leves;1;1;5;1;1;1
Participar de racha;Tombamento;Pleno dia;Ceu Claro;Motocicleta;Obito;1;1;5;1;1;1
Pedestre - Ingestao de alcool/ substancias psicoativas;Atropelamento de Animal;Plena Noite;Nublado;Automovel;Ileso;2;1;2;2;2;1
Pedestre - Ingestao de alcool/ substancias psicoativas;Atropelamento de Animal;Plena Noite;Nublado;Nao se aplica;Lesoes Graves;1;1;2;2;2;3
Pedestre - Ingestao de alcool/ substancias psicoativas;Atropelamento de Animal;Pleno dia;Sol;Caminhonete;Ileso;1;1;2;1;3;2
Pedestre - Ingestao de alcool/ substancias psicoativas;Atropelamento de Animal;Pleno dia;Sol;Nao se aplica;Lesoes Graves;1;1;2;1;3;3
Pedestre - Ingestao de alcool/ substancias psicoativas;Atropelamento de Pedestre;Amanhecer;Ceu Claro;Automovel;Ileso;1;1;4;4;1;1
Pedestre - Ingestao de alcool/ substancias psicoativas;Atropelamento de Pedestre;Amanhecer;Ceu Claro;Motocicleta;Ileso;1;1;4;4;1;1
Pedestre - Ingestao de alcool/ substancias psicoativas;Atropelamento de Pedestre;Amanhecer;Ceu Claro;Nao se aplica;Lesoes Graves;3;1;4;4;1;3
Pedestre - Ingestao de alcool/ substancias psicoativas;Atropelamento de Pedestre;Amanhecer;Ceu Claro;Nao se aplica;Obito;1;1;4;4;1;3
Pedestre - Ingestao de alcool/ substancias psicoativas;Atropelamento de Pedestre;Amanhecer;Ignorado;Motocicleta;Lesoes Graves;1;1;4;4;0;1
Pedestre - Ingestao de alcool/ substancias psicoativas;Atropelamento de Pedestre;Amanhecer;Ignorado;Motocicleta;Lesoes Leves;1;1;4;4;0;1
Pedestre - Ingestao de alcool/ substancias psicoativas;Atropelamento de Pedestre;Amanhecer;Ignorado;Nao se aplica;Obito;1;1;4;4;0;3
Pedestre - Ingestao de alcool/ substancias psicoativas;Atropelamento de Pedestre;Amanhecer;Nevoeiro/Neblina;Caminhonete;Ileso;1;1;4;4;4;2
Pedestre - Ingestao de alcool/ substancias psicoativas;Atropelamento de Pedestre;Amanhecer;Nevoeiro/Neblina;Nao se aplica;Lesoes Graves;1;1;4;4;4;3
Pedestre - Ingestao de alcool/ substancias psicoativas;Atropelamento de Pedestre;Amanhecer;Nublado;Caminhonete;Ileso;2;1;4;4;2;2
Pedestre - Ingestao de alcool/ substancias psicoativas;Atropelamento de Pedestre;Amanhecer;Nublado;Nao se aplica;Lesoes Graves;1;1;4;4;2;3
Pedestre - Ingestao de alcool/ substancias psicoativas;Atropelamento de Pedestre;Anoitecer;Ceu Claro;Automovel;Ileso;1;1;4;4;1;1
Pedestre - Ingestao de alcool/ substancias psicoativas;Atropelamento de Pedestre;Anoitecer;Ceu Claro;Automovel;Lesoes Graves;1;1;4;4;1;1
Pedestre - Ingestao de alcool/ substancias psicoativas;Atropelamento de Pedestre;Anoitecer;Ceu Claro;Caminhao;Ileso;1;1;4;4;1;2
Pedestre - Ingestao de alcool/ substancias psicoativas;Atropelamento de Pedestre;Anoitecer;Ceu Claro;Caminhao-trator;Ileso;1;1;4;4;1;2
Pedestre - Ingestao de alcool/ substancias psicoativas;Atropelamento de Pedestre;Anoitecer;Ceu Claro;Motocicleta;Lesoes Leves;1;1;4;4;1;1
Pedestre - Ingestao de alcool/ substancias psicoativas;Atropelamento de Pedestre;Anoitecer;Ceu Claro;Nao se aplica;Lesoes Graves;1;1;4;4;1;3
Pedestre - Ingestao de alcool/ substancias psicoativas;Atropelamento de Pedestre;Anoitecer;Ceu Claro;Nao se aplica;Lesoes Leves;2;1;4;4;1;3
Pedestre - Ingestao de alcool/ substancias psicoativas;Atropelamento de Pedestre;Anoitecer;Chuva;Automovel;Ileso;1;1;4;4;2;1
Pedestre - Ingestao de alcool/ substancias psicoativas;Atropelamento de Pedestre;Anoitecer;Chuva;Nao se aplica;Lesoes Graves;1;1;4;4;2;3
Pedestre - Ingestao de alcool/ substancias psicoativas;Atropelamento de Pedestre;Plena Noite;Ceu Claro;Automovel;Ileso;33;1;4;2;1;1
Pedestre - Ingestao de alcool/ substancias psicoativas;Atropelamento de Pedestre;Plena Noite;Ceu Claro;Automovel;Lesoes Leves;3;1;4;2;1;1