causa_acidente;tipo_acidente;fase_dia;condicao_metereologica;tipo_veiculo;estado_fisico;count;causa_acidente_criterios;tipo_acidente_criterios;fase_dia_criterios;condicao_metereologica_criterios;tipo_veiculo_criterios
Pedestre andava na pista;Atropelamento de Pedestre;Pleno dia;Ceu Claro;Caminhao-trator;Lesoes Graves;1;2;4;1;1;2
Pedestre andava na pista;Atropelamento de Pedestre;Pleno dia;Ceu Claro;Caminhonete;Ileso;4;2;4;1;1;2
Pedestre andava na pista;Atropelamento de Pedestre;Pleno dia;Ceu Claro;Motocicleta;Ileso;2;2;4;1;1;1
Pedestre andava na pista;Atropelamento de Pedestre;Pleno dia;Ceu Claro;Motocicleta;Lesoes Graves;1;2;4;1;1;1
Pedestre andava na pista;Atropelamento de Pedestre;Pleno dia;Ceu Claro;Motocicleta;Lesoes Leves;4;2;4;1;1;1
Pedestre andava na pista;Atropelamento de Pedestre;Pleno dia;Ceu Claro;Motoneta;Ileso;1;2;4;1;1;3
Pedestre andava na pista;Atropelamento de Pedestre;Pleno dia;Ceu Claro;Nao Informado;Ileso;2;2;4;1;1;3
Pedestre andava na pista;Atropelamento de Pedestre;Pleno dia;Ceu Claro;Nao se aplica;Ileso;1;2;4;1;1;3
Pedestre andava na pista;Atropelamento de Pedestre;Pleno dia;Ceu Claro;Nao se aplica;Lesoes Graves;16;2;4;1;1;3
Pedestre andava na pista;Atropelamento de Pedestre;Pleno dia;Ceu Claro;Nao se aplica;Lesoes Leves;7;2;4;1;1;3
Pedestre andava na pista;Atropelamento de Pedestre;Pleno dia;Ceu Claro;Nao se aplica;Obito;6;2;4;1;1;3
Pedestre andava na pista;Atropelamento de Pedestre;Pleno dia;Ceu Claro;Onibus;Ileso;2;2;4;1;1;3
Pedestre andava na pista;Atropelamento de Pedestre;Pleno dia;Ceu Claro;Utilitario;Ileso;2;2;4;1;1;3
Pedestre andava na pista;Atropelamento de Pedestre;Pleno dia;Chuva;Automovel;Ileso;2;2;4;1;2;1
Pedestre andava na pista;Atropelamento de Pedestre;Pleno dia;Chuva;Caminhao;Ileso;1;2;4;1;2;2
Pedestre andava na pista;Atropelamento de Pedestre;Pleno dia;Chuva;Motocicleta;Lesoes Leves;1;2;4;1;2;1
Pedestre andava na pista;Atropelamento de Pedestre;Pleno dia;Chuva;Nao se aplica;Lesoes Graves;3;2;4;1;2;3
Pedestre andava na pista;Atropelamento de Pedestre;Pleno dia;Chuva;Nao se aplica;Lesoes Leves;2;2;4;1;2;3
Pedestre andava na pista;Atropelamento de Pedestre;Pleno dia;Nublado;Automovel;Ileso;8;2;4;1;2;1
Pedestre andava na pista;Atropelamento de Pedestre;Pleno dia;Nublado;Automovel;Lesoes Graves;3;2;4;1;2;1
Pedestre andava na pista;Atropelamento de Pedestre;Pleno dia;Nublado;Automovel;Lesoes Leves;1;2;4;1;2;1
Pedestre andava na pista;Atropelamento de Pedestre;Pleno dia;Nublado;Automovel;Obito;2;2;4;1;2;1
Pedestre andava na pista;Atropelamento de Pedestre;Pleno dia;Nublado;Caminhao;Ileso;1;2;4;1;2;2
Pedestre andava na pista;Atropelamento de Pedestre;Pleno dia;Nublado;Caminhao;Lesoes Leves;1;2;4;1;2;2
Pedestre andava na pista;Atropelamento de Pedestre;Pleno dia;Nublado;Caminhao-trator;Ileso;1;2;4;1;2;2
Pedestre andava na pista;Atropelamento de Pedestre;Pleno dia;Nublado;Motocicleta;Lesoes Graves;1;2;4;1;2;1
Pedestre andava na pista;Atropelamento de Pedestre;Pleno dia;Nublado;Motoneta;Lesoes Graves;1;2;4;1;2;3
Pedestre andava na pista;Atropelamento de Pedestre;Pleno dia;Nublado;Nao se aplica;Lesoes Graves;4;2;4;1;2;3
Pedestre andava na pista;Atropelamento de Pedestre;Pleno dia;Nublado;Nao se aplica;Lesoes Leves;2;2;4;1;2;3
Pedestre andava na pista;Atropelamento de Pedestre;Pleno dia;Nublado;Nao se aplica;Obito;2;2;4;1;2;3
Pedestre andava na pista;Atropelamento de Pedestre;Pleno dia;Nublado;Onibus;Ileso;1;2;4;1;2;3
Pedestre andava na pista;Atropelamento de Pedestre;Pleno dia;Sol;Automovel;Ileso;2;2;4;1;3;1
Pedestre andava na pista;Atropelamento de Pedestre;Pleno dia;Sol;Caminhao;Ileso;2;2;4;1;3;2
Pedestre andava na pista;Atropelamento de Pedestre;Pleno dia;Sol;Caminhonete;Ileso;1;2;4;1;3;2
Pedestre andava na pista;Atropelamento de Pedestre;Pleno dia;Sol;Motocicleta;Lesoes Leves;1;2;4;1;3;1
Pedestre andava na pista;Atropelamento de Pedestre;Pleno dia;Sol;Nao Informado;Ileso;1;2;4;1;3;3
Pedestre andava na pista;Atropelamento de Pedestre;Pleno dia;Sol;Nao se aplica;Lesoes Graves;3;2;4;1;3;3
Pedestre andava na pista;Atropelamento de Pedestre;Pleno dia;Sol;Nao se aplica;Lesoes Leves;2;2;4;1;3;3
Pedestre andava na pista;Atropelamento de Pedestre;Pleno dia;Sol;Nao se aplica;Obito;3;2;4;1;3;3
Pedestre andava na pista;Capotamento;Pleno dia;Ceu Claro;Automovel;Ileso;2;2;5;1;1;1
Pedestre andava na pista;Capotamento;Pleno dia;Ceu Claro;Caminhao-trator;Ileso;1;2;5;1;1;2
Pedestre andava na pista;Capotamento;Pleno dia;Ceu Claro;Caminhao-trator;Lesoes Graves;1;2;5;1;1;2
Pedestre andava na pista;Colisao com objeto;Plena Noite;Ceu Claro;Automovel;Lesoes Leves;2;2;5;2;1;1
Pedestre andava na pista;Colisao com objeto;Plena Noite;Nublado;Automovel;Ileso;1;2;5;2;2;1
Pedestre andava na pista;Colisao com objeto;Plena Noite;Nublado;Nao se aplica;Obito;1;2;5;2;2;3
Pedestre andava na pista;Colisao com objeto;Pleno dia;Sol;Automovel;Ileso;1;2;5;1;3;1
Pedestre andava na pista;Colisao com objeto;Pleno dia;Sol;Caminhao;Ileso;1;2;5;1;3;2
Pedestre andava na pista;Colisao com objeto;Pleno dia;Sol;Nao se aplica;Obito;1;2;5;1;3;3
Pedestre andava na pista;Colisao lateral mesmo sentido;Pleno dia;Nublado;Automovel;Ileso;2;2;5;1;2;1
Pedestre andava na pista;Colisao lateral mesmo sentido;Pleno dia;Nublado;Motocicleta;Lesoes Graves;1;2;5;1;2;1
Pedestre andava na pista;Colisao lateral mesmo sentido;Pleno dia;Nublado;Nao se aplica;Lesoes Leves;1;2;5;1;2;3
Pedestre andava na pista;Colisao transversal;Plena Noite;Ceu Claro;Motocicleta;Lesoes Leves;1;2;5;2;1;1
Pedestre andava na pista;Colisao traseira;Plena Noite;Ceu Claro;Motocicleta;Lesoes Leves;1;2;5;2;1;1
Pedestre andava na pista;Colisao traseira;Plena Noite;Nublado;Automovel;Ileso;1;2;5;2;2;1
Pedestre andava na pista;Colisao traseira;Plena Noite;Nublado;Bicicleta;Lesoes Graves;1;2;5;2;2;3
Pedestre andava na pista;Colisao traseira;Pleno dia;Ceu Claro;Automovel;Ileso;2;2;5;1;1;1
Pedestre andava na pista;Colisao traseira;Pleno dia;Ceu Claro;Caminhao-trator;Ileso;1;2;5;1;1;2
Pedestre andava na pista;Colisao traseira;Pleno dia;Ceu Claro;Caminhao-trator;Lesoes Graves;1;2;5;1;1;2
Pedestre andava na pista;Colisao traseira;Pleno dia;Nublado;Automovel;Ileso;6;2;5;1;2;1
Pedestre andava na pista;Colisao traseira;Pleno dia;Nublado;Automovel;Lesoes Graves;3;2;5;1;2;1
Pedestre andava na pista;Colisao traseira;Pleno dia;Nublado;Automovel;Lesoes Leves;1;2;5;1;2;1
Pedestre andava na pista;Colisao traseira;Pleno dia;Nublado;Automovel;Obito;2;2;5;1;2;1
Pedestre andava na pista;Colisao traseira;Pleno dia;Nublado;Caminhao;Lesoes Leves;1;2;5;1;2;2
Pedestre andava na pista;Colisao traseira;Pleno dia;Nublado;Motocicleta;Lesoes Graves;1;2;5;1;2;1
Pedestre andava na pista;Colisao traseira;Pleno dia;Nublado;Nao se aplica;Lesoes Leves;1;2;5;1;2;3
Pedestre andava na pista;Engavetamento;Pleno dia;Ceu Claro;Automovel;Ileso;2;2;3;1;1;1
Pedestre andava na pista;Engavetamento;Pleno dia;Ceu Claro;Automovel;Lesoes Leves;2;2;3;1;1;1
Pedestre andava na pista;Engavetamento;Pleno dia;Ceu Claro;Caminhonete;Ileso;3;2;3;1;1;2
Pedestre andava na pista;Engavetamento;Pleno dia;Ceu Claro;Nao se aplica;Obito;1;2;3;1;1;3
Pedestre andava na pista;Engavetamento;Pleno dia;Ceu Claro;Utilitario;Ileso;1;2;3;1;1;3
Pedestre andava na pista;Eventos atipicos;Pleno dia;Ceu Claro;Automovel;Ileso;1;2;2;1;1;1
Pedestre andava na pista;Eventos atipicos;Pleno dia;Ceu Claro;Automovel;Obito;1;2;2;1;1;1
Pedestre andava na pista;Eventos atipicos;Pleno dia;Ceu Claro;Caminhao-trator;Ileso;1;2;2;1;1;2
Pedestre andava na pista;Eventos atipicos;Pleno dia;Nublado;Nao se aplica;Lesoes Graves;1;2;2;1;2;3
Pedestre andava na pista;Queda de ocupante de veiculo;Amanhecer;Ceu Claro;Motocicleta;Lesoes Leves;2;2;5;4;1;1
Pedestre andava na pista;Queda de ocupante de veiculo;Amanhecer;Ceu Claro;Nao se aplica;Lesoes Leves;1;2;5;4;1;3
Pedestre andava na pista;Queda de ocupante de veiculo;Amanhecer;Nublado;Motocicleta;Ileso;1;2;5;4;2;1
Pedestre andava na pista;Queda de ocupante de veiculo;Amanhecer;Nublado;Nao se aplica;Lesoes Leves;1;2;5;4;2;3
Pedestre andava na pista;Queda de ocupante de veiculo;Anoitecer;Garoa/Chuvisco;Motocicleta;Lesoes Leves;1;2;5;4;3;1
Pedestre andava na pista;Queda de ocupante de veiculo;Anoitecer;Garoa/Chuvisco;Nao se aplica;Lesoes Leves;1;2;5;4;3;3
Pedestre andava na pista;Queda de ocupante de veiculo;Anoitecer;Nublado;Motocicleta;Lesoes Leves;1;2;5;4;2;1
Pedestre andava na pista;Queda de ocupante de veiculo;Anoitecer;Nublado;Nao se aplica;Obito;1;2;5;4;2;3
Pedestre andava na pista;Queda de ocupante de veiculo;Plena Noite;Ceu Claro;Motocicleta;Lesoes Graves;1;2;5;2;1;1
Pedestre andava na pista;Queda de ocupante de veiculo;Plena Noite;Ceu Claro;Motocicleta;Lesoes Leves;12;2;5;2;1;1
Pedestre andava na pista;Queda de ocupante de veiculo;Plena Noite;Ceu Claro;Motoneta;Lesoes Leves;1;2;5;2;1;3
Pedestre andava na pista;Queda de ocupante de veiculo;Plena Noite;Ceu Claro;Nao se aplica;Lesoes Graves;2;2;5;2;1;3
Pedestre andava na pista;Queda de ocupante de veiculo;Plena Noite;Ceu Claro;Nao se aplica;Lesoes Leves;7;2;5;2;1;3
Pedestre andava na pista;Queda de ocupante de veiculo;Plena Noite;Chuva;Motocicleta;Ileso;1;2;5;2;2;1
Pedestre andava na pista;Queda de ocupante de veiculo;Plena Noite;Chuva;Motocicleta;Lesoes Graves;1;2;5;2;2;1
Pedestre andava na pista;Queda de ocupante de veiculo;Plena Noite;Chuva;Nao se aplica;Lesoes Graves;1;2;5;2;2;3
Pedestre andava na pista;Queda de ocupante de veiculo;Plena Noite;Chuva;Nao se aplica;Obito;1;2;5;2;2;3
Pedestre andava na pista;Queda de ocupante de veiculo;Plena Noite;Nublado;Automovel;Ileso;1;2;5;2;2;1
Pedestre andava na pista;Queda de ocupante de veiculo;Plena Noite;Nublado;Bicicleta;Lesoes Graves;1;2;5;2;2;3
Pedestre andava na pista;Queda de ocupante de veiculo;Plena Noite;Nublado;Motocicleta;Ileso;1;2;5;2;2;1
Pedestre andava na pista;Queda de ocupante de veiculo;Plena Noite;Nublado;Motocicleta;Lesoes Graves;1;2;5;2;2;1
Pedestre andava na pista;Queda de ocupante de veiculo;Plena Noite;Nublado;Nao se aplica;Lesoes Leves;1;2;5;2;2;3
Pedestre andava na pista;Queda de ocupante de veiculo;Plena Noite;Nublado;Nao se aplica;Obito;1;2;5;2;2;3
Pedestre andava na pista;Queda de ocupante de veiculo;Pleno dia;Ceu Claro;Automovel;Ileso;1;2;5;1;1;1
Pedestre andava na pista;Queda de ocupante de veiculo;Pleno dia;Ceu Claro;Bicicleta;Obito;1;2;5;1;1;3
Pedestre andava na pista;Queda de ocupante de veiculo;Pleno dia;Ceu Claro;Motocicleta;Ileso;1;2;5;1;1;1
Pedestre andava na pista;Queda de ocupante de veiculo;Pleno dia;Ceu Claro;Motocicleta;Lesoes Leves;2;2;5;1;1;1
Pedestre andava na pista;Queda de ocupante de veiculo;Pleno dia;Ceu Claro;Nao se aplica;Lesoes Graves;2;2;5;1;1;3
Pedestre andava na pista;Queda de ocupante de veiculo;Pleno dia;Ceu Claro;Nao se aplica;Lesoes Leves;1;2;5;1;1;3
Pedestre andava na pista;Queda de ocupante de veiculo;Pleno dia;Chuva;Motocicleta;Lesoes Leves;1;2;5;1;2;1
Pedestre andava na pista;Queda de ocupante de veiculo;Pleno dia;Chuva;Nao se aplica;Lesoes Leves;1;2;5;1;2;3
Pedestre andava na pista;Queda de ocupante de veiculo;Pleno dia;Nublado;Automovel;Ileso;2;2;5;1;2;1
Pedestre andava na pista;Queda de ocupante de veiculo;Pleno dia;Nublado;Motocicleta;Lesoes Graves;1;2;5;1;2;1
Pedestre andava na pista;Queda de ocupante de veiculo;Pleno dia;Nublado;Motoneta;Lesoes Graves;1;2;5;1;2;3
Pedestre andava na pista;Queda de ocupante de veiculo;Pleno dia;Nublado;Nao se aplica;Lesoes Leves;2;2;5;1;2;3
Pedestre andava na pista;Saida de leito carrocavel;Plena Noite;Ceu Claro;Automovel;Lesoes Leves;2;2;5;2;1;1
Pedestre andava na pista;Saida de leito carrocavel;Plena Noite;Ceu Claro;Nao se aplica;Obito;1;2;5;2;1;3
Pedestre andava na pista;Saida de leito carrocavel;Pleno dia;Ceu Claro;Automovel;Ileso;2;2;5;1;1;1
Pedestre andava na pista;Saida de leito carrocavel;Pleno dia;Ceu Claro;Caminhao-trator;Ileso;2;2;5;1;1;2
Pedestre andava na pista;Saida de leito carrocavel;Pleno dia;Ceu Claro;Caminhao-trator;Lesoes Graves;1;2;5;1;1;2
Pedestre andava na pista;Saida de leito carrocavel;Pleno dia;Ceu Claro;Caminhonete;Ileso;1;2;5;1;1;2
Pedestre andava na pista;Saida de leito carrocavel;Pleno dia;Ceu Claro;Caminhonete;Obito;1;2;5;1;1;2
Pedestre andava na pista;Saida de leito carrocavel;Pleno dia;Ceu Claro;Nao se aplica;Lesoes Leves;1;2;5;1;1;3
Pedestre andava na pista;Saida de leito carrocavel;Pleno dia;Nublado;Automovel;Ileso;4;2;5;1;2;1
Pedestre andava na pista;Saida de leito carrocavel;Pleno dia;Nublado;Automovel;Lesoes Graves;3;2;5;1;2;1
Pedestre andava na pista;Saida de leito carrocavel;Pleno dia;Nublado;Automovel;Lesoes Leves;1;2;5;1;2;1
Pedestre andava na pista;Saida de leito carrocavel;Pleno dia;Nublado;Automovel;Obito;2;2;5;1;2;1
Pedestre andava na pista;Saida de leito carrocavel;Pleno dia;Nublado;Caminhao;Lesoes Leves;1;2;5;1;2;2
Pedestre andava na pista;Saida de leito carrocavel;Pleno dia;Sol;Automovel;Ileso;1;2;5;1;3;1
Pedestre andava na pista;Tombamento;Amanhecer;Ceu Claro;Motocicleta;Lesoes Leves;2;2;5;4;1;1
Pedestre andava na pista;Tombamento;Amanhecer;Ceu Claro;Nao se aplica;Lesoes Leves;1;2;5;4;1;3
Pedestre andava na pista;Tombamento;Amanhecer;Nublado;Motocicleta;Ileso;1;2;5;4;2;1
Pedestre andava na pista;Tombamento;Amanhecer;Nublado;Nao se aplica;Lesoes Leves;1;2;5;4;2;3
Pedestre andava na pista;Tombamento;Anoitecer;Nublado;Motocicleta;Lesoes Leves;1;2;5;4;2;1
Pedestre andava na pista;Tombamento;Anoitecer;Nublado;Nao se aplica;Obito;1;2;5;4;2;3
Pedestre andava na pista;Tombamento;Plena Noite;Ceu Claro;Motocicleta;Lesoes Graves;1;2;5;2;1;1
Pedestre andava na pista;Tombamento;Plena Noite;Ceu Claro;Motocicleta;Lesoes Leves;12;2;5;2;1;1
Pedestre andava na pista;Tombamento;Plena Noite;Ceu Claro;Nao Informado;Ileso;1;2;5;2;1;3
Pedestre andava na pista;Tombamento;Plena Noite;Ceu Claro;Nao se aplica;Lesoes Graves;2;2;5;2;1;3
Pedestre andava na pista;Tombamento;Plena Noite;Ceu Claro;Nao se aplica;Lesoes Leves;4;2;5;2;1;3
Pedestre andava na pista;Tombamento;Plena Noite;Chuva;Motocicleta;Ileso;1;2;5;2;2;1
Pedestre andava na pista;Tombamento;Plena Noite;Chuva;Motocicleta;Lesoes Graves;1;2;5;2;2;1
Pedestre andava na pista;Tombamento;Plena Noite;Chuva;Nao se aplica;Lesoes Graves;1;2;5;2;2;3
Pedestre andava na pista;Tombamento;Plena Noite;Chuva;Nao se aplica;Obito;1;2;5;2;2;3
Pedestre andava na pista;Tombamento;Plena Noite;Nublado;Automovel;Ileso;1;2;5;2;2;1
Pedestre andava na pista;Tombamento;Plena Noite;Nublado;Bicicleta;Lesoes Graves;1;2;5;2;2;3
Pedestre andava na pista;Tombamento;Plena Noite;Nublado;Motocicleta;Ileso;1;2;5;2;2;1
Pedestre andava na pista;Tombamento;Plena Noite;Nublado;Motocicleta;Lesoes Graves;1;2;5;2;2;1
Pedestre andava na pista;Tombamento;Plena Noite;Nublado;Nao se aplica;Lesoes Leves;1;2;5;2;2;3
Pedestre andava na pista;Tombamento;Plena Noite;Nublado;Nao se aplica;Obito;1;2;5;2;2;3
Pedestre andava na pista;Tombamento;Pleno dia;Ceu Claro;Automovel;Ileso;1;2;5;1;1;1
Pedestre andava na pista;Tombamento;Pleno dia;Ceu Claro;Bicicleta;Obito;1;2;5;1;1;3
Pedestre andava na pista;Tombamento;Pleno dia;Ceu Claro;Motocicleta;Ileso;1;2;5;1;1;1
Pedestre andava na pista;Tombamento;Pleno dia;Ceu Claro;Motocicleta;Lesoes Leves;2;2;5;1;1;1
Pedestre andava na pista;Tombamento;Pleno dia;Ceu Claro;Nao se aplica;Lesoes Graves;2;2;5;1;1;3
Pedestre andava na pista;Tombamento;Pleno dia;Ceu Claro;Nao se aplica;Lesoes Leves;1;2;5;1;1;3
Pedestre andava na pista;Tombamento;Pleno dia;Chuva;Motocicleta;Lesoes Leves;1;2;5;1;2;1
Pedestre andava na pista;Tombamento;Pleno dia;Chuva;Nao se aplica;Lesoes Leves;1;2;5;1;2;3
Pedestre andava na pista;Tombamento;Pleno dia;Nublado;Automovel;Ileso;6;2;5;1;2;1
Pedestre andava na pista;Tombamento;Pleno dia;Nublado;Automovel;Lesoes Graves;3;2;5;1;2;1
Pedestre andava na pista;Tombamento;Pleno dia;Nublado;Automovel;Lesoes Leves;1;2;5;1;2;1
Pedestre andava na pista;Tombamento;Pleno dia;Nublado;Automovel;Obito;2;2;5;1;2;1
Pedestre andava na pista;Tombamento;Pleno dia;Nublado;Caminhao;Lesoes Leves;1;2;5;1;2;2
Pedestre andava na pista;Tombamento;Pleno dia;Nublado;Motocicleta;Lesoes Graves;1;2;5;1;2;1
Pedestre andava na pista;Tombamento;Pleno dia;Nublado;Motoneta;Lesoes Graves;1;2;5;1;2;3
Pedestre andava na pista;Tombamento;Pleno dia;Nublado;Nao se aplica;Lesoes Leves;2;2;5;1;2;3
Pedestre cruzava a pista fora da faixa;Atropelamento de Pedestre;Amanhecer;Ceu Claro;Automovel;Ileso;3;2;4;4;1;1
Pedestre cruzava a pista fora da faixa;Atropelamento de Pedestre;Amanhecer;Ceu Claro;Caminhonete;Ileso;1;2;4;4;1;2
Pedestre cruzava a pista fora da faixa;Atropelamento de Pedestre;Amanhecer;Ceu Claro;Nao se aplica;Obito;2;2;4;4;1;3
Pedestre cruzava a pista fora da faixa;Atropelamento de Pedestre;Amanhecer;Chuva;Caminhonete;Ileso;1;2;4;4;2;2
Pedestre cruzava a pista fora da faixa;Atropelamento de Pedestre;Amanhecer;Chuva;Nao se aplica;Obito;1;2;4;4;2;3
Pedestre cruzava a pista fora da faixa;Atropelamento de Pedestre;Amanhecer;Nublado;Automovel;Ileso;1;2;4;4;2;1
Pedestre cruzava a pista fora da faixa;Atropelamento de Pedestre;Amanhecer;Nublado;Motocicleta;Ileso;1;2;4;4;2;1
Pedestre cruzava a pista fora da faixa;Atropelamento de Pedestre;Amanhecer;Nublado;Motocicleta;Lesoes Leves;1;2;4;4;2;1
Pedestre cruzava a pista fora da faixa;Atropelamento de Pedestre;Amanhecer;Nublado;Nao se aplica;Lesoes Graves;2;2;4;4;2;3
Pedestre cruzava a pista fora da faixa;Atropelamento de Pedestre;Amanhecer;Nublado;Nao se aplica;Lesoes Leves;1;2;4;4;2;3
Pedestre cruzava a pista fora da faixa;Atropelamento de Pedestre;Anoitecer;Ceu Claro;Automovel;Ileso;3;2;4;4;1;1
Pedestre cruzava a pista fora da faixa;Atropelamento de Pedestre;Anoitecer;Ceu Claro;Caminhao-trator;Ileso;1;2;4;4;1;2
Pedestre cruzava a pista fora da faixa;Atropelamento de Pedestre;Anoitecer;Ceu Claro;Motocicleta;Ileso;3;2;4;4;1;1
Pedestre cruzava a pista fora da faixa;Atropelamento de Pedestre;Anoitecer;Ceu Claro;Motocicleta;Lesoes Graves;4;2;4;4;1;1
Pedestre cruzava a pista fora da faixa;Atropelamento de Pedestre;Anoitecer;Ceu Claro;Motocicleta;Lesoes Leves;2;2;4;4;1;1
Pedestre cruzava a pista fora da faixa;Atropelamento de Pedestre;Anoitecer;Ceu Claro;Motoneta;Lesoes Graves;1;2;4;4;1;3
Pedestre cruzava a pista fora da faixa;Atropelamento de Pedestre;Anoitecer;Ceu Claro;Motoneta;Lesoes Leves;1;2;4;4;1;3
Pedestre cruzava a pista fora da faixa;Atropelamento de Pedestre;Anoitecer;Ceu Claro;Nao se aplica;Lesoes Graves;5;2;4;4;1;3
Pedestre cruzava a pista fora da faixa;Atropelamento de Pedestre;Anoitecer;Ceu Claro;Nao se aplica;Lesoes Leves;7;2;4;4;1;3
Pedestre cruzava a pista fora da faixa;Atropelamento de Pedestre;Anoitecer;Ceu Claro;Nao se aplica;Obito;2;2;4;4;1;3
Pedestre cruzava a pista fora da faixa;Atropelamento de Pedestre;Anoitecer;Chuva;Caminhonete;Ileso;2;2;4;4;2;2
Pedestre cruzava a pista fora da faixa;Atropelamento de Pedestre;Anoitecer;Chuva;Nao se aplica;Lesoes Leves;1;2;4;4;2;3
Pedestre cruzava a pista fora da faixa;Atropelamento de Pedestre;Anoitecer;Nublado;Motocicleta;Lesoes Graves;1;2;4;4;2;1
Pedestre cruzava a pista fora da faixa;Atropelamento de Pedestre;Anoitecer;Nublado;Motocicleta;Lesoes Leves;1;2;4;4;2;1
Pedestre cruzava a pista fora da faixa;Atropelamento de Pedestre;Anoitecer;Nublado;Nao se aplica;Lesoes Graves;2;2;4;4;2;3
Pedestre cruzava a pista fora da faixa;Atropelamento de Pedestre;Plena Noite;Ceu Claro;Automovel;Ileso;51;2;4;2;1;1
Pedestre cruzava a pista fora da faixa;Atropelamento de Pedestre;Plena Noite;Ceu Claro;Automovel;Lesoes Leves;3;2;4;2;1;1
Pedestre cruzava a pista fora da faixa;Atropelamento de Pedestre;Plena Noite;Ceu Claro;Bicicleta;Lesoes Graves;2;2;4;2;1;3
Pedestre cruzava a pista fora da faixa;Atropelamento de Pedestre;Plena Noite;Ceu Claro;Bicicleta;Lesoes Leves;2;2;4;2;1;3
Pedestre cruzava a pista fora da faixa;Atropelamento de Pedestre;Plena Noite;Ceu Claro;Caminhao;Ileso;4;2;4;2;1;2
Pedestre cruzava a pista fora da faixa;Atropelamento de Pedestre;Plena Noite;Ceu Claro;Caminhao-trator;Ileso;3;2;4;2;1;2
Pedestre cruzava a pista fora da faixa;Atropelamento de Pedestre;Plena Noite;Ceu Claro;Caminhonete;Ileso;10;2;4;2;1;2
Pedestre cruzava a pista fora da faixa;Atropelamento de Pedestre;Plena Noite;Ceu Claro;Caminhonete;Lesoes Leves;2;2;4;2;1;2
Pedestre cruzava a pista fora da faixa;Atropelamento de Pedestre;Plena Noite;Ceu Claro;Ciclomotor;Lesoes Graves;1;2;4;2;1;4
Pedestre cruzava a pista fora da faixa;Atropelamento de Pedestre;Plena Noite;Ceu Claro;Motocicleta;Lesoes Graves;3;2;4;2;1;1
Pedestre cruzava a pista fora da faixa;Atropelamento de Pedestre;Plena Noite;Ceu Claro;Motocicleta;Lesoes Leves;5;2;4;2;1;1
Pedestre cruzava a pista fora da faixa;Atropelamento de Pedestre;Plena Noite;Ceu Claro;Motoneta;Ileso;1;2;4;2;1;3
Pedestre cruzava a pista fora da faixa;Atropelamento de Pedestre;Plena Noite;Ceu Claro;Nao Informado;Ileso;5;2;4;2;1;3
Pedestre cruzava a pista fora da faixa;Atropelamento de Pedestre;Plena Noite;Ceu Claro;Nao se aplica;Lesoes Graves;25;2;4;2;1;3
Pedestre cruzava a pista fora da faixa;Atropelamento de Pedestre;Plena Noite;Ceu Claro;Nao se aplica;Lesoes Leves;19;2;4;2;1;3
Pedestre cruzava a pista fora da faixa;Atropelamento de Pedestre;Plena Noite;Ceu Claro;Nao se aplica;Obito;25;2;4;2;1;3
Pedestre cruzava a pista fora da faixa;Atropelamento de Pedestre;Plena Noite;Ceu Claro;Onibus;Ileso;4;2;4;2;1;3
Pedestre cruzava a pista fora da faixa;Atropelamento de Pedestre;Plena Noite;Ceu Claro;Utilitario;Ileso;3;2;4;2;1;3
Pedestre cruzava a pista fora da faixa;Atropelamento de Pedestre;Plena Noite;Chuva;Automovel;Ileso;1;2;4;2;2;1
Pedestre cruzava a pista fora da faixa;Atropelamento de Pedestre;Plena Noite;Chuva;Caminhao-trator;Ileso;1;2;4;2;2;2
Pedestre cruzava a pista fora da faixa;Atropelamento de Pedestre;Plena Noite;Chuva;Motocicleta;Ileso;1;2;4;2;2;1
Pedestre cruzava a pista fora da faixa;Atropelamento de Pedestre;Plena Noite;Chuva;Nao se aplica;Lesoes Graves;1;2;4;2;2;3
Pedestre cruzava a pista fora da faixa;Atropelamento de Pedestre;Plena Noite;Chuva;Nao se aplica;Obito;2;2;4;2;2;3
Pedestre cruzava a pista fora da faixa;Atropelamento de Pedestre;Plena Noite;Garoa/Chuvisco;Automovel;Ileso;4;2;4;2;3;1
Pedestre cruzava a pista fora da faixa;Atropelamento de Pedestre;Plena Noite;Garoa/Chuvisco;Caminhao;Ileso;1;2;4;2;3;2
Pedestre cruzava a pista fora da faixa;Atropelamento de Pedestre;Plena Noite;Garoa/Chuvisco;Nao se aplica;Lesoes Graves;2;2;4;2;3;3
Pedestre cruzava a pista fora da faixa;Atropelamento de Pedestre;Plena Noite;Garoa/Chuvisco;Nao se aplica;Obito;1;2;4;2;3;3
Pedestre cruzava a pista fora da faixa;Atropelamento de Pedestre;Plena Noite;Ignorado;Automovel;Ileso;1;2;4;2;0;1
Pedestre cruzava a pista fora da faixa;Atropelamento de Pedestre;Plena Noite;Ignorado;Caminhonete;Ileso;1;2;4;2;0;2
Pedestre cruzava a pista fora da faixa;Atropelamento de Pedestre;Plena Noite;Ignorado;Nao Informado;Ileso;3;2;4;2;0;3
Pedestre cruzava a pista fora da faixa;Atropelamento de Pedestre;Plena Noite;Ignorado;Nao se aplica;Lesoes Graves;1;2;4;2;0;3
Pedestre cruzava a pista fora da faixa;Atropelamento de Pedestre;Plena Noite;Ignorado;Nao se aplica;Obito;4;2;4;2;0;3
Pedestre cruzava a pista fora da faixa;Atropelamento de Pedestre;Plena Noite;Nevoeiro/Neblina;Nao se aplica;Obito;1;2;4;2;4;3
Pedestre cruzava a pista fora da faixa;Atropelamento de Pedestre;Plena Noite;Nublado;Automovel;Ileso;8;2;4;2;2;1