causa_acidente;tipo_acidente;fase_dia;condicao_metereologica;tipo_veiculo;estado_fisico;count;causa_acidente_criterios;tipo_acidente_criterios;fase_dia_criterios;condicao_metereologica_criterios;tipo_veiculo_criterios
Pedestre cruzava a pista fora da faixa;Atropelamento de Pedestre;Plena Noite;Nublado;Caminhao-trator;Ileso;1;2;4;2;2;2
Pedestre cruzava a pista fora da faixa;Atropelamento de Pedestre;Plena Noite;Nublado;Caminhonete;Ileso;2;2;4;2;2;2
Pedestre cruzava a pista fora da faixa;Atropelamento de Pedestre;Plena Noite;Nublado;Motocicleta;Ileso;3;2;4;2;2;1
Pedestre cruzava a pista fora da faixa;Atropelamento de Pedestre;Plena Noite;Nublado;Motocicleta;Lesoes Graves;1;2;4;2;2;1
Pedestre cruzava a pista fora da faixa;Atropelamento de Pedestre;Plena Noite;Nublado;Motocicleta;Lesoes Leves;3;2;4;2;2;1
Pedestre cruzava a pista fora da faixa;Atropelamento de Pedestre;Plena Noite;Nublado;Nao Informado;Ileso;1;2;4;2;2;3
Pedestre cruzava a pista fora da faixa;Atropelamento de Pedestre;Plena Noite;Nublado;Nao se aplica;Lesoes Graves;8;2;4;2;2;3
Pedestre cruzava a pista fora da faixa;Atropelamento de Pedestre;Plena Noite;Nublado;Nao se aplica;Lesoes Leves;8;2;4;2;2;3
Pedestre cruzava a pista fora da faixa;Atropelamento de Pedestre;Plena Noite;Nublado;Nao se aplica;Obito;4;2;4;2;2;3
Pedestre cruzava a pista fora da faixa;Atropelamento de Pedestre;Plena Noite;Nublado;Utilitario;Ileso;2;2;4;2;2;3
Pedestre cruzava a pista fora da faixa;Atropelamento de Pedestre;Pleno dia;Ceu Claro;Automovel;Ileso;18;2;4;1;1;1
Pedestre cruzava a pista fora da faixa;Atropelamento de Pedestre;Pleno dia;Ceu Claro;Automovel;Lesoes Leves;3;2;4;1;1;1
Pedestre cruzava a pista fora da faixa;Atropelamento de Pedestre;Pleno dia;Ceu Claro;Bicicleta;Lesoes Leves;1;2;4;1;1;3
Pedestre cruzava a pista fora da faixa;Atropelamento de Pedestre;Pleno dia;Ceu Claro;Caminhao;Ileso;2;2;4;1;1;2
Pedestre cruzava a pista fora da faixa;Atropelamento de Pedestre;Pleno dia;Ceu Claro;Caminhao-trator;Ileso;6;2;4;1;1;2
Pedestre cruzava a pista fora da faixa;Atropelamento de Pedestre;Pleno dia;Ceu Claro;Caminhao-trator;Obito;1;2;4;1;1;2
Pedestre cruzava a pista fora da faixa;Atropelamento de Pedestre;Pleno dia;Ceu Claro;Caminhonete;Ileso;8;2;4;1;1;2
Pedestre cruzava a pista fora da faixa;Atropelamento de Pedestre;Pleno dia;Ceu Claro;Motocicleta;Ileso;7;2;4;1;1;1
Pedestre cruzava a pista fora da faixa;Atropelamento de Pedestre;Pleno dia;Ceu Claro;Motocicleta;Lesoes Graves;3;2;4;1;1;1
Pedestre cruzava a pista fora da faixa;Atropelamento de Pedestre;Pleno dia;Ceu Claro;Motocicleta;Lesoes Leves;10;2;4;1;1;1
Pedestre cruzava a pista fora da faixa;Atropelamento de Pedestre;Pleno dia;Ceu Claro;Motoneta;Ileso;1;2;4;1;1;3
Pedestre cruzava a pista fora da faixa;Atropelamento de Pedestre;Pleno dia;Ceu Claro;Motoneta;Lesoes Graves;1;2;4;1;1;3
Pedestre cruzava a pista fora da faixa;Atropelamento de Pedestre;Pleno dia;Ceu Claro;Nao Informado;Ileso;5;2;4;1;1;3
Pedestre cruzava a pista fora da faixa;Atropelamento de Pedestre;Pleno dia;Ceu Claro;Nao Informado;Obito;1;2;4;1;1;3
Pedestre cruzava a pista fora da faixa;Atropelamento de Pedestre;Pleno dia;Ceu Claro;Nao se aplica;Ileso;1;2;4;1;1;3
Pedestre cruzava a pista fora da faixa;Atropelamento de Pedestre;Pleno dia;Ceu Claro;Nao se aplica;Lesoes Graves;23;2;4;1;1;3
Pedestre cruzava a pista fora da faixa;Atropelamento de Pedestre;Pleno dia;Ceu Claro;Nao se aplica;Lesoes Leves;30;2;4;1;1;3
Pedestre cruzava a pista fora da faixa;Atropelamento de Pedestre;Pleno dia;Ceu Claro;Nao se aplica;Obito;9;2;4;1;1;3
Pedestre cruzava a pista fora da faixa;Atropelamento de Pedestre;Pleno dia;Ceu Claro;Onibus;Ileso;1;2;4;1;1;3
Pedestre cruzava a pista fora da faixa;Atropelamento de Pedestre;Pleno dia;Ceu Claro;Utilitario;Ileso;2;2;4;1;1;3
Pedestre cruzava a pista fora da faixa;Atropelamento de Pedestre;Pleno dia;Chuva;Automovel;Ileso;2;2;4;1;2;1
Pedestre cruzava a pista fora da faixa;Atropelamento de Pedestre;Pleno dia;Chuva;Motocicleta;Lesoes Leves;1;2;4;1;2;1
Pedestre cruzava a pista fora da faixa;Atropelamento de Pedestre;Pleno dia;Chuva;Nao se aplica;Lesoes Graves;1;2;4;1;2;3
Pedestre cruzava a pista fora da faixa;Atropelamento de Pedestre;Pleno dia;Chuva;Nao se aplica;Lesoes Leves;2;2;4;1;2;3
Pedestre cruzava a pista fora da faixa;Atropelamento de Pedestre;Pleno dia;Garoa/Chuvisco;Motocicleta;Lesoes Graves;2;2;4;1;3;1
Pedestre cruzava a pista fora da faixa;Atropelamento de Pedestre;Pleno dia;Garoa/Chuvisco;Nao Informado;Ileso;2;2;4;1;3;3
Pedestre cruzava a pista fora da faixa;Atropelamento de Pedestre;Pleno dia;Garoa/Chuvisco;Nao se aplica;Obito;1;2;4;1;3;3
Pedestre cruzava a pista fora da faixa;Atropelamento de Pedestre;Pleno dia;Nublado;Automovel;Ileso;5;2;4;1;2;1
Pedestre cruzava a pista fora da faixa;Atropelamento de Pedestre;Pleno dia;Nublado;Motocicleta;Lesoes Leves;3;2;4;1;2;1
Pedestre cruzava a pista fora da faixa;Atropelamento de Pedestre;Pleno dia;Nublado;Motocicleta;Obito;1;2;4;1;2;1
Pedestre cruzava a pista fora da faixa;Atropelamento de Pedestre;Pleno dia;Nublado;Nao se aplica;Lesoes Graves;6;2;4;1;2;3
Pedestre cruzava a pista fora da faixa;Atropelamento de Pedestre;Pleno dia;Nublado;Nao se aplica;Lesoes Leves;3;2;4;1;2;3
Pedestre cruzava a pista fora da faixa;Atropelamento de Pedestre;Pleno dia;Nublado;Nao se aplica;Obito;2;2;4;1;2;3
Pedestre cruzava a pista fora da faixa;Atropelamento de Pedestre;Pleno dia;Nublado;Onibus;Ileso;3;2;4;1;2;3
Pedestre cruzava a pista fora da faixa;Atropelamento de Pedestre;Pleno dia;Nublado;Utilitario;Ileso;1;2;4;1;2;3
Pedestre cruzava a pista fora da faixa;Atropelamento de Pedestre;Pleno dia;Sol;Automovel;Ileso;5;2;4;1;3;1
Pedestre cruzava a pista fora da faixa;Atropelamento de Pedestre;Pleno dia;Sol;Caminhao;Ileso;1;2;4;1;3;2
Pedestre cruzava a pista fora da faixa;Atropelamento de Pedestre;Pleno dia;Sol;Caminhao-trator;Ileso;1;2;4;1;3;2
Pedestre cruzava a pista fora da faixa;Atropelamento de Pedestre;Pleno dia;Sol;Motocicleta;Ileso;1;2;4;1;3;1
Pedestre cruzava a pista fora da faixa;Atropelamento de Pedestre;Pleno dia;Sol;Motocicleta;Lesoes Leves;1;2;4;1;3;1
Pedestre cruzava a pista fora da faixa;Atropelamento de Pedestre;Pleno dia;Sol;Nao se aplica;Lesoes Graves;3;2;4;1;3;3
Pedestre cruzava a pista fora da faixa;Atropelamento de Pedestre;Pleno dia;Sol;Nao se aplica;Lesoes Leves;3;2;4;1;3;3
Pedestre cruzava a pista fora da faixa;Atropelamento de Pedestre;Pleno dia;Sol;Nao se aplica;Obito;1;2;4;1;3;3
Pedestre cruzava a pista fora da faixa;Capotamento;Pleno dia;Ceu Claro;Automovel;Ileso;1;2;5;1;1;1
Pedestre cruzava a pista fora da faixa;Capotamento;Pleno dia;Ceu Claro;Automovel;Lesoes Leves;2;2;5;1;1;1
Pedestre cruzava a pista fora da faixa;Capotamento;Pleno dia;Ceu Claro;Nao se aplica;Obito;1;2;5;1;1;3
Pedestre cruzava a pista fora da faixa;Colisao com objeto;Plena Noite;Ceu Claro;Automovel;Lesoes Leves;1;2;5;2;1;1
Pedestre cruzava a pista fora da faixa;Colisao com objeto;Plena Noite;Ceu Claro;Nao se aplica;Ileso;1;2;5;2;1;3
Pedestre cruzava a pista fora da faixa;Colisao com objeto;Pleno dia;Ceu Claro;Automovel;Ileso;1;2;5;1;1;1
Pedestre cruzava a pista fora da faixa;Colisao com objeto;Pleno dia;Ceu Claro;Automovel;Lesoes Leves;2;2;5;1;1;1
Pedestre cruzava a pista fora da faixa;Colisao com objeto;Pleno dia;Ceu Claro;Nao se aplica;Obito;1;2;5;1;1;3
Pedestre cruzava a pista fora da faixa;Colisao com objeto;Pleno dia;Nublado;Motocicleta;Lesoes Leves;1;2;5;1;2;1
Pedestre cruzava a pista fora da faixa;Colisao transversal;Pleno dia;Nublado;Automovel;Ileso;1;2;5;1;2;1
Pedestre cruzava a pista fora da faixa;Colisao transversal;Pleno dia;Nublado;Nao se aplica;Lesoes Leves;1;2;5;1;2;3
Pedestre cruzava a pista fora da faixa;Colisao traseira;Plena Noite;Ceu Claro;Motocicleta;Lesoes Graves;1;2;5;2;1;1
Pedestre cruzava a pista fora da faixa;Colisao traseira;Plena Noite;Ceu Claro;Motocicleta;Lesoes Leves;3;2;5;2;1;1
Pedestre cruzava a pista fora da faixa;Colisao traseira;Plena Noite;Ceu Claro;Nao se aplica;Lesoes Graves;1;2;5;2;1;3
Pedestre cruzava a pista fora da faixa;Colisao traseira;Pleno dia;Ceu Claro;Bicicleta;Lesoes Leves;1;2;5;1;1;3
Pedestre cruzava a pista fora da faixa;Colisao traseira;Pleno dia;Ceu Claro;Motocicleta;Lesoes Leves;1;2;5;1;1;1
Pedestre cruzava a pista fora da faixa;Colisao traseira;Pleno dia;Nublado;Motocicleta;Lesoes Leves;1;2;5;1;2;1
Pedestre cruzava a pista fora da faixa;Colisao traseira;Pleno dia;Nublado;Nao se aplica;Lesoes Leves;1;2;5;1;2;3
Pedestre cruzava a pista fora da faixa;Colisao traseira;Pleno dia;Nublado;Utilitario;Ileso;1;2;5;1;2;3
Pedestre cruzava a pista fora da faixa;Colisao traseira;Pleno dia;Sol;Automovel;Lesoes Leves;1;2;5;1;3;1
Pedestre cruzava a pista fora da faixa;Colisao traseira;Pleno dia;Sol;Motocicleta;Lesoes Graves;1;2;5;1;3;1
Pedestre cruzava a pista fora da faixa;Queda de ocupante de veiculo;Amanhecer;Nublado;Motocicleta;Ileso;1;2;5;4;2;1
Pedestre cruzava a pista fora da faixa;Queda de ocupante de veiculo;Amanhecer;Nublado;Motocicleta;Lesoes Leves;1;2;5;4;2;1
Pedestre cruzava a pista fora da faixa;Queda de ocupante de veiculo;Amanhecer;Nublado;Nao se aplica;Lesoes Graves;1;2;5;4;2;3
Pedestre cruzava a pista fora da faixa;Queda de ocupante de veiculo;Amanhecer;Nublado;Nao se aplica;Lesoes Leves;1;2;5;4;2;3
Pedestre cruzava a pista fora da faixa;Queda de ocupante de veiculo;Anoitecer;Ceu Claro;Motocicleta;Lesoes Graves;3;2;5;4;1;1
Pedestre cruzava a pista fora da faixa;Queda de ocupante de veiculo;Anoitecer;Ceu Claro;Motocicleta;Lesoes Leves;2;2;5;4;1;1
Pedestre cruzava a pista fora da faixa;Queda de ocupante de veiculo;Anoitecer;Ceu Claro;Motoneta;Lesoes Graves;1;2;5;4;1;3
Pedestre cruzava a pista fora da faixa;Queda de ocupante de veiculo;Anoitecer;Ceu Claro;Nao se aplica;Lesoes Graves;3;2;5;4;1;3
Pedestre cruzava a pista fora da faixa;Queda de ocupante de veiculo;Anoitecer;Ceu Claro;Nao se aplica;Lesoes Leves;1;2;5;4;1;3
Pedestre cruzava a pista fora da faixa;Queda de ocupante de veiculo;Anoitecer;Ceu Claro;Nao se aplica;Obito;1;2;5;4;1;3
Pedestre cruzava a pista fora da faixa;Queda de ocupante de veiculo;Anoitecer;Nublado;Motocicleta;Lesoes Graves;1;2;5;4;2;1
Pedestre cruzava a pista fora da faixa;Queda de ocupante de veiculo;Anoitecer;Nublado;Nao se aplica;Lesoes Graves;1;2;5;4;2;3
Pedestre cruzava a pista fora da faixa;Queda de ocupante de veiculo;Plena Noite;Ceu Claro;Bicicleta;Lesoes Graves;1;2;5;2;1;3
Pedestre cruzava a pista fora da faixa;Queda de ocupante de veiculo;Plena Noite;Ceu Claro;Bicicleta;Lesoes Leves;1;2;5;2;1;3
Pedestre cruzava a pista fora da faixa;Queda de ocupante de veiculo;Plena Noite;Ceu Claro;Ciclomotor;Lesoes Graves;1;2;5;2;1;4
Pedestre cruzava a pista fora da faixa;Queda de ocupante de veiculo;Plena Noite;Ceu Claro;Motocicleta;Lesoes Graves;1;2;5;2;1;1
Pedestre cruzava a pista fora da faixa;Queda de ocupante de veiculo;Plena Noite;Ceu Claro;Motocicleta;Lesoes Leves;3;2;5;2;1;1
Pedestre cruzava a pista fora da faixa;Queda de ocupante de veiculo;Plena Noite;Ceu Claro;Nao se aplica;Lesoes Graves;2;2;5;2;1;3
Pedestre cruzava a pista fora da faixa;Queda de ocupante de veiculo;Plena Noite;Ceu Claro;Nao se aplica;Lesoes Leves;2;2;5;2;1;3
Pedestre cruzava a pista fora da faixa;Queda de ocupante de veiculo;Plena Noite;Chuva;Motocicleta;Ileso;1;2;5;2;2;1
Pedestre cruzava a pista fora da faixa;Queda de ocupante de veiculo;Plena Noite;Chuva;Nao se aplica;Lesoes Graves;1;2;5;2;2;3
Pedestre cruzava a pista fora da faixa;Queda de ocupante de veiculo;Plena Noite;Nublado;Motocicleta;Lesoes Graves;1;2;5;2;2;1
Pedestre cruzava a pista fora da faixa;Queda de ocupante de veiculo;Plena Noite;Nublado;Motocicleta;Lesoes Leves;3;2;5;2;2;1
Pedestre cruzava a pista fora da faixa;Queda de ocupante de veiculo;Plena Noite;Nublado;Nao se aplica;Lesoes Graves;2;2;5;2;2;3
Pedestre cruzava a pista fora da faixa;Queda de ocupante de veiculo;Pleno dia;Ceu Claro;Bicicleta;Lesoes Leves;1;2;5;1;1;3
Pedestre cruzava a pista fora da faixa;Queda de ocupante de veiculo;Pleno dia;Ceu Claro;Motocicleta;Ileso;2;2;5;1;1;1
Pedestre cruzava a pista fora da faixa;Queda de ocupante de veiculo;Pleno dia;Ceu Claro;Motocicleta;Lesoes Graves;2;2;5;1;1;1
Pedestre cruzava a pista fora da faixa;Queda de ocupante de veiculo;Pleno dia;Ceu Claro;Motocicleta;Lesoes Leves;5;2;5;1;1;1
Pedestre cruzava a pista fora da faixa;Queda de ocupante de veiculo;Pleno dia;Ceu Claro;Motoneta;Ileso;1;2;5;1;1;3
Pedestre cruzava a pista fora da faixa;Queda de ocupante de veiculo;Pleno dia;Ceu Claro;Motoneta;Lesoes Graves;1;2;5;1;1;3
Pedestre cruzava a pista fora da faixa;Queda de ocupante de veiculo;Pleno dia;Ceu Claro;Nao se aplica;Lesoes Graves;4;2;5;1;1;3
Pedestre cruzava a pista fora da faixa;Queda de ocupante de veiculo;Pleno dia;Ceu Claro;Nao se aplica;Lesoes Leves;8;2;5;1;1;3
Pedestre cruzava a pista fora da faixa;Queda de ocupante de veiculo;Pleno dia;Chuva;Motocicleta;Lesoes Leves;1;2;5;1;2;1
Pedestre cruzava a pista fora da faixa;Queda de ocupante de veiculo;Pleno dia;Chuva;Motoneta;Ileso;1;2;5;1;2;3
Pedestre cruzava a pista fora da faixa;Queda de ocupante de veiculo;Pleno dia;Chuva;Motoneta;Lesoes Leves;1;2;5;1;2;3
Pedestre cruzava a pista fora da faixa;Queda de ocupante de veiculo;Pleno dia;Chuva;Nao se aplica;Lesoes Leves;1;2;5;1;2;3
Pedestre cruzava a pista fora da faixa;Queda de ocupante de veiculo;Pleno dia;Garoa/Chuvisco;Motocicleta;Lesoes Graves;2;2;5;1;3;1
Pedestre cruzava a pista fora da faixa;Queda de ocupante de veiculo;Pleno dia;Nublado;Motocicleta;Lesoes Leves;3;2;5;1;2;1
Pedestre cruzava a pista fora da faixa;Queda de ocupante de veiculo;Pleno dia;Nublado;Motocicleta;Obito;1;2;5;1;2;1
Pedestre cruzava a pista fora da faixa;Queda de ocupante de veiculo;Pleno dia;Nublado;Nao se aplica;Lesoes Graves;1;2;5;1;2;3
Pedestre cruzava a pista fora da faixa;Queda de ocupante de veiculo;Pleno dia;Nublado;Nao se aplica;Lesoes Leves;1;2;5;1;2;3
Pedestre cruzava a pista fora da faixa;Queda de ocupante de veiculo;Pleno dia;Nublado;Nao se aplica;Obito;1;2;5;1;2;3
Pedestre cruzava a pista fora da faixa;Queda de ocupante de veiculo;Pleno dia;Nublado;Utilitario;Ileso;1;2;5;1;2;3
Pedestre cruzava a pista fora da faixa;Queda de ocupante de veiculo;Pleno dia;Sol;Motocicleta;Lesoes Leves;2;2;5;1;3;1
Pedestre cruzava a pista fora da faixa;Queda de ocupante de veiculo;Pleno dia;Sol;Nao se aplica;Obito;1;2;5;1;3;3
Pedestre cruzava a pista fora da faixa;Saida de leito carrocavel;Plena Noite;Ceu Claro;Caminhonete;Ileso;1;2;5;2;1;2
Pedestre cruzava a pista fora da faixa;Saida de leito carrocavel;Plena Noite;Ceu Claro;Nao se aplica;Obito;1;2;5;2;1;3
Pedestre cruzava a pista fora da faixa;Saida de leito carrocavel;Pleno dia;Ceu Claro;Automovel;Ileso;1;2;5;1;1;1
Pedestre cruzava a pista fora da faixa;Saida de leito carrocavel;Pleno dia;Ceu Claro;Automovel;Lesoes Leves;2;2;5;1;1;1
Pedestre cruzava a pista fora da faixa;Saida de leito carrocavel;Pleno dia;Ceu Claro;Nao se aplica;Obito;1;2;5;1;1;3
Pedestre cruzava a pista fora da faixa;Tombamento;Amanhecer;Nublado;Motocicleta;Ileso;1;2;5;4;2;1
Pedestre cruzava a pista fora da faixa;Tombamento;Amanhecer;Nublado;Motocicleta;Lesoes Leves;1;2;5;4;2;1
Pedestre cruzava a pista fora da faixa;Tombamento;Amanhecer;Nublado;Nao se aplica;Lesoes Graves;1;2;5;4;2;3
Pedestre cruzava a pista fora da faixa;Tombamento;Amanhecer;Nublado;Nao se aplica;Lesoes Leves;1;2;5;4;2;3
Pedestre cruzava a pista fora da faixa;Tombamento;Anoitecer;Ceu Claro;Motocicleta;Lesoes Graves;1;2;5;4;1;1
Pedestre cruzava a pista fora da faixa;Tombamento;Anoitecer;Ceu Claro;Motocicleta;Lesoes Leves;1;2;5;4;1;1
Pedestre cruzava a pista fora da faixa;Tombamento;Anoitecer;Ceu Claro;Motoneta;Lesoes Graves;1;2;5;4;1;3
Pedestre cruzava a pista fora da faixa;Tombamento;Anoitecer;Ceu Claro;Nao se aplica;Lesoes Graves;2;2;5;4;1;3
Pedestre cruzava a pista fora da faixa;Tombamento;Anoitecer;Ceu Claro;Nao se aplica;Lesoes Leves;1;2;5;4;1;3
Pedestre cruzava a pista fora da faixa;Tombamento;Anoitecer;Nublado;Motocicleta;Lesoes Leves;1;2;5;4;2;1
Pedestre cruzava a pista fora da faixa;Tombamento;Anoitecer;Nublado;Nao se aplica;Lesoes Graves;1;2;5;4;2;3
Pedestre cruzava a pista fora da faixa;Tombamento;Plena Noite;Ceu Claro;Motocicleta;Lesoes Graves;2;2;5;2;1;1
Pedestre cruzava a pista fora da faixa;Tombamento;Plena Noite;Ceu Claro;Motocicleta;Lesoes Leves;2;2;5;2;1;1
Pedestre cruzava a pista fora da faixa;Tombamento;Plena Noite;Ceu Claro;Nao se aplica;Lesoes Graves;3;2;5;2;1;3
Pedestre cruzava a pista fora da faixa;Tombamento;Plena Noite;Ceu Claro;Nao se aplica;Lesoes Leves;2;2;5;2;1;3
Pedestre cruzava a pista fora da faixa;Tombamento;Plena Noite;Chuva;Motocicleta;Ileso;1;2;5;2;2;1
Pedestre cruzava a pista fora da faixa;Tombamento;Plena Noite;Chuva;Nao se aplica;Lesoes Graves;1;2;5;2;2;3
Pedestre cruzava a pista fora da faixa;Tombamento;Plena Noite;Nublado;Motocicleta;Lesoes Graves;1;2;5;2;2;1
Pedestre cruzava a pista fora da faixa;Tombamento;Plena Noite;Nublado;Motocicleta;Lesoes Leves;4;2;5;2;2;1
Pedestre cruzava a pista fora da faixa;Tombamento;Plena Noite;Nublado;Nao se aplica;Lesoes Graves;2;2;5;2;2;3
Pedestre cruzava a pista fora da faixa;Tombamento;Pleno dia;Ceu Claro;Automovel;Ileso;1;2;5;1;1;1
Pedestre cruzava a pista fora da faixa;Tombamento;Pleno dia;Ceu Claro;Automovel;Lesoes Leves;2;2;5;1;1;1
Pedestre cruzava a pista fora da faixa;Tombamento;Pleno dia;Ceu Claro;Bicicleta;Lesoes Leves;1;2;5;1;1;3
Pedestre cruzava a pista fora da faixa;Tombamento;Pleno dia;Ceu Claro;Motocicleta;Ileso;2;2;5;1;1;1
Pedestre cruzava a pista fora da faixa;Tombamento;Pleno dia;Ceu Claro;Motocicleta;Lesoes Graves;1;2;5;1;1;1
Pedestre cruzava a pista fora da faixa;Tombamento;Pleno dia;Ceu Claro;Motocicleta;Lesoes Leves;4;2;5;1;1;1
Pedestre cruzava a pista fora da faixa;Tombamento;Pleno dia;Ceu Claro;Motoneta;Ileso;1;2;5;1;1;3
Pedestre cruzava a pista fora da faixa;Tombamento;Pleno dia;Ceu Claro;Nao se aplica;Lesoes Graves;4;2;5;1;1;3
Pedestre cruzava a pista fora da faixa;Tombamento;Pleno dia;Ceu Claro;Nao se aplica;Lesoes Leves;5;2;5;1;1;3
Pedestre cruzava a pista fora da faixa;Tombamento;Pleno dia;Ceu Claro;Nao se aplica;Obito;1;2;5;1;1;3
Pedestre cruzava a pista fora da faixa;Tombamento;Pleno dia;Garoa/Chuvisco;Motocicleta;Lesoes Graves;2;2;5;1;3;1
Pedestre cruzava a pista fora da faixa;Tombamento;Pleno dia;Nublado;Motocicleta;Lesoes Leves;2;2;5;1;2;1
Pedestre cruzava a pista fora da faixa;Tombamento;Pleno dia;Nublado;Motocicleta;Obito;1;2;5;1;2;1
Pedestre cruzava a pista fora da faixa;Tombamento;Pleno dia;Nublado;Nao se aplica;Lesoes Leves;1;2;5;1;2;3
Pedestre cruzava a pista fora da faixa;Tombamento;Pleno dia;Nublado;Nao se aplica;Obito;1;2;5;1;2;3
Pedestre cruzava a pista fora da faixa;Tombamento;Pleno dia;Nublado;Utilitario;Ileso;1;2;5;1;2;3
Pedestre cruzava a pista fora da faixa;Tombamento;Pleno dia;Sol;Motocicleta;Lesoes Leves;2;2;5;1;3;1
Pedestre cruzava a pista fora da faixa;Tombamento;Pleno dia;Sol;Nao se aplica;Obito;1;2;5;1;3;3
Pista Escorregadia;Atropelamento de Animal;Plena Noite;Ceu Claro;Motocicleta;Lesoes Graves;1;3;2;2;1;1
Pista Escorregadia;Atropelamento de Animal;Plena Noite;Chuva;Caminhao-trator;Ileso;1;3;2;2;2;2
Pista Escorregadia;Atropelamento de Pedestre;Amanhecer;Chuva;Automovel;Ileso;1;3;4;4;2;1
Pista Escorregadia;Atropelamento de Pedestre;Amanhecer;Chuva;Automovel;Lesoes Leves;1;3;4;4;2;1
Pista Escorregadia;Atropelamento de Pedestre;Amanhecer;Chuva;Motoneta;Lesoes Graves;1;3;4;4;2;3
Pista Escorregadia;Atropelamento de Pedestre;Anoitecer;Chuva;Bicicleta;Lesoes Graves;1;3;4;4;2;3
Pista Escorregadia;Atropelamento de Pedestre;Anoitecer;Chuva;Motocicleta;Lesoes Graves;1;3;4;4;2;1
Pista Escorregadia;Atropelamento de Pedestre;Anoitecer;Garoa/Chuvisco;Nao se aplica;Obito;1;3;4;4;3;3
Pista Escorregadia;Atropelamento de Pedestre;Plena Noite;Garoa/Chuvisco;Automovel;Ileso;1;3;4;2;3;1
Pista Escorregadia;Atropelamento de Pedestre;Plena Noite;Garoa/Chuvisco;Motocicleta;Lesoes Graves;1;3;4;2;3;1
Pista Escorregadia;Atropelamento de Pedestre;Plena Noite;Garoa/Chuvisco;Nao se aplica;Lesoes Graves;1;3;4;2;3;3
Pista Escorregadia;Atropelamento de Pedestre;Pleno dia;Chuva;Automovel;Ileso;12;3;4;1;2;1
Pista Escorregadia;Atropelamento de Pedestre;Pleno dia;Chuva;Automovel;Lesoes Graves;3;3;4;1;2;1
Pista Escorregadia;Atropelamento de Pedestre;Pleno dia;Chuva;Caminhao-trator;Lesoes Leves;1;3;4;1;2;2
Pista Escorregadia;Atropelamento de Pedestre;Pleno dia;Chuva;Caminhonete;Ileso;1;3;4;1;2;2
Pista Escorregadia;Atropelamento de Pedestre;Pleno dia;Chuva;Motocicleta;Lesoes Graves;1;3;4;1;2;1
Pista Escorregadia;Atropelamento de Pedestre;Pleno dia;Chuva;Motocicleta;Lesoes Leves;1;3;4;1;2;1
Pista Escorregadia;Atropelamento de Pedestre;Pleno dia;Chuva;Motocicleta;Obito;1;3;4;1;2;1
Pista Escorregadia;Atropelamento de Pedestre;Pleno dia;Chuva;Nao Informado;Ileso;1;3;4;1;2;3
Pista Escorregadia;Atropelamento de Pedestre;Pleno dia;Chuva;Nao Informado;Lesoes Leves;3;3;4;1;2;3
Pista Escorregadia;Atropelamento de Pedestre;Pleno dia;Chuva;Nao se aplica;Obito;3;3;4;1;2;3
Pista Escorregadia;Atropelamento de Pedestre;Pleno dia;Garoa/Chuvisco;Automovel;Ileso;5;3;4;1;3;1
Pista Escorregadia;Atropelamento de Pedestre;Pleno dia;Garoa/Chuvisco;Automovel;Lesoes Leves;2;3;4;1;3;1
Pista Escorregadia;Atropelamento de Pedestre;Pleno dia;Nublado;Automovel;Ileso;1;3;4;1;2;1
Pista Escorregadia;Atropelamento de Pedestre;Pleno dia;Nublado;Motoneta;Obito;1;3;4;1;2;3
Pista Escorregadia;Capotamento;Amanhecer;Chuva;Caminhonete;Ileso;1;3;5;4;2;2
Pista Escorregadia;Capotamento;Amanhecer;Chuva;Caminhonete;Lesoes Graves;1;3;5;4;2;2
Pista Escorregadia;Capotamento;Amanhecer;Chuva;Caminhonete;Lesoes Leves;1;3;5;4;2;2
Pista Escorregadia;Capotamento;Amanhecer;Chuva;Caminhonete;Obito;1;3;5;4;2;2
Pista Escorregadia;Capotamento;Anoitecer;Chuva;Automovel;Ileso;4;3;5;4;2;1
Pista Escorregadia;Capotamento;Anoitecer;Chuva;Automovel;Lesoes Graves;1;3;5;4;2;1
Pista Escorregadia;Capotamento;Anoitecer;Chuva;Automovel;Lesoes Leves;10;3;5;4;2;1
Pista Escorregadia;Capotamento;Anoitecer;Chuva;Caminhao;Ileso;1;3;5;4;2;2
Pista Escorregadia;Capotamento;Anoitecer;Chuva;Micro-onibus;Ileso;1;3;5;4;2;4
Pista Escorregadia;Capotamento;Anoitecer;Chuva;Micro-onibus;Lesoes Graves;5;3;5;4;2;4
Pista Escorregadia;Capotamento;Anoitecer;Chuva;Micro-onibus;Lesoes Leves;2;3;5;4;2;4
Pista Escorregadia;Capotamento;Anoitecer;Chuva;Micro-onibus;Obito;4;3;5;4;2;4
Pista Escorregadia;Capotamento;Anoitecer;Chuva;Utilitario;Ileso;1;3;5;4;2;3
Pista Escorregadia;Capotamento;Anoitecer;Chuva;Utilitario;Lesoes Graves;1;3;5;4;2;3
Pista Escorregadia;Capotamento;Anoitecer;Chuva;Utilitario;Lesoes Leves;2;3;5;4;2;3
Pista Escorregadia;Capotamento;Plena Noite;Chuva;Automovel;Ileso;9;3;5;2;2;1
Pista Escorregadia;Capotamento;Plena Noite;Chuva;Automovel;Lesoes Graves;4;3;5;2;2;1
Pista Escorregadia;Capotamento;Plena Noite;Chuva;Automovel;Lesoes Leves;7;3;5;2;2;1
Pista Escorregadia;Capotamento;Plena Noite;Chuva;Caminhao;Lesoes Leves;2;3;5;2;2;2
Pista Escorregadia;Capotamento;Plena Noite;Chuva;Caminhao-trator;Ileso;1;3;5;2;2;2
Pista Escorregadia;Capotamento;Plena Noite;Chuva;Caminhao-trator;Obito;1;3;5;2;2;2
Pista Escorregadia;Capotamento;Plena Noite;Garoa/Chuvisco;Automovel;Ileso;3;3;5;2;3;1
Pista Escorregadia;Capotamento;Plena Noite;Garoa/Chuvisco;Automovel;Lesoes Graves;1;3;5;2;3;1