causa_acidente;tipo_acidente;fase_dia;condicao_metereologica;tipo_veiculo;estado_fisico;count;causa_acidente_criterios;tipo_acidente_criterios;fase_dia_criterios;condicao_metereologica_criterios;tipo_veiculo_criterios
Pista Escorregadia;Colisao lateral sentido oposto;Pleno dia;Chuva;Automovel;Ileso;2;3;4;1;2;1
Pista Escorregadia;Colisao lateral sentido oposto;Pleno dia;Chuva;Caminhao;Ileso;1;3;4;1;2;2
Pista Escorregadia;Colisao lateral sentido oposto;Pleno dia;Chuva;Caminhao-trator;Ileso;1;3;4;1;2;2
Pista Escorregadia;Colisao lateral sentido oposto;Pleno dia;Chuva;Caminhonete;Lesoes Leves;1;3;4;1;2;2
Pista Escorregadia;Colisao lateral sentido oposto;Pleno dia;Chuva;Motocicleta;Lesoes Leves;1;3;4;1;2;1
Pista Escorregadia;Colisao lateral sentido oposto;Pleno dia;Chuva;Nao Informado;Lesoes Graves;1;3;4;1;2;3
Pista Escorregadia;Colisao lateral sentido oposto;Pleno dia;Garoa/Chuvisco;Automovel;Ileso;5;3;4;1;3;1
Pista Escorregadia;Colisao lateral sentido oposto;Pleno dia;Garoa/Chuvisco;Automovel;Lesoes Leves;2;3;4;1;3;1
Pista Escorregadia;Colisao lateral sentido oposto;Pleno dia;Garoa/Chuvisco;Caminhao;Ileso;3;3;4;1;3;2
Pista Escorregadia;Colisao transversal;Amanhecer;Nublado;Automovel;Ileso;1;3;5;4;2;1
Pista Escorregadia;Colisao transversal;Amanhecer;Nublado;Automovel;Lesoes Leves;3;3;5;4;2;1
Pista Escorregadia;Colisao transversal;Amanhecer;Nublado;Caminhao-trator;Lesoes Leves;2;3;5;4;2;2
Pista Escorregadia;Colisao transversal;Anoitecer;Chuva;Automovel;Ileso;2;3;5;4;2;1
Pista Escorregadia;Colisao transversal;Anoitecer;Chuva;Automovel;Lesoes Graves;2;3;5;4;2;1
Pista Escorregadia;Colisao transversal;Plena Noite;Ceu Claro;Automovel;Lesoes Leves;1;3;5;2;1;1
Pista Escorregadia;Colisao transversal;Plena Noite;Ceu Claro;Caminhao-trator;Ileso;1;3;5;2;1;2
Pista Escorregadia;Colisao transversal;Plena Noite;Ceu Claro;Motocicleta;Lesoes Leves;1;3;5;2;1;1
Pista Escorregadia;Colisao transversal;Plena Noite;Ceu Claro;Nao Informado;Ileso;1;3;5;2;1;3
Pista Escorregadia;Colisao transversal;Plena Noite;Chuva;Automovel;Ileso;2;3;5;2;2;1
Pista Escorregadia;Colisao transversal;Plena Noite;Chuva;Automovel;Lesoes Leves;2;3;5;2;2;1
Pista Escorregadia;Colisao transversal;Plena Noite;Chuva;Caminhao-trator;Ileso;2;3;5;2;2;2
Pista Escorregadia;Colisao transversal;Plena Noite;Chuva;Motocicleta;Lesoes Leves;1;3;5;2;2;1
Pista Escorregadia;Colisao transversal;Plena Noite;Garoa/Chuvisco;Automovel;Lesoes Graves;1;3;5;2;3;1
Pista Escorregadia;Colisao transversal;Plena Noite;Garoa/Chuvisco;Automovel;Obito;5;3;5;2;3;1
Pista Escorregadia;Colisao transversal;Plena Noite;Garoa/Chuvisco;Caminhao-trator;Ileso;2;3;5;2;3;2
Pista Escorregadia;Colisao transversal;Plena Noite;Ignorado;Motocicleta;Lesoes Graves;1;3;5;2;0;1
Pista Escorregadia;Colisao transversal;Pleno dia;Chuva;Automovel;Ileso;9;3;5;1;2;1
Pista Escorregadia;Colisao transversal;Pleno dia;Chuva;Automovel;Lesoes Leves;10;3;5;1;2;1
Pista Escorregadia;Colisao transversal;Pleno dia;Chuva;Caminhao;Ileso;2;3;5;1;2;2
Pista Escorregadia;Colisao transversal;Pleno dia;Chuva;Caminhao;Lesoes Leves;2;3;5;1;2;2
Pista Escorregadia;Colisao transversal;Pleno dia;Chuva;Caminhonete;Ileso;1;3;5;1;2;2
Pista Escorregadia;Colisao transversal;Pleno dia;Chuva;Motocicleta;Lesoes Graves;3;3;5;1;2;1
Pista Escorregadia;Colisao transversal;Pleno dia;Chuva;Motocicleta;Lesoes Leves;2;3;5;1;2;1
Pista Escorregadia;Colisao transversal;Pleno dia;Chuva;Motocicleta;Obito;1;3;5;1;2;1
Pista Escorregadia;Colisao transversal;Pleno dia;Garoa/Chuvisco;Automovel;Ileso;5;3;5;1;3;1
Pista Escorregadia;Colisao transversal;Pleno dia;Garoa/Chuvisco;Automovel;Lesoes Leves;2;3;5;1;3;1
Pista Escorregadia;Colisao transversal;Pleno dia;Nublado;Automovel;Ileso;1;3;5;1;2;1
Pista Escorregadia;Colisao transversal;Pleno dia;Nublado;Automovel;Lesoes Graves;3;3;5;1;2;1
Pista Escorregadia;Colisao transversal;Pleno dia;Nublado;Automovel;Lesoes Leves;2;3;5;1;2;1
Pista Escorregadia;Colisao transversal;Pleno dia;Nublado;Caminhao-trator;Ileso;1;3;5;1;2;2
Pista Escorregadia;Colisao transversal;Pleno dia;Nublado;Caminhonete;Lesoes Leves;1;3;5;1;2;2
Pista Escorregadia;Colisao transversal;Pleno dia;Nublado;Motocicleta;Lesoes Leves;1;3;5;1;2;1
Pista Escorregadia;Colisao traseira;Amanhecer;Chuva;Automovel;Lesoes Leves;1;3;5;4;2;1
Pista Escorregadia;Colisao traseira;Amanhecer;Chuva;Onibus;Ileso;1;3;5;4;2;3
Pista Escorregadia;Colisao traseira;Amanhecer;Garoa/Chuvisco;Automovel;Lesoes Graves;2;3;5;4;3;1
Pista Escorregadia;Colisao traseira;Amanhecer;Garoa/Chuvisco;Caminhonete;Ileso;1;3;5;4;3;2
Pista Escorregadia;Colisao traseira;Anoitecer;Chuva;Automovel;Ileso;3;3;5;4;2;1
Pista Escorregadia;Colisao traseira;Anoitecer;Chuva;Automovel;Lesoes Leves;1;3;5;4;2;1
Pista Escorregadia;Colisao traseira;Anoitecer;Chuva;Caminhao-trator;Ileso;1;3;5;4;2;2
Pista Escorregadia;Colisao traseira;Anoitecer;Chuva;Motocicleta;Lesoes Graves;1;3;5;4;2;1
Pista Escorregadia;Colisao traseira;Anoitecer;Garoa/Chuvisco;Automovel;Ileso;6;3;5;4;3;1
Pista Escorregadia;Colisao traseira;Anoitecer;Garoa/Chuvisco;Automovel;Lesoes Leves;1;3;5;4;3;1
Pista Escorregadia;Colisao traseira;Anoitecer;Garoa/Chuvisco;Caminhao;Ileso;1;3;5;4;3;2
Pista Escorregadia;Colisao traseira;Anoitecer;Garoa/Chuvisco;Caminhao-trator;Ileso;1;3;5;4;3;2
Pista Escorregadia;Colisao traseira;Anoitecer;Garoa/Chuvisco;Caminhonete;Ileso;1;3;5;4;3;2
Pista Escorregadia;Colisao traseira;Anoitecer;Garoa/Chuvisco;Caminhonete;Lesoes Leves;1;3;5;4;3;2
Pista Escorregadia;Colisao traseira;Anoitecer;Garoa/Chuvisco;Utilitario;Ileso;2;3;5;4;3;3
Pista Escorregadia;Colisao traseira;Plena Noite;Chuva;Automovel;Ileso;2;3;5;2;2;1
Pista Escorregadia;Colisao traseira;Plena Noite;Chuva;Automovel;Lesoes Leves;4;3;5;2;2;1
Pista Escorregadia;Colisao traseira;Plena Noite;Chuva;Caminhao-trator;Ileso;3;3;5;2;2;2
Pista Escorregadia;Colisao traseira;Plena Noite;Chuva;Caminhao-trator;Lesoes Leves;1;3;5;2;2;2
Pista Escorregadia;Colisao traseira;Plena Noite;Chuva;Caminhonete;Lesoes Graves;1;3;5;2;2;2
Pista Escorregadia;Colisao traseira;Plena Noite;Chuva;Micro-onibus;Ileso;1;3;5;2;2;4
Pista Escorregadia;Colisao traseira;Plena Noite;Chuva;Motocicleta;Lesoes Leves;2;3;5;2;2;1
Pista Escorregadia;Colisao traseira;Plena Noite;Garoa/Chuvisco;Automovel;Ileso;4;3;5;2;3;1
Pista Escorregadia;Colisao traseira;Plena Noite;Garoa/Chuvisco;Automovel;Lesoes Leves;5;3;5;2;3;1
Pista Escorregadia;Colisao traseira;Plena Noite;Garoa/Chuvisco;Caminhao-trator;Ileso;2;3;5;2;3;2
Pista Escorregadia;Colisao traseira;Plena Noite;Garoa/Chuvisco;Caminhonete;Ileso;4;3;5;2;3;2
Pista Escorregadia;Colisao traseira;Plena Noite;Garoa/Chuvisco;Motocicleta;Lesoes Graves;1;3;5;2;3;1
Pista Escorregadia;Colisao traseira;Pleno dia;Ceu Claro;Automovel;Ileso;1;3;5;1;1;1
Pista Escorregadia;Colisao traseira;Pleno dia;Ceu Claro;Caminhao;Ileso;1;3;5;1;1;2
Pista Escorregadia;Colisao traseira;Pleno dia;Ceu Claro;Caminhao-trator;Ileso;1;3;5;1;1;2
Pista Escorregadia;Colisao traseira;Pleno dia;Ceu Claro;Caminhonete;Lesoes Leves;1;3;5;1;1;2
Pista Escorregadia;Colisao traseira;Pleno dia;Chuva;Automovel;Ileso;12;3;5;1;2;1
Pista Escorregadia;Colisao traseira;Pleno dia;Chuva;Automovel;Lesoes Graves;6;3;5;1;2;1
Pista Escorregadia;Colisao traseira;Pleno dia;Chuva;Automovel;Lesoes Leves;5;3;5;1;2;1
Pista Escorregadia;Colisao traseira;Pleno dia;Chuva;Caminhao;Ileso;5;3;5;1;2;2
Pista Escorregadia;Colisao traseira;Pleno dia;Chuva;Caminhao;Lesoes Leves;1;3;5;1;2;2
Pista Escorregadia;Colisao traseira;Pleno dia;Chuva;Caminhao-trator;Ileso;3;3;5;1;2;2
Pista Escorregadia;Colisao traseira;Pleno dia;Chuva;Caminhonete;Ileso;8;3;5;1;2;2
Pista Escorregadia;Colisao traseira;Pleno dia;Chuva;Caminhonete;Lesoes Leves;8;3;5;1;2;2
Pista Escorregadia;Colisao traseira;Pleno dia;Chuva;Motocicleta;Lesoes Graves;2;3;5;1;2;1
Pista Escorregadia;Colisao traseira;Pleno dia;Chuva;Motocicleta;Lesoes Leves;2;3;5;1;2;1
Pista Escorregadia;Colisao traseira;Pleno dia;Garoa/Chuvisco;Automovel;Ileso;5;3;5;1;3;1
Pista Escorregadia;Colisao traseira;Pleno dia;Garoa/Chuvisco;Automovel;Lesoes Graves;5;3;5;1;3;1
Pista Escorregadia;Colisao traseira;Pleno dia;Garoa/Chuvisco;Automovel;Lesoes Leves;3;3;5;1;3;1
Pista Escorregadia;Colisao traseira;Pleno dia;Garoa/Chuvisco;Automovel;Obito;1;3;5;1;3;1
Pista Escorregadia;Colisao traseira;Pleno dia;Garoa/Chuvisco;Caminhao;Ileso;4;3;5;1;3;2
Pista Escorregadia;Colisao traseira;Pleno dia;Garoa/Chuvisco;Caminhao-trator;Ileso;2;3;5;1;3;2
Pista Escorregadia;Colisao traseira;Pleno dia;Garoa/Chuvisco;Caminhonete;Ileso;2;3;5;1;3;2
Pista Escorregadia;Colisao traseira;Pleno dia;Garoa/Chuvisco;Caminhonete;Lesoes Leves;2;3;5;1;3;2
Pista Escorregadia;Colisao traseira;Pleno dia;Garoa/Chuvisco;Motocicleta;Lesoes Leves;1;3;5;1;3;1
Pista Escorregadia;Colisao traseira;Pleno dia;Garoa/Chuvisco;Nao Informado;Ileso;2;3;5;1;3;3
Pista Escorregadia;Colisao traseira;Pleno dia;Garoa/Chuvisco;Nao Informado;Lesoes Leves;1;3;5;1;3;3
Pista Escorregadia;Colisao traseira;Pleno dia;Nublado;Automovel;Ileso;2;3;5;1;2;1
Pista Escorregadia;Colisao traseira;Pleno dia;Nublado;Caminhao;Ileso;2;3;5;1;2;2
Pista Escorregadia;Colisao traseira;Pleno dia;Nublado;Caminhao;Lesoes Graves;1;3;5;1;2;2
Pista Escorregadia;Colisao traseira;Pleno dia;Nublado;Motocicleta;Lesoes Leves;1;3;5;1;2;1
Pista Escorregadia;Colisao traseira;Pleno dia;Nublado;Motoneta;Obito;1;3;5;1;2;3
Pista Escorregadia;Derramamento de carga;Amanhecer;Chuva;Caminhao;Lesoes Leves;1;3;3;4;2;2
Pista Escorregadia;Derramamento de carga;Anoitecer;Chuva;Caminhao-trator;Lesoes Leves;1;3;3;4;2;2
Pista Escorregadia;Derramamento de carga;Plena Noite;Chuva;Caminhao;Ileso;2;3;3;2;2;2
Pista Escorregadia;Derramamento de carga;Plena Noite;Chuva;Caminhao;Lesoes Leves;1;3;3;2;2;2
Pista Escorregadia;Derramamento de carga;Pleno dia;Garoa/Chuvisco;Caminhao-trator;Ileso;1;3;3;1;3;2
Pista Escorregadia;Derramamento de carga;Pleno dia;Garoa/Chuvisco;Caminhao-trator;Lesoes Graves;1;3;3;1;3;2
Pista Escorregadia;Engavetamento;Plena Noite;Garoa/Chuvisco;Automovel;Ileso;3;3;3;2;3;1
Pista Escorregadia;Engavetamento;Plena Noite;Garoa/Chuvisco;Automovel;Lesoes Leves;1;3;3;2;3;1
Pista Escorregadia;Engavetamento;Plena Noite;Garoa/Chuvisco;Caminhao-trator;Ileso;1;3;3;2;3;2
Pista Escorregadia;Engavetamento;Plena Noite;Garoa/Chuvisco;Caminhonete;Ileso;1;3;3;2;3;2
Pista Escorregadia;Engavetamento;Plena Noite;Garoa/Chuvisco;Caminhonete;Lesoes Leves;1;3;3;2;3;2
Pista Escorregadia;Engavetamento;Pleno dia;Chuva;Automovel;Ileso;10;3;3;1;2;1
Pista Escorregadia;Engavetamento;Pleno dia;Chuva;Automovel;Lesoes Graves;3;3;3;1;2;1
Pista Escorregadia;Engavetamento;Pleno dia;Chuva;Caminhao-trator;Ileso;1;3;3;1;2;2
Pista Escorregadia;Engavetamento;Pleno dia;Chuva;Caminhonete;Ileso;3;3;3;1;2;2
Pista Escorregadia;Engavetamento;Pleno dia;Chuva;Motocicleta;Lesoes Leves;2;3;3;1;2;1
Pista Escorregadia;Engavetamento;Pleno dia;Garoa/Chuvisco;Automovel;Ileso;2;3;3;1;3;1
Pista Escorregadia;Engavetamento;Pleno dia;Garoa/Chuvisco;Automovel;Lesoes Leves;2;3;3;1;3;1
Pista Escorregadia;Engavetamento;Pleno dia;Garoa/Chuvisco;Caminhao;Ileso;1;3;3;1;3;2
Pista Escorregadia;Eventos atipicos;Plena Noite;Chuva;Automovel;Lesoes Leves;1;3;2;2;2;1
Pista Escorregadia;Eventos atipicos;Pleno dia;Chuva;Caminhao;Ileso;3;3;2;1;2;2
Pista Escorregadia;Eventos atipicos;Pleno dia;Chuva;Caminhao;Lesoes Leves;1;3;2;1;2;2
Pista Escorregadia;Incendio;Plena Noite;Garoa/Chuvisco;Automovel;Lesoes Leves;2;3;2;2;3;1
Pista Escorregadia;Queda de ocupante de veiculo;Amanhecer;Chuva;Automovel;Ileso;1;3;5;4;2;1
Pista Escorregadia;Queda de ocupante de veiculo;Amanhecer;Chuva;Automovel;Lesoes Leves;1;3;5;4;2;1
Pista Escorregadia;Queda de ocupante de veiculo;Amanhecer;Chuva;Motocicleta;Lesoes Leves;1;3;5;4;2;1
Pista Escorregadia;Queda de ocupante de veiculo;Amanhecer;Chuva;Motoneta;Lesoes Graves;1;3;5;4;2;3
Pista Escorregadia;Queda de ocupante de veiculo;Amanhecer;Garoa/Chuvisco;Motocicleta;Lesoes Leves;1;3;5;4;3;1
Pista Escorregadia;Queda de ocupante de veiculo;Amanhecer;Nublado;Motoneta;Lesoes Leves;1;3;5;4;2;3
Pista Escorregadia;Queda de ocupante de veiculo;Anoitecer;Ceu Claro;Motocicleta;Lesoes Leves;1;3;5;4;1;1
Pista Escorregadia;Queda de ocupante de veiculo;Anoitecer;Chuva;Bicicleta;Lesoes Graves;1;3;5;4;2;3
Pista Escorregadia;Queda de ocupante de veiculo;Anoitecer;Chuva;Motocicleta;Lesoes Graves;2;3;5;4;2;1
Pista Escorregadia;Queda de ocupante de veiculo;Anoitecer;Chuva;Motocicleta;Lesoes Leves;1;3;5;4;2;1
Pista Escorregadia;Queda de ocupante de veiculo;Anoitecer;Garoa/Chuvisco;Motoneta;Lesoes Graves;1;3;5;4;3;3
Pista Escorregadia;Queda de ocupante de veiculo;Plena Noite;Ceu Claro;Caminhao-trator;Ileso;1;3;5;2;1;2
Pista Escorregadia;Queda de ocupante de veiculo;Plena Noite;Ceu Claro;Motocicleta;Lesoes Graves;5;3;5;2;1;1
Pista Escorregadia;Queda de ocupante de veiculo;Plena Noite;Ceu Claro;Motocicleta;Lesoes Leves;6;3;5;2;1;1
Pista Escorregadia;Queda de ocupante de veiculo;Plena Noite;Ceu Claro;Motoneta;Lesoes Leves;1;3;5;2;1;3
Pista Escorregadia;Queda de ocupante de veiculo;Plena Noite;Chuva;Automovel;Ileso;2;3;5;2;2;1
Pista Escorregadia;Queda de ocupante de veiculo;Plena Noite;Chuva;Bicicleta;Lesoes Graves;1;3;5;2;2;3
Pista Escorregadia;Queda de ocupante de veiculo;Plena Noite;Chuva;Bicicleta;Lesoes Leves;1;3;5;2;2;3
Pista Escorregadia;Queda de ocupante de veiculo;Plena Noite;Chuva;Motocicleta;Ileso;3;3;5;2;2;1
Pista Escorregadia;Queda de ocupante de veiculo;Plena Noite;Chuva;Motocicleta;Lesoes Graves;3;3;5;2;2;1
Pista Escorregadia;Queda de ocupante de veiculo;Plena Noite;Chuva;Motocicleta;Lesoes Leves;14;3;5;2;2;1
Pista Escorregadia;Queda de ocupante de veiculo;Plena Noite;Chuva;Motoneta;Lesoes Graves;1;3;5;2;2;3
Pista Escorregadia;Queda de ocupante de veiculo;Plena Noite;Garoa/Chuvisco;Motocicleta;Ileso;1;3;5;2;3;1
Pista Escorregadia;Queda de ocupante de veiculo;Plena Noite;Garoa/Chuvisco;Motocicleta;Lesoes Graves;1;3;5;2;3;1
Pista Escorregadia;Queda de ocupante de veiculo;Plena Noite;Garoa/Chuvisco;Motocicleta;Lesoes Leves;4;3;5;2;3;1
Pista Escorregadia;Queda de ocupante de veiculo;Plena Noite;Garoa/Chuvisco;Motoneta;Lesoes Leves;1;3;5;2;3;3
Pista Escorregadia;Queda de ocupante de veiculo;Plena Noite;Ignorado;Motocicleta;Lesoes Graves;1;3;5;2;0;1
Pista Escorregadia;Queda de ocupante de veiculo;Plena Noite;Ignorado;Motocicleta;Lesoes Leves;1;3;5;2;0;1
Pista Escorregadia;Queda de ocupante de veiculo;Plena Noite;Nublado;Motocicleta;Lesoes Graves;3;3;5;2;2;1
Pista Escorregadia;Queda de ocupante de veiculo;Plena Noite;Nublado;Motocicleta;Lesoes Leves;8;3;5;2;2;1
Pista Escorregadia;Queda de ocupante de veiculo;Pleno dia;Ceu Claro;Caminhao;Ileso;1;3;5;1;1;2
Pista Escorregadia;Queda de ocupante de veiculo;Pleno dia;Ceu Claro;Motocicleta;Lesoes Graves;1;3;5;1;1;1
Pista Escorregadia;Queda de ocupante de veiculo;Pleno dia;Ceu Claro;Motocicleta;Lesoes Leves;18;3;5;1;1;1
Pista Escorregadia;Queda de ocupante de veiculo;Pleno dia;Ceu Claro;Motocicleta;Obito;1;3;5;1;1;1
Pista Escorregadia;Queda de ocupante de veiculo;Pleno dia;Ceu Claro;Motoneta;Lesoes Leves;4;3;5;1;1;3
Pista Escorregadia;Queda de ocupante de veiculo;Pleno dia;Chuva;Automovel;Ileso;8;3;5;1;2;1
Pista Escorregadia;Queda de ocupante de veiculo;Pleno dia;Chuva;Caminhao;Ileso;3;3;5;1;2;2
Pista Escorregadia;Queda de ocupante de veiculo;Pleno dia;Chuva;Caminhonete;Ileso;3;3;5;1;2;2
Pista Escorregadia;Queda de ocupante de veiculo;Pleno dia;Chuva;Motocicleta;Ileso;2;3;5;1;2;1
Pista Escorregadia;Queda de ocupante de veiculo;Pleno dia;Chuva;Motocicleta;Lesoes Graves;9;3;5;1;2;1
Pista Escorregadia;Queda de ocupante de veiculo;Pleno dia;Chuva;Motocicleta;Lesoes Leves;20;3;5;1;2;1
Pista Escorregadia;Queda de ocupante de veiculo;Pleno dia;Chuva;Motocicleta;Obito;3;3;5;1;2;1
Pista Escorregadia;Queda de ocupante de veiculo;Pleno dia;Chuva;Motoneta;Ileso;1;3;5;1;2;3
Pista Escorregadia;Queda de ocupante de veiculo;Pleno dia;Chuva;Motoneta;Lesoes Leves;2;3;5;1;2;3
Pista Escorregadia;Queda de ocupante de veiculo;Pleno dia;Chuva;Utilitario;Ileso;1;3;5;1;2;3
Pista Escorregadia;Queda de ocupante de veiculo;Pleno dia;Chuva;Utilitario;Lesoes Leves;4;3;5;1;2;3
Pista Escorregadia;Queda de ocupante de veiculo;Pleno dia;Chuva;Utilitario;Obito;1;3;5;1;2;3
Pista Escorregadia;Queda de ocupante de veiculo;Pleno dia;Garoa/Chuvisco;Automovel;Ileso;1;3;5;1;3;1
Pista Escorregadia;Queda de ocupante de veiculo;Pleno dia;Garoa/Chuvisco;Automovel;Lesoes Graves;2;3;5;1;3;1
Pista Escorregadia;Queda de ocupante de veiculo;Pleno dia;Garoa/Chuvisco;Automovel;Obito;1;3;5;1;3;1
Pista Escorregadia;Queda de ocupante de veiculo;Pleno dia;Garoa/Chuvisco;Motocicleta;Lesoes Graves;2;3;5;1;3;1
Pista Escorregadia;Queda de ocupante de veiculo;Pleno dia;Garoa/Chuvisco;Motocicleta;Lesoes Leves;10;3;5;1;3;1
Pista Escorregadia;Queda de ocupante de veiculo;Pleno dia;Ignorado;Motocicleta;Lesoes Leves;1;3;5;1;0;1
Pista Escorregadia;Queda de ocupante de veiculo;Pleno dia;Nublado;Automovel;Ileso;2;3;5;1;2;1
Pista Escorregadia;Queda de ocupante de veiculo;Pleno dia;Nublado;Motocicleta;Ileso;1;3;5;1;2;1
Pista Escorregadia;Queda de ocupante de veiculo;Pleno dia;Nublado;Motocicleta;Lesoes Graves;2;3;5;1;2;1
Pista Escorregadia;Queda de ocupante de veiculo;Pleno dia;Nublado;Motocicleta;Lesoes Leves;13;3;5;1;2;1
Pista Escorregadia;Queda de ocupante de veiculo;Pleno dia;Nublado;Motoneta;Lesoes Graves;1;3;5;1;2;3
Pista Escorregadia;Queda de ocupante de veiculo;Pleno dia;Nublado;Motoneta;Lesoes Leves;3;3;5;1;2;3
Pista Escorregadia;Queda de ocupante de veiculo;Pleno dia;Nublado;Motoneta;Obito;1;3;5;1;2;3
Pista Escorregadia;Queda de ocupante de veiculo;Pleno dia;Nublado;Onibus;Ileso;1;3;5;1;2;3
Pista Escorregadia;Queda de ocupante de veiculo;Pleno dia;Sol;Motocicleta;Lesoes Leves;3;3;5;1;3;1
Pista Escorregadia;Saida de leito carrocavel;Amanhecer;Ceu Claro;Caminhao-trator;Lesoes Graves;1;3;5;4;1;2
Pista Escorregadia;Saida de leito carrocavel;Amanhecer;Chuva;Automovel;Ileso;4;3;5;4;2;1
Pista Escorregadia;Saida de leito carrocavel;Amanhecer;Chuva;Automovel;Lesoes Leves;1;3;5;4;2;1
Pista Escorregadia;Saida de leito carrocavel;Amanhecer;Chuva;Caminhao-trator;Ileso;1;3;5;4;2;2
Pista Escorregadia;Saida de leito carrocavel;Amanhecer;Chuva;Caminhao-trator;Obito;1;3;5;4;2;2
Pista Escorregadia;Saida de leito carrocavel;Amanhecer;Chuva;Caminhonete;Ileso;1;3;5;4;2;2
Pista Escorregadia;Saida de leito carrocavel;Amanhecer;Chuva;Caminhonete;Lesoes Graves;1;3;5;4;2;2
Pista Escorregadia;Saida de leito carrocavel;Amanhecer;Chuva;Caminhonete;Lesoes Leves;1;3;5;4;2;2
Pista Escorregadia;Saida de leito carrocavel;Amanhecer;Chuva;Caminhonete;Obito;1;3;5;4;2;2
Pista Escorregadia;Saida de leito carrocavel;Amanhecer;Garoa/Chuvisco;Automovel;Lesoes Graves;2;3;5;4;3;1
Pista Escorregadia;Saida de leito carrocavel;Amanhecer;Garoa/Chuvisco;Caminhonete;Ileso;1;3;5;4;3;2
Pista Escorregadia;Saida de leito carrocavel;Amanhecer;Nublado;Automovel;Lesoes Leves;1;3;5;4;2;1
Pista Escorregadia;Saida de leito carrocavel;Anoitecer;Chuva;Automovel;Ileso;1;3;5;4;2;1
Pista Escorregadia;Saida de leito carrocavel;Anoitecer;Chuva;Automovel;Lesoes Graves;2;3;5;4;2;1
Pista Escorregadia;Saida de leito carrocavel;Anoitecer;Chuva;Automovel;Lesoes Leves;8;3;5;4;2;1
Pista Escorregadia;Saida de leito carrocavel;Anoitecer;Chuva;Caminhao;Ileso;1;3;5;4;2;2
Pista Escorregadia;Saida de leito carrocavel;Anoitecer;Chuva;Caminhonete;Ileso;1;3;5;4;2;2
Pista Escorregadia;Saida de leito carrocavel;Anoitecer;Chuva;Caminhonete;Lesoes Graves;1;3;5;4;2;2
Pista Escorregadia;Saida de leito carrocavel;Anoitecer;Chuva;Micro-onibus;Ileso;1;3;5;4;2;4
Pista Escorregadia;Saida de leito carrocavel;Anoitecer;Chuva;Micro-onibus;Lesoes Graves;5;3;5;4;2;4
Pista Escorregadia;Saida de leito carrocavel;Anoitecer;Chuva;Micro-onibus;Lesoes Leves;2;3;5;4;2;4
Pista Escorregadia;Saida de leito carrocavel;Anoitecer;Chuva;Micro-onibus;Obito;4;3;5;4;2;4
Pista Escorregadia;Saida de leito carrocavel;Anoitecer;Chuva;Utilitario;Ileso;1;3;5;4;2;3
Pista Escorregadia;Saida de leito carrocavel;Anoitecer;Chuva;Utilitario;Lesoes Graves;1;3;5;4;2;3
Pista Escorregadia;Saida de leito carrocavel;Anoitecer;Chuva;Utilitario;Lesoes Leves;2;3;5;4;2;3
Pista Escorregadia;Saida de leito carrocavel;Anoitecer;Garoa/Chuvisco;Automovel;Ileso;3;3;5;4;3;1
Pista Escorregadia;Saida de leito carrocavel;Anoitecer;Garoa/Chuvisco;Automovel;Lesoes Graves;1;3;5;4;3;1
Pista Escorregadia;Saida de leito carrocavel;Anoitecer;Garoa/Chuvisco;Caminhao;Ileso;1;3;5;4;3;2
Pista Escorregadia;Saida de leito carrocavel;Plena Noite;Ceu Claro;Caminhao-trator;Ileso;1;3;5;2;1;2
Pista Escorregadia;Saida de leito carrocavel;Plena Noite;Chuva;Automovel;Ileso;12;3;5;2;2;1
Pista Escorregadia;Saida de leito carrocavel;Plena Noite;Chuva;Automovel;Lesoes Graves;5;3;5;2;2;1
Pista Escorregadia;Saida de leito carrocavel;Plena Noite;Chuva;Automovel;Lesoes Leves;16;3;5;2;2;1
Pista Escorregadia;Saida de leito carrocavel;Plena Noite;Chuva;Caminhao;Ileso;3;3;5;2;2;2
Pista Escorregadia;Saida de leito carrocavel;Plena Noite;Chuva;Caminhao;Lesoes Leves;3;3;5;2;2;2
Pista Escorregadia;Saida de leito carrocavel;Plena Noite;Chuva;Caminhao-trator;Ileso;2;3;5;2;2;2
Pista Escorregadia;Saida de leito carrocavel;Plena Noite;Chuva;Caminhao-trator;Lesoes Leves;1;3;5;2;2;2
Pista Escorregadia;Saida de leito carrocavel;Plena Noite;Chuva;Caminhao-trator;Obito;1;3;5;2;2;2
Pista Escorregadia;Saida de leito carrocavel;Plena Noite;Chuva;Caminhonete;Ileso;1;3;5;2;2;2
Pista Escorregadia;Saida de leito carrocavel;Plena Noite;Chuva;Caminhonete;Lesoes Leves;1;3;5;2;2;2
Pista Escorregadia;Saida de leito carrocavel;Plena Noite;Chuva;Onibus;Ileso;18;3;5;2;2;3
Pista Escorregadia;Saida de leito carrocavel;Plena Noite;Chuva;Onibus;Lesoes Graves;9;3;5;2;2;3
Pista Escorregadia;Saida de leito carrocavel;Plena Noite;Chuva;Onibus;Lesoes Leves;12;3;5;2;2;3
Pista Escorregadia;Saida de leito carrocavel;Plena Noite;Chuva;Utilitario;Lesoes Leves;2;3;5;2;2;3
Pista Escorregadia;Saida de leito carrocavel;Plena Noite;Garoa/Chuvisco;Automovel;Ileso;9;3;5;2;3;1
Pista Escorregadia;Saida de leito carrocavel;Plena Noite;Garoa/Chuvisco;Automovel;Lesoes Graves;1;3;5;2;3;1
Pista Escorregadia;Saida de leito carrocavel;Plena Noite;Garoa/Chuvisco;Automovel;Lesoes Leves;9;3;5;2;3;1
Pista Escorregadia;Saida de leito carrocavel;Plena Noite;Garoa/Chuvisco;Caminhao-trator;Ileso;1;3;5;2;3;2
Pista Escorregadia;Saida de leito carrocavel;Plena Noite;Garoa/Chuvisco;Caminhao-trator;Lesoes Leves;2;3;5;2;3;2
Pista Escorregadia;Saida de leito carrocavel;Plena Noite;Ignorado;Caminhao;Ileso;3;3;5;2;0;2
Pista Escorregadia;Saida de leito carrocavel;Plena Noite;Ignorado;Caminhao;Lesoes Graves;1;3;5;2;0;2
Pista Escorregadia;Saida de leito carrocavel;Plena Noite;Nevoeiro/Neblina;Automovel;Lesoes Leves;1;3;5;2;4;1
Pista Escorregadia;Saida de leito carrocavel;Plena Noite;Nublado;Automovel;Ileso;2;3;5;2;2;1
Pista Escorregadia;Saida de leito carrocavel;Plena Noite;Nublado;Automovel;Lesoes Graves;1;3;5;2;2;1
Pista Escorregadia;Saida de leito carrocavel;Plena Noite;Nublado;Caminhonete;Ileso;1;3;5;2;2;2
Pista Escorregadia;Saida de leito carrocavel;Plena Noite;Nublado;Utilitario;Ileso;3;3;5;2;2;3
Pista Escorregadia;Saida de leito carrocavel;Pleno dia;Ceu Claro;Automovel;Lesoes Graves;1;3;5;1;1;1
Pista Escorregadia;Saida de leito carrocavel;Pleno dia;Ceu Claro;Automovel;Lesoes Leves;2;3;5;1;1;1