causa_acidente;tipo_acidente;fase_dia;condicao_metereologica;tipo_veiculo;estado_fisico;count;causa_acidente_criterios;tipo_acidente_criterios;fase_dia_criterios;condicao_metereologica_criterios;tipo_veiculo_criterios
Pista esburacada;Colisao traseira;Pleno dia;Ceu Claro;Automovel;Ileso;1;2;5;1;1;1
Pista esburacada;Colisao traseira;Pleno dia;Ceu Claro;Automovel;Lesoes Graves;3;2;5;1;1;1
Pista esburacada;Colisao traseira;Pleno dia;Ceu Claro;Automovel;Lesoes Leves;3;2;5;1;1;1
Pista esburacada;Colisao traseira;Pleno dia;Ceu Claro;Caminhao-trator;Ileso;3;2;5;1;1;2
Pista esburacada;Colisao traseira;Pleno dia;Ceu Claro;Caminhonete;Ileso;2;2;5;1;1;2
Pista esburacada;Colisao traseira;Pleno dia;Ceu Claro;Caminhonete;Lesoes Leves;1;2;5;1;1;2
Pista esburacada;Colisao traseira;Pleno dia;Ceu Claro;Motocicleta;Lesoes Leves;3;2;5;1;1;1
Pista esburacada;Colisao traseira;Pleno dia;Ceu Claro;Nao Informado;Ileso;3;2;5;1;1;3
Pista esburacada;Colisao traseira;Pleno dia;Ceu Claro;Nao Informado;Lesoes Leves;1;2;5;1;1;3
Pista esburacada;Colisao traseira;Pleno dia;Chuva;Automovel;Ileso;3;2;5;1;2;1
Pista esburacada;Colisao traseira;Pleno dia;Chuva;Automovel;Lesoes Leves;4;2;5;1;2;1
Pista esburacada;Colisao traseira;Pleno dia;Nublado;Caminhao-trator;Ileso;1;2;5;1;2;2
Pista esburacada;Colisao traseira;Pleno dia;Nublado;Caminhonete;Ileso;1;2;5;1;2;2
Pista esburacada;Colisao traseira;Pleno dia;Nublado;Caminhonete;Lesoes Leves;1;2;5;1;2;2
Pista esburacada;Colisao traseira;Pleno dia;Sol;Automovel;Ileso;1;2;5;1;3;1
Pista esburacada;Colisao traseira;Pleno dia;Sol;Automovel;Lesoes Leves;3;2;5;1;3;1
Pista esburacada;Colisao traseira;Pleno dia;Sol;Caminhao-trator;Ileso;1;2;5;1;3;2
Pista esburacada;Colisao traseira;Pleno dia;Sol;Nao Informado;Ileso;1;2;5;1;3;3
Pista esburacada;Derramamento de carga;Anoitecer;Chuva;Caminhao-trator;Lesoes Leves;1;2;3;4;2;2
Pista esburacada;Derramamento de carga;Plena Noite;Nublado;Caminhao;Lesoes Leves;1;2;3;2;2;2
Pista esburacada;Derramamento de carga;Pleno dia;Ceu Claro;Caminhao-trator;Lesoes Leves;1;2;3;1;1;2
Pista esburacada;Derramamento de carga;Pleno dia;Sol;Caminhao-trator;Lesoes Leves;1;2;3;1;3;2
Pista esburacada;Engavetamento;Amanhecer;Chuva;Automovel;Ileso;1;2;3;4;2;1
Pista esburacada;Engavetamento;Amanhecer;Chuva;Automovel;Lesoes Leves;1;2;3;4;2;1
Pista esburacada;Engavetamento;Amanhecer;Chuva;Automovel;Obito;1;2;3;4;2;1
Pista esburacada;Engavetamento;Amanhecer;Chuva;Caminhao;Ileso;1;2;3;4;2;2
Pista esburacada;Engavetamento;Amanhecer;Chuva;Caminhao-trator;Ileso;1;2;3;4;2;2
Pista esburacada;Eventos atipicos;Pleno dia;Chuva;Automovel;Ileso;2;2;2;1;2;1
Pista esburacada;Incendio;Plena Noite;Ceu Claro;Automovel;Lesoes Graves;1;2;2;2;1;1
Pista esburacada;Incendio;Plena Noite;Ceu Claro;Automovel;Obito;2;2;2;2;1;1
Pista esburacada;Incendio;Plena Noite;Ceu Claro;Caminhao-trator;Ileso;1;2;2;2;1;2
Pista esburacada;Incendio;Plena Noite;Ceu Claro;Caminhao-trator;Lesoes Leves;1;2;2;2;1;2
Pista esburacada;Incendio;Plena Noite;Ceu Claro;Onibus;Ileso;1;2;2;2;1;3
Pista esburacada;Incendio;Pleno dia;Sol;Automovel;Lesoes Leves;2;2;2;1;3;1
Pista esburacada;Incendio;Pleno dia;Sol;Caminhao-trator;Ileso;1;2;2;1;3;2
Pista esburacada;Incendio;Pleno dia;Sol;Nao Informado;Ileso;1;2;2;1;3;3
Pista esburacada;Queda de ocupante de veiculo;Amanhecer;Ceu Claro;Motocicleta;Lesoes Graves;1;2;5;4;1;1
Pista esburacada;Queda de ocupante de veiculo;Amanhecer;Ceu Claro;Motocicleta;Lesoes Leves;3;2;5;4;1;1
Pista esburacada;Queda de ocupante de veiculo;Anoitecer;Ceu Claro;Motocicleta;Lesoes Leves;2;2;5;4;1;1
Pista esburacada;Queda de ocupante de veiculo;Anoitecer;Chuva;Motoneta;Lesoes Leves;1;2;5;4;2;3
Pista esburacada;Queda de ocupante de veiculo;Anoitecer;Nublado;Motoneta;Obito;1;2;5;4;2;3
Pista esburacada;Queda de ocupante de veiculo;Plena Noite;Ceu Claro;Bicicleta;Lesoes Leves;1;2;5;2;1;3
Pista esburacada;Queda de ocupante de veiculo;Plena Noite;Ceu Claro;Motocicleta;Lesoes Graves;1;2;5;2;1;1
Pista esburacada;Queda de ocupante de veiculo;Plena Noite;Ceu Claro;Motocicleta;Lesoes Leves;13;2;5;2;1;1
Pista esburacada;Queda de ocupante de veiculo;Plena Noite;Ceu Claro;Motocicleta;Obito;2;2;5;2;1;1
Pista esburacada;Queda de ocupante de veiculo;Plena Noite;Ceu Claro;Motoneta;Lesoes Leves;2;2;5;2;1;3
Pista esburacada;Queda de ocupante de veiculo;Plena Noite;Chuva;Motocicleta;Lesoes Leves;1;2;5;2;2;1
Pista esburacada;Queda de ocupante de veiculo;Plena Noite;Chuva;Motoneta;Lesoes Leves;3;2;5;2;2;3
Pista esburacada;Queda de ocupante de veiculo;Plena Noite;Garoa/Chuvisco;Automovel;Lesoes Leves;1;2;5;2;3;1
Pista esburacada;Queda de ocupante de veiculo;Plena Noite;Garoa/Chuvisco;Motoneta;Lesoes Leves;1;2;5;2;3;3
Pista esburacada;Queda de ocupante de veiculo;Plena Noite;Ignorado;Motocicleta;Lesoes Graves;1;2;5;2;0;1
Pista esburacada;Queda de ocupante de veiculo;Plena Noite;Ignorado;Motocicleta;Obito;1;2;5;2;0;1
Pista esburacada;Queda de ocupante de veiculo;Plena Noite;Nublado;Automovel;Ileso;1;2;5;2;2;1
Pista esburacada;Queda de ocupante de veiculo;Plena Noite;Nublado;Bicicleta;Lesoes Graves;1;2;5;2;2;3
Pista esburacada;Queda de ocupante de veiculo;Plena Noite;Nublado;Caminhao-trator;Ileso;3;2;5;2;2;2
Pista esburacada;Queda de ocupante de veiculo;Plena Noite;Nublado;Motocicleta;Lesoes Graves;2;2;5;2;2;1
Pista esburacada;Queda de ocupante de veiculo;Plena Noite;Nublado;Motocicleta;Lesoes Leves;3;2;5;2;2;1
Pista esburacada;Queda de ocupante de veiculo;Plena Noite;Nublado;Motoneta;Ileso;1;2;5;2;2;3
Pista esburacada;Queda de ocupante de veiculo;Plena Noite;Nublado;Motoneta;Lesoes Leves;2;2;5;2;2;3
Pista esburacada;Queda de ocupante de veiculo;Pleno dia;Ceu Claro;Automovel;Ileso;2;2;5;1;1;1
Pista esburacada;Queda de ocupante de veiculo;Pleno dia;Ceu Claro;Caminhao;Ileso;1;2;5;1;1;2
Pista esburacada;Queda de ocupante de veiculo;Pleno dia;Ceu Claro;Caminhao;Lesoes Leves;1;2;5;1;1;2
Pista esburacada;Queda de ocupante de veiculo;Pleno dia;Ceu Claro;Caminhao-trator;Ileso;1;2;5;1;1;2
Pista esburacada;Queda de ocupante de veiculo;Pleno dia;Ceu Claro;Caminhonete;Ileso;1;2;5;1;1;2
Pista esburacada;Queda de ocupante de veiculo;Pleno dia;Ceu Claro;Motocicleta;Ileso;2;2;5;1;1;1
Pista esburacada;Queda de ocupante de veiculo;Pleno dia;Ceu Claro;Motocicleta;Lesoes Graves;6;2;5;1;1;1
Pista esburacada;Queda de ocupante de veiculo;Pleno dia;Ceu Claro;Motocicleta;Lesoes Leves;16;2;5;1;1;1
Pista esburacada;Queda de ocupante de veiculo;Pleno dia;Ceu Claro;Motocicleta;Obito;1;2;5;1;1;1
Pista esburacada;Queda de ocupante de veiculo;Pleno dia;Ceu Claro;Motoneta;Ileso;1;2;5;1;1;3
Pista esburacada;Queda de ocupante de veiculo;Pleno dia;Ceu Claro;Motoneta;Lesoes Graves;2;2;5;1;1;3
Pista esburacada;Queda de ocupante de veiculo;Pleno dia;Ceu Claro;Motoneta;Lesoes Leves;4;2;5;1;1;3
Pista esburacada;Queda de ocupante de veiculo;Pleno dia;Chuva;Motocicleta;Lesoes Leves;3;2;5;1;2;1
Pista esburacada;Queda de ocupante de veiculo;Pleno dia;Chuva;Motoneta;Lesoes Leves;1;2;5;1;2;3
Pista esburacada;Queda de ocupante de veiculo;Pleno dia;Ignorado;Bicicleta;Lesoes Leves;1;2;5;1;0;3
Pista esburacada;Queda de ocupante de veiculo;Pleno dia;Ignorado;Motocicleta;Lesoes Graves;1;2;5;1;0;1
Pista esburacada;Queda de ocupante de veiculo;Pleno dia;Nublado;Motocicleta;Lesoes Graves;1;2;5;1;2;1
Pista esburacada;Queda de ocupante de veiculo;Pleno dia;Nublado;Motocicleta;Lesoes Leves;2;2;5;1;2;1
Pista esburacada;Saida de leito carrocavel;Amanhecer;Ceu Claro;Caminhao-trator;Lesoes Graves;1;2;5;4;1;2
Pista esburacada;Saida de leito carrocavel;Amanhecer;Nublado;Automovel;Lesoes Leves;1;2;5;4;2;1
Pista esburacada;Saida de leito carrocavel;Plena Noite;Ceu Claro;Automovel;Lesoes Graves;1;2;5;2;1;1
Pista esburacada;Saida de leito carrocavel;Plena Noite;Ceu Claro;Automovel;Obito;2;2;5;2;1;1
Pista esburacada;Saida de leito carrocavel;Plena Noite;Ceu Claro;Caminhao-trator;Lesoes Leves;1;2;5;2;1;2
Pista esburacada;Saida de leito carrocavel;Plena Noite;Ceu Claro;Motoneta;Lesoes Graves;1;2;5;2;1;3
Pista esburacada;Saida de leito carrocavel;Plena Noite;Ceu Claro;Utilitario;Lesoes Graves;1;2;5;2;1;3
Pista esburacada;Saida de leito carrocavel;Plena Noite;Garoa/Chuvisco;Caminhao-trator;Ileso;1;2;5;2;3;2
Pista esburacada;Saida de leito carrocavel;Plena Noite;Garoa/Chuvisco;Caminhao-trator;Lesoes Graves;3;2;5;2;3;2
Pista esburacada;Saida de leito carrocavel;Plena Noite;Garoa/Chuvisco;Caminhao-trator;Obito;2;2;5;2;3;2
Pista esburacada;Saida de leito carrocavel;Plena Noite;Ignorado;Utilitario;Ileso;2;2;5;2;0;3
Pista esburacada;Saida de leito carrocavel;Plena Noite;Nevoeiro/Neblina;Caminhao-trator;Ileso;1;2;5;2;4;2
Pista esburacada;Saida de leito carrocavel;Plena Noite;Nublado;Automovel;Ileso;1;2;5;2;2;1
Pista esburacada;Saida de leito carrocavel;Plena Noite;Nublado;Automovel;Lesoes Leves;5;2;5;2;2;1
Pista esburacada;Saida de leito carrocavel;Plena Noite;Nublado;Caminhao;Ileso;1;2;5;2;2;2
Pista esburacada;Saida de leito carrocavel;Plena Noite;Nublado;Motocicleta;Lesoes Graves;1;2;5;2;2;1
Pista esburacada;Saida de leito carrocavel;Plena Noite;Nublado;Onibus;Ileso;4;2;5;2;2;3
Pista esburacada;Saida de leito carrocavel;Plena Noite;Nublado;Onibus;Lesoes Leves;24;2;5;2;2;3
Pista esburacada;Saida de leito carrocavel;Pleno dia;Ceu Claro;Automovel;Ileso;5;2;5;1;1;1
Pista esburacada;Saida de leito carrocavel;Pleno dia;Ceu Claro;Automovel;Lesoes Graves;3;2;5;1;1;1
Pista esburacada;Saida de leito carrocavel;Pleno dia;Ceu Claro;Automovel;Lesoes Leves;7;2;5;1;1;1
Pista esburacada;Saida de leito carrocavel;Pleno dia;Ceu Claro;Automovel;Obito;4;2;5;1;1;1
Pista esburacada;Saida de leito carrocavel;Pleno dia;Ceu Claro;Caminhao;Lesoes Graves;1;2;5;1;1;2
Pista esburacada;Saida de leito carrocavel;Pleno dia;Ceu Claro;Caminhao-trator;Ileso;5;2;5;1;1;2
Pista esburacada;Saida de leito carrocavel;Pleno dia;Ceu Claro;Caminhao-trator;Lesoes Leves;1;2;5;1;1;2
Pista esburacada;Saida de leito carrocavel;Pleno dia;Ceu Claro;Motocicleta;Lesoes Graves;1;2;5;1;1;1
Pista esburacada;Saida de leito carrocavel;Pleno dia;Ceu Claro;Motoneta;Lesoes Graves;1;2;5;1;1;3
Pista esburacada;Saida de leito carrocavel;Pleno dia;Ceu Claro;Onibus;Lesoes Leves;8;2;5;1;1;3
Pista esburacada;Saida de leito carrocavel;Pleno dia;Chuva;Automovel;Ileso;4;2;5;1;2;1
Pista esburacada;Saida de leito carrocavel;Pleno dia;Chuva;Automovel;Lesoes Graves;1;2;5;1;2;1
Pista esburacada;Saida de leito carrocavel;Pleno dia;Chuva;Automovel;Lesoes Leves;1;2;5;1;2;1
Pista esburacada;Saida de leito carrocavel;Pleno dia;Chuva;Automovel;Obito;4;2;5;1;2;1
Pista esburacada;Saida de leito carrocavel;Pleno dia;Chuva;Caminhao-trator;Lesoes Graves;1;2;5;1;2;2
Pista esburacada;Saida de leito carrocavel;Pleno dia;Chuva;Caminhao-trator;Lesoes Leves;2;2;5;1;2;2
Pista esburacada;Saida de leito carrocavel;Pleno dia;Chuva;Caminhonete;Lesoes Graves;1;2;5;1;2;2
Pista esburacada;Saida de leito carrocavel;Pleno dia;Garoa/Chuvisco;Onibus;Ileso;4;2;5;1;3;3
Pista esburacada;Saida de leito carrocavel;Pleno dia;Nublado;Automovel;Ileso;1;2;5;1;2;1
Pista esburacada;Saida de leito carrocavel;Pleno dia;Nublado;Automovel;Lesoes Graves;1;2;5;1;2;1
Pista esburacada;Saida de leito carrocavel;Pleno dia;Nublado;Automovel;Lesoes Leves;2;2;5;1;2;1
Pista esburacada;Saida de leito carrocavel;Pleno dia;Nublado;Caminhao-trator;Lesoes Leves;1;2;5;1;2;2
Pista esburacada;Saida de leito carrocavel;Pleno dia;Nublado;Caminhonete;Ileso;1;2;5;1;2;2
Pista esburacada;Saida de leito carrocavel;Pleno dia;Nublado;Caminhonete;Lesoes Leves;2;2;5;1;2;2
Pista esburacada;Saida de leito carrocavel;Pleno dia;Nublado;Utilitario;Lesoes Leves;1;2;5;1;2;3
Pista esburacada;Saida de leito carrocavel;Pleno dia;Sol;Automovel;Lesoes Leves;2;2;5;1;3;1
Pista esburacada;Saida de leito carrocavel;Pleno dia;Sol;Caminhao-trator;Ileso;1;2;5;1;3;2
Pista esburacada;Saida de leito carrocavel;Pleno dia;Sol;Caminhonete;Ileso;1;2;5;1;3;2
Pista esburacada;Saida de leito carrocavel;Pleno dia;Sol;Caminhonete;Lesoes Leves;1;2;5;1;3;2
Pista esburacada;Saida de leito carrocavel;Pleno dia;Sol;Nao Informado;Ileso;1;2;5;1;3;3
Pista esburacada;Tombamento;Amanhecer;Ceu Claro;Caminhao-trator;Lesoes Graves;1;2;5;4;1;2
Pista esburacada;Tombamento;Amanhecer;Ceu Claro;Motocicleta;Lesoes Graves;1;2;5;4;1;1
Pista esburacada;Tombamento;Amanhecer;Ceu Claro;Motocicleta;Lesoes Leves;1;2;5;4;1;1
Pista esburacada;Tombamento;Amanhecer;Ignorado;Caminhao-trator;Lesoes Leves;1;2;5;4;0;2
Pista esburacada;Tombamento;Anoitecer;Ceu Claro;Motocicleta;Lesoes Leves;1;2;5;4;1;1
Pista esburacada;Tombamento;Anoitecer;Chuva;Caminhao-trator;Lesoes Leves;1;2;5;4;2;2
Pista esburacada;Tombamento;Anoitecer;Nublado;Motoneta;Obito;1;2;5;4;2;3
Pista esburacada;Tombamento;Plena Noite;Ceu Claro;Automovel;Lesoes Graves;1;2;5;2;1;1
Pista esburacada;Tombamento;Plena Noite;Ceu Claro;Automovel;Obito;2;2;5;2;1;1
Pista esburacada;Tombamento;Plena Noite;Ceu Claro;Caminhao-trator;Ileso;1;2;5;2;1;2
Pista esburacada;Tombamento;Plena Noite;Ceu Claro;Caminhao-trator;Lesoes Leves;1;2;5;2;1;2
Pista esburacada;Tombamento;Plena Noite;Ceu Claro;Motocicleta;Lesoes Graves;3;2;5;2;1;1
Pista esburacada;Tombamento;Plena Noite;Ceu Claro;Motocicleta;Lesoes Leves;8;2;5;2;1;1
Pista esburacada;Tombamento;Plena Noite;Ceu Claro;Motocicleta;Obito;3;2;5;2;1;1
Pista esburacada;Tombamento;Plena Noite;Ceu Claro;Motoneta;Lesoes Graves;1;2;5;2;1;3
Pista esburacada;Tombamento;Plena Noite;Ceu Claro;Motoneta;Lesoes Leves;2;2;5;2;1;3
Pista esburacada;Tombamento;Plena Noite;Garoa/Chuvisco;Motoneta;Lesoes Leves;1;2;5;2;3;3
Pista esburacada;Tombamento;Plena Noite;Nevoeiro/Neblina;Caminhao-trator;Ileso;1;2;5;2;4;2
Pista esburacada;Tombamento;Plena Noite;Nublado;Automovel;Ileso;1;2;5;2;2;1
Pista esburacada;Tombamento;Plena Noite;Nublado;Bicicleta;Lesoes Graves;1;2;5;2;2;3
Pista esburacada;Tombamento;Plena Noite;Nublado;Caminhao;Lesoes Leves;1;2;5;2;2;2
Pista esburacada;Tombamento;Plena Noite;Nublado;Caminhao-trator;Ileso;3;2;5;2;2;2
Pista esburacada;Tombamento;Plena Noite;Nublado;Motocicleta;Lesoes Graves;1;2;5;2;2;1
Pista esburacada;Tombamento;Plena Noite;Nublado;Motocicleta;Lesoes Leves;3;2;5;2;2;1
Pista esburacada;Tombamento;Plena Noite;Nublado;Motoneta;Ileso;1;2;5;2;2;3
Pista esburacada;Tombamento;Plena Noite;Nublado;Motoneta;Lesoes Leves;2;2;5;2;2;3
Pista esburacada;Tombamento;Plena Noite;Nublado;Onibus;Ileso;4;2;5;2;2;3
Pista esburacada;Tombamento;Plena Noite;Nublado;Onibus;Lesoes Leves;24;2;5;2;2;3
Pista esburacada;Tombamento;Pleno dia;Ceu Claro;Automovel;Ileso;5;2;5;1;1;1
Pista esburacada;Tombamento;Pleno dia;Ceu Claro;Automovel;Lesoes Leves;1;2;5;1;1;1
Pista esburacada;Tombamento;Pleno dia;Ceu Claro;Caminhao-trator;Ileso;5;2;5;1;1;2
Pista esburacada;Tombamento;Pleno dia;Ceu Claro;Caminhao-trator;Lesoes Leves;1;2;5;1;1;2
Pista esburacada;Tombamento;Pleno dia;Ceu Claro;Motocicleta;Ileso;2;2;5;1;1;1
Pista esburacada;Tombamento;Pleno dia;Ceu Claro;Motocicleta;Lesoes Graves;2;2;5;1;1;1
Pista esburacada;Tombamento;Pleno dia;Ceu Claro;Motocicleta;Lesoes Leves;8;2;5;1;1;1
Pista esburacada;Tombamento;Pleno dia;Ceu Claro;Motoneta;Ileso;1;2;5;1;1;3
Pista esburacada;Tombamento;Pleno dia;Ceu Claro;Motoneta;Lesoes Graves;2;2;5;1;1;3
Pista esburacada;Tombamento;Pleno dia;Ceu Claro;Motoneta;Lesoes Leves;4;2;5;1;1;3
Pista esburacada;Tombamento;Pleno dia;Ceu Claro;Onibus;Lesoes Leves;8;2;5;1;1;3
Pista esburacada;Tombamento;Pleno dia;Chuva;Motocicleta;Lesoes Leves;2;2;5;1;2;1
Pista esburacada;Tombamento;Pleno dia;Chuva;Motoneta;Lesoes Leves;1;2;5;1;2;3
Pista esburacada;Tombamento;Pleno dia;Garoa/Chuvisco;Onibus;Ileso;4;2;5;1;3;3
Pista esburacada;Tombamento;Pleno dia;Ignorado;Motocicleta;Lesoes Graves;1;2;5;1;0;1
Pista esburacada;Tombamento;Pleno dia;Nublado;Motocicleta;Lesoes Leves;2;2;5;1;2;1
Pista esburacada;Tombamento;Pleno dia;Sol;Caminhao-trator;Lesoes Leves;2;2;5;1;3;2
Problema com o freio;Atropelamento de Animal;Plena Noite;Ceu Claro;Caminhonete;Ileso;2;2;2;2;1;2
Problema com o freio;Atropelamento de Pedestre;Plena Noite;Ceu Claro;Caminhao-trator;Ileso;1;2;4;2;1;2
Problema com o freio;Atropelamento de Pedestre;Plena Noite;Ceu Claro;Caminhao-trator;Lesoes Graves;1;2;4;2;1;2
Problema com o freio;Atropelamento de Pedestre;Plena Noite;Ceu Claro;Caminhao-trator;Lesoes Leves;1;2;4;2;1;2
Problema com o freio;Atropelamento de Pedestre;Plena Noite;Ceu Claro;Caminhao-trator;Obito;1;2;4;2;1;2
Problema com o freio;Capotamento;Plena Noite;Ceu Claro;Caminhao;Lesoes Graves;1;2;5;2;1;2
Problema com o freio;Capotamento;Pleno dia;Ceu Claro;Automovel;Lesoes Graves;1;2;5;1;1;1
Problema com o freio;Capotamento;Pleno dia;Ceu Claro;Automovel;Lesoes Leves;2;2;5;1;1;1
Problema com o freio;Capotamento;Pleno dia;Ceu Claro;Automovel;Obito;1;2;5;1;1;1
Problema com o freio;Capotamento;Pleno dia;Ceu Claro;Caminhao;Lesoes Graves;1;2;5;1;1;2
Problema com o freio;Capotamento;Pleno dia;Chuva;Automovel;Lesoes Leves;1;2;5;1;2;1
Problema com o freio;Capotamento;Pleno dia;Nublado;Caminhao;Lesoes Graves;1;2;5;1;2;2
Problema com o freio;Capotamento;Pleno dia;Nublado;Caminhao;Lesoes Leves;1;2;5;1;2;2
Problema com o freio;Capotamento;Pleno dia;Sol;Caminhao;Lesoes Graves;1;2;5;1;3;2
Problema com o freio;Capotamento;Pleno dia;Sol;Caminhao;Obito;1;2;5;1;3;2
Problema com o freio;Capotamento;Pleno dia;Sol;Caminhao-trator;Lesoes Graves;2;2;5;1;3;2
Problema com o freio;Colisao com objeto;Amanhecer;Ceu Claro;Caminhao;Lesoes Leves;1;2;5;4;1;2
Problema com o freio;Colisao com objeto;Amanhecer;Ceu Claro;Caminhao-trator;Lesoes Leves;1;2;5;4;1;2
Problema com o freio;Colisao com objeto;Amanhecer;Nublado;Automovel;Ileso;1;2;5;4;2;1
Problema com o freio;Colisao com objeto;Amanhecer;Nublado;Automovel;Lesoes Leves;4;2;5;4;2;1
Problema com o freio;Colisao com objeto;Amanhecer;Nublado;Caminhao-trator;Lesoes Leves;2;2;5;4;2;2
Problema com o freio;Colisao com objeto;Anoitecer;Ceu Claro;Caminhao;Lesoes Leves;1;2;5;4;1;2
Problema com o freio;Colisao com objeto;Anoitecer;Chuva;Caminhao-trator;Ileso;1;2;5;4;2;2
Problema com o freio;Colisao com objeto;Anoitecer;Garoa/Chuvisco;Caminhao-trator;Lesoes Leves;1;2;5;4;3;2
Problema com o freio;Colisao com objeto;Anoitecer;Nublado;Automovel;Ileso;8;2;5;4;2;1
Problema com o freio;Colisao com objeto;Anoitecer;Nublado;Automovel;Lesoes Leves;2;2;5;4;2;1
Problema com o freio;Colisao com objeto;Anoitecer;Nublado;Caminhao-trator;Lesoes Leves;6;2;5;4;2;2
Problema com o freio;Colisao com objeto;Plena Noite;Ceu Claro;Automovel;Ileso;3;2;5;2;1;1
Problema com o freio;Colisao com objeto;Plena Noite;Ceu Claro;Automovel;Lesoes Graves;1;2;5;2;1;1
Problema com o freio;Colisao com objeto;Plena Noite;Ceu Claro;Caminhao-trator;Ileso;1;2;5;2;1;2
Problema com o freio;Colisao com objeto;Plena Noite;Ceu Claro;Caminhao-trator;Lesoes Graves;2;2;5;2;1;2
Problema com o freio;Colisao com objeto;Plena Noite;Ceu Claro;Caminhao-trator;Lesoes Leves;2;2;5;2;1;2
Problema com o freio;Colisao com objeto;Plena Noite;Ceu Claro;Caminhao-trator;Obito;1;2;5;2;1;2
Problema com o freio;Colisao com objeto;Plena Noite;Ceu Claro;Onibus;Ileso;4;2;5;2;1;3
Problema com o freio;Colisao com objeto;Plena Noite;Chuva;Caminhao-trator;Ileso;1;2;5;2;2;2
Problema com o freio;Colisao com objeto;Plena Noite;Nublado;Automovel;Ileso;2;2;5;2;2;1
Problema com o freio;Colisao com objeto;Plena Noite;Nublado;Utilitario;Ileso;4;2;5;2;2;3
Problema com o freio;Colisao com objeto;Pleno dia;Ceu Claro;Automovel;Ileso;3;2;5;1;1;1
Problema com o freio;Colisao com objeto;Pleno dia;Ceu Claro;Automovel;Lesoes Leves;5;2;5;1;1;1
Problema com o freio;Colisao com objeto;Pleno dia;Ceu Claro;Caminhao;Lesoes Leves;2;2;5;1;1;2
Problema com o freio;Colisao com objeto;Pleno dia;Ceu Claro;Caminhao;Obito;1;2;5;1;1;2
Problema com o freio;Colisao com objeto;Pleno dia;Ceu Claro;Caminhao-trator;Ileso;3;2;5;1;1;2
Problema com o freio;Colisao com objeto;Pleno dia;Ceu Claro;Caminhao-trator;Lesoes Leves;1;2;5;1;1;2
Problema com o freio;Colisao com objeto;Pleno dia;Ceu Claro;Caminhonete;Lesoes Leves;1;2;5;1;1;2
Problema com o freio;Colisao com objeto;Pleno dia;Ceu Claro;Motocicleta;Ileso;1;2;5;1;1;1
Problema com o freio;Colisao com objeto;Pleno dia;Chuva;Automovel;Lesoes Leves;3;2;5;1;2;1
Problema com o freio;Colisao com objeto;Pleno dia;Chuva;Caminhao-trator;Lesoes Leves;1;2;5;1;2;2
Problema com o freio;Colisao com objeto;Pleno dia;Chuva;Motocicleta;Lesoes Graves;1;2;5;1;2;1
Problema com o freio;Colisao com objeto;Pleno dia;Chuva;Motocicleta;Lesoes Leves;1;2;5;1;2;1
Problema com o freio;Colisao com objeto;Pleno dia;Garoa/Chuvisco;Caminhao-trator;Ileso;1;2;5;1;3;2
Problema com o freio;Colisao com objeto;Pleno dia;Garoa/Chuvisco;Caminhao-trator;Lesoes Leves;1;2;5;1;3;2
Problema com o freio;Colisao com objeto;Pleno dia;Garoa/Chuvisco;Utilitario;Ileso;4;2;5;1;3;3
Problema com o freio;Colisao com objeto;Pleno dia;Nublado;Automovel;Lesoes Leves;4;2;5;1;2;1
Problema com o freio;Colisao com objeto;Pleno dia;Nublado;Caminhao;Lesoes Graves;2;2;5;1;2;2
Problema com o freio;Colisao com objeto;Pleno dia;Nublado;Caminhao;Lesoes Leves;1;2;5;1;2;2
Problema com o freio;Colisao com objeto;Pleno dia;Nublado;Caminhao;Obito;1;2;5;1;2;2
Problema com o freio;Colisao com objeto;Pleno dia;Nublado;Caminhao-trator;Ileso;1;2;5;1;2;2
Problema com o freio;Colisao com objeto;Pleno dia;Nublado;Caminhao-trator;Lesoes Graves;2;2;5;1;2;2
Problema com o freio;Colisao com objeto;Pleno dia;Nublado;Caminhao-trator;Lesoes Leves;2;2;5;1;2;2
Problema com o freio;Colisao com objeto;Pleno dia;Sol;Caminhao;Lesoes Graves;1;2;5;1;3;2
Problema com o freio;Colisao com objeto;Pleno dia;Sol;Caminhao;Obito;1;2;5;1;3;2
Problema com o freio;Colisao frontal;Pleno dia;Ceu Claro;Caminhao;Lesoes Leves;1;2;5;1;1;2
Problema com o freio;Colisao frontal;Pleno dia;Ceu Claro;Caminhao;Obito;2;2;5;1;1;2
Problema com o freio;Colisao frontal;Pleno dia;Ceu Claro;Caminhao-trator;Ileso;1;2;5;1;1;2
Problema com o freio;Colisao frontal;Pleno dia;Ceu Claro;Caminhao-trator;Lesoes Leves;2;2;5;1;1;2
Problema com o freio;Colisao frontal;Pleno dia;Ceu Claro;Caminhao-trator;Obito;1;2;5;1;1;2
Problema com o freio;Colisao frontal;Pleno dia;Chuva;Automovel;Obito;1;2;5;1;2;1
Problema com o freio;Colisao frontal;Pleno dia;Chuva;Caminhao;Lesoes Leves;1;2;5;1;2;2
Problema com o freio;Colisao frontal;Pleno dia;Garoa/Chuvisco;Automovel;Lesoes Graves;1;2;5;1;3;1
Problema com o freio;Colisao frontal;Pleno dia;Garoa/Chuvisco;Automovel;Lesoes Leves;2;2;5;1;3;1
Problema com o freio;Colisao frontal;Pleno dia;Garoa/Chuvisco;Caminhao;Ileso;1;2;5;1;3;2
Problema com o freio;Colisao frontal;Pleno dia;Garoa/Chuvisco;Caminhonete;Ileso;3;2;5;1;3;2
Problema com o freio;Colisao frontal;Pleno dia;Garoa/Chuvisco;Caminhonete;Lesoes Graves;5;2;5;1;3;2
Problema com o freio;Colisao frontal;Pleno dia;Garoa/Chuvisco;Caminhonete;Lesoes Leves;3;2;5;1;3;2
Problema com o freio;Colisao frontal;Pleno dia;Garoa/Chuvisco;Micro-onibus;Ileso;1;2;5;1;3;4
Problema com o freio;Colisao frontal;Pleno dia;Garoa/Chuvisco;Micro-onibus;Lesoes Graves;6;2;5;1;3;4
Problema com o freio;Colisao frontal;Pleno dia;Garoa/Chuvisco;Micro-onibus;Lesoes Leves;2;2;5;1;3;4
Problema com o freio;Colisao frontal;Pleno dia;Nublado;Caminhao;Lesoes Graves;1;2;5;1;2;2
Problema com o freio;Colisao frontal;Pleno dia;Nublado;Caminhao;Lesoes Leves;1;2;5;1;2;2
Problema com o freio;Colisao frontal;Pleno dia;Sol;Caminhao-trator;Ileso;1;2;5;1;3;2