causa_acidente;tipo_acidente;fase_dia;condicao_metereologica;tipo_veiculo;estado_fisico;count;causa_acidente_criterios;tipo_acidente_criterios;fase_dia_criterios;condicao_metereologica_criterios;tipo_veiculo_criterios
Problema com o freio;Colisao frontal;Pleno dia;Sol;Motocicleta;Obito;2;2;5;1;3;1
Problema com o freio;Colisao lateral mesmo sentido;Amanhecer;Ceu Claro;Caminhao-trator;Lesoes Leves;1;2;5;4;1;2
Problema com o freio;Colisao lateral mesmo sentido;Anoitecer;Nublado;Automovel;Ileso;2;2;5;4;2;1
Problema com o freio;Colisao lateral mesmo sentido;Anoitecer;Nublado;Automovel;Lesoes Leves;1;2;5;4;2;1
Problema com o freio;Colisao lateral mesmo sentido;Anoitecer;Nublado;Caminhao-trator;Lesoes Leves;1;2;5;4;2;2
Problema com o freio;Colisao lateral mesmo sentido;Plena Noite;Ceu Claro;Automovel;Ileso;1;2;5;2;1;1
Problema com o freio;Colisao lateral mesmo sentido;Plena Noite;Ceu Claro;Caminhao;Ileso;1;2;5;2;1;2
Problema com o freio;Colisao lateral mesmo sentido;Plena Noite;Ceu Claro;Caminhao-trator;Lesoes Graves;2;2;5;2;1;2
Problema com o freio;Colisao lateral mesmo sentido;Plena Noite;Ceu Claro;Caminhao-trator;Lesoes Leves;1;2;5;2;1;2
Problema com o freio;Colisao lateral mesmo sentido;Plena Noite;Ceu Claro;Caminhao-trator;Obito;1;2;5;2;1;2
Problema com o freio;Colisao lateral mesmo sentido;Plena Noite;Nublado;Automovel;Ileso;2;2;5;2;2;1
Problema com o freio;Colisao lateral mesmo sentido;Plena Noite;Nublado;Utilitario;Ileso;4;2;5;2;2;3
Problema com o freio;Colisao lateral mesmo sentido;Pleno dia;Ceu Claro;Caminhao;Ileso;2;2;5;1;1;2
Problema com o freio;Colisao lateral mesmo sentido;Pleno dia;Ceu Claro;Nao Informado;Ileso;1;2;5;1;1;3
Problema com o freio;Colisao lateral mesmo sentido;Pleno dia;Ceu Claro;Nao se aplica;Ileso;1;2;5;1;1;3
Problema com o freio;Colisao lateral mesmo sentido;Pleno dia;Chuva;Caminhao;Ileso;1;2;5;1;2;2
Problema com o freio;Colisao lateral mesmo sentido;Pleno dia;Chuva;Caminhao-trator;Lesoes Leves;1;2;5;1;2;2
Problema com o freio;Colisao lateral mesmo sentido;Pleno dia;Garoa/Chuvisco;Caminhao-trator;Ileso;1;2;5;1;3;2
Problema com o freio;Colisao lateral mesmo sentido;Pleno dia;Garoa/Chuvisco;Utilitario;Ileso;4;2;5;1;3;3
Problema com o freio;Colisao lateral mesmo sentido;Pleno dia;Ignorado;Caminhao;Ileso;2;2;5;1;0;2
Problema com o freio;Colisao lateral mesmo sentido;Pleno dia;Ignorado;Caminhao;Lesoes Leves;1;2;5;1;0;2
Problema com o freio;Colisao lateral mesmo sentido;Pleno dia;Ignorado;Caminhao-trator;Ileso;1;2;5;1;0;2
Problema com o freio;Colisao lateral mesmo sentido;Pleno dia;Ignorado;Caminhao-trator;Lesoes Leves;1;2;5;1;0;2
Problema com o freio;Colisao lateral mesmo sentido;Pleno dia;Ignorado;Caminhao-trator;Obito;1;2;5;1;0;2
Problema com o freio;Colisao lateral sentido oposto;Pleno dia;Ceu Claro;Caminhao;Ileso;1;2;4;1;1;2
Problema com o freio;Colisao lateral sentido oposto;Pleno dia;Ceu Claro;Caminhao-trator;Ileso;3;2;4;1;1;2
Problema com o freio;Colisao lateral sentido oposto;Pleno dia;Ceu Claro;Caminhao-trator;Lesoes Leves;1;2;4;1;1;2
Problema com o freio;Colisao lateral sentido oposto;Pleno dia;Ceu Claro;Caminhonete;Ileso;1;2;4;1;1;2
Problema com o freio;Colisao lateral sentido oposto;Pleno dia;Nublado;Caminhao;Ileso;1;2;4;1;2;2
Problema com o freio;Colisao lateral sentido oposto;Pleno dia;Nublado;Caminhao;Lesoes Leves;1;2;4;1;2;2
Problema com o freio;Colisao lateral sentido oposto;Pleno dia;Nublado;Caminhao-trator;Ileso;1;2;4;1;2;2
Problema com o freio;Colisao lateral sentido oposto;Pleno dia;Sol;Caminhao-trator;Ileso;6;2;4;1;3;2
Problema com o freio;Colisao lateral sentido oposto;Pleno dia;Sol;Caminhao-trator;Lesoes Leves;2;2;4;1;3;2
Problema com o freio;Colisao transversal;Amanhecer;Nublado;Automovel;Ileso;1;2;5;4;2;1
Problema com o freio;Colisao transversal;Amanhecer;Nublado;Automovel;Lesoes Leves;3;2;5;4;2;1
Problema com o freio;Colisao transversal;Amanhecer;Nublado;Caminhao-trator;Lesoes Leves;2;2;5;4;2;2
Problema com o freio;Colisao transversal;Plena Noite;Nublado;Automovel;Ileso;2;2;5;2;2;1
Problema com o freio;Colisao transversal;Plena Noite;Nublado;Bicicleta;Lesoes Leves;1;2;5;2;2;3
Problema com o freio;Colisao transversal;Pleno dia;Ceu Claro;Automovel;Ileso;4;2;5;1;1;1
Problema com o freio;Colisao transversal;Pleno dia;Ceu Claro;Automovel;Lesoes Leves;2;2;5;1;1;1
Problema com o freio;Colisao transversal;Pleno dia;Ceu Claro;Caminhao-trator;Ileso;1;2;5;1;1;2
Problema com o freio;Colisao transversal;Pleno dia;Ceu Claro;Motocicleta;Lesoes Leves;3;2;5;1;1;1
Problema com o freio;Colisao transversal;Pleno dia;Ceu Claro;Onibus;Lesoes Leves;1;2;5;1;1;3
Problema com o freio;Colisao transversal;Pleno dia;Garoa/Chuvisco;Automovel;Ileso;1;2;5;1;3;1
Problema com o freio;Colisao transversal;Pleno dia;Garoa/Chuvisco;Automovel;Lesoes Leves;1;2;5;1;3;1
Problema com o freio;Colisao traseira;Amanhecer;Chuva;Caminhao;Lesoes Leves;3;2;5;4;2;2
Problema com o freio;Colisao traseira;Amanhecer;Chuva;Caminhao-trator;Ileso;1;2;5;4;2;2
Problema com o freio;Colisao traseira;Anoitecer;Ceu Claro;Motoneta;Lesoes Graves;1;2;5;4;1;3
Problema com o freio;Colisao traseira;Anoitecer;Nublado;Automovel;Ileso;4;2;5;4;2;1
Problema com o freio;Colisao traseira;Anoitecer;Nublado;Automovel;Lesoes Leves;2;2;5;4;2;1
Problema com o freio;Colisao traseira;Anoitecer;Nublado;Caminhao-trator;Lesoes Leves;2;2;5;4;2;2
Problema com o freio;Colisao traseira;Plena Noite;Ceu Claro;Automovel;Ileso;2;2;5;2;1;1
Problema com o freio;Colisao traseira;Plena Noite;Ceu Claro;Caminhao;Lesoes Leves;2;2;5;2;1;2
Problema com o freio;Colisao traseira;Plena Noite;Chuva;Caminhao;Lesoes Leves;1;2;5;2;2;2
Problema com o freio;Colisao traseira;Plena Noite;Chuva;Caminhao-trator;Ileso;1;2;5;2;2;2
Problema com o freio;Colisao traseira;Plena Noite;Nublado;Caminhao;Ileso;1;2;5;2;2;2
Problema com o freio;Colisao traseira;Plena Noite;Nublado;Caminhao;Lesoes Graves;1;2;5;2;2;2
Problema com o freio;Colisao traseira;Plena Noite;Nublado;Caminhao;Lesoes Leves;2;2;5;2;2;2
Problema com o freio;Colisao traseira;Plena Noite;Nublado;Caminhao;Obito;1;2;5;2;2;2
Problema com o freio;Colisao traseira;Plena Noite;Nublado;Caminhao-trator;Ileso;3;2;5;2;2;2
Problema com o freio;Colisao traseira;Plena Noite;Nublado;Caminhao-trator;Lesoes Leves;2;2;5;2;2;2
Problema com o freio;Colisao traseira;Pleno dia;Ceu Claro;Automovel;Ileso;7;2;5;1;1;1
Problema com o freio;Colisao traseira;Pleno dia;Ceu Claro;Automovel;Lesoes Graves;8;2;5;1;1;1
Problema com o freio;Colisao traseira;Pleno dia;Ceu Claro;Automovel;Lesoes Leves;4;2;5;1;1;1
Problema com o freio;Colisao traseira;Pleno dia;Ceu Claro;Caminhao;Ileso;15;2;5;1;1;2
Problema com o freio;Colisao traseira;Pleno dia;Ceu Claro;Caminhao;Lesoes Leves;1;2;5;1;1;2
Problema com o freio;Colisao traseira;Pleno dia;Ceu Claro;Caminhao-trator;Ileso;13;2;5;1;1;2
Problema com o freio;Colisao traseira;Pleno dia;Ceu Claro;Caminhao-trator;Lesoes Leves;8;2;5;1;1;2
Problema com o freio;Colisao traseira;Pleno dia;Ceu Claro;Caminhonete;Ileso;21;2;5;1;1;2
Problema com o freio;Colisao traseira;Pleno dia;Ceu Claro;Caminhonete;Lesoes Leves;1;2;5;1;1;2
Problema com o freio;Colisao traseira;Pleno dia;Ceu Claro;Motocicleta;Ileso;1;2;5;1;1;1
Problema com o freio;Colisao traseira;Pleno dia;Ceu Claro;Motocicleta;Lesoes Graves;2;2;5;1;1;1
Problema com o freio;Colisao traseira;Pleno dia;Ceu Claro;Motocicleta;Lesoes Leves;2;2;5;1;1;1
Problema com o freio;Colisao traseira;Pleno dia;Ceu Claro;Nao Informado;Ileso;1;2;5;1;1;3
Problema com o freio;Colisao traseira;Pleno dia;Ceu Claro;Nao Informado;Lesoes Graves;4;2;5;1;1;3
Problema com o freio;Colisao traseira;Pleno dia;Ceu Claro;Nao Informado;Lesoes Leves;4;2;5;1;1;3
Problema com o freio;Colisao traseira;Pleno dia;Ceu Claro;Nao se aplica;Ileso;1;2;5;1;1;3
Problema com o freio;Colisao traseira;Pleno dia;Ceu Claro;Onibus;Ileso;18;2;5;1;1;3
Problema com o freio;Colisao traseira;Pleno dia;Ceu Claro;Onibus;Lesoes Graves;2;2;5;1;1;3
Problema com o freio;Colisao traseira;Pleno dia;Ceu Claro;Onibus;Lesoes Leves;6;2;5;1;1;3
Problema com o freio;Colisao traseira;Pleno dia;Ceu Claro;Utilitario;Lesoes Graves;4;2;5;1;1;3
Problema com o freio;Colisao traseira;Pleno dia;Ceu Claro;Utilitario;Lesoes Leves;12;2;5;1;1;3
Problema com o freio;Colisao traseira;Pleno dia;Chuva;Automovel;Ileso;12;2;5;1;2;1
Problema com o freio;Colisao traseira;Pleno dia;Chuva;Automovel;Lesoes Leves;1;2;5;1;2;1
Problema com o freio;Colisao traseira;Pleno dia;Chuva;Caminhao-trator;Ileso;1;2;5;1;2;2
Problema com o freio;Colisao traseira;Pleno dia;Chuva;Caminhao-trator;Lesoes Leves;2;2;5;1;2;2
Problema com o freio;Colisao traseira;Pleno dia;Chuva;Ciclomotor;Ileso;1;2;5;1;2;4
Problema com o freio;Colisao traseira;Pleno dia;Chuva;Utilitario;Ileso;1;2;5;1;2;3
Problema com o freio;Colisao traseira;Pleno dia;Nublado;Automovel;Ileso;4;2;5;1;2;1
Problema com o freio;Colisao traseira;Pleno dia;Nublado;Automovel;Lesoes Leves;1;2;5;1;2;1
Problema com o freio;Colisao traseira;Pleno dia;Nublado;Automovel;Obito;1;2;5;1;2;1
Problema com o freio;Colisao traseira;Pleno dia;Nublado;Caminhao;Ileso;2;2;5;1;2;2
Problema com o freio;Colisao traseira;Pleno dia;Nublado;Caminhao;Lesoes Graves;1;2;5;1;2;2
Problema com o freio;Colisao traseira;Pleno dia;Nublado;Caminhao;Lesoes Leves;2;2;5;1;2;2
Problema com o freio;Colisao traseira;Pleno dia;Nublado;Caminhao-trator;Ileso;9;2;5;1;2;2
Problema com o freio;Colisao traseira;Pleno dia;Nublado;Caminhao-trator;Lesoes Graves;1;2;5;1;2;2
Problema com o freio;Colisao traseira;Pleno dia;Nublado;Caminhao-trator;Lesoes Leves;2;2;5;1;2;2
Problema com o freio;Colisao traseira;Pleno dia;Nublado;Caminhonete;Ileso;1;2;5;1;2;2
Problema com o freio;Colisao traseira;Pleno dia;Nublado;Motocicleta;Lesoes Graves;1;2;5;1;2;1
Problema com o freio;Colisao traseira;Pleno dia;Nublado;Motocicleta;Lesoes Leves;2;2;5;1;2;1
Problema com o freio;Colisao traseira;Pleno dia;Nublado;Nao Informado;Ileso;2;2;5;1;2;3
Problema com o freio;Colisao traseira;Pleno dia;Nublado;Onibus;Ileso;1;2;5;1;2;3
Problema com o freio;Colisao traseira;Pleno dia;Nublado;Onibus;Lesoes Graves;1;2;5;1;2;3
Problema com o freio;Colisao traseira;Pleno dia;Nublado;Onibus;Lesoes Leves;3;2;5;1;2;3
Problema com o freio;Colisao traseira;Pleno dia;Nublado;Utilitario;Ileso;2;2;5;1;2;3
Problema com o freio;Colisao traseira;Pleno dia;Sol;Automovel;Ileso;2;2;5;1;3;1
Problema com o freio;Colisao traseira;Pleno dia;Sol;Automovel;Lesoes Leves;2;2;5;1;3;1
Problema com o freio;Colisao traseira;Pleno dia;Sol;Caminhao-trator;Ileso;7;2;5;1;3;2
Problema com o freio;Colisao traseira;Pleno dia;Sol;Caminhao-trator;Lesoes Leves;5;2;5;1;3;2
Problema com o freio;Colisao traseira;Pleno dia;Sol;Caminhonete;Ileso;4;2;5;1;3;2
Problema com o freio;Colisao traseira;Pleno dia;Sol;Motocicleta;Lesoes Graves;1;2;5;1;3;1
Problema com o freio;Derramamento de carga;Amanhecer;Ceu Claro;Caminhao;Lesoes Leves;1;2;3;4;1;2
Problema com o freio;Derramamento de carga;Plena Noite;Ceu Claro;Caminhao;Lesoes Leves;1;2;3;2;1;2
Problema com o freio;Derramamento de carga;Plena Noite;Ceu Claro;Caminhao-trator;Ileso;2;2;3;2;1;2
Problema com o freio;Derramamento de carga;Plena Noite;Ceu Claro;Caminhao-trator;Lesoes Graves;1;2;3;2;1;2
Problema com o freio;Derramamento de carga;Plena Noite;Ceu Claro;Caminhao-trator;Lesoes Leves;2;2;3;2;1;2
Problema com o freio;Derramamento de carga;Plena Noite;Ceu Claro;Caminhao-trator;Obito;1;2;3;2;1;2
Problema com o freio;Derramamento de carga;Pleno dia;Ceu Claro;Caminhao;Ileso;2;2;3;1;1;2
Problema com o freio;Derramamento de carga;Pleno dia;Ceu Claro;Caminhao;Lesoes Leves;3;2;3;1;1;2
Problema com o freio;Derramamento de carga;Pleno dia;Ceu Claro;Caminhao;Obito;1;2;3;1;1;2
Problema com o freio;Derramamento de carga;Pleno dia;Ceu Claro;Caminhao-trator;Obito;1;2;3;1;1;2
Problema com o freio;Derramamento de carga;Pleno dia;Ceu Claro;Caminhonete;Ileso;1;2;3;1;1;2
Problema com o freio;Derramamento de carga;Pleno dia;Ceu Claro;Onibus;Ileso;7;2;3;1;1;3
Problema com o freio;Derramamento de carga;Pleno dia;Ceu Claro;Onibus;Lesoes Leves;2;2;3;1;1;3
Problema com o freio;Derramamento de carga;Pleno dia;Chuva;Automovel;Ileso;11;2;3;1;2;1
Problema com o freio;Derramamento de carga;Pleno dia;Chuva;Automovel;Lesoes Leves;1;2;3;1;2;1
Problema com o freio;Derramamento de carga;Pleno dia;Chuva;Automovel;Obito;1;2;3;1;2;1
Problema com o freio;Derramamento de carga;Pleno dia;Chuva;Caminhao;Lesoes Leves;1;2;3;1;2;2
Problema com o freio;Derramamento de carga;Pleno dia;Chuva;Caminhao-trator;Ileso;1;2;3;1;2;2
Problema com o freio;Derramamento de carga;Pleno dia;Chuva;Caminhao-trator;Lesoes Leves;1;2;3;1;2;2
Problema com o freio;Derramamento de carga;Pleno dia;Chuva;Ciclomotor;Ileso;1;2;3;1;2;4
Problema com o freio;Derramamento de carga;Pleno dia;Chuva;Utilitario;Ileso;1;2;3;1;2;3
Problema com o freio;Derramamento de carga;Pleno dia;Garoa/Chuvisco;Caminhao-trator;Lesoes Leves;1;2;3;1;3;2
Problema com o freio;Derramamento de carga;Pleno dia;Nublado;Automovel;Lesoes Leves;2;2;3;1;2;1
Problema com o freio;Derramamento de carga;Pleno dia;Nublado;Caminhao-trator;Lesoes Graves;1;2;3;1;2;2
Problema com o freio;Derramamento de carga;Pleno dia;Nublado;Caminhao-trator;Lesoes Leves;2;2;3;1;2;2
Problema com o freio;Derramamento de carga;Pleno dia;Sol;Caminhao;Ileso;1;2;3;1;3;2
Problema com o freio;Derramamento de carga;Pleno dia;Sol;Caminhao;Lesoes Leves;1;2;3;1;3;2
Problema com o freio;Derramamento de carga;Pleno dia;Sol;Caminhao-trator;Ileso;3;2;3;1;3;2
Problema com o freio;Derramamento de carga;Pleno dia;Sol;Caminhao-trator;Lesoes Leves;1;2;3;1;3;2
Problema com o freio;Derramamento de carga;Pleno dia;Sol;Utilitario;Lesoes Leves;1;2;3;1;3;3
Problema com o freio;Engavetamento;Anoitecer;Nublado;Automovel;Lesoes Graves;3;2;3;4;2;1
Problema com o freio;Engavetamento;Anoitecer;Nublado;Automovel;Lesoes Leves;1;2;3;4;2;1
Problema com o freio;Engavetamento;Anoitecer;Nublado;Caminhao;Ileso;1;2;3;4;2;2
Problema com o freio;Engavetamento;Anoitecer;Nublado;Caminhao-trator;Ileso;1;2;3;4;2;2
Problema com o freio;Engavetamento;Anoitecer;Nublado;Nao Informado;Ileso;1;2;3;4;2;3
Problema com o freio;Engavetamento;Anoitecer;Nublado;Nao Informado;Lesoes Leves;1;2;3;4;2;3
Problema com o freio;Engavetamento;Anoitecer;Nublado;Onibus;Ileso;1;2;3;4;2;3
Problema com o freio;Engavetamento;Plena Noite;Garoa/Chuvisco;Caminhao;Lesoes Leves;1;2;3;2;3;2
Problema com o freio;Engavetamento;Plena Noite;Garoa/Chuvisco;Caminhao-trator;Ileso;2;2;3;2;3;2
Problema com o freio;Engavetamento;Plena Noite;Garoa/Chuvisco;Caminhao-trator;Lesoes Leves;1;2;3;2;3;2
Problema com o freio;Engavetamento;Plena Noite;Garoa/Chuvisco;Micro-onibus;Ileso;2;2;3;2;3;4
Problema com o freio;Engavetamento;Pleno dia;Ceu Claro;Automovel;Lesoes Graves;2;2;3;1;1;1
Problema com o freio;Engavetamento;Pleno dia;Ceu Claro;Caminhao;Ileso;1;2;3;1;1;2
Problema com o freio;Engavetamento;Pleno dia;Ceu Claro;Caminhao-trator;Ileso;1;2;3;1;1;2
Problema com o freio;Engavetamento;Pleno dia;Ceu Claro;Caminhao-trator;Lesoes Leves;1;2;3;1;1;2
Problema com o freio;Engavetamento;Pleno dia;Ceu Claro;Caminhonete;Ileso;4;2;3;1;1;2
Problema com o freio;Engavetamento;Pleno dia;Ceu Claro;Nao Informado;Lesoes Graves;1;2;3;1;1;3
Problema com o freio;Engavetamento;Pleno dia;Ceu Claro;Nao Informado;Lesoes Leves;1;2;3;1;1;3
Problema com o freio;Engavetamento;Pleno dia;Ceu Claro;Onibus;Ileso;1;2;3;1;1;3
Problema com o freio;Engavetamento;Pleno dia;Ceu Claro;Utilitario;Lesoes Graves;1;2;3;1;1;3
Problema com o freio;Engavetamento;Pleno dia;Ceu Claro;Utilitario;Lesoes Leves;3;2;3;1;1;3
Problema com o freio;Engavetamento;Pleno dia;Ignorado;Caminhao;Ileso;2;2;3;1;0;2
Problema com o freio;Engavetamento;Pleno dia;Ignorado;Caminhao;Lesoes Leves;1;2;3;1;0;2
Problema com o freio;Engavetamento;Pleno dia;Ignorado;Caminhao-trator;Ileso;1;2;3;1;0;2
Problema com o freio;Engavetamento;Pleno dia;Ignorado;Caminhao-trator;Lesoes Leves;1;2;3;1;0;2
Problema com o freio;Engavetamento;Pleno dia;Ignorado;Caminhao-trator;Obito;1;2;3;1;0;2
Problema com o freio;Engavetamento;Pleno dia;Nublado;Automovel;Ileso;2;2;3;1;2;1
Problema com o freio;Engavetamento;Pleno dia;Nublado;Automovel;Obito;1;2;3;1;2;1
Problema com o freio;Engavetamento;Pleno dia;Nublado;Caminhao-trator;Ileso;2;2;3;1;2;2
Problema com o freio;Eventos atipicos;Pleno dia;Chuva;Caminhao-trator;Lesoes Leves;1;2;2;1;2;2
Problema com o freio;Incendio;Amanhecer;Garoa/Chuvisco;Caminhao-trator;Ileso;1;2;2;4;3;2
Problema com o freio;Incendio;Plena Noite;Ceu Claro;Caminhao-trator;Ileso;6;2;2;2;1;2
Problema com o freio;Incendio;Plena Noite;Chuva;Caminhao-trator;Ileso;2;2;2;2;2;2
Problema com o freio;Incendio;Plena Noite;Chuva;Onibus;Ileso;1;2;2;2;2;3
Problema com o freio;Incendio;Plena Noite;Garoa/Chuvisco;Caminhao-trator;Ileso;1;2;2;2;3;2
Problema com o freio;Incendio;Plena Noite;Nublado;Caminhao-trator;Ileso;2;2;2;2;2;2
Problema com o freio;Incendio;Pleno dia;Ceu Claro;Automovel;Ileso;1;2;2;1;1;1
Problema com o freio;Incendio;Pleno dia;Ceu Claro;Caminhao;Obito;1;2;2;1;1;2
Problema com o freio;Incendio;Pleno dia;Ceu Claro;Caminhao-trator;Ileso;4;2;2;1;1;2
Problema com o freio;Incendio;Pleno dia;Ceu Claro;Caminhao-trator;Lesoes Leves;2;2;2;1;1;2
Problema com o freio;Incendio;Pleno dia;Ceu Claro;Caminhao-trator;Obito;1;2;2;1;1;2
Problema com o freio;Incendio;Pleno dia;Chuva;Automovel;Obito;1;2;2;1;2;1
Problema com o freio;Incendio;Pleno dia;Chuva;Caminhao;Lesoes Leves;1;2;2;1;2;2
Problema com o freio;Incendio;Pleno dia;Nublado;Caminhao-trator;Ileso;2;2;2;1;2;2
Problema com o freio;Incendio;Pleno dia;Nublado;Caminhao-trator;Lesoes Leves;1;2;2;1;2;2
Problema com o freio;Incendio;Pleno dia;Nublado;Semireboque;Ileso;1;2;2;1;2;5
Problema com o freio;Incendio;Pleno dia;Sol;Caminhao-trator;Ileso;4;2;2;1;3;2
Problema com o freio;Incendio;Pleno dia;Sol;Motocicleta;Obito;2;2;2;1;3;1
Problema com o freio;Queda de ocupante de veiculo;Plena Noite;Ceu Claro;Caminhao-trator;Lesoes Graves;1;2;5;2;1;2
Problema com o freio;Queda de ocupante de veiculo;Plena Noite;Ceu Claro;Caminhao-trator;Lesoes Leves;1;2;5;2;1;2
Problema com o freio;Queda de ocupante de veiculo;Plena Noite;Ceu Claro;Caminhao-trator;Obito;1;2;5;2;1;2
Problema com o freio;Queda de ocupante de veiculo;Plena Noite;Garoa/Chuvisco;Bicicleta;Lesoes Leves;1;2;5;2;3;3
Problema com o freio;Queda de ocupante de veiculo;Plena Noite;Nublado;Automovel;Ileso;2;2;5;2;2;1
Problema com o freio;Queda de ocupante de veiculo;Plena Noite;Nublado;Bicicleta;Lesoes Leves;1;2;5;2;2;3
Problema com o freio;Queda de ocupante de veiculo;Pleno dia;Ceu Claro;Automovel;Ileso;1;2;5;1;1;1
Problema com o freio;Queda de ocupante de veiculo;Pleno dia;Ceu Claro;Bicicleta;Lesoes Leves;1;2;5;1;1;3
Problema com o freio;Queda de ocupante de veiculo;Pleno dia;Ceu Claro;Caminhao-trator;Ileso;1;2;5;1;1;2
Problema com o freio;Queda de ocupante de veiculo;Pleno dia;Ceu Claro;Caminhonete;Ileso;1;2;5;1;1;2
Problema com o freio;Queda de ocupante de veiculo;Pleno dia;Ceu Claro;Motocicleta;Lesoes Graves;2;2;5;1;1;1
Problema com o freio;Queda de ocupante de veiculo;Pleno dia;Ceu Claro;Motocicleta;Lesoes Leves;2;2;5;1;1;1
Problema com o freio;Queda de ocupante de veiculo;Pleno dia;Ceu Claro;Motoneta;Lesoes Graves;1;2;5;1;1;3
Problema com o freio;Queda de ocupante de veiculo;Pleno dia;Ceu Claro;Motoneta;Lesoes Leves;2;2;5;1;1;3
Problema com o freio;Queda de ocupante de veiculo;Pleno dia;Chuva;Motocicleta;Lesoes Graves;1;2;5;1;2;1
Problema com o freio;Queda de ocupante de veiculo;Pleno dia;Chuva;Motocicleta;Lesoes Leves;1;2;5;1;2;1
Problema com o freio;Queda de ocupante de veiculo;Pleno dia;Nublado;Caminhao-trator;Ileso;2;2;5;1;2;2
Problema com o freio;Queda de ocupante de veiculo;Pleno dia;Nublado;Motocicleta;Lesoes Graves;1;2;5;1;2;1
Problema com o freio;Queda de ocupante de veiculo;Pleno dia;Nublado;Motocicleta;Lesoes Leves;4;2;5;1;2;1
Problema com o freio;Queda de ocupante de veiculo;Pleno dia;Nublado;Motoneta;Lesoes Graves;1;2;5;1;2;3
Problema com o freio;Queda de ocupante de veiculo;Pleno dia;Nublado;Motoneta;Lesoes Leves;1;2;5;1;2;3
Problema com o freio;Queda de ocupante de veiculo;Pleno dia;Nublado;Nao Informado;Ileso;2;2;5;1;2;3
Problema com o freio;Queda de ocupante de veiculo;Pleno dia;Nublado;Onibus;Ileso;1;2;5;1;2;3
Problema com o freio;Queda de ocupante de veiculo;Pleno dia;Nublado;Onibus;Lesoes Graves;1;2;5;1;2;3
Problema com o freio;Queda de ocupante de veiculo;Pleno dia;Nublado;Onibus;Lesoes Leves;3;2;5;1;2;3
Problema com o freio;Queda de ocupante de veiculo;Pleno dia;Sol;Caminhao-trator;Ileso;1;2;5;1;3;2
Problema com o freio;Queda de ocupante de veiculo;Pleno dia;Sol;Motocicleta;Obito;2;2;5;1;3;1
Problema com o freio;Saida de leito carrocavel;Amanhecer;Ceu Claro;Caminhao;Ileso;1;2;5;4;1;2
Problema com o freio;Saida de leito carrocavel;Amanhecer;Ceu Claro;Caminhao;Lesoes Leves;2;2;5;4;1;2
Problema com o freio;Saida de leito carrocavel;Amanhecer;Nublado;Automovel;Lesoes Leves;1;2;5;4;2;1
Problema com o freio;Saida de leito carrocavel;Anoitecer;Garoa/Chuvisco;Caminhao-trator;Lesoes Leves;1;2;5;4;3;2
Problema com o freio;Saida de leito carrocavel;Anoitecer;Nublado;Automovel;Ileso;2;2;5;4;2;1
Problema com o freio;Saida de leito carrocavel;Anoitecer;Nublado;Caminhao-trator;Lesoes Leves;2;2;5;4;2;2
Problema com o freio;Saida de leito carrocavel;Plena Noite;Ceu Claro;Automovel;Ileso;2;2;5;2;1;1
Problema com o freio;Saida de leito carrocavel;Plena Noite;Ceu Claro;Caminhao;Ileso;1;2;5;2;1;2
Problema com o freio;Saida de leito carrocavel;Plena Noite;Ceu Claro;Caminhao-trator;Ileso;2;2;5;2;1;2
Problema com o freio;Saida de leito carrocavel;Plena Noite;Ceu Claro;Caminhao-trator;Lesoes Leves;2;2;5;2;1;2
Problema com o freio;Saida de leito carrocavel;Plena Noite;Ceu Claro;Onibus;Ileso;4;2;5;2;1;3
Problema com o freio;Saida de leito carrocavel;Plena Noite;Chuva;Automovel;Ileso;2;2;5;2;2;1
Problema com o freio;Saida de leito carrocavel;Plena Noite;Chuva;Automovel;Lesoes Leves;1;2;5;2;2;1
Problema com o freio;Saida de leito carrocavel;Plena Noite;Chuva;Caminhao;Ileso;1;2;5;2;2;2
Problema com o freio;Saida de leito carrocavel;Plena Noite;Chuva;Caminhao-trator;Ileso;1;2;5;2;2;2
Problema com o freio;Saida de leito carrocavel;Plena Noite;Nevoeiro/Neblina;Caminhao;Lesoes Leves;1;2;5;2;4;2
Problema com o freio;Saida de leito carrocavel;Plena Noite;Nublado;Caminhao;Lesoes Graves;2;2;5;2;2;2
Problema com o freio;Saida de leito carrocavel;Plena Noite;Nublado;Caminhao;Lesoes Leves;2;2;5;2;2;2
Problema com o freio;Saida de leito carrocavel;Plena Noite;Nublado;Caminhao;Obito;1;2;5;2;2;2
Problema com o freio;Saida de leito carrocavel;Plena Noite;Nublado;Caminhao-trator;Ileso;2;2;5;2;2;2
Problema com o freio;Saida de leito carrocavel;Pleno dia;Ceu Claro;Automovel;Ileso;2;2;5;1;1;1
Problema com o freio;Saida de leito carrocavel;Pleno dia;Ceu Claro;Automovel;Lesoes Graves;1;2;5;1;1;1
Problema com o freio;Saida de leito carrocavel;Pleno dia;Ceu Claro;Automovel;Lesoes Leves;5;2;5;1;1;1
Problema com o freio;Saida de leito carrocavel;Pleno dia;Ceu Claro;Automovel;Obito;1;2;5;1;1;1
Problema com o freio;Saida de leito carrocavel;Pleno dia;Ceu Claro;Caminhao;Ileso;2;2;5;1;1;2
Problema com o freio;Saida de leito carrocavel;Pleno dia;Ceu Claro;Caminhao;Lesoes Graves;1;2;5;1;1;2