causa_acidente;tipo_acidente;fase_dia;condicao_metereologica;tipo_veiculo;estado_fisico;count;causa_acidente_criterios;tipo_acidente_criterios;fase_dia_criterios;condicao_metereologica_criterios;tipo_veiculo_criterios
Problema com o freio;Saida de leito carrocavel;Pleno dia;Ceu Claro;Caminhao;Lesoes Leves;4;2;5;1;1;2
Problema com o freio;Saida de leito carrocavel;Pleno dia;Ceu Claro;Caminhao;Obito;1;2;5;1;1;2
Problema com o freio;Saida de leito carrocavel;Pleno dia;Ceu Claro;Caminhao-trator;Ileso;1;2;5;1;1;2
Problema com o freio;Saida de leito carrocavel;Pleno dia;Ceu Claro;Caminhao-trator;Lesoes Leves;3;2;5;1;1;2
Problema com o freio;Saida de leito carrocavel;Pleno dia;Ceu Claro;Caminhonete;Ileso;3;2;5;1;1;2
Problema com o freio;Saida de leito carrocavel;Pleno dia;Ceu Claro;Caminhonete;Obito;1;2;5;1;1;2
Problema com o freio;Saida de leito carrocavel;Pleno dia;Ceu Claro;Onibus;Lesoes Leves;8;2;5;1;1;3
Problema com o freio;Saida de leito carrocavel;Pleno dia;Ceu Claro;Utilitario;Ileso;3;2;5;1;1;3
Problema com o freio;Saida de leito carrocavel;Pleno dia;Chuva;Automovel;Ileso;3;2;5;1;2;1
Problema com o freio;Saida de leito carrocavel;Pleno dia;Chuva;Automovel;Lesoes Leves;3;2;5;1;2;1
Problema com o freio;Saida de leito carrocavel;Pleno dia;Chuva;Caminhao;Ileso;1;2;5;1;2;2
Problema com o freio;Saida de leito carrocavel;Pleno dia;Chuva;Caminhao-trator;Lesoes Leves;5;2;5;1;2;2
Problema com o freio;Saida de leito carrocavel;Pleno dia;Chuva;Motocicleta;Lesoes Graves;1;2;5;1;2;1
Problema com o freio;Saida de leito carrocavel;Pleno dia;Chuva;Motocicleta;Lesoes Leves;1;2;5;1;2;1
Problema com o freio;Saida de leito carrocavel;Pleno dia;Nublado;Automovel;Ileso;1;2;5;1;2;1
Problema com o freio;Saida de leito carrocavel;Pleno dia;Nublado;Automovel;Lesoes Graves;1;2;5;1;2;1
Problema com o freio;Saida de leito carrocavel;Pleno dia;Nublado;Automovel;Lesoes Leves;3;2;5;1;2;1
Problema com o freio;Saida de leito carrocavel;Pleno dia;Nublado;Caminhao;Lesoes Graves;3;2;5;1;2;2
Problema com o freio;Saida de leito carrocavel;Pleno dia;Nublado;Caminhao;Lesoes Leves;2;2;5;1;2;2
Problema com o freio;Saida de leito carrocavel;Pleno dia;Nublado;Caminhao;Obito;1;2;5;1;2;2
Problema com o freio;Saida de leito carrocavel;Pleno dia;Nublado;Caminhao-trator;Ileso;2;2;5;1;2;2
Problema com o freio;Saida de leito carrocavel;Pleno dia;Nublado;Caminhao-trator;Lesoes Graves;2;2;5;1;2;2
Problema com o freio;Saida de leito carrocavel;Pleno dia;Nublado;Caminhao-trator;Lesoes Leves;2;2;5;1;2;2
Problema com o freio;Saida de leito carrocavel;Pleno dia;Nublado;Motocicleta;Lesoes Graves;1;2;5;1;2;1
Problema com o freio;Saida de leito carrocavel;Pleno dia;Nublado;Nao Informado;Ileso;2;2;5;1;2;3
Problema com o freio;Saida de leito carrocavel;Pleno dia;Sol;Caminhao;Lesoes Graves;1;2;5;1;3;2
Problema com o freio;Saida de leito carrocavel;Pleno dia;Sol;Caminhao;Obito;1;2;5;1;3;2
Problema com o freio;Saida de leito carrocavel;Pleno dia;Sol;Caminhao-trator;Ileso;4;2;5;1;3;2
Problema com o freio;Saida de leito carrocavel;Pleno dia;Sol;Caminhao-trator;Lesoes Graves;3;2;5;1;3;2
Problema com o freio;Saida de leito carrocavel;Pleno dia;Sol;Caminhao-trator;Lesoes Leves;3;2;5;1;3;2
Problema com o freio;Tombamento;Amanhecer;Ceu Claro;Caminhao;Ileso;1;2;5;4;1;2
Problema com o freio;Tombamento;Amanhecer;Ceu Claro;Caminhao;Lesoes Leves;2;2;5;4;1;2
Problema com o freio;Tombamento;Anoitecer;Garoa/Chuvisco;Caminhao-trator;Lesoes Leves;1;2;5;4;3;2
Problema com o freio;Tombamento;Anoitecer;Nublado;Automovel;Ileso;1;2;5;4;2;1
Problema com o freio;Tombamento;Anoitecer;Nublado;Caminhao-trator;Lesoes Leves;1;2;5;4;2;2
Problema com o freio;Tombamento;Plena Noite;Ceu Claro;Automovel;Ileso;3;2;5;2;1;1
Problema com o freio;Tombamento;Plena Noite;Ceu Claro;Automovel;Lesoes Graves;1;2;5;2;1;1
Problema com o freio;Tombamento;Plena Noite;Ceu Claro;Caminhao;Lesoes Leves;1;2;5;2;1;2
Problema com o freio;Tombamento;Plena Noite;Ceu Claro;Caminhao-trator;Ileso;1;2;5;2;1;2
Problema com o freio;Tombamento;Plena Noite;Ceu Claro;Caminhao-trator;Lesoes Graves;2;2;5;2;1;2
Problema com o freio;Tombamento;Plena Noite;Ceu Claro;Caminhao-trator;Lesoes Leves;3;2;5;2;1;2
Problema com o freio;Tombamento;Plena Noite;Ceu Claro;Caminhao-trator;Obito;1;2;5;2;1;2
Problema com o freio;Tombamento;Plena Noite;Ceu Claro;Onibus;Ileso;4;2;5;2;1;3
Problema com o freio;Tombamento;Plena Noite;Chuva;Automovel;Ileso;1;2;5;2;2;1
Problema com o freio;Tombamento;Plena Noite;Chuva;Automovel;Lesoes Leves;1;2;5;2;2;1
Problema com o freio;Tombamento;Plena Noite;Chuva;Caminhao-trator;Ileso;1;2;5;2;2;2
Problema com o freio;Tombamento;Plena Noite;Nevoeiro/Neblina;Caminhao;Lesoes Leves;1;2;5;2;4;2
Problema com o freio;Tombamento;Plena Noite;Nublado;Caminhao;Ileso;1;2;5;2;2;2
Problema com o freio;Tombamento;Plena Noite;Nublado;Caminhao;Lesoes Graves;1;2;5;2;2;2
Problema com o freio;Tombamento;Plena Noite;Nublado;Caminhao;Obito;1;2;5;2;2;2
Problema com o freio;Tombamento;Plena Noite;Nublado;Caminhao-trator;Ileso;1;2;5;2;2;2
Problema com o freio;Tombamento;Plena Noite;Nublado;Caminhao-trator;Lesoes Leves;3;2;5;2;2;2
Problema com o freio;Tombamento;Pleno dia;Ceu Claro;Automovel;Ileso;1;2;5;1;1;1
Problema com o freio;Tombamento;Pleno dia;Ceu Claro;Automovel;Lesoes Graves;1;2;5;1;1;1
Problema com o freio;Tombamento;Pleno dia;Ceu Claro;Automovel;Obito;1;2;5;1;1;1
Problema com o freio;Tombamento;Pleno dia;Ceu Claro;Caminhao;Ileso;1;2;5;1;1;2
Problema com o freio;Tombamento;Pleno dia;Ceu Claro;Caminhao;Lesoes Leves;4;2;5;1;1;2
Problema com o freio;Tombamento;Pleno dia;Ceu Claro;Caminhao-trator;Ileso;1;2;5;1;1;2
Problema com o freio;Tombamento;Pleno dia;Ceu Claro;Caminhao-trator;Lesoes Leves;3;2;5;1;1;2
Problema com o freio;Tombamento;Pleno dia;Ceu Claro;Caminhao-trator;Obito;1;2;5;1;1;2
Problema com o freio;Tombamento;Pleno dia;Ceu Claro;Caminhonete;Ileso;2;2;5;1;1;2
Problema com o freio;Tombamento;Pleno dia;Ceu Claro;Caminhonete;Lesoes Leves;1;2;5;1;1;2
Problema com o freio;Tombamento;Pleno dia;Ceu Claro;Motocicleta;Lesoes Leves;3;2;5;1;1;1
Problema com o freio;Tombamento;Pleno dia;Ceu Claro;Motoneta;Lesoes Leves;1;2;5;1;1;3
Problema com o freio;Tombamento;Pleno dia;Ceu Claro;Onibus;Lesoes Leves;8;2;5;1;1;3
Problema com o freio;Tombamento;Pleno dia;Chuva;Caminhao;Ileso;1;2;5;1;2;2
Problema com o freio;Tombamento;Pleno dia;Chuva;Caminhao-trator;Lesoes Leves;2;2;5;1;2;2
Problema com o freio;Tombamento;Pleno dia;Chuva;Motocicleta;Lesoes Graves;1;2;5;1;2;1
Problema com o freio;Tombamento;Pleno dia;Chuva;Motocicleta;Lesoes Leves;1;2;5;1;2;1
Problema com o freio;Tombamento;Pleno dia;Garoa/Chuvisco;Caminhonete;Lesoes Graves;2;2;5;1;3;2
Problema com o freio;Tombamento;Pleno dia;Garoa/Chuvisco;Caminhonete;Lesoes Leves;1;2;5;1;3;2
Problema com o freio;Tombamento;Pleno dia;Garoa/Chuvisco;Micro-onibus;Ileso;1;2;5;1;3;4
Problema com o freio;Tombamento;Pleno dia;Garoa/Chuvisco;Micro-onibus;Lesoes Graves;6;2;5;1;3;4
Problema com o freio;Tombamento;Pleno dia;Garoa/Chuvisco;Micro-onibus;Lesoes Leves;2;2;5;1;3;4
Problema com o freio;Tombamento;Pleno dia;Nublado;Automovel;Lesoes Leves;2;2;5;1;2;1
Problema com o freio;Tombamento;Pleno dia;Nublado;Caminhao;Ileso;1;2;5;1;2;2
Problema com o freio;Tombamento;Pleno dia;Nublado;Caminhao;Lesoes Graves;2;2;5;1;2;2
Problema com o freio;Tombamento;Pleno dia;Nublado;Caminhao;Lesoes Leves;2;2;5;1;2;2
Problema com o freio;Tombamento;Pleno dia;Nublado;Caminhao-trator;Ileso;4;2;5;1;2;2
Problema com o freio;Tombamento;Pleno dia;Nublado;Caminhao-trator;Lesoes Graves;2;2;5;1;2;2
Problema com o freio;Tombamento;Pleno dia;Nublado;Caminhao-trator;Lesoes Leves;6;2;5;1;2;2
Problema com o freio;Tombamento;Pleno dia;Nublado;Motocicleta;Lesoes Graves;1;2;5;1;2;1
Problema com o freio;Tombamento;Pleno dia;Nublado;Motocicleta;Lesoes Leves;3;2;5;1;2;1
Problema com o freio;Tombamento;Pleno dia;Nublado;Motoneta;Lesoes Graves;1;2;5;1;2;3
Problema com o freio;Tombamento;Pleno dia;Nublado;Motoneta;Lesoes Leves;1;2;5;1;2;3
Problema com o freio;Tombamento;Pleno dia;Nublado;Nao Informado;Ileso;2;2;5;1;2;3
Problema com o freio;Tombamento;Pleno dia;Sol;Caminhao;Ileso;1;2;5;1;3;2
Problema com o freio;Tombamento;Pleno dia;Sol;Caminhao;Lesoes Leves;1;2;5;1;3;2
Problema com o freio;Tombamento;Pleno dia;Sol;Caminhao-trator;Ileso;5;2;5;1;3;2
Problema com o freio;Tombamento;Pleno dia;Sol;Caminhao-trator;Lesoes Graves;4;2;5;1;3;2
Problema com o freio;Tombamento;Pleno dia;Sol;Caminhao-trator;Lesoes Leves;5;2;5;1;3;2
Problema com o freio;Tombamento;Pleno dia;Sol;Motocicleta;Obito;2;2;5;1;3;1
Problema com o freio;Tombamento;Pleno dia;Sol;Utilitario;Lesoes Leves;1;2;5;1;3;3
Problema na suspensao;Capotamento;Pleno dia;Ceu Claro;Automovel;Ileso;1;1;5;1;1;1
Problema na suspensao;Capotamento;Pleno dia;Ceu Claro;Automovel;Lesoes Leves;2;1;5;1;1;1
Problema na suspensao;Capotamento;Pleno dia;Ceu Claro;Caminhonete;Ileso;1;1;5;1;1;2
Problema na suspensao;Capotamento;Pleno dia;Ceu Claro;Caminhonete;Lesoes Leves;1;1;5;1;1;2
Problema na suspensao;Capotamento;Pleno dia;Nublado;Caminhonete;Ileso;1;1;5;1;2;2
Problema na suspensao;Capotamento;Pleno dia;Nublado;Caminhonete;Lesoes Leves;2;1;5;1;2;2
Problema na suspensao;Capotamento;Pleno dia;Sol;Automovel;Lesoes Leves;2;1;5;1;3;1
Problema na suspensao;Colisao com objeto;Plena Noite;Ceu Claro;Automovel;Ileso;1;1;5;2;1;1
Problema na suspensao;Colisao com objeto;Plena Noite;Nublado;Automovel;Lesoes Leves;2;1;5;2;2;1
Problema na suspensao;Colisao com objeto;Pleno dia;Ceu Claro;Automovel;Lesoes Leves;2;1;5;1;1;1
Problema na suspensao;Colisao com objeto;Pleno dia;Ceu Claro;Caminhao-trator;Lesoes Leves;1;1;5;1;1;2
Problema na suspensao;Colisao com objeto;Pleno dia;Chuva;Automovel;Ileso;2;1;5;1;2;1
Problema na suspensao;Colisao com objeto;Pleno dia;Chuva;Utilitario;Lesoes Leves;2;1;5;1;2;3
Problema na suspensao;Colisao com objeto;Pleno dia;Nublado;Caminhonete;Ileso;1;1;5;1;2;2
Problema na suspensao;Colisao lateral mesmo sentido;Pleno dia;Ceu Claro;Automovel;Ileso;1;1;5;1;1;1
Problema na suspensao;Colisao lateral mesmo sentido;Pleno dia;Nublado;Nao Informado;Ileso;1;1;5;1;2;3
Problema na suspensao;Colisao lateral mesmo sentido;Pleno dia;Nublado;Nao Informado;Lesoes Leves;1;1;5;1;2;3
Problema na suspensao;Derramamento de carga;Pleno dia;Ceu Claro;Caminhao-trator;Lesoes Leves;2;1;3;1;1;2
Problema na suspensao;Derramamento de carga;Pleno dia;Nublado;Caminhonete;Ileso;1;1;3;1;2;2
Problema na suspensao;Derramamento de carga;Pleno dia;Nublado;Caminhonete;Lesoes Leves;2;1;3;1;2;2
Problema na suspensao;Derramamento de carga;Pleno dia;Sol;Caminhao;Lesoes Leves;2;1;3;1;3;2
Problema na suspensao;Queda de ocupante de veiculo;Pleno dia;Ceu Claro;Motocicleta;Lesoes Leves;2;1;5;1;1;1
Problema na suspensao;Queda de ocupante de veiculo;Pleno dia;Nublado;Motoneta;Lesoes Leves;1;1;5;1;2;3
Problema na suspensao;Saida de leito carrocavel;Plena Noite;Chuva;Caminhao-trator;Lesoes Leves;1;1;5;2;2;2
Problema na suspensao;Saida de leito carrocavel;Plena Noite;Ignorado;Automovel;Ileso;2;1;5;2;0;1
Problema na suspensao;Saida de leito carrocavel;Plena Noite;Nublado;Automovel;Lesoes Leves;2;1;5;2;2;1
Problema na suspensao;Saida de leito carrocavel;Pleno dia;Ceu Claro;Automovel;Ileso;2;1;5;1;1;1
Problema na suspensao;Saida de leito carrocavel;Pleno dia;Ceu Claro;Automovel;Lesoes Leves;2;1;5;1;1;1
Problema na suspensao;Saida de leito carrocavel;Pleno dia;Ceu Claro;Caminhao;Lesoes Graves;1;1;5;1;1;2
Problema na suspensao;Saida de leito carrocavel;Pleno dia;Ceu Claro;Caminhao;Lesoes Leves;3;1;5;1;1;2
Problema na suspensao;Saida de leito carrocavel;Pleno dia;Ceu Claro;Caminhao-trator;Lesoes Leves;1;1;5;1;1;2
Problema na suspensao;Saida de leito carrocavel;Pleno dia;Ceu Claro;Caminhonete;Obito;1;1;5;1;1;2
Problema na suspensao;Saida de leito carrocavel;Pleno dia;Ceu Claro;Onibus;Lesoes Leves;8;1;5;1;1;3
Problema na suspensao;Saida de leito carrocavel;Pleno dia;Chuva;Utilitario;Lesoes Leves;2;1;5;1;2;3
Problema na suspensao;Saida de leito carrocavel;Pleno dia;Nublado;Caminhonete;Ileso;2;1;5;1;2;2
Problema na suspensao;Saida de leito carrocavel;Pleno dia;Nublado;Caminhonete;Lesoes Leves;2;1;5;1;2;2
Problema na suspensao;Saida de leito carrocavel;Pleno dia;Sol;Automovel;Lesoes Leves;2;1;5;1;3;1
Problema na suspensao;Tombamento;Plena Noite;Ceu Claro;Caminhao;Ileso;2;1;5;2;1;2
Problema na suspensao;Tombamento;Plena Noite;Ceu Claro;Caminhao;Lesoes Leves;3;1;5;2;1;2
Problema na suspensao;Tombamento;Plena Noite;Ceu Claro;Motocicleta;Lesoes Graves;1;1;5;2;1;1
Problema na suspensao;Tombamento;Plena Noite;Ceu Claro;Motocicleta;Lesoes Leves;1;1;5;2;1;1
Problema na suspensao;Tombamento;Plena Noite;Nublado;Automovel;Lesoes Leves;2;1;5;2;2;1
Problema na suspensao;Tombamento;Pleno dia;Ceu Claro;Caminhao;Lesoes Graves;1;1;5;1;1;2
Problema na suspensao;Tombamento;Pleno dia;Ceu Claro;Caminhao;Lesoes Leves;5;1;5;1;1;2
Problema na suspensao;Tombamento;Pleno dia;Ceu Claro;Caminhao-trator;Lesoes Leves;4;1;5;1;1;2
Problema na suspensao;Tombamento;Pleno dia;Ceu Claro;Motocicleta;Lesoes Leves;1;1;5;1;1;1
Problema na suspensao;Tombamento;Pleno dia;Ceu Claro;Onibus;Lesoes Leves;8;1;5;1;1;3
Problema na suspensao;Tombamento;Pleno dia;Chuva;Caminhonete;Lesoes Leves;1;1;5;1;2;2
Problema na suspensao;Tombamento;Pleno dia;Nublado;Caminhonete;Ileso;1;1;5;1;2;2
Problema na suspensao;Tombamento;Pleno dia;Sol;Caminhao;Lesoes Leves;2;1;5;1;3;2
Reacao tardia ou ineficiente do condutor;Atropelamento de Animal;Amanhecer;Ceu Claro;Nao Informado;Lesoes Leves;1;5;2;4;1;3
Reacao tardia ou ineficiente do condutor;Atropelamento de Animal;Amanhecer;Ceu Claro;Nao Informado;Obito;1;5;2;4;1;3
Reacao tardia ou ineficiente do condutor;Atropelamento de Animal;Plena Noite;Ceu Claro;Automovel;Ileso;5;5;2;2;1;1
Reacao tardia ou ineficiente do condutor;Atropelamento de Animal;Plena Noite;Ceu Claro;Automovel;Lesoes Graves;2;5;2;2;1;1
Reacao tardia ou ineficiente do condutor;Atropelamento de Animal;Plena Noite;Ceu Claro;Automovel;Lesoes Leves;9;5;2;2;1;1
Reacao tardia ou ineficiente do condutor;Atropelamento de Animal;Plena Noite;Ceu Claro;Automovel;Obito;1;5;2;2;1;1
Reacao tardia ou ineficiente do condutor;Atropelamento de Animal;Plena Noite;Ceu Claro;Caminhonete;Ileso;7;5;2;2;1;2
Reacao tardia ou ineficiente do condutor;Atropelamento de Animal;Plena Noite;Ceu Claro;Caminhonete;Lesoes Leves;4;5;2;2;1;2
Reacao tardia ou ineficiente do condutor;Atropelamento de Animal;Plena Noite;Ceu Claro;Motocicleta;Lesoes Graves;1;5;2;2;1;1
Reacao tardia ou ineficiente do condutor;Atropelamento de Animal;Plena Noite;Ceu Claro;Motocicleta;Lesoes Leves;4;5;2;2;1;1
Reacao tardia ou ineficiente do condutor;Atropelamento de Animal;Plena Noite;Ceu Claro;Motocicleta;Obito;1;5;2;2;1;1
Reacao tardia ou ineficiente do condutor;Atropelamento de Animal;Plena Noite;Ceu Claro;Utilitario;Ileso;5;5;2;2;1;3
Reacao tardia ou ineficiente do condutor;Atropelamento de Animal;Plena Noite;Ceu Claro;Utilitario;Lesoes Leves;1;5;2;2;1;3
Reacao tardia ou ineficiente do condutor;Atropelamento de Animal;Plena Noite;Chuva;Caminhao-trator;Ileso;1;5;2;2;2;2
Reacao tardia ou ineficiente do condutor;Atropelamento de Animal;Plena Noite;Chuva;Utilitario;Ileso;5;5;2;2;2;3
Reacao tardia ou ineficiente do condutor;Atropelamento de Animal;Plena Noite;Garoa/Chuvisco;Caminhonete;Lesoes Leves;1;5;2;2;3;2
Reacao tardia ou ineficiente do condutor;Atropelamento de Animal;Plena Noite;Ignorado;Motocicleta;Lesoes Graves;1;5;2;2;0;1
Reacao tardia ou ineficiente do condutor;Atropelamento de Animal;Plena Noite;Nublado;Automovel;Ileso;3;5;2;2;2;1
Reacao tardia ou ineficiente do condutor;Atropelamento de Animal;Plena Noite;Nublado;Automovel;Lesoes Leves;4;5;2;2;2;1
Reacao tardia ou ineficiente do condutor;Atropelamento de Animal;Plena Noite;Nublado;Caminhonete;Ileso;3;5;2;2;2;2
Reacao tardia ou ineficiente do condutor;Atropelamento de Animal;Plena Noite;Nublado;Caminhonete;Lesoes Graves;1;5;2;2;2;2
Reacao tardia ou ineficiente do condutor;Atropelamento de Animal;Plena Noite;Nublado;Micro-onibus;Ileso;15;5;2;2;2;4
Reacao tardia ou ineficiente do condutor;Atropelamento de Animal;Plena Noite;Nublado;Motocicleta;Lesoes Graves;3;5;2;2;2;1
Reacao tardia ou ineficiente do condutor;Atropelamento de Animal;Plena Noite;Nublado;Motocicleta;Lesoes Leves;3;5;2;2;2;1
Reacao tardia ou ineficiente do condutor;Atropelamento de Animal;Pleno dia;Ceu Claro;Automovel;Ileso;1;5;2;1;1;1
Reacao tardia ou ineficiente do condutor;Atropelamento de Animal;Pleno dia;Ceu Claro;Micro-onibus;Ileso;1;5;2;1;1;4
Reacao tardia ou ineficiente do condutor;Atropelamento de Animal;Pleno dia;Ceu Claro;Motocicleta;Lesoes Leves;4;5;2;1;1;1
Reacao tardia ou ineficiente do condutor;Atropelamento de Pedestre;Amanhecer;Ceu Claro;Automovel;Ileso;3;5;4;4;1;1
Reacao tardia ou ineficiente do condutor;Atropelamento de Pedestre;Amanhecer;Ceu Claro;Caminhao;Ileso;1;5;4;4;1;2
Reacao tardia ou ineficiente do condutor;Atropelamento de Pedestre;Amanhecer;Ceu Claro;Caminhao-trator;Ileso;1;5;4;4;1;2
Reacao tardia ou ineficiente do condutor;Atropelamento de Pedestre;Amanhecer;Ceu Claro;Motocicleta;Ileso;1;5;4;4;1;1
Reacao tardia ou ineficiente do condutor;Atropelamento de Pedestre;Amanhecer;Ceu Claro;Motocicleta;Obito;1;5;4;4;1;1
Reacao tardia ou ineficiente do condutor;Atropelamento de Pedestre;Amanhecer;Ceu Claro;Nao se aplica;Lesoes Graves;2;5;4;4;1;3
Reacao tardia ou ineficiente do condutor;Atropelamento de Pedestre;Amanhecer;Ceu Claro;Nao se aplica;Obito;3;5;4;4;1;3
Reacao tardia ou ineficiente do condutor;Atropelamento de Pedestre;Amanhecer;Nublado;Automovel;Ileso;1;5;4;4;2;1
Reacao tardia ou ineficiente do condutor;Atropelamento de Pedestre;Amanhecer;Nublado;Automovel;Obito;1;5;4;4;2;1
Reacao tardia ou ineficiente do condutor;Atropelamento de Pedestre;Amanhecer;Nublado;Caminhao-trator;Ileso;2;5;4;4;2;2
Reacao tardia ou ineficiente do condutor;Atropelamento de Pedestre;Amanhecer;Nublado;Motocicleta;Ileso;1;5;4;4;2;1
Reacao tardia ou ineficiente do condutor;Atropelamento de Pedestre;Amanhecer;Nublado;Nao se aplica;Lesoes Leves;1;5;4;4;2;3
Reacao tardia ou ineficiente do condutor;Atropelamento de Pedestre;Amanhecer;Sol;Automovel;Ileso;1;5;4;4;3;1
Reacao tardia ou ineficiente do condutor;Atropelamento de Pedestre;Amanhecer;Sol;Nao se aplica;Obito;1;5;4;4;3;3
Reacao tardia ou ineficiente do condutor;Atropelamento de Pedestre;Anoitecer;Ceu Claro;Automovel;Ileso;2;5;4;4;1;1
Reacao tardia ou ineficiente do condutor;Atropelamento de Pedestre;Anoitecer;Ceu Claro;Caminhonete;Ileso;1;5;4;4;1;2
Reacao tardia ou ineficiente do condutor;Atropelamento de Pedestre;Anoitecer;Ceu Claro;Motocicleta;Ileso;1;5;4;4;1;1
Reacao tardia ou ineficiente do condutor;Atropelamento de Pedestre;Anoitecer;Ceu Claro;Motocicleta;Lesoes Graves;1;5;4;4;1;1
Reacao tardia ou ineficiente do condutor;Atropelamento de Pedestre;Anoitecer;Ceu Claro;Nao Informado;Ileso;1;5;4;4;1;3
Reacao tardia ou ineficiente do condutor;Atropelamento de Pedestre;Anoitecer;Ceu Claro;Nao se aplica;Ileso;1;5;4;4;1;3
Reacao tardia ou ineficiente do condutor;Atropelamento de Pedestre;Anoitecer;Ceu Claro;Nao se aplica;Lesoes Graves;2;5;4;4;1;3
Reacao tardia ou ineficiente do condutor;Atropelamento de Pedestre;Anoitecer;Ceu Claro;Nao se aplica;Lesoes Leves;2;5;4;4;1;3
Reacao tardia ou ineficiente do condutor;Atropelamento de Pedestre;Anoitecer;Ceu Claro;Nao se aplica;Obito;2;5;4;4;1;3
Reacao tardia ou ineficiente do condutor;Atropelamento de Pedestre;Anoitecer;Chuva;Bicicleta;Lesoes Graves;1;5;4;4;2;3
Reacao tardia ou ineficiente do condutor;Atropelamento de Pedestre;Anoitecer;Chuva;Motocicleta;Lesoes Graves;1;5;4;4;2;1
Reacao tardia ou ineficiente do condutor;Atropelamento de Pedestre;Anoitecer;Nublado;Automovel;Ileso;1;5;4;4;2;1
Reacao tardia ou ineficiente do condutor;Atropelamento de Pedestre;Anoitecer;Nublado;Motocicleta;Lesoes Graves;1;5;4;4;2;1
Reacao tardia ou ineficiente do condutor;Atropelamento de Pedestre;Anoitecer;Nublado;Nao se aplica;Lesoes Graves;1;5;4;4;2;3
Reacao tardia ou ineficiente do condutor;Atropelamento de Pedestre;Anoitecer;Nublado;Nao se aplica;Lesoes Leves;1;5;4;4;2;3
Reacao tardia ou ineficiente do condutor;Atropelamento de Pedestre;Plena Noite;Ceu Claro;Automovel;Ileso;31;5;4;2;1;1
Reacao tardia ou ineficiente do condutor;Atropelamento de Pedestre;Plena Noite;Ceu Claro;Automovel;Lesoes Graves;2;5;4;2;1;1
Reacao tardia ou ineficiente do condutor;Atropelamento de Pedestre;Plena Noite;Ceu Claro;Automovel;Lesoes Leves;4;5;4;2;1;1
Reacao tardia ou ineficiente do condutor;Atropelamento de Pedestre;Plena Noite;Ceu Claro;Bicicleta;Lesoes Graves;4;5;4;2;1;3
Reacao tardia ou ineficiente do condutor;Atropelamento de Pedestre;Plena Noite;Ceu Claro;Bicicleta;Lesoes Leves;2;5;4;2;1;3
Reacao tardia ou ineficiente do condutor;Atropelamento de Pedestre;Plena Noite;Ceu Claro;Bicicleta;Obito;1;5;4;2;1;3
Reacao tardia ou ineficiente do condutor;Atropelamento de Pedestre;Plena Noite;Ceu Claro;Caminhao;Ileso;1;5;4;2;1;2
Reacao tardia ou ineficiente do condutor;Atropelamento de Pedestre;Plena Noite;Ceu Claro;Caminhao;Lesoes Leves;1;5;4;2;1;2
Reacao tardia ou ineficiente do condutor;Atropelamento de Pedestre;Plena Noite;Ceu Claro;Caminhao-trator;Ileso;1;5;4;2;1;2
Reacao tardia ou ineficiente do condutor;Atropelamento de Pedestre;Plena Noite;Ceu Claro;Caminhonete;Ileso;2;5;4;2;1;2
Reacao tardia ou ineficiente do condutor;Atropelamento de Pedestre;Plena Noite;Ceu Claro;Caminhonete;Lesoes Graves;2;5;4;2;1;2
Reacao tardia ou ineficiente do condutor;Atropelamento de Pedestre;Plena Noite;Ceu Claro;Caminhonete;Lesoes Leves;1;5;4;2;1;2
Reacao tardia ou ineficiente do condutor;Atropelamento de Pedestre;Plena Noite;Ceu Claro;Caminhonete;Obito;1;5;4;2;1;2
Reacao tardia ou ineficiente do condutor;Atropelamento de Pedestre;Plena Noite;Ceu Claro;Ciclomotor;Lesoes Graves;1;5;4;2;1;4
Reacao tardia ou ineficiente do condutor;Atropelamento de Pedestre;Plena Noite;Ceu Claro;Ciclomotor;Lesoes Leves;2;5;4;2;1;4
Reacao tardia ou ineficiente do condutor;Atropelamento de Pedestre;Plena Noite;Ceu Claro;Motocicleta;Ileso;1;5;4;2;1;1
Reacao tardia ou ineficiente do condutor;Atropelamento de Pedestre;Plena Noite;Ceu Claro;Motocicleta;Lesoes Graves;1;5;4;2;1;1
Reacao tardia ou ineficiente do condutor;Atropelamento de Pedestre;Plena Noite;Ceu Claro;Motocicleta;Lesoes Leves;5;5;4;2;1;1
Reacao tardia ou ineficiente do condutor;Atropelamento de Pedestre;Plena Noite;Ceu Claro;Motocicleta;Obito;2;5;4;2;1;1
Reacao tardia ou ineficiente do condutor;Atropelamento de Pedestre;Plena Noite;Ceu Claro;Motoneta;Ileso;1;5;4;2;1;3
Reacao tardia ou ineficiente do condutor;Atropelamento de Pedestre;Plena Noite;Ceu Claro;Motoneta;Obito;1;5;4;2;1;3
Reacao tardia ou ineficiente do condutor;Atropelamento de Pedestre;Plena Noite;Ceu Claro;Nao Informado;Ileso;1;5;4;2;1;3
Reacao tardia ou ineficiente do condutor;Atropelamento de Pedestre;Plena Noite;Ceu Claro;Nao se aplica;Lesoes Graves;15;5;4;2;1;3
Reacao tardia ou ineficiente do condutor;Atropelamento de Pedestre;Plena Noite;Ceu Claro;Nao se aplica;Lesoes Leves;10;5;4;2;1;3
Reacao tardia ou ineficiente do condutor;Atropelamento de Pedestre;Plena Noite;Ceu Claro;Nao se aplica;Obito;12;5;4;2;1;3
Reacao tardia ou ineficiente do condutor;Atropelamento de Pedestre;Plena Noite;Ceu Claro;Onibus;Ileso;4;5;4;2;1;3