causa_acidente;tipo_acidente;fase_dia;condicao_metereologica;tipo_veiculo;estado_fisico;count;causa_acidente_criterios;tipo_acidente_criterios;fase_dia_criterios;condicao_metereologica_criterios;tipo_veiculo_criterios
Reacao tardia ou ineficiente do condutor;Capotamento;Plena Noite;Nublado;Caminhonete;Lesoes Leves;5;5;5;2;2;2
Reacao tardia ou ineficiente do condutor;Capotamento;Plena Noite;Nublado;Nao Informado;Lesoes Leves;1;5;5;2;2;3
Reacao tardia ou ineficiente do condutor;Capotamento;Plena Noite;Nublado;Utilitario;Lesoes Leves;3;5;5;2;2;3
Reacao tardia ou ineficiente do condutor;Capotamento;Pleno dia;Ceu Claro;Automovel;Ileso;52;5;5;1;1;1
Reacao tardia ou ineficiente do condutor;Capotamento;Pleno dia;Ceu Claro;Automovel;Lesoes Graves;29;5;5;1;1;1
Reacao tardia ou ineficiente do condutor;Capotamento;Pleno dia;Ceu Claro;Automovel;Lesoes Leves;118;5;5;1;1;1
Reacao tardia ou ineficiente do condutor;Capotamento;Pleno dia;Ceu Claro;Automovel;Obito;11;5;5;1;1;1
Reacao tardia ou ineficiente do condutor;Capotamento;Pleno dia;Ceu Claro;Bicicleta;Lesoes Leves;1;5;5;1;1;3
Reacao tardia ou ineficiente do condutor;Capotamento;Pleno dia;Ceu Claro;Bicicleta;Obito;1;5;5;1;1;3
Reacao tardia ou ineficiente do condutor;Capotamento;Pleno dia;Ceu Claro;Caminhao;Ileso;8;5;5;1;1;2
Reacao tardia ou ineficiente do condutor;Capotamento;Pleno dia;Ceu Claro;Caminhao;Lesoes Graves;6;5;5;1;1;2
Reacao tardia ou ineficiente do condutor;Capotamento;Pleno dia;Ceu Claro;Caminhao;Lesoes Leves;6;5;5;1;1;2
Reacao tardia ou ineficiente do condutor;Capotamento;Pleno dia;Ceu Claro;Caminhao;Obito;7;5;5;1;1;2
Reacao tardia ou ineficiente do condutor;Capotamento;Pleno dia;Ceu Claro;Caminhao-trator;Ileso;13;5;5;1;1;2
Reacao tardia ou ineficiente do condutor;Capotamento;Pleno dia;Ceu Claro;Caminhao-trator;Lesoes Graves;2;5;5;1;1;2
Reacao tardia ou ineficiente do condutor;Capotamento;Pleno dia;Ceu Claro;Caminhao-trator;Lesoes Leves;5;5;5;1;1;2
Reacao tardia ou ineficiente do condutor;Capotamento;Pleno dia;Ceu Claro;Caminhao-trator;Obito;4;5;5;1;1;2
Reacao tardia ou ineficiente do condutor;Capotamento;Pleno dia;Ceu Claro;Caminhonete;Ileso;20;5;5;1;1;2
Reacao tardia ou ineficiente do condutor;Capotamento;Pleno dia;Ceu Claro;Caminhonete;Lesoes Graves;5;5;5;1;1;2
Reacao tardia ou ineficiente do condutor;Capotamento;Pleno dia;Ceu Claro;Caminhonete;Lesoes Leves;30;5;5;1;1;2
Reacao tardia ou ineficiente do condutor;Capotamento;Pleno dia;Ceu Claro;Caminhonete;Obito;1;5;5;1;1;2
Reacao tardia ou ineficiente do condutor;Capotamento;Pleno dia;Ceu Claro;Micro-onibus;Lesoes Graves;2;5;5;1;1;4
Reacao tardia ou ineficiente do condutor;Capotamento;Pleno dia;Ceu Claro;Motocicleta;Lesoes Graves;6;5;5;1;1;1
Reacao tardia ou ineficiente do condutor;Capotamento;Pleno dia;Ceu Claro;Motocicleta;Lesoes Leves;3;5;5;1;1;1
Reacao tardia ou ineficiente do condutor;Capotamento;Pleno dia;Ceu Claro;Motocicleta;Obito;3;5;5;1;1;1
Reacao tardia ou ineficiente do condutor;Capotamento;Pleno dia;Ceu Claro;Motoneta;Lesoes Leves;1;5;5;1;1;3
Reacao tardia ou ineficiente do condutor;Capotamento;Pleno dia;Ceu Claro;Nao Informado;Ileso;3;5;5;1;1;3
Reacao tardia ou ineficiente do condutor;Capotamento;Pleno dia;Ceu Claro;Nao Informado;Lesoes Graves;7;5;5;1;1;3
Reacao tardia ou ineficiente do condutor;Capotamento;Pleno dia;Ceu Claro;Nao Informado;Lesoes Leves;7;5;5;1;1;3
Reacao tardia ou ineficiente do condutor;Capotamento;Pleno dia;Ceu Claro;Nao Informado;Obito;1;5;5;1;1;3
Reacao tardia ou ineficiente do condutor;Capotamento;Pleno dia;Ceu Claro;Nao se aplica;Obito;1;5;5;1;1;3
Reacao tardia ou ineficiente do condutor;Capotamento;Pleno dia;Ceu Claro;Onibus;Ileso;1;5;5;1;1;3
Reacao tardia ou ineficiente do condutor;Capotamento;Pleno dia;Ceu Claro;Utilitario;Ileso;3;5;5;1;1;3
Reacao tardia ou ineficiente do condutor;Capotamento;Pleno dia;Ceu Claro;Utilitario;Lesoes Leves;2;5;5;1;1;3
Reacao tardia ou ineficiente do condutor;Capotamento;Pleno dia;Chuva;Automovel;Ileso;40;5;5;1;2;1
Reacao tardia ou ineficiente do condutor;Capotamento;Pleno dia;Chuva;Automovel;Lesoes Graves;11;5;5;1;2;1
Reacao tardia ou ineficiente do condutor;Capotamento;Pleno dia;Chuva;Automovel;Lesoes Leves;68;5;5;1;2;1
Reacao tardia ou ineficiente do condutor;Capotamento;Pleno dia;Chuva;Automovel;Obito;4;5;5;1;2;1
Reacao tardia ou ineficiente do condutor;Capotamento;Pleno dia;Chuva;Caminhao;Ileso;2;5;5;1;2;2
Reacao tardia ou ineficiente do condutor;Capotamento;Pleno dia;Chuva;Caminhonete;Ileso;3;5;5;1;2;2
Reacao tardia ou ineficiente do condutor;Capotamento;Pleno dia;Chuva;Caminhonete;Lesoes Graves;1;5;5;1;2;2
Reacao tardia ou ineficiente do condutor;Capotamento;Pleno dia;Chuva;Caminhonete;Lesoes Leves;15;5;5;1;2;2
Reacao tardia ou ineficiente do condutor;Capotamento;Pleno dia;Chuva;Caminhonete;Obito;3;5;5;1;2;2
Reacao tardia ou ineficiente do condutor;Capotamento;Pleno dia;Chuva;Motocicleta;Obito;1;5;5;1;2;1
Reacao tardia ou ineficiente do condutor;Capotamento;Pleno dia;Chuva;Nao Informado;Ileso;2;5;5;1;2;3
Reacao tardia ou ineficiente do condutor;Capotamento;Pleno dia;Chuva;Nao Informado;Lesoes Leves;5;5;5;1;2;3
Reacao tardia ou ineficiente do condutor;Capotamento;Pleno dia;Chuva;Utilitario;Ileso;2;5;5;1;2;3
Reacao tardia ou ineficiente do condutor;Capotamento;Pleno dia;Chuva;Utilitario;Lesoes Leves;5;5;5;1;2;3
Reacao tardia ou ineficiente do condutor;Capotamento;Pleno dia;Chuva;Utilitario;Obito;1;5;5;1;2;3
Reacao tardia ou ineficiente do condutor;Capotamento;Pleno dia;Garoa/Chuvisco;Automovel;Ileso;16;5;5;1;3;1
Reacao tardia ou ineficiente do condutor;Capotamento;Pleno dia;Garoa/Chuvisco;Automovel;Lesoes Graves;1;5;5;1;3;1
Reacao tardia ou ineficiente do condutor;Capotamento;Pleno dia;Garoa/Chuvisco;Automovel;Lesoes Leves;19;5;5;1;3;1
Reacao tardia ou ineficiente do condutor;Capotamento;Pleno dia;Garoa/Chuvisco;Caminhonete;Ileso;3;5;5;1;3;2
Reacao tardia ou ineficiente do condutor;Capotamento;Pleno dia;Garoa/Chuvisco;Caminhonete;Lesoes Leves;2;5;5;1;3;2
Reacao tardia ou ineficiente do condutor;Capotamento;Pleno dia;Garoa/Chuvisco;Motocicleta;Lesoes Leves;1;5;5;1;3;1
Reacao tardia ou ineficiente do condutor;Capotamento;Pleno dia;Garoa/Chuvisco;Nao Informado;Ileso;1;5;5;1;3;3
Reacao tardia ou ineficiente do condutor;Capotamento;Pleno dia;Garoa/Chuvisco;Nao Informado;Lesoes Leves;1;5;5;1;3;3
Reacao tardia ou ineficiente do condutor;Capotamento;Pleno dia;Garoa/Chuvisco;Utilitario;Lesoes Leves;1;5;5;1;3;3
Reacao tardia ou ineficiente do condutor;Capotamento;Pleno dia;Ignorado;Automovel;Lesoes Leves;3;5;5;1;0;1
Reacao tardia ou ineficiente do condutor;Capotamento;Pleno dia;Nublado;Automovel;Ileso;31;5;5;1;2;1
Reacao tardia ou ineficiente do condutor;Capotamento;Pleno dia;Nublado;Automovel;Lesoes Graves;10;5;5;1;2;1
Reacao tardia ou ineficiente do condutor;Capotamento;Pleno dia;Nublado;Automovel;Lesoes Leves;37;5;5;1;2;1
Reacao tardia ou ineficiente do condutor;Capotamento;Pleno dia;Nublado;Automovel;Obito;2;5;5;1;2;1
Reacao tardia ou ineficiente do condutor;Capotamento;Pleno dia;Nublado;Caminhao;Ileso;2;5;5;1;2;2
Reacao tardia ou ineficiente do condutor;Capotamento;Pleno dia;Nublado;Caminhao;Lesoes Leves;1;5;5;1;2;2
Reacao tardia ou ineficiente do condutor;Capotamento;Pleno dia;Nublado;Caminhao-trator;Ileso;5;5;5;1;2;2
Reacao tardia ou ineficiente do condutor;Capotamento;Pleno dia;Nublado;Caminhao-trator;Lesoes Graves;1;5;5;1;2;2
Reacao tardia ou ineficiente do condutor;Capotamento;Pleno dia;Nublado;Caminhao-trator;Lesoes Leves;3;5;5;1;2;2
Reacao tardia ou ineficiente do condutor;Capotamento;Pleno dia;Nublado;Caminhonete;Ileso;11;5;5;1;2;2
Reacao tardia ou ineficiente do condutor;Capotamento;Pleno dia;Nublado;Caminhonete;Lesoes Graves;2;5;5;1;2;2
Reacao tardia ou ineficiente do condutor;Capotamento;Pleno dia;Nublado;Caminhonete;Lesoes Leves;14;5;5;1;2;2
Reacao tardia ou ineficiente do condutor;Capotamento;Pleno dia;Nublado;Micro-onibus;Ileso;2;5;5;1;2;4
Reacao tardia ou ineficiente do condutor;Capotamento;Pleno dia;Nublado;Motocicleta;Lesoes Graves;1;5;5;1;2;1
Reacao tardia ou ineficiente do condutor;Capotamento;Pleno dia;Nublado;Motocicleta;Obito;1;5;5;1;2;1
Reacao tardia ou ineficiente do condutor;Capotamento;Pleno dia;Nublado;Nao Informado;Ileso;1;5;5;1;2;3
Reacao tardia ou ineficiente do condutor;Capotamento;Pleno dia;Nublado;Nao Informado;Lesoes Leves;4;5;5;1;2;3
Reacao tardia ou ineficiente do condutor;Capotamento;Pleno dia;Nublado;Nao se aplica;Obito;1;5;5;1;2;3
Reacao tardia ou ineficiente do condutor;Capotamento;Pleno dia;Nublado;Utilitario;Lesoes Graves;1;5;5;1;2;3
Reacao tardia ou ineficiente do condutor;Capotamento;Pleno dia;Nublado;Utilitario;Obito;1;5;5;1;2;3
Reacao tardia ou ineficiente do condutor;Capotamento;Pleno dia;Sol;Automovel;Ileso;17;5;5;1;3;1
Reacao tardia ou ineficiente do condutor;Capotamento;Pleno dia;Sol;Automovel;Lesoes Graves;8;5;5;1;3;1
Reacao tardia ou ineficiente do condutor;Capotamento;Pleno dia;Sol;Automovel;Lesoes Leves;36;5;5;1;3;1
Reacao tardia ou ineficiente do condutor;Capotamento;Pleno dia;Sol;Automovel;Obito;4;5;5;1;3;1
Reacao tardia ou ineficiente do condutor;Capotamento;Pleno dia;Sol;Caminhao;Ileso;2;5;5;1;3;2
Reacao tardia ou ineficiente do condutor;Capotamento;Pleno dia;Sol;Caminhao;Lesoes Graves;1;5;5;1;3;2
Reacao tardia ou ineficiente do condutor;Capotamento;Pleno dia;Sol;Caminhao;Lesoes Leves;1;5;5;1;3;2
Reacao tardia ou ineficiente do condutor;Capotamento;Pleno dia;Sol;Caminhao;Obito;1;5;5;1;3;2
Reacao tardia ou ineficiente do condutor;Capotamento;Pleno dia;Sol;Caminhao-trator;Ileso;4;5;5;1;3;2
Reacao tardia ou ineficiente do condutor;Capotamento;Pleno dia;Sol;Caminhao-trator;Obito;1;5;5;1;3;2
Reacao tardia ou ineficiente do condutor;Capotamento;Pleno dia;Sol;Caminhonete;Ileso;3;5;5;1;3;2
Reacao tardia ou ineficiente do condutor;Capotamento;Pleno dia;Sol;Caminhonete;Lesoes Leves;6;5;5;1;3;2
Reacao tardia ou ineficiente do condutor;Capotamento;Pleno dia;Sol;Caminhonete;Obito;1;5;5;1;3;2
Reacao tardia ou ineficiente do condutor;Capotamento;Pleno dia;Sol;Motocicleta;Ileso;1;5;5;1;3;1
Reacao tardia ou ineficiente do condutor;Capotamento;Pleno dia;Sol;Motocicleta;Obito;1;5;5;1;3;1
Reacao tardia ou ineficiente do condutor;Capotamento;Pleno dia;Sol;Nao Informado;Ileso;1;5;5;1;3;3
Reacao tardia ou ineficiente do condutor;Capotamento;Pleno dia;Sol;Nao Informado;Lesoes Leves;3;5;5;1;3;3
Reacao tardia ou ineficiente do condutor;Capotamento;Pleno dia;Sol;Utilitario;Lesoes Graves;1;5;5;1;3;3
Reacao tardia ou ineficiente do condutor;Capotamento;Pleno dia;Sol;Utilitario;Lesoes Leves;1;5;5;1;3;3
Reacao tardia ou ineficiente do condutor;Colisao com objeto;Amanhecer;Ceu Claro;Automovel;Ileso;2;5;5;4;1;1
Reacao tardia ou ineficiente do condutor;Colisao com objeto;Amanhecer;Ceu Claro;Automovel;Lesoes Graves;1;5;5;4;1;1
Reacao tardia ou ineficiente do condutor;Colisao com objeto;Amanhecer;Ceu Claro;Automovel;Lesoes Leves;10;5;5;4;1;1
Reacao tardia ou ineficiente do condutor;Colisao com objeto;Amanhecer;Ceu Claro;Automovel;Obito;1;5;5;4;1;1
Reacao tardia ou ineficiente do condutor;Colisao com objeto;Amanhecer;Ceu Claro;Caminhao;Ileso;6;5;5;4;1;2
Reacao tardia ou ineficiente do condutor;Colisao com objeto;Amanhecer;Ceu Claro;Caminhao;Lesoes Leves;2;5;5;4;1;2
Reacao tardia ou ineficiente do condutor;Colisao com objeto;Amanhecer;Ceu Claro;Caminhao-trator;Ileso;5;5;5;4;1;2
Reacao tardia ou ineficiente do condutor;Colisao com objeto;Amanhecer;Ceu Claro;Caminhao-trator;Lesoes Leves;1;5;5;4;1;2
Reacao tardia ou ineficiente do condutor;Colisao com objeto;Amanhecer;Ceu Claro;Caminhonete;Ileso;1;5;5;4;1;2
Reacao tardia ou ineficiente do condutor;Colisao com objeto;Amanhecer;Ceu Claro;Caminhonete;Lesoes Leves;4;5;5;4;1;2
Reacao tardia ou ineficiente do condutor;Colisao com objeto;Amanhecer;Ceu Claro;Caminhonete;Obito;2;5;5;4;1;2
Reacao tardia ou ineficiente do condutor;Colisao com objeto;Amanhecer;Ceu Claro;Motocicleta;Ileso;1;5;5;4;1;1
Reacao tardia ou ineficiente do condutor;Colisao com objeto;Amanhecer;Ceu Claro;Motocicleta;Lesoes Graves;2;5;5;4;1;1
Reacao tardia ou ineficiente do condutor;Colisao com objeto;Amanhecer;Ceu Claro;Motocicleta;Lesoes Leves;4;5;5;4;1;1
Reacao tardia ou ineficiente do condutor;Colisao com objeto;Amanhecer;Ceu Claro;Motocicleta;Obito;1;5;5;4;1;1
Reacao tardia ou ineficiente do condutor;Colisao com objeto;Amanhecer;Ceu Claro;Nao Informado;Ileso;1;5;5;4;1;3
Reacao tardia ou ineficiente do condutor;Colisao com objeto;Amanhecer;Ceu Claro;Nao Informado;Lesoes Graves;1;5;5;4;1;3
Reacao tardia ou ineficiente do condutor;Colisao com objeto;Amanhecer;Ceu Claro;Nao Informado;Lesoes Leves;2;5;5;4;1;3
Reacao tardia ou ineficiente do condutor;Colisao com objeto;Amanhecer;Ceu Claro;Outros;Lesoes Graves;1;5;5;4;1;5
Reacao tardia ou ineficiente do condutor;Colisao com objeto;Amanhecer;Ceu Claro;Outros;Obito;1;5;5;4;1;5
Reacao tardia ou ineficiente do condutor;Colisao com objeto;Amanhecer;Chuva;Automovel;Ileso;3;5;5;4;2;1
Reacao tardia ou ineficiente do condutor;Colisao com objeto;Amanhecer;Chuva;Caminhao;Ileso;1;5;5;4;2;2
Reacao tardia ou ineficiente do condutor;Colisao com objeto;Amanhecer;Chuva;Caminhao;Lesoes Leves;1;5;5;4;2;2
Reacao tardia ou ineficiente do condutor;Colisao com objeto;Amanhecer;Chuva;Caminhonete;Ileso;2;5;5;4;2;2
Reacao tardia ou ineficiente do condutor;Colisao com objeto;Amanhecer;Chuva;Motocicleta;Lesoes Graves;3;5;5;4;2;1
Reacao tardia ou ineficiente do condutor;Colisao com objeto;Amanhecer;Chuva;Motocicleta;Lesoes Leves;2;5;5;4;2;1
Reacao tardia ou ineficiente do condutor;Colisao com objeto;Amanhecer;Chuva;Motocicleta;Obito;1;5;5;4;2;1
Reacao tardia ou ineficiente do condutor;Colisao com objeto;Amanhecer;Chuva;Utilitario;Lesoes Leves;1;5;5;4;2;3
Reacao tardia ou ineficiente do condutor;Colisao com objeto;Amanhecer;Garoa/Chuvisco;Automovel;Ileso;3;5;5;4;3;1
Reacao tardia ou ineficiente do condutor;Colisao com objeto;Amanhecer;Garoa/Chuvisco;Automovel;Lesoes Leves;2;5;5;4;3;1
Reacao tardia ou ineficiente do condutor;Colisao com objeto;Amanhecer;Nevoeiro/Neblina;Automovel;Lesoes Leves;2;5;5;4;4;1
Reacao tardia ou ineficiente do condutor;Colisao com objeto;Amanhecer;Nevoeiro/Neblina;Micro-onibus;Lesoes Graves;2;5;5;4;4;4
Reacao tardia ou ineficiente do condutor;Colisao com objeto;Amanhecer;Nevoeiro/Neblina;Micro-onibus;Lesoes Leves;14;5;5;4;4;4
Reacao tardia ou ineficiente do condutor;Colisao com objeto;Amanhecer;Nevoeiro/Neblina;Onibus;Ileso;1;5;5;4;4;3
Reacao tardia ou ineficiente do condutor;Colisao com objeto;Amanhecer;Nublado;Automovel;Ileso;6;5;5;4;2;1
Reacao tardia ou ineficiente do condutor;Colisao com objeto;Amanhecer;Nublado;Automovel;Lesoes Leves;8;5;5;4;2;1
Reacao tardia ou ineficiente do condutor;Colisao com objeto;Amanhecer;Nublado;Caminhao;Ileso;3;5;5;4;2;2
Reacao tardia ou ineficiente do condutor;Colisao com objeto;Amanhecer;Nublado;Caminhao;Lesoes Leves;1;5;5;4;2;2
Reacao tardia ou ineficiente do condutor;Colisao com objeto;Amanhecer;Nublado;Caminhao;Obito;2;5;5;4;2;2
Reacao tardia ou ineficiente do condutor;Colisao com objeto;Amanhecer;Nublado;Caminhao-trator;Ileso;2;5;5;4;2;2
Reacao tardia ou ineficiente do condutor;Colisao com objeto;Amanhecer;Nublado;Caminhao-trator;Lesoes Graves;1;5;5;4;2;2
Reacao tardia ou ineficiente do condutor;Colisao com objeto;Amanhecer;Nublado;Caminhao-trator;Lesoes Leves;2;5;5;4;2;2
Reacao tardia ou ineficiente do condutor;Colisao com objeto;Amanhecer;Nublado;Caminhonete;Ileso;3;5;5;4;2;2
Reacao tardia ou ineficiente do condutor;Colisao com objeto;Amanhecer;Nublado;Caminhonete;Lesoes Graves;1;5;5;4;2;2
Reacao tardia ou ineficiente do condutor;Colisao com objeto;Amanhecer;Nublado;Caminhonete;Lesoes Leves;4;5;5;4;2;2
Reacao tardia ou ineficiente do condutor;Colisao com objeto;Amanhecer;Nublado;Motocicleta;Lesoes Graves;1;5;5;4;2;1
Reacao tardia ou ineficiente do condutor;Colisao com objeto;Amanhecer;Nublado;Motocicleta;Lesoes Leves;1;5;5;4;2;1
Reacao tardia ou ineficiente do condutor;Colisao com objeto;Amanhecer;Nublado;Onibus;Ileso;1;5;5;4;2;3
Reacao tardia ou ineficiente do condutor;Colisao com objeto;Anoitecer;Ceu Claro;Automovel;Ileso;8;5;5;4;1;1
Reacao tardia ou ineficiente do condutor;Colisao com objeto;Anoitecer;Ceu Claro;Automovel;Lesoes Graves;5;5;5;4;1;1
Reacao tardia ou ineficiente do condutor;Colisao com objeto;Anoitecer;Ceu Claro;Automovel;Lesoes Leves;13;5;5;4;1;1
Reacao tardia ou ineficiente do condutor;Colisao com objeto;Anoitecer;Ceu Claro;Automovel;Obito;1;5;5;4;1;1
Reacao tardia ou ineficiente do condutor;Colisao com objeto;Anoitecer;Ceu Claro;Caminhonete;Ileso;2;5;5;4;1;2
Reacao tardia ou ineficiente do condutor;Colisao com objeto;Anoitecer;Ceu Claro;Motocicleta;Lesoes Graves;1;5;5;4;1;1
Reacao tardia ou ineficiente do condutor;Colisao com objeto;Anoitecer;Ceu Claro;Motocicleta;Lesoes Leves;1;5;5;4;1;1
Reacao tardia ou ineficiente do condutor;Colisao com objeto;Anoitecer;Ceu Claro;Nao Informado;Ileso;1;5;5;4;1;3
Reacao tardia ou ineficiente do condutor;Colisao com objeto;Anoitecer;Ceu Claro;Utilitario;Ileso;1;5;5;4;1;3
Reacao tardia ou ineficiente do condutor;Colisao com objeto;Anoitecer;Chuva;Automovel;Ileso;9;5;5;4;2;1
Reacao tardia ou ineficiente do condutor;Colisao com objeto;Anoitecer;Chuva;Automovel;Lesoes Graves;1;5;5;4;2;1
Reacao tardia ou ineficiente do condutor;Colisao com objeto;Anoitecer;Chuva;Automovel;Lesoes Leves;11;5;5;4;2;1
Reacao tardia ou ineficiente do condutor;Colisao com objeto;Anoitecer;Chuva;Automovel;Obito;1;5;5;4;2;1
Reacao tardia ou ineficiente do condutor;Colisao com objeto;Anoitecer;Chuva;Caminhao-trator;Ileso;1;5;5;4;2;2
Reacao tardia ou ineficiente do condutor;Colisao com objeto;Anoitecer;Chuva;Caminhao-trator;Lesoes Leves;2;5;5;4;2;2
Reacao tardia ou ineficiente do condutor;Colisao com objeto;Anoitecer;Chuva;Caminhonete;Ileso;1;5;5;4;2;2
Reacao tardia ou ineficiente do condutor;Colisao com objeto;Anoitecer;Chuva;Caminhonete;Lesoes Graves;1;5;5;4;2;2
Reacao tardia ou ineficiente do condutor;Colisao com objeto;Anoitecer;Chuva;Nao Informado;Ileso;1;5;5;4;2;3
Reacao tardia ou ineficiente do condutor;Colisao com objeto;Anoitecer;Garoa/Chuvisco;Automovel;Ileso;2;5;5;4;3;1
Reacao tardia ou ineficiente do condutor;Colisao com objeto;Anoitecer;Garoa/Chuvisco;Automovel;Lesoes Leves;5;5;5;4;3;1
Reacao tardia ou ineficiente do condutor;Colisao com objeto;Anoitecer;Garoa/Chuvisco;Nao Informado;Lesoes Leves;2;5;5;4;3;3
Reacao tardia ou ineficiente do condutor;Colisao com objeto;Anoitecer;Nublado;Automovel;Ileso;7;5;5;4;2;1
Reacao tardia ou ineficiente do condutor;Colisao com objeto;Anoitecer;Nublado;Automovel;Lesoes Leves;5;5;5;4;2;1
Reacao tardia ou ineficiente do condutor;Colisao com objeto;Anoitecer;Nublado;Automovel;Obito;1;5;5;4;2;1
Reacao tardia ou ineficiente do condutor;Colisao com objeto;Anoitecer;Nublado;Caminhao;Ileso;2;5;5;4;2;2
Reacao tardia ou ineficiente do condutor;Colisao com objeto;Anoitecer;Nublado;Caminhao-trator;Lesoes Graves;2;5;5;4;2;2
Reacao tardia ou ineficiente do condutor;Colisao com objeto;Anoitecer;Nublado;Caminhao-trator;Lesoes Leves;4;5;5;4;2;2
Reacao tardia ou ineficiente do condutor;Colisao com objeto;Anoitecer;Nublado;Caminhonete;Ileso;3;5;5;4;2;2
Reacao tardia ou ineficiente do condutor;Colisao com objeto;Anoitecer;Nublado;Caminhonete;Lesoes Graves;1;5;5;4;2;2
Reacao tardia ou ineficiente do condutor;Colisao com objeto;Anoitecer;Nublado;Caminhonete;Lesoes Leves;2;5;5;4;2;2
Reacao tardia ou ineficiente do condutor;Colisao com objeto;Anoitecer;Nublado;Caminhonete;Obito;1;5;5;4;2;2
Reacao tardia ou ineficiente do condutor;Colisao com objeto;Anoitecer;Nublado;Nao Informado;Ileso;4;5;5;4;2;3
Reacao tardia ou ineficiente do condutor;Colisao com objeto;Plena Noite;Ceu Claro;Automovel;Ileso;59;5;5;2;1;1
Reacao tardia ou ineficiente do condutor;Colisao com objeto;Plena Noite;Ceu Claro;Automovel;Lesoes Graves;24;5;5;2;1;1
Reacao tardia ou ineficiente do condutor;Colisao com objeto;Plena Noite;Ceu Claro;Automovel;Lesoes Leves;71;5;5;2;1;1
Reacao tardia ou ineficiente do condutor;Colisao com objeto;Plena Noite;Ceu Claro;Automovel;Obito;5;5;5;2;1;1
Reacao tardia ou ineficiente do condutor;Colisao com objeto;Plena Noite;Ceu Claro;Bicicleta;Ileso;1;5;5;2;1;3
Reacao tardia ou ineficiente do condutor;Colisao com objeto;Plena Noite;Ceu Claro;Caminhao;Ileso;10;5;5;2;1;2
Reacao tardia ou ineficiente do condutor;Colisao com objeto;Plena Noite;Ceu Claro;Caminhao;Lesoes Leves;3;5;5;2;1;2
Reacao tardia ou ineficiente do condutor;Colisao com objeto;Plena Noite;Ceu Claro;Caminhao;Obito;4;5;5;2;1;2
Reacao tardia ou ineficiente do condutor;Colisao com objeto;Plena Noite;Ceu Claro;Caminhao-trator;Ileso;15;5;5;2;1;2
Reacao tardia ou ineficiente do condutor;Colisao com objeto;Plena Noite;Ceu Claro;Caminhao-trator;Lesoes Graves;1;5;5;2;1;2
Reacao tardia ou ineficiente do condutor;Colisao com objeto;Plena Noite;Ceu Claro;Caminhao-trator;Lesoes Leves;11;5;5;2;1;2
Reacao tardia ou ineficiente do condutor;Colisao com objeto;Plena Noite;Ceu Claro;Caminhao-trator;Obito;2;5;5;2;1;2
Reacao tardia ou ineficiente do condutor;Colisao com objeto;Plena Noite;Ceu Claro;Caminhonete;Ileso;21;5;5;2;1;2
Reacao tardia ou ineficiente do condutor;Colisao com objeto;Plena Noite;Ceu Claro;Caminhonete;Lesoes Graves;12;5;5;2;1;2
Reacao tardia ou ineficiente do condutor;Colisao com objeto;Plena Noite;Ceu Claro;Caminhonete;Lesoes Leves;11;5;5;2;1;2
Reacao tardia ou ineficiente do condutor;Colisao com objeto;Plena Noite;Ceu Claro;Caminhonete;Obito;3;5;5;2;1;2
Reacao tardia ou ineficiente do condutor;Colisao com objeto;Plena Noite;Ceu Claro;Micro-onibus;Lesoes Leves;11;5;5;2;1;4
Reacao tardia ou ineficiente do condutor;Colisao com objeto;Plena Noite;Ceu Claro;Motocicleta;Ileso;2;5;5;2;1;1
Reacao tardia ou ineficiente do condutor;Colisao com objeto;Plena Noite;Ceu Claro;Motocicleta;Lesoes Graves;10;5;5;2;1;1
Reacao tardia ou ineficiente do condutor;Colisao com objeto;Plena Noite;Ceu Claro;Motocicleta;Lesoes Leves;22;5;5;2;1;1
Reacao tardia ou ineficiente do condutor;Colisao com objeto;Plena Noite;Ceu Claro;Motocicleta;Obito;4;5;5;2;1;1
Reacao tardia ou ineficiente do condutor;Colisao com objeto;Plena Noite;Ceu Claro;Motoneta;Lesoes Graves;2;5;5;2;1;3
Reacao tardia ou ineficiente do condutor;Colisao com objeto;Plena Noite;Ceu Claro;Nao Informado;Lesoes Graves;2;5;5;2;1;3
Reacao tardia ou ineficiente do condutor;Colisao com objeto;Plena Noite;Ceu Claro;Nao Informado;Lesoes Leves;14;5;5;2;1;3
Reacao tardia ou ineficiente do condutor;Colisao com objeto;Plena Noite;Ceu Claro;Nao Informado;Obito;1;5;5;2;1;3
Reacao tardia ou ineficiente do condutor;Colisao com objeto;Plena Noite;Ceu Claro;Onibus;Ileso;16;5;5;2;1;3
Reacao tardia ou ineficiente do condutor;Colisao com objeto;Plena Noite;Ceu Claro;Onibus;Lesoes Graves;5;5;5;2;1;3
Reacao tardia ou ineficiente do condutor;Colisao com objeto;Plena Noite;Ceu Claro;Onibus;Lesoes Leves;18;5;5;2;1;3
Reacao tardia ou ineficiente do condutor;Colisao com objeto;Plena Noite;Ceu Claro;Utilitario;Ileso;3;5;5;2;1;3
Reacao tardia ou ineficiente do condutor;Colisao com objeto;Plena Noite;Ceu Claro;Utilitario;Lesoes Leves;5;5;5;2;1;3
Reacao tardia ou ineficiente do condutor;Colisao com objeto;Plena Noite;Chuva;Automovel;Ileso;29;5;5;2;2;1