causa_acidente;tipo_acidente;fase_dia;condicao_metereologica;tipo_veiculo;estado_fisico;count;causa_acidente_criterios;tipo_acidente_criterios;fase_dia_criterios;condicao_metereologica_criterios;tipo_veiculo_criterios
Reacao tardia ou ineficiente do condutor;Colisao lateral mesmo sentido;Pleno dia;Nublado;Motoneta;Lesoes Leves;3;5;5;1;2;3
Reacao tardia ou ineficiente do condutor;Colisao lateral mesmo sentido;Pleno dia;Nublado;Nao Informado;Ileso;5;5;5;1;2;3
Reacao tardia ou ineficiente do condutor;Colisao lateral mesmo sentido;Pleno dia;Nublado;Nao Informado;Lesoes Leves;1;5;5;1;2;3
Reacao tardia ou ineficiente do condutor;Colisao lateral mesmo sentido;Pleno dia;Nublado;Nao se aplica;Lesoes Leves;1;5;5;1;2;3
Reacao tardia ou ineficiente do condutor;Colisao lateral mesmo sentido;Pleno dia;Nublado;Onibus;Ileso;1;5;5;1;2;3
Reacao tardia ou ineficiente do condutor;Colisao lateral mesmo sentido;Pleno dia;Nublado;Outros;Ileso;1;5;5;1;2;5
Reacao tardia ou ineficiente do condutor;Colisao lateral mesmo sentido;Pleno dia;Nublado;Utilitario;Ileso;3;5;5;1;2;3
Reacao tardia ou ineficiente do condutor;Colisao lateral mesmo sentido;Pleno dia;Sol;Automovel;Ileso;31;5;5;1;3;1
Reacao tardia ou ineficiente do condutor;Colisao lateral mesmo sentido;Pleno dia;Sol;Automovel;Lesoes Graves;1;5;5;1;3;1
Reacao tardia ou ineficiente do condutor;Colisao lateral mesmo sentido;Pleno dia;Sol;Automovel;Lesoes Leves;13;5;5;1;3;1
Reacao tardia ou ineficiente do condutor;Colisao lateral mesmo sentido;Pleno dia;Sol;Caminhao;Ileso;7;5;5;1;3;2
Reacao tardia ou ineficiente do condutor;Colisao lateral mesmo sentido;Pleno dia;Sol;Caminhao-trator;Ileso;15;5;5;1;3;2
Reacao tardia ou ineficiente do condutor;Colisao lateral mesmo sentido;Pleno dia;Sol;Caminhao-trator;Lesoes Leves;2;5;5;1;3;2
Reacao tardia ou ineficiente do condutor;Colisao lateral mesmo sentido;Pleno dia;Sol;Caminhonete;Ileso;10;5;5;1;3;2
Reacao tardia ou ineficiente do condutor;Colisao lateral mesmo sentido;Pleno dia;Sol;Caminhonete;Lesoes Leves;5;5;5;1;3;2
Reacao tardia ou ineficiente do condutor;Colisao lateral mesmo sentido;Pleno dia;Sol;Caminhonete;Obito;3;5;5;1;3;2
Reacao tardia ou ineficiente do condutor;Colisao lateral mesmo sentido;Pleno dia;Sol;Motocicleta;Ileso;3;5;5;1;3;1
Reacao tardia ou ineficiente do condutor;Colisao lateral mesmo sentido;Pleno dia;Sol;Motocicleta;Lesoes Graves;4;5;5;1;3;1
Reacao tardia ou ineficiente do condutor;Colisao lateral mesmo sentido;Pleno dia;Sol;Motocicleta;Lesoes Leves;21;5;5;1;3;1
Reacao tardia ou ineficiente do condutor;Colisao lateral mesmo sentido;Pleno dia;Sol;Motocicleta;Obito;1;5;5;1;3;1
Reacao tardia ou ineficiente do condutor;Colisao lateral mesmo sentido;Pleno dia;Sol;Motoneta;Lesoes Graves;2;5;5;1;3;3
Reacao tardia ou ineficiente do condutor;Colisao lateral mesmo sentido;Pleno dia;Sol;Motoneta;Lesoes Leves;2;5;5;1;3;3
Reacao tardia ou ineficiente do condutor;Colisao lateral mesmo sentido;Pleno dia;Sol;Nao Informado;Ileso;7;5;5;1;3;3
Reacao tardia ou ineficiente do condutor;Colisao lateral mesmo sentido;Pleno dia;Sol;Nao Informado;Lesoes Leves;2;5;5;1;3;3
Reacao tardia ou ineficiente do condutor;Colisao lateral mesmo sentido;Pleno dia;Sol;Utilitario;Ileso;1;5;5;1;3;3
Reacao tardia ou ineficiente do condutor;Colisao lateral sentido oposto;Amanhecer;Ceu Claro;Automovel;Ileso;17;5;4;4;1;1
Reacao tardia ou ineficiente do condutor;Colisao lateral sentido oposto;Amanhecer;Ceu Claro;Automovel;Lesoes Graves;1;5;4;4;1;1
Reacao tardia ou ineficiente do condutor;Colisao lateral sentido oposto;Amanhecer;Ceu Claro;Automovel;Lesoes Leves;11;5;4;4;1;1
Reacao tardia ou ineficiente do condutor;Colisao lateral sentido oposto;Amanhecer;Ceu Claro;Caminhao;Ileso;2;5;4;4;1;2
Reacao tardia ou ineficiente do condutor;Colisao lateral sentido oposto;Amanhecer;Ceu Claro;Caminhao-trator;Ileso;2;5;4;4;1;2
Reacao tardia ou ineficiente do condutor;Colisao lateral sentido oposto;Amanhecer;Ceu Claro;Caminhonete;Lesoes Leves;1;5;4;4;1;2
Reacao tardia ou ineficiente do condutor;Colisao lateral sentido oposto;Amanhecer;Ceu Claro;Utilitario;Ileso;4;5;4;4;1;3
Reacao tardia ou ineficiente do condutor;Colisao lateral sentido oposto;Amanhecer;Nublado;Automovel;Ileso;1;5;4;4;2;1
Reacao tardia ou ineficiente do condutor;Colisao lateral sentido oposto;Amanhecer;Nublado;Caminhao;Ileso;1;5;4;4;2;2
Reacao tardia ou ineficiente do condutor;Colisao lateral sentido oposto;Amanhecer;Nublado;Caminhao;Lesoes Leves;1;5;4;4;2;2
Reacao tardia ou ineficiente do condutor;Colisao lateral sentido oposto;Amanhecer;Nublado;Caminhao-trator;Ileso;1;5;4;4;2;2
Reacao tardia ou ineficiente do condutor;Colisao lateral sentido oposto;Amanhecer;Nublado;Caminhao-trator;Lesoes Graves;1;5;4;4;2;2
Reacao tardia ou ineficiente do condutor;Colisao lateral sentido oposto;Amanhecer;Nublado;Onibus;Lesoes Leves;1;5;4;4;2;3
Reacao tardia ou ineficiente do condutor;Colisao lateral sentido oposto;Anoitecer;Ceu Claro;Automovel;Ileso;1;5;4;4;1;1
Reacao tardia ou ineficiente do condutor;Colisao lateral sentido oposto;Anoitecer;Ceu Claro;Motocicleta;Lesoes Leves;1;5;4;4;1;1
Reacao tardia ou ineficiente do condutor;Colisao lateral sentido oposto;Anoitecer;Chuva;Automovel;Lesoes Graves;1;5;4;4;2;1
Reacao tardia ou ineficiente do condutor;Colisao lateral sentido oposto;Anoitecer;Chuva;Caminhao;Ileso;1;5;4;4;2;2
Reacao tardia ou ineficiente do condutor;Colisao lateral sentido oposto;Anoitecer;Garoa/Chuvisco;Automovel;Ileso;1;5;4;4;3;1
Reacao tardia ou ineficiente do condutor;Colisao lateral sentido oposto;Anoitecer;Garoa/Chuvisco;Caminhao;Ileso;1;5;4;4;3;2
Reacao tardia ou ineficiente do condutor;Colisao lateral sentido oposto;Anoitecer;Garoa/Chuvisco;Caminhao-trator;Ileso;2;5;4;4;3;2
Reacao tardia ou ineficiente do condutor;Colisao lateral sentido oposto;Anoitecer;Garoa/Chuvisco;Caminhao-trator;Lesoes Leves;1;5;4;4;3;2
Reacao tardia ou ineficiente do condutor;Colisao lateral sentido oposto;Anoitecer;Nublado;Automovel;Ileso;1;5;4;4;2;1
Reacao tardia ou ineficiente do condutor;Colisao lateral sentido oposto;Anoitecer;Nublado;Caminhao;Ileso;2;5;4;4;2;2
Reacao tardia ou ineficiente do condutor;Colisao lateral sentido oposto;Anoitecer;Nublado;Caminhao-trator;Ileso;2;5;4;4;2;2
Reacao tardia ou ineficiente do condutor;Colisao lateral sentido oposto;Anoitecer;Nublado;Caminhonete;Ileso;1;5;4;4;2;2
Reacao tardia ou ineficiente do condutor;Colisao lateral sentido oposto;Anoitecer;Nublado;Caminhonete;Lesoes Graves;2;5;4;4;2;2
Reacao tardia ou ineficiente do condutor;Colisao lateral sentido oposto;Anoitecer;Nublado;Caminhonete;Lesoes Leves;2;5;4;4;2;2
Reacao tardia ou ineficiente do condutor;Colisao lateral sentido oposto;Anoitecer;Nublado;Motocicleta;Lesoes Leves;1;5;4;4;2;1
Reacao tardia ou ineficiente do condutor;Colisao lateral sentido oposto;Plena Noite;Ceu Claro;Automovel;Ileso;24;5;4;2;1;1
Reacao tardia ou ineficiente do condutor;Colisao lateral sentido oposto;Plena Noite;Ceu Claro;Automovel;Lesoes Graves;3;5;4;2;1;1
Reacao tardia ou ineficiente do condutor;Colisao lateral sentido oposto;Plena Noite;Ceu Claro;Automovel;Lesoes Leves;13;5;4;2;1;1
Reacao tardia ou ineficiente do condutor;Colisao lateral sentido oposto;Plena Noite;Ceu Claro;Bicicleta;Lesoes Graves;1;5;4;2;1;3
Reacao tardia ou ineficiente do condutor;Colisao lateral sentido oposto;Plena Noite;Ceu Claro;Caminhao;Ileso;7;5;4;2;1;2
Reacao tardia ou ineficiente do condutor;Colisao lateral sentido oposto;Plena Noite;Ceu Claro;Caminhao;Obito;1;5;4;2;1;2
Reacao tardia ou ineficiente do condutor;Colisao lateral sentido oposto;Plena Noite;Ceu Claro;Caminhao-trator;Ileso;7;5;4;2;1;2
Reacao tardia ou ineficiente do condutor;Colisao lateral sentido oposto;Plena Noite;Ceu Claro;Caminhonete;Ileso;4;5;4;2;1;2
Reacao tardia ou ineficiente do condutor;Colisao lateral sentido oposto;Plena Noite;Ceu Claro;Caminhonete;Lesoes Graves;2;5;4;2;1;2
Reacao tardia ou ineficiente do condutor;Colisao lateral sentido oposto;Plena Noite;Ceu Claro;Caminhonete;Lesoes Leves;1;5;4;2;1;2
Reacao tardia ou ineficiente do condutor;Colisao lateral sentido oposto;Plena Noite;Ceu Claro;Micro-onibus;Ileso;2;5;4;2;1;4
Reacao tardia ou ineficiente do condutor;Colisao lateral sentido oposto;Plena Noite;Ceu Claro;Motocicleta;Lesoes Graves;6;5;4;2;1;1
Reacao tardia ou ineficiente do condutor;Colisao lateral sentido oposto;Plena Noite;Ceu Claro;Motocicleta;Lesoes Leves;2;5;4;2;1;1
Reacao tardia ou ineficiente do condutor;Colisao lateral sentido oposto;Plena Noite;Ceu Claro;Motocicleta;Obito;1;5;4;2;1;1
Reacao tardia ou ineficiente do condutor;Colisao lateral sentido oposto;Plena Noite;Ceu Claro;Motoneta;Lesoes Graves;2;5;4;2;1;3
Reacao tardia ou ineficiente do condutor;Colisao lateral sentido oposto;Plena Noite;Ceu Claro;Motoneta;Lesoes Leves;2;5;4;2;1;3
Reacao tardia ou ineficiente do condutor;Colisao lateral sentido oposto;Plena Noite;Ceu Claro;Nao Informado;Ileso;1;5;4;2;1;3
Reacao tardia ou ineficiente do condutor;Colisao lateral sentido oposto;Plena Noite;Ceu Claro;Nao se aplica;Lesoes Leves;1;5;4;2;1;3
Reacao tardia ou ineficiente do condutor;Colisao lateral sentido oposto;Plena Noite;Ceu Claro;Onibus;Ileso;1;5;4;2;1;3
Reacao tardia ou ineficiente do condutor;Colisao lateral sentido oposto;Plena Noite;Chuva;Automovel;Ileso;2;5;4;2;2;1
Reacao tardia ou ineficiente do condutor;Colisao lateral sentido oposto;Plena Noite;Chuva;Automovel;Lesoes Leves;3;5;4;2;2;1
Reacao tardia ou ineficiente do condutor;Colisao lateral sentido oposto;Plena Noite;Chuva;Caminhao;Ileso;4;5;4;2;2;2
Reacao tardia ou ineficiente do condutor;Colisao lateral sentido oposto;Plena Noite;Chuva;Caminhao-trator;Ileso;6;5;4;2;2;2
Reacao tardia ou ineficiente do condutor;Colisao lateral sentido oposto;Plena Noite;Chuva;Caminhao-trator;Lesoes Graves;2;5;4;2;2;2
Reacao tardia ou ineficiente do condutor;Colisao lateral sentido oposto;Plena Noite;Chuva;Caminhao-trator;Lesoes Leves;1;5;4;2;2;2
Reacao tardia ou ineficiente do condutor;Colisao lateral sentido oposto;Plena Noite;Chuva;Caminhao-trator;Obito;1;5;4;2;2;2
Reacao tardia ou ineficiente do condutor;Colisao lateral sentido oposto;Plena Noite;Chuva;Caminhonete;Ileso;4;5;4;2;2;2
Reacao tardia ou ineficiente do condutor;Colisao lateral sentido oposto;Plena Noite;Chuva;Caminhonete;Lesoes Leves;1;5;4;2;2;2
Reacao tardia ou ineficiente do condutor;Colisao lateral sentido oposto;Plena Noite;Chuva;Motocicleta;Lesoes Leves;1;5;4;2;2;1
Reacao tardia ou ineficiente do condutor;Colisao lateral sentido oposto;Plena Noite;Chuva;Onibus;Ileso;11;5;4;2;2;3
Reacao tardia ou ineficiente do condutor;Colisao lateral sentido oposto;Plena Noite;Garoa/Chuvisco;Automovel;Ileso;4;5;4;2;3;1
Reacao tardia ou ineficiente do condutor;Colisao lateral sentido oposto;Plena Noite;Garoa/Chuvisco;Caminhao;Lesoes Graves;1;5;4;2;3;2
Reacao tardia ou ineficiente do condutor;Colisao lateral sentido oposto;Plena Noite;Garoa/Chuvisco;Caminhao-trator;Ileso;1;5;4;2;3;2
Reacao tardia ou ineficiente do condutor;Colisao lateral sentido oposto;Plena Noite;Ignorado;Caminhonete;Ileso;1;5;4;2;0;2
Reacao tardia ou ineficiente do condutor;Colisao lateral sentido oposto;Plena Noite;Ignorado;Nao Informado;Ileso;3;5;4;2;0;3
Reacao tardia ou ineficiente do condutor;Colisao lateral sentido oposto;Plena Noite;Nublado;Automovel;Ileso;8;5;4;2;2;1
Reacao tardia ou ineficiente do condutor;Colisao lateral sentido oposto;Plena Noite;Nublado;Automovel;Lesoes Leves;1;5;4;2;2;1
Reacao tardia ou ineficiente do condutor;Colisao lateral sentido oposto;Plena Noite;Nublado;Caminhao-trator;Ileso;5;5;4;2;2;2
Reacao tardia ou ineficiente do condutor;Colisao lateral sentido oposto;Plena Noite;Nublado;Caminhonete;Ileso;1;5;4;2;2;2
Reacao tardia ou ineficiente do condutor;Colisao lateral sentido oposto;Plena Noite;Nublado;Caminhonete;Lesoes Leves;3;5;4;2;2;2
Reacao tardia ou ineficiente do condutor;Colisao lateral sentido oposto;Plena Noite;Nublado;Motocicleta;Lesoes Graves;1;5;4;2;2;1
Reacao tardia ou ineficiente do condutor;Colisao lateral sentido oposto;Plena Noite;Nublado;Nao Informado;Ileso;1;5;4;2;2;3
Reacao tardia ou ineficiente do condutor;Colisao lateral sentido oposto;Pleno dia;Ceu Claro;Automovel;Ileso;23;5;4;1;1;1
Reacao tardia ou ineficiente do condutor;Colisao lateral sentido oposto;Pleno dia;Ceu Claro;Automovel;Lesoes Graves;4;5;4;1;1;1
Reacao tardia ou ineficiente do condutor;Colisao lateral sentido oposto;Pleno dia;Ceu Claro;Automovel;Lesoes Leves;15;5;4;1;1;1
Reacao tardia ou ineficiente do condutor;Colisao lateral sentido oposto;Pleno dia;Ceu Claro;Automovel;Obito;8;5;4;1;1;1
Reacao tardia ou ineficiente do condutor;Colisao lateral sentido oposto;Pleno dia;Ceu Claro;Caminhao;Ileso;7;5;4;1;1;2
Reacao tardia ou ineficiente do condutor;Colisao lateral sentido oposto;Pleno dia;Ceu Claro;Caminhao;Lesoes Graves;1;5;4;1;1;2
Reacao tardia ou ineficiente do condutor;Colisao lateral sentido oposto;Pleno dia;Ceu Claro;Caminhao;Lesoes Leves;2;5;4;1;1;2
Reacao tardia ou ineficiente do condutor;Colisao lateral sentido oposto;Pleno dia;Ceu Claro;Caminhao;Obito;2;5;4;1;1;2
Reacao tardia ou ineficiente do condutor;Colisao lateral sentido oposto;Pleno dia;Ceu Claro;Caminhao-trator;Ileso;24;5;4;1;1;2
Reacao tardia ou ineficiente do condutor;Colisao lateral sentido oposto;Pleno dia;Ceu Claro;Caminhao-trator;Lesoes Graves;3;5;4;1;1;2
Reacao tardia ou ineficiente do condutor;Colisao lateral sentido oposto;Pleno dia;Ceu Claro;Caminhao-trator;Lesoes Leves;7;5;4;1;1;2
Reacao tardia ou ineficiente do condutor;Colisao lateral sentido oposto;Pleno dia;Ceu Claro;Caminhao-trator;Obito;3;5;4;1;1;2
Reacao tardia ou ineficiente do condutor;Colisao lateral sentido oposto;Pleno dia;Ceu Claro;Caminhonete;Ileso;14;5;4;1;1;2
Reacao tardia ou ineficiente do condutor;Colisao lateral sentido oposto;Pleno dia;Ceu Claro;Caminhonete;Lesoes Leves;2;5;4;1;1;2
Reacao tardia ou ineficiente do condutor;Colisao lateral sentido oposto;Pleno dia;Ceu Claro;Motocicleta;Lesoes Graves;3;5;4;1;1;1
Reacao tardia ou ineficiente do condutor;Colisao lateral sentido oposto;Pleno dia;Ceu Claro;Motocicleta;Lesoes Leves;5;5;4;1;1;1
Reacao tardia ou ineficiente do condutor;Colisao lateral sentido oposto;Pleno dia;Ceu Claro;Nao Informado;Ileso;9;5;4;1;1;3
Reacao tardia ou ineficiente do condutor;Colisao lateral sentido oposto;Pleno dia;Ceu Claro;Nao Informado;Lesoes Leves;1;5;4;1;1;3
Reacao tardia ou ineficiente do condutor;Colisao lateral sentido oposto;Pleno dia;Ceu Claro;Nao se aplica;Lesoes Graves;1;5;4;1;1;3
Reacao tardia ou ineficiente do condutor;Colisao lateral sentido oposto;Pleno dia;Ceu Claro;Onibus;Ileso;22;5;4;1;1;3
Reacao tardia ou ineficiente do condutor;Colisao lateral sentido oposto;Pleno dia;Ceu Claro;Onibus;Lesoes Graves;29;5;4;1;1;3
Reacao tardia ou ineficiente do condutor;Colisao lateral sentido oposto;Pleno dia;Ceu Claro;Onibus;Lesoes Leves;9;5;4;1;1;3
Reacao tardia ou ineficiente do condutor;Colisao lateral sentido oposto;Pleno dia;Ceu Claro;Onibus;Obito;2;5;4;1;1;3
Reacao tardia ou ineficiente do condutor;Colisao lateral sentido oposto;Pleno dia;Ceu Claro;Utilitario;Ileso;1;5;4;1;1;3
Reacao tardia ou ineficiente do condutor;Colisao lateral sentido oposto;Pleno dia;Chuva;Automovel;Ileso;12;5;4;1;2;1
Reacao tardia ou ineficiente do condutor;Colisao lateral sentido oposto;Pleno dia;Chuva;Automovel;Lesoes Graves;2;5;4;1;2;1
Reacao tardia ou ineficiente do condutor;Colisao lateral sentido oposto;Pleno dia;Chuva;Automovel;Lesoes Leves;7;5;4;1;2;1
Reacao tardia ou ineficiente do condutor;Colisao lateral sentido oposto;Pleno dia;Chuva;Caminhao;Ileso;4;5;4;1;2;2
Reacao tardia ou ineficiente do condutor;Colisao lateral sentido oposto;Pleno dia;Chuva;Caminhao-trator;Ileso;3;5;4;1;2;2
Reacao tardia ou ineficiente do condutor;Colisao lateral sentido oposto;Pleno dia;Chuva;Caminhonete;Ileso;3;5;4;1;2;2
Reacao tardia ou ineficiente do condutor;Colisao lateral sentido oposto;Pleno dia;Chuva;Caminhonete;Lesoes Leves;3;5;4;1;2;2
Reacao tardia ou ineficiente do condutor;Colisao lateral sentido oposto;Pleno dia;Chuva;Motocicleta;Lesoes Graves;2;5;4;1;2;1
Reacao tardia ou ineficiente do condutor;Colisao lateral sentido oposto;Pleno dia;Chuva;Motocicleta;Lesoes Leves;1;5;4;1;2;1
Reacao tardia ou ineficiente do condutor;Colisao lateral sentido oposto;Pleno dia;Chuva;Utilitario;Lesoes Leves;1;5;4;1;2;3
Reacao tardia ou ineficiente do condutor;Colisao lateral sentido oposto;Pleno dia;Garoa/Chuvisco;Automovel;Ileso;5;5;4;1;3;1
Reacao tardia ou ineficiente do condutor;Colisao lateral sentido oposto;Pleno dia;Garoa/Chuvisco;Automovel;Lesoes Leves;2;5;4;1;3;1
Reacao tardia ou ineficiente do condutor;Colisao lateral sentido oposto;Pleno dia;Garoa/Chuvisco;Caminhonete;Ileso;4;5;4;1;3;2
Reacao tardia ou ineficiente do condutor;Colisao lateral sentido oposto;Pleno dia;Garoa/Chuvisco;Nao Informado;Ileso;2;5;4;1;3;3
Reacao tardia ou ineficiente do condutor;Colisao lateral sentido oposto;Pleno dia;Garoa/Chuvisco;Nao Informado;Lesoes Graves;1;5;4;1;3;3
Reacao tardia ou ineficiente do condutor;Colisao lateral sentido oposto;Pleno dia;Nublado;Automovel;Ileso;13;5;4;1;2;1
Reacao tardia ou ineficiente do condutor;Colisao lateral sentido oposto;Pleno dia;Nublado;Automovel;Lesoes Leves;10;5;4;1;2;1
Reacao tardia ou ineficiente do condutor;Colisao lateral sentido oposto;Pleno dia;Nublado;Caminhao;Lesoes Graves;3;5;4;1;2;2
Reacao tardia ou ineficiente do condutor;Colisao lateral sentido oposto;Pleno dia;Nublado;Caminhao;Lesoes Leves;1;5;4;1;2;2
Reacao tardia ou ineficiente do condutor;Colisao lateral sentido oposto;Pleno dia;Nublado;Caminhao-trator;Ileso;9;5;4;1;2;2
Reacao tardia ou ineficiente do condutor;Colisao lateral sentido oposto;Pleno dia;Nublado;Caminhao-trator;Lesoes Graves;1;5;4;1;2;2
Reacao tardia ou ineficiente do condutor;Colisao lateral sentido oposto;Pleno dia;Nublado;Caminhao-trator;Lesoes Leves;1;5;4;1;2;2
Reacao tardia ou ineficiente do condutor;Colisao lateral sentido oposto;Pleno dia;Nublado;Caminhao-trator;Obito;1;5;4;1;2;2
Reacao tardia ou ineficiente do condutor;Colisao lateral sentido oposto;Pleno dia;Nublado;Caminhonete;Ileso;5;5;4;1;2;2
Reacao tardia ou ineficiente do condutor;Colisao lateral sentido oposto;Pleno dia;Nublado;Caminhonete;Lesoes Leves;3;5;4;1;2;2
Reacao tardia ou ineficiente do condutor;Colisao lateral sentido oposto;Pleno dia;Nublado;Motocicleta;Lesoes Graves;1;5;4;1;2;1
Reacao tardia ou ineficiente do condutor;Colisao lateral sentido oposto;Pleno dia;Sol;Automovel;Ileso;3;5;4;1;3;1
Reacao tardia ou ineficiente do condutor;Colisao lateral sentido oposto;Pleno dia;Sol;Automovel;Lesoes Leves;4;5;4;1;3;1
Reacao tardia ou ineficiente do condutor;Colisao lateral sentido oposto;Pleno dia;Sol;Caminhao;Ileso;1;5;4;1;3;2
Reacao tardia ou ineficiente do condutor;Colisao lateral sentido oposto;Pleno dia;Sol;Caminhao-trator;Ileso;4;5;4;1;3;2
Reacao tardia ou ineficiente do condutor;Colisao lateral sentido oposto;Pleno dia;Sol;Caminhonete;Ileso;3;5;4;1;3;2
Reacao tardia ou ineficiente do condutor;Colisao lateral sentido oposto;Pleno dia;Sol;Caminhonete;Lesoes Leves;2;5;4;1;3;2
Reacao tardia ou ineficiente do condutor;Colisao lateral sentido oposto;Pleno dia;Sol;Motocicleta;Lesoes Graves;2;5;4;1;3;1
Reacao tardia ou ineficiente do condutor;Colisao lateral sentido oposto;Pleno dia;Sol;Nao se aplica;Obito;1;5;4;1;3;3
Reacao tardia ou ineficiente do condutor;Colisao transversal;Amanhecer;Ceu Claro;Automovel;Ileso;3;5;5;4;1;1
Reacao tardia ou ineficiente do condutor;Colisao transversal;Amanhecer;Ceu Claro;Automovel;Obito;1;5;5;4;1;1
Reacao tardia ou ineficiente do condutor;Colisao transversal;Amanhecer;Ceu Claro;Bicicleta;Lesoes Leves;1;5;5;4;1;3
Reacao tardia ou ineficiente do condutor;Colisao transversal;Amanhecer;Ceu Claro;Bicicleta;Obito;1;5;5;4;1;3
Reacao tardia ou ineficiente do condutor;Colisao transversal;Amanhecer;Ceu Claro;Caminhao;Ileso;3;5;5;4;1;2
Reacao tardia ou ineficiente do condutor;Colisao transversal;Amanhecer;Ceu Claro;Caminhao-trator;Ileso;2;5;5;4;1;2
Reacao tardia ou ineficiente do condutor;Colisao transversal;Amanhecer;Ceu Claro;Motocicleta;Lesoes Graves;1;5;5;4;1;1
Reacao tardia ou ineficiente do condutor;Colisao transversal;Amanhecer;Ceu Claro;Motocicleta;Lesoes Leves;2;5;5;4;1;1
Reacao tardia ou ineficiente do condutor;Colisao transversal;Amanhecer;Ceu Claro;Motocicleta;Obito;2;5;5;4;1;1
Reacao tardia ou ineficiente do condutor;Colisao transversal;Amanhecer;Chuva;Automovel;Lesoes Leves;1;5;5;4;2;1
Reacao tardia ou ineficiente do condutor;Colisao transversal;Amanhecer;Chuva;Onibus;Ileso;1;5;5;4;2;3
Reacao tardia ou ineficiente do condutor;Colisao transversal;Amanhecer;Nublado;Automovel;Ileso;1;5;5;4;2;1
Reacao tardia ou ineficiente do condutor;Colisao transversal;Amanhecer;Nublado;Caminhonete;Ileso;2;5;5;4;2;2
Reacao tardia ou ineficiente do condutor;Colisao transversal;Amanhecer;Nublado;Motocicleta;Lesoes Graves;1;5;5;4;2;1
Reacao tardia ou ineficiente do condutor;Colisao transversal;Amanhecer;Nublado;Motocicleta;Lesoes Leves;2;5;5;4;2;1
Reacao tardia ou ineficiente do condutor;Colisao transversal;Amanhecer;Nublado;Onibus;Ileso;1;5;5;4;2;3
Reacao tardia ou ineficiente do condutor;Colisao transversal;Anoitecer;Ceu Claro;Automovel;Ileso;4;5;5;4;1;1
Reacao tardia ou ineficiente do condutor;Colisao transversal;Anoitecer;Ceu Claro;Automovel;Lesoes Graves;1;5;5;4;1;1
Reacao tardia ou ineficiente do condutor;Colisao transversal;Anoitecer;Ceu Claro;Automovel;Lesoes Leves;3;5;5;4;1;1
Reacao tardia ou ineficiente do condutor;Colisao transversal;Anoitecer;Ceu Claro;Bicicleta;Lesoes Leves;1;5;5;4;1;3
Reacao tardia ou ineficiente do condutor;Colisao transversal;Anoitecer;Ceu Claro;Caminhao;Ileso;1;5;5;4;1;2
Reacao tardia ou ineficiente do condutor;Colisao transversal;Anoitecer;Ceu Claro;Caminhao-trator;Ileso;1;5;5;4;1;2
Reacao tardia ou ineficiente do condutor;Colisao transversal;Anoitecer;Ceu Claro;Caminhonete;Ileso;1;5;5;4;1;2
Reacao tardia ou ineficiente do condutor;Colisao transversal;Anoitecer;Ceu Claro;Motocicleta;Lesoes Graves;1;5;5;4;1;1
Reacao tardia ou ineficiente do condutor;Colisao transversal;Anoitecer;Ceu Claro;Motocicleta;Lesoes Leves;1;5;5;4;1;1
Reacao tardia ou ineficiente do condutor;Colisao transversal;Anoitecer;Chuva;Automovel;Ileso;3;5;5;4;2;1
Reacao tardia ou ineficiente do condutor;Colisao transversal;Anoitecer;Chuva;Automovel;Lesoes Leves;1;5;5;4;2;1
Reacao tardia ou ineficiente do condutor;Colisao transversal;Anoitecer;Chuva;Caminhao;Lesoes Leves;1;5;5;4;2;2
Reacao tardia ou ineficiente do condutor;Colisao transversal;Anoitecer;Chuva;Caminhonete;Ileso;1;5;5;4;2;2
Reacao tardia ou ineficiente do condutor;Colisao transversal;Anoitecer;Chuva;Caminhonete;Lesoes Graves;1;5;5;4;2;2
Reacao tardia ou ineficiente do condutor;Colisao transversal;Anoitecer;Chuva;Motocicleta;Lesoes Leves;1;5;5;4;2;1
Reacao tardia ou ineficiente do condutor;Colisao transversal;Anoitecer;Chuva;Motoneta;Lesoes Graves;1;5;5;4;2;3
Reacao tardia ou ineficiente do condutor;Colisao transversal;Anoitecer;Garoa/Chuvisco;Automovel;Ileso;1;5;5;4;3;1
Reacao tardia ou ineficiente do condutor;Colisao transversal;Anoitecer;Garoa/Chuvisco;Automovel;Lesoes Leves;2;5;5;4;3;1
Reacao tardia ou ineficiente do condutor;Colisao transversal;Anoitecer;Garoa/Chuvisco;Caminhao-trator;Ileso;1;5;5;4;3;2