causa_acidente;tipo_acidente;fase_dia;condicao_metereologica;tipo_veiculo;estado_fisico;count;causa_acidente_criterios;tipo_acidente_criterios;fase_dia_criterios;condicao_metereologica_criterios;tipo_veiculo_criterios
Reacao tardia ou ineficiente do condutor;Colisao transversal;Anoitecer;Garoa/Chuvisco;Nao Informado;Ileso;4;5;5;4;3;3
Reacao tardia ou ineficiente do condutor;Colisao transversal;Anoitecer;Nublado;Automovel;Ileso;2;5;5;4;2;1
Reacao tardia ou ineficiente do condutor;Colisao transversal;Anoitecer;Nublado;Automovel;Lesoes Graves;1;5;5;4;2;1
Reacao tardia ou ineficiente do condutor;Colisao transversal;Anoitecer;Nublado;Automovel;Lesoes Leves;1;5;5;4;2;1
Reacao tardia ou ineficiente do condutor;Colisao transversal;Anoitecer;Nublado;Caminhao;Ileso;1;5;5;4;2;2
Reacao tardia ou ineficiente do condutor;Colisao transversal;Anoitecer;Nublado;Caminhao;Lesoes Leves;1;5;5;4;2;2
Reacao tardia ou ineficiente do condutor;Colisao transversal;Anoitecer;Nublado;Caminhao-trator;Ileso;2;5;5;4;2;2
Reacao tardia ou ineficiente do condutor;Colisao transversal;Anoitecer;Nublado;Caminhonete;Ileso;1;5;5;4;2;2
Reacao tardia ou ineficiente do condutor;Colisao transversal;Anoitecer;Nublado;Caminhonete;Lesoes Graves;1;5;5;4;2;2
Reacao tardia ou ineficiente do condutor;Colisao transversal;Anoitecer;Nublado;Caminhonete;Lesoes Leves;2;5;5;4;2;2
Reacao tardia ou ineficiente do condutor;Colisao transversal;Anoitecer;Nublado;Motocicleta;Lesoes Graves;1;5;5;4;2;1
Reacao tardia ou ineficiente do condutor;Colisao transversal;Anoitecer;Nublado;Motocicleta;Lesoes Leves;2;5;5;4;2;1
Reacao tardia ou ineficiente do condutor;Colisao transversal;Anoitecer;Nublado;Utilitario;Ileso;3;5;5;4;2;3
Reacao tardia ou ineficiente do condutor;Colisao transversal;Plena Noite;Ceu Claro;Automovel;Ileso;58;5;5;2;1;1
Reacao tardia ou ineficiente do condutor;Colisao transversal;Plena Noite;Ceu Claro;Automovel;Lesoes Graves;7;5;5;2;1;1
Reacao tardia ou ineficiente do condutor;Colisao transversal;Plena Noite;Ceu Claro;Automovel;Lesoes Leves;22;5;5;2;1;1
Reacao tardia ou ineficiente do condutor;Colisao transversal;Plena Noite;Ceu Claro;Automovel;Obito;1;5;5;2;1;1
Reacao tardia ou ineficiente do condutor;Colisao transversal;Plena Noite;Ceu Claro;Bicicleta;Ileso;1;5;5;2;1;3
Reacao tardia ou ineficiente do condutor;Colisao transversal;Plena Noite;Ceu Claro;Bicicleta;Lesoes Graves;1;5;5;2;1;3
Reacao tardia ou ineficiente do condutor;Colisao transversal;Plena Noite;Ceu Claro;Bicicleta;Lesoes Leves;3;5;5;2;1;3
Reacao tardia ou ineficiente do condutor;Colisao transversal;Plena Noite;Ceu Claro;Bicicleta;Obito;1;5;5;2;1;3
Reacao tardia ou ineficiente do condutor;Colisao transversal;Plena Noite;Ceu Claro;Caminhao;Ileso;10;5;5;2;1;2
Reacao tardia ou ineficiente do condutor;Colisao transversal;Plena Noite;Ceu Claro;Caminhao;Obito;1;5;5;2;1;2
Reacao tardia ou ineficiente do condutor;Colisao transversal;Plena Noite;Ceu Claro;Caminhao-trator;Ileso;12;5;5;2;1;2
Reacao tardia ou ineficiente do condutor;Colisao transversal;Plena Noite;Ceu Claro;Caminhao-trator;Lesoes Graves;1;5;5;2;1;2
Reacao tardia ou ineficiente do condutor;Colisao transversal;Plena Noite;Ceu Claro;Caminhonete;Ileso;11;5;5;2;1;2
Reacao tardia ou ineficiente do condutor;Colisao transversal;Plena Noite;Ceu Claro;Caminhonete;Lesoes Graves;4;5;5;2;1;2
Reacao tardia ou ineficiente do condutor;Colisao transversal;Plena Noite;Ceu Claro;Caminhonete;Lesoes Leves;3;5;5;2;1;2
Reacao tardia ou ineficiente do condutor;Colisao transversal;Plena Noite;Ceu Claro;Carroca-charrete;Lesoes Leves;1;5;5;2;1;5
Reacao tardia ou ineficiente do condutor;Colisao transversal;Plena Noite;Ceu Claro;Motocicleta;Ileso;3;5;5;2;1;1
Reacao tardia ou ineficiente do condutor;Colisao transversal;Plena Noite;Ceu Claro;Motocicleta;Lesoes Graves;12;5;5;2;1;1
Reacao tardia ou ineficiente do condutor;Colisao transversal;Plena Noite;Ceu Claro;Motocicleta;Lesoes Leves;24;5;5;2;1;1
Reacao tardia ou ineficiente do condutor;Colisao transversal;Plena Noite;Ceu Claro;Motocicleta;Obito;5;5;5;2;1;1
Reacao tardia ou ineficiente do condutor;Colisao transversal;Plena Noite;Ceu Claro;Motoneta;Lesoes Graves;1;5;5;2;1;3
Reacao tardia ou ineficiente do condutor;Colisao transversal;Plena Noite;Ceu Claro;Motoneta;Lesoes Leves;8;5;5;2;1;3
Reacao tardia ou ineficiente do condutor;Colisao transversal;Plena Noite;Ceu Claro;Nao Informado;Ileso;2;5;5;2;1;3
Reacao tardia ou ineficiente do condutor;Colisao transversal;Plena Noite;Ceu Claro;Trem-bonde;Ileso;1;5;5;2;1;5
Reacao tardia ou ineficiente do condutor;Colisao transversal;Plena Noite;Chuva;Automovel;Ileso;9;5;5;2;2;1
Reacao tardia ou ineficiente do condutor;Colisao transversal;Plena Noite;Chuva;Automovel;Lesoes Graves;1;5;5;2;2;1
Reacao tardia ou ineficiente do condutor;Colisao transversal;Plena Noite;Chuva;Automovel;Lesoes Leves;2;5;5;2;2;1
Reacao tardia ou ineficiente do condutor;Colisao transversal;Plena Noite;Chuva;Bicicleta;Lesoes Graves;1;5;5;2;2;3
Reacao tardia ou ineficiente do condutor;Colisao transversal;Plena Noite;Chuva;Bicicleta;Lesoes Leves;2;5;5;2;2;3
Reacao tardia ou ineficiente do condutor;Colisao transversal;Plena Noite;Chuva;Caminhao-trator;Ileso;3;5;5;2;2;2
Reacao tardia ou ineficiente do condutor;Colisao transversal;Plena Noite;Chuva;Caminhao-trator;Lesoes Leves;1;5;5;2;2;2
Reacao tardia ou ineficiente do condutor;Colisao transversal;Plena Noite;Chuva;Caminhonete;Ileso;3;5;5;2;2;2
Reacao tardia ou ineficiente do condutor;Colisao transversal;Plena Noite;Chuva;Caminhonete;Lesoes Leves;3;5;5;2;2;2
Reacao tardia ou ineficiente do condutor;Colisao transversal;Plena Noite;Chuva;Motocicleta;Lesoes Leves;2;5;5;2;2;1
Reacao tardia ou ineficiente do condutor;Colisao transversal;Plena Noite;Chuva;Nao Informado;Ileso;2;5;5;2;2;3
Reacao tardia ou ineficiente do condutor;Colisao transversal;Plena Noite;Chuva;Onibus;Ileso;1;5;5;2;2;3
Reacao tardia ou ineficiente do condutor;Colisao transversal;Plena Noite;Garoa/Chuvisco;Automovel;Ileso;9;5;5;2;3;1
Reacao tardia ou ineficiente do condutor;Colisao transversal;Plena Noite;Garoa/Chuvisco;Automovel;Lesoes Leves;3;5;5;2;3;1
Reacao tardia ou ineficiente do condutor;Colisao transversal;Plena Noite;Garoa/Chuvisco;Caminhao;Lesoes Graves;1;5;5;2;3;2
Reacao tardia ou ineficiente do condutor;Colisao transversal;Plena Noite;Garoa/Chuvisco;Caminhao-trator;Ileso;2;5;5;2;3;2
Reacao tardia ou ineficiente do condutor;Colisao transversal;Plena Noite;Garoa/Chuvisco;Caminhonete;Ileso;2;5;5;2;3;2
Reacao tardia ou ineficiente do condutor;Colisao transversal;Plena Noite;Garoa/Chuvisco;Motoneta;Lesoes Leves;1;5;5;2;3;3
Reacao tardia ou ineficiente do condutor;Colisao transversal;Plena Noite;Garoa/Chuvisco;Nao Informado;Ileso;2;5;5;2;3;3
Reacao tardia ou ineficiente do condutor;Colisao transversal;Plena Noite;Ignorado;Automovel;Ileso;4;5;5;2;0;1
Reacao tardia ou ineficiente do condutor;Colisao transversal;Plena Noite;Ignorado;Automovel;Lesoes Graves;1;5;5;2;0;1
Reacao tardia ou ineficiente do condutor;Colisao transversal;Plena Noite;Ignorado;Automovel;Lesoes Leves;2;5;5;2;0;1
Reacao tardia ou ineficiente do condutor;Colisao transversal;Plena Noite;Ignorado;Micro-onibus;Lesoes Graves;1;5;5;2;0;4
Reacao tardia ou ineficiente do condutor;Colisao transversal;Plena Noite;Ignorado;Motocicleta;Lesoes Graves;1;5;5;2;0;1
Reacao tardia ou ineficiente do condutor;Colisao transversal;Plena Noite;Ignorado;Nao se aplica;Lesoes Graves;1;5;5;2;0;3
Reacao tardia ou ineficiente do condutor;Colisao transversal;Plena Noite;Nevoeiro/Neblina;Automovel;Ileso;2;5;5;2;4;1
Reacao tardia ou ineficiente do condutor;Colisao transversal;Plena Noite;Nevoeiro/Neblina;Automovel;Lesoes Leves;2;5;5;2;4;1
Reacao tardia ou ineficiente do condutor;Colisao transversal;Plena Noite;Nevoeiro/Neblina;Caminhonete;Ileso;1;5;5;2;4;2
Reacao tardia ou ineficiente do condutor;Colisao transversal;Plena Noite;Nublado;Automovel;Ileso;10;5;5;2;2;1
Reacao tardia ou ineficiente do condutor;Colisao transversal;Plena Noite;Nublado;Automovel;Lesoes Graves;1;5;5;2;2;1
Reacao tardia ou ineficiente do condutor;Colisao transversal;Plena Noite;Nublado;Automovel;Lesoes Leves;8;5;5;2;2;1
Reacao tardia ou ineficiente do condutor;Colisao transversal;Plena Noite;Nublado;Caminhao;Ileso;1;5;5;2;2;2
Reacao tardia ou ineficiente do condutor;Colisao transversal;Plena Noite;Nublado;Caminhao-trator;Ileso;1;5;5;2;2;2
Reacao tardia ou ineficiente do condutor;Colisao transversal;Plena Noite;Nublado;Caminhonete;Ileso;5;5;5;2;2;2
Reacao tardia ou ineficiente do condutor;Colisao transversal;Plena Noite;Nublado;Caminhonete;Lesoes Graves;1;5;5;2;2;2
Reacao tardia ou ineficiente do condutor;Colisao transversal;Plena Noite;Nublado;Motocicleta;Ileso;1;5;5;2;2;1
Reacao tardia ou ineficiente do condutor;Colisao transversal;Plena Noite;Nublado;Motocicleta;Lesoes Graves;2;5;5;2;2;1
Reacao tardia ou ineficiente do condutor;Colisao transversal;Plena Noite;Nublado;Motocicleta;Lesoes Leves;7;5;5;2;2;1
Reacao tardia ou ineficiente do condutor;Colisao transversal;Plena Noite;Nublado;Motocicleta;Obito;1;5;5;2;2;1
Reacao tardia ou ineficiente do condutor;Colisao transversal;Plena Noite;Nublado;Nao Informado;Ileso;2;5;5;2;2;3
Reacao tardia ou ineficiente do condutor;Colisao transversal;Plena Noite;Nublado;Onibus;Ileso;1;5;5;2;2;3
Reacao tardia ou ineficiente do condutor;Colisao transversal;Pleno dia;Ceu Claro;Automovel;Ileso;131;5;5;1;1;1
Reacao tardia ou ineficiente do condutor;Colisao transversal;Pleno dia;Ceu Claro;Automovel;Lesoes Graves;10;5;5;1;1;1
Reacao tardia ou ineficiente do condutor;Colisao transversal;Pleno dia;Ceu Claro;Automovel;Lesoes Leves;58;5;5;1;1;1
Reacao tardia ou ineficiente do condutor;Colisao transversal;Pleno dia;Ceu Claro;Automovel;Obito;1;5;5;1;1;1
Reacao tardia ou ineficiente do condutor;Colisao transversal;Pleno dia;Ceu Claro;Bicicleta;Lesoes Graves;6;5;5;1;1;3
Reacao tardia ou ineficiente do condutor;Colisao transversal;Pleno dia;Ceu Claro;Bicicleta;Lesoes Leves;11;5;5;1;1;3
Reacao tardia ou ineficiente do condutor;Colisao transversal;Pleno dia;Ceu Claro;Bicicleta;Obito;2;5;5;1;1;3
Reacao tardia ou ineficiente do condutor;Colisao transversal;Pleno dia;Ceu Claro;Caminhao;Ileso;25;5;5;1;1;2
Reacao tardia ou ineficiente do condutor;Colisao transversal;Pleno dia;Ceu Claro;Caminhao;Lesoes Graves;1;5;5;1;1;2
Reacao tardia ou ineficiente do condutor;Colisao transversal;Pleno dia;Ceu Claro;Caminhao;Lesoes Leves;2;5;5;1;1;2
Reacao tardia ou ineficiente do condutor;Colisao transversal;Pleno dia;Ceu Claro;Caminhao-trator;Ileso;20;5;5;1;1;2
Reacao tardia ou ineficiente do condutor;Colisao transversal;Pleno dia;Ceu Claro;Caminhao-trator;Lesoes Graves;1;5;5;1;1;2
Reacao tardia ou ineficiente do condutor;Colisao transversal;Pleno dia;Ceu Claro;Caminhao-trator;Lesoes Leves;2;5;5;1;1;2
Reacao tardia ou ineficiente do condutor;Colisao transversal;Pleno dia;Ceu Claro;Caminhonete;Ileso;29;5;5;1;1;2
Reacao tardia ou ineficiente do condutor;Colisao transversal;Pleno dia;Ceu Claro;Caminhonete;Lesoes Leves;7;5;5;1;1;2
Reacao tardia ou ineficiente do condutor;Colisao transversal;Pleno dia;Ceu Claro;Ciclomotor;Lesoes Leves;2;5;5;1;1;4
Reacao tardia ou ineficiente do condutor;Colisao transversal;Pleno dia;Ceu Claro;Micro-onibus;Ileso;10;5;5;1;1;4
Reacao tardia ou ineficiente do condutor;Colisao transversal;Pleno dia;Ceu Claro;Motocicleta;Ileso;4;5;5;1;1;1
Reacao tardia ou ineficiente do condutor;Colisao transversal;Pleno dia;Ceu Claro;Motocicleta;Lesoes Graves;32;5;5;1;1;1
Reacao tardia ou ineficiente do condutor;Colisao transversal;Pleno dia;Ceu Claro;Motocicleta;Lesoes Leves;63;5;5;1;1;1
Reacao tardia ou ineficiente do condutor;Colisao transversal;Pleno dia;Ceu Claro;Motocicleta;Obito;2;5;5;1;1;1
Reacao tardia ou ineficiente do condutor;Colisao transversal;Pleno dia;Ceu Claro;Motoneta;Ileso;1;5;5;1;1;3
Reacao tardia ou ineficiente do condutor;Colisao transversal;Pleno dia;Ceu Claro;Motoneta;Lesoes Graves;4;5;5;1;1;3
Reacao tardia ou ineficiente do condutor;Colisao transversal;Pleno dia;Ceu Claro;Motoneta;Lesoes Leves;9;5;5;1;1;3
Reacao tardia ou ineficiente do condutor;Colisao transversal;Pleno dia;Ceu Claro;Motoneta;Obito;1;5;5;1;1;3
Reacao tardia ou ineficiente do condutor;Colisao transversal;Pleno dia;Ceu Claro;Nao Informado;Ileso;19;5;5;1;1;3
Reacao tardia ou ineficiente do condutor;Colisao transversal;Pleno dia;Ceu Claro;Nao Informado;Lesoes Graves;1;5;5;1;1;3
Reacao tardia ou ineficiente do condutor;Colisao transversal;Pleno dia;Ceu Claro;Nao Informado;Lesoes Leves;2;5;5;1;1;3
Reacao tardia ou ineficiente do condutor;Colisao transversal;Pleno dia;Ceu Claro;Onibus;Ileso;1;5;5;1;1;3
Reacao tardia ou ineficiente do condutor;Colisao transversal;Pleno dia;Ceu Claro;Utilitario;Ileso;17;5;5;1;1;3
Reacao tardia ou ineficiente do condutor;Colisao transversal;Pleno dia;Ceu Claro;Utilitario;Lesoes Leves;3;5;5;1;1;3
Reacao tardia ou ineficiente do condutor;Colisao transversal;Pleno dia;Chuva;Automovel;Ileso;6;5;5;1;2;1
Reacao tardia ou ineficiente do condutor;Colisao transversal;Pleno dia;Chuva;Automovel;Lesoes Graves;1;5;5;1;2;1
Reacao tardia ou ineficiente do condutor;Colisao transversal;Pleno dia;Chuva;Automovel;Lesoes Leves;7;5;5;1;2;1
Reacao tardia ou ineficiente do condutor;Colisao transversal;Pleno dia;Chuva;Caminhao;Ileso;1;5;5;1;2;2
Reacao tardia ou ineficiente do condutor;Colisao transversal;Pleno dia;Chuva;Caminhao;Lesoes Graves;1;5;5;1;2;2
Reacao tardia ou ineficiente do condutor;Colisao transversal;Pleno dia;Chuva;Caminhao;Lesoes Leves;3;5;5;1;2;2
Reacao tardia ou ineficiente do condutor;Colisao transversal;Pleno dia;Chuva;Caminhao-trator;Ileso;2;5;5;1;2;2
Reacao tardia ou ineficiente do condutor;Colisao transversal;Pleno dia;Chuva;Caminhonete;Ileso;1;5;5;1;2;2
Reacao tardia ou ineficiente do condutor;Colisao transversal;Pleno dia;Chuva;Caminhonete;Lesoes Graves;4;5;5;1;2;2
Reacao tardia ou ineficiente do condutor;Colisao transversal;Pleno dia;Chuva;Caminhonete;Lesoes Leves;1;5;5;1;2;2
Reacao tardia ou ineficiente do condutor;Colisao transversal;Pleno dia;Chuva;Caminhonete;Obito;1;5;5;1;2;2
Reacao tardia ou ineficiente do condutor;Colisao transversal;Pleno dia;Chuva;Motocicleta;Lesoes Graves;6;5;5;1;2;1
Reacao tardia ou ineficiente do condutor;Colisao transversal;Pleno dia;Chuva;Motocicleta;Lesoes Leves;1;5;5;1;2;1
Reacao tardia ou ineficiente do condutor;Colisao transversal;Pleno dia;Chuva;Motoneta;Lesoes Leves;1;5;5;1;2;3
Reacao tardia ou ineficiente do condutor;Colisao transversal;Pleno dia;Chuva;Nao Informado;Lesoes Leves;2;5;5;1;2;3
Reacao tardia ou ineficiente do condutor;Colisao transversal;Pleno dia;Chuva;Utilitario;Ileso;1;5;5;1;2;3
Reacao tardia ou ineficiente do condutor;Colisao transversal;Pleno dia;Chuva;Utilitario;Lesoes Graves;1;5;5;1;2;3
Reacao tardia ou ineficiente do condutor;Colisao transversal;Pleno dia;Garoa/Chuvisco;Automovel;Ileso;11;5;5;1;3;1
Reacao tardia ou ineficiente do condutor;Colisao transversal;Pleno dia;Garoa/Chuvisco;Automovel;Lesoes Graves;1;5;5;1;3;1
Reacao tardia ou ineficiente do condutor;Colisao transversal;Pleno dia;Garoa/Chuvisco;Automovel;Lesoes Leves;9;5;5;1;3;1
Reacao tardia ou ineficiente do condutor;Colisao transversal;Pleno dia;Garoa/Chuvisco;Automovel;Obito;1;5;5;1;3;1
Reacao tardia ou ineficiente do condutor;Colisao transversal;Pleno dia;Garoa/Chuvisco;Caminhao;Ileso;2;5;5;1;3;2
Reacao tardia ou ineficiente do condutor;Colisao transversal;Pleno dia;Garoa/Chuvisco;Caminhao-trator;Ileso;1;5;5;1;3;2
Reacao tardia ou ineficiente do condutor;Colisao transversal;Pleno dia;Garoa/Chuvisco;Caminhao-trator;Lesoes Leves;1;5;5;1;3;2
Reacao tardia ou ineficiente do condutor;Colisao transversal;Pleno dia;Garoa/Chuvisco;Caminhonete;Lesoes Graves;3;5;5;1;3;2
Reacao tardia ou ineficiente do condutor;Colisao transversal;Pleno dia;Garoa/Chuvisco;Caminhonete;Lesoes Leves;2;5;5;1;3;2
Reacao tardia ou ineficiente do condutor;Colisao transversal;Pleno dia;Garoa/Chuvisco;Motocicleta;Lesoes Leves;2;5;5;1;3;1
Reacao tardia ou ineficiente do condutor;Colisao transversal;Pleno dia;Ignorado;Automovel;Ileso;2;5;5;1;0;1
Reacao tardia ou ineficiente do condutor;Colisao transversal;Pleno dia;Ignorado;Bicicleta;Lesoes Leves;1;5;5;1;0;3
Reacao tardia ou ineficiente do condutor;Colisao transversal;Pleno dia;Nublado;Automovel;Ileso;22;5;5;1;2;1
Reacao tardia ou ineficiente do condutor;Colisao transversal;Pleno dia;Nublado;Automovel;Lesoes Graves;2;5;5;1;2;1
Reacao tardia ou ineficiente do condutor;Colisao transversal;Pleno dia;Nublado;Automovel;Lesoes Leves;10;5;5;1;2;1
Reacao tardia ou ineficiente do condutor;Colisao transversal;Pleno dia;Nublado;Automovel;Obito;1;5;5;1;2;1
Reacao tardia ou ineficiente do condutor;Colisao transversal;Pleno dia;Nublado;Bicicleta;Lesoes Graves;1;5;5;1;2;3
Reacao tardia ou ineficiente do condutor;Colisao transversal;Pleno dia;Nublado;Bicicleta;Lesoes Leves;2;5;5;1;2;3
Reacao tardia ou ineficiente do condutor;Colisao transversal;Pleno dia;Nublado;Caminhao;Ileso;4;5;5;1;2;2
Reacao tardia ou ineficiente do condutor;Colisao transversal;Pleno dia;Nublado;Caminhao-trator;Ileso;2;5;5;1;2;2
Reacao tardia ou ineficiente do condutor;Colisao transversal;Pleno dia;Nublado;Caminhonete;Ileso;14;5;5;1;2;2
Reacao tardia ou ineficiente do condutor;Colisao transversal;Pleno dia;Nublado;Caminhonete;Lesoes Leves;1;5;5;1;2;2
Reacao tardia ou ineficiente do condutor;Colisao transversal;Pleno dia;Nublado;Micro-onibus;Ileso;1;5;5;1;2;4
Reacao tardia ou ineficiente do condutor;Colisao transversal;Pleno dia;Nublado;Motocicleta;Ileso;1;5;5;1;2;1
Reacao tardia ou ineficiente do condutor;Colisao transversal;Pleno dia;Nublado;Motocicleta;Lesoes Graves;4;5;5;1;2;1
Reacao tardia ou ineficiente do condutor;Colisao transversal;Pleno dia;Nublado;Motocicleta;Lesoes Leves;19;5;5;1;2;1
Reacao tardia ou ineficiente do condutor;Colisao transversal;Pleno dia;Nublado;Motoneta;Lesoes Graves;2;5;5;1;2;3
Reacao tardia ou ineficiente do condutor;Colisao transversal;Pleno dia;Nublado;Motoneta;Lesoes Leves;3;5;5;1;2;3
Reacao tardia ou ineficiente do condutor;Colisao transversal;Pleno dia;Nublado;Nao Informado;Ileso;5;5;5;1;2;3
Reacao tardia ou ineficiente do condutor;Colisao transversal;Pleno dia;Sol;Automovel;Ileso;14;5;5;1;3;1
Reacao tardia ou ineficiente do condutor;Colisao transversal;Pleno dia;Sol;Automovel;Lesoes Graves;2;5;5;1;3;1
Reacao tardia ou ineficiente do condutor;Colisao transversal;Pleno dia;Sol;Automovel;Lesoes Leves;8;5;5;1;3;1
Reacao tardia ou ineficiente do condutor;Colisao transversal;Pleno dia;Sol;Bicicleta;Lesoes Leves;1;5;5;1;3;3
Reacao tardia ou ineficiente do condutor;Colisao transversal;Pleno dia;Sol;Bicicleta;Obito;1;5;5;1;3;3
Reacao tardia ou ineficiente do condutor;Colisao transversal;Pleno dia;Sol;Caminhao;Ileso;3;5;5;1;3;2
Reacao tardia ou ineficiente do condutor;Colisao transversal;Pleno dia;Sol;Caminhao-trator;Ileso;3;5;5;1;3;2
Reacao tardia ou ineficiente do condutor;Colisao transversal;Pleno dia;Sol;Caminhonete;Ileso;8;5;5;1;3;2
Reacao tardia ou ineficiente do condutor;Colisao transversal;Pleno dia;Sol;Ciclomotor;Lesoes Leves;1;5;5;1;3;4
Reacao tardia ou ineficiente do condutor;Colisao transversal;Pleno dia;Sol;Micro-onibus;Ileso;8;5;5;1;3;4
Reacao tardia ou ineficiente do condutor;Colisao transversal;Pleno dia;Sol;Micro-onibus;Lesoes Leves;1;5;5;1;3;4
Reacao tardia ou ineficiente do condutor;Colisao transversal;Pleno dia;Sol;Motocicleta;Lesoes Graves;5;5;5;1;3;1
Reacao tardia ou ineficiente do condutor;Colisao transversal;Pleno dia;Sol;Motocicleta;Lesoes Leves;9;5;5;1;3;1
Reacao tardia ou ineficiente do condutor;Colisao transversal;Pleno dia;Sol;Motoneta;Lesoes Graves;1;5;5;1;3;3
Reacao tardia ou ineficiente do condutor;Colisao transversal;Pleno dia;Sol;Motoneta;Lesoes Leves;1;5;5;1;3;3
Reacao tardia ou ineficiente do condutor;Colisao transversal;Pleno dia;Sol;Nao Informado;Lesoes Graves;1;5;5;1;3;3
Reacao tardia ou ineficiente do condutor;Colisao transversal;Pleno dia;Sol;Nao Informado;Lesoes Leves;2;5;5;1;3;3
Reacao tardia ou ineficiente do condutor;Colisao traseira;Amanhecer;Ceu Claro;Automovel;Ileso;7;5;5;4;1;1
Reacao tardia ou ineficiente do condutor;Colisao traseira;Amanhecer;Ceu Claro;Automovel;Lesoes Graves;4;5;5;4;1;1
Reacao tardia ou ineficiente do condutor;Colisao traseira;Amanhecer;Ceu Claro;Automovel;Lesoes Leves;4;5;5;4;1;1
Reacao tardia ou ineficiente do condutor;Colisao traseira;Amanhecer;Ceu Claro;Bicicleta;Lesoes Graves;2;5;5;4;1;3
Reacao tardia ou ineficiente do condutor;Colisao traseira;Amanhecer;Ceu Claro;Caminhao;Ileso;3;5;5;4;1;2
Reacao tardia ou ineficiente do condutor;Colisao traseira;Amanhecer;Ceu Claro;Caminhao;Lesoes Graves;1;5;5;4;1;2
Reacao tardia ou ineficiente do condutor;Colisao traseira;Amanhecer;Ceu Claro;Caminhao;Lesoes Leves;1;5;5;4;1;2
Reacao tardia ou ineficiente do condutor;Colisao traseira;Amanhecer;Ceu Claro;Caminhao-trator;Ileso;8;5;5;4;1;2
Reacao tardia ou ineficiente do condutor;Colisao traseira;Amanhecer;Ceu Claro;Caminhao-trator;Lesoes Graves;2;5;5;4;1;2
Reacao tardia ou ineficiente do condutor;Colisao traseira;Amanhecer;Ceu Claro;Caminhao-trator;Lesoes Leves;2;5;5;4;1;2
Reacao tardia ou ineficiente do condutor;Colisao traseira;Amanhecer;Ceu Claro;Caminhao-trator;Obito;2;5;5;4;1;2
Reacao tardia ou ineficiente do condutor;Colisao traseira;Amanhecer;Ceu Claro;Caminhonete;Ileso;4;5;5;4;1;2
Reacao tardia ou ineficiente do condutor;Colisao traseira;Amanhecer;Ceu Claro;Caminhonete;Lesoes Leves;2;5;5;4;1;2
Reacao tardia ou ineficiente do condutor;Colisao traseira;Amanhecer;Ceu Claro;Ciclomotor;Ileso;1;5;5;4;1;4
Reacao tardia ou ineficiente do condutor;Colisao traseira;Amanhecer;Ceu Claro;Ciclomotor;Lesoes Leves;1;5;5;4;1;4
Reacao tardia ou ineficiente do condutor;Colisao traseira;Amanhecer;Ceu Claro;Motocicleta;Ileso;1;5;5;4;1;1
Reacao tardia ou ineficiente do condutor;Colisao traseira;Amanhecer;Ceu Claro;Motocicleta;Lesoes Graves;4;5;5;4;1;1
Reacao tardia ou ineficiente do condutor;Colisao traseira;Amanhecer;Ceu Claro;Motocicleta;Lesoes Leves;6;5;5;4;1;1
Reacao tardia ou ineficiente do condutor;Colisao traseira;Amanhecer;Ceu Claro;Motoneta;Lesoes Graves;1;5;5;4;1;3
Reacao tardia ou ineficiente do condutor;Colisao traseira;Amanhecer;Ceu Claro;Motoneta;Lesoes Leves;1;5;5;4;1;3
Reacao tardia ou ineficiente do condutor;Colisao traseira;Amanhecer;Ceu Claro;Nao Informado;Ileso;5;5;5;4;1;3
Reacao tardia ou ineficiente do condutor;Colisao traseira;Amanhecer;Chuva;Automovel;Ileso;4;5;5;4;2;1
Reacao tardia ou ineficiente do condutor;Colisao traseira;Amanhecer;Chuva;Automovel;Obito;1;5;5;4;2;1
Reacao tardia ou ineficiente do condutor;Colisao traseira;Amanhecer;Chuva;Caminhao;Ileso;1;5;5;4;2;2
Reacao tardia ou ineficiente do condutor;Colisao traseira;Amanhecer;Chuva;Caminhao;Lesoes Leves;4;5;5;4;2;2
Reacao tardia ou ineficiente do condutor;Colisao traseira;Amanhecer;Chuva;Caminhao-trator;Ileso;2;5;5;4;2;2
Reacao tardia ou ineficiente do condutor;Colisao traseira;Amanhecer;Chuva;Caminhonete;Ileso;3;5;5;4;2;2
Reacao tardia ou ineficiente do condutor;Colisao traseira;Amanhecer;Chuva;Motocicleta;Lesoes Graves;3;5;5;4;2;1
Reacao tardia ou ineficiente do condutor;Colisao traseira;Amanhecer;Chuva;Motocicleta;Lesoes Leves;3;5;5;4;2;1