causa_acidente;tipo_acidente;fase_dia;condicao_metereologica;tipo_veiculo;estado_fisico;count;causa_acidente_criterios;tipo_acidente_criterios;fase_dia_criterios;condicao_metereologica_criterios;tipo_veiculo_criterios
Reacao tardia ou ineficiente do condutor;Derramamento de carga;Pleno dia;Nublado;Caminhao-trator;Lesoes Leves;7;5;3;1;2;2
Reacao tardia ou ineficiente do condutor;Derramamento de carga;Pleno dia;Nublado;Caminhao-trator;Obito;1;5;3;1;2;2
Reacao tardia ou ineficiente do condutor;Derramamento de carga;Pleno dia;Nublado;Caminhonete;Ileso;3;5;3;1;2;2
Reacao tardia ou ineficiente do condutor;Derramamento de carga;Pleno dia;Nublado;Caminhonete;Lesoes Leves;1;5;3;1;2;2
Reacao tardia ou ineficiente do condutor;Derramamento de carga;Pleno dia;Nublado;Onibus;Ileso;1;5;3;1;2;3
Reacao tardia ou ineficiente do condutor;Derramamento de carga;Pleno dia;Sol;Automovel;Ileso;2;5;3;1;3;1
Reacao tardia ou ineficiente do condutor;Derramamento de carga;Pleno dia;Sol;Caminhao;Lesoes Graves;1;5;3;1;3;2
Reacao tardia ou ineficiente do condutor;Derramamento de carga;Pleno dia;Sol;Caminhao;Lesoes Leves;1;5;3;1;3;2
Reacao tardia ou ineficiente do condutor;Derramamento de carga;Pleno dia;Sol;Caminhao-trator;Lesoes Graves;1;5;3;1;3;2
Reacao tardia ou ineficiente do condutor;Derramamento de carga;Pleno dia;Sol;Caminhao-trator;Lesoes Leves;5;5;3;1;3;2
Reacao tardia ou ineficiente do condutor;Derramamento de carga;Pleno dia;Sol;Caminhonete;Obito;3;5;3;1;3;2
Reacao tardia ou ineficiente do condutor;Engavetamento;Amanhecer;Ceu Claro;Automovel;Ileso;5;5;3;4;1;1
Reacao tardia ou ineficiente do condutor;Engavetamento;Amanhecer;Ceu Claro;Automovel;Lesoes Leves;3;5;3;4;1;1
Reacao tardia ou ineficiente do condutor;Engavetamento;Amanhecer;Ceu Claro;Nao Informado;Ileso;1;5;3;4;1;3
Reacao tardia ou ineficiente do condutor;Engavetamento;Amanhecer;Chuva;Automovel;Ileso;1;5;3;4;2;1
Reacao tardia ou ineficiente do condutor;Engavetamento;Amanhecer;Chuva;Automovel;Lesoes Leves;1;5;3;4;2;1
Reacao tardia ou ineficiente do condutor;Engavetamento;Amanhecer;Chuva;Automovel;Obito;1;5;3;4;2;1
Reacao tardia ou ineficiente do condutor;Engavetamento;Amanhecer;Chuva;Caminhao;Ileso;1;5;3;4;2;2
Reacao tardia ou ineficiente do condutor;Engavetamento;Amanhecer;Chuva;Caminhao-trator;Ileso;1;5;3;4;2;2
Reacao tardia ou ineficiente do condutor;Engavetamento;Anoitecer;Ceu Claro;Automovel;Ileso;15;5;3;4;1;1
Reacao tardia ou ineficiente do condutor;Engavetamento;Anoitecer;Ceu Claro;Automovel;Lesoes Graves;1;5;3;4;1;1
Reacao tardia ou ineficiente do condutor;Engavetamento;Anoitecer;Ceu Claro;Automovel;Lesoes Leves;1;5;3;4;1;1
Reacao tardia ou ineficiente do condutor;Engavetamento;Anoitecer;Ceu Claro;Caminhao-trator;Ileso;2;5;3;4;1;2
Reacao tardia ou ineficiente do condutor;Engavetamento;Anoitecer;Ceu Claro;Motocicleta;Lesoes Leves;1;5;3;4;1;1
Reacao tardia ou ineficiente do condutor;Engavetamento;Anoitecer;Ceu Claro;Motocicleta;Obito;1;5;3;4;1;1
Reacao tardia ou ineficiente do condutor;Engavetamento;Anoitecer;Chuva;Automovel;Ileso;6;5;3;4;2;1
Reacao tardia ou ineficiente do condutor;Engavetamento;Anoitecer;Chuva;Automovel;Lesoes Leves;3;5;3;4;2;1
Reacao tardia ou ineficiente do condutor;Engavetamento;Anoitecer;Chuva;Caminhao;Ileso;2;5;3;4;2;2
Reacao tardia ou ineficiente do condutor;Engavetamento;Anoitecer;Chuva;Caminhonete;Ileso;3;5;3;4;2;2
Reacao tardia ou ineficiente do condutor;Engavetamento;Anoitecer;Chuva;Caminhonete;Lesoes Leves;1;5;3;4;2;2
Reacao tardia ou ineficiente do condutor;Engavetamento;Anoitecer;Chuva;Utilitario;Ileso;1;5;3;4;2;3
Reacao tardia ou ineficiente do condutor;Engavetamento;Anoitecer;Garoa/Chuvisco;Automovel;Ileso;8;5;3;4;3;1
Reacao tardia ou ineficiente do condutor;Engavetamento;Anoitecer;Garoa/Chuvisco;Automovel;Lesoes Leves;4;5;3;4;3;1
Reacao tardia ou ineficiente do condutor;Engavetamento;Anoitecer;Garoa/Chuvisco;Caminhonete;Ileso;2;5;3;4;3;2
Reacao tardia ou ineficiente do condutor;Engavetamento;Anoitecer;Garoa/Chuvisco;Nao Informado;Ileso;1;5;3;4;3;3
Reacao tardia ou ineficiente do condutor;Engavetamento;Anoitecer;Nublado;Automovel;Ileso;2;5;3;4;2;1
Reacao tardia ou ineficiente do condutor;Engavetamento;Anoitecer;Nublado;Automovel;Lesoes Leves;1;5;3;4;2;1
Reacao tardia ou ineficiente do condutor;Engavetamento;Anoitecer;Nublado;Caminhao;Ileso;2;5;3;4;2;2
Reacao tardia ou ineficiente do condutor;Engavetamento;Anoitecer;Nublado;Caminhonete;Ileso;5;5;3;4;2;2
Reacao tardia ou ineficiente do condutor;Engavetamento;Anoitecer;Nublado;Motoneta;Lesoes Leves;2;5;3;4;2;3
Reacao tardia ou ineficiente do condutor;Engavetamento;Anoitecer;Nublado;Utilitario;Ileso;2;5;3;4;2;3
Reacao tardia ou ineficiente do condutor;Engavetamento;Plena Noite;Ceu Claro;Automovel;Ileso;36;5;3;2;1;1
Reacao tardia ou ineficiente do condutor;Engavetamento;Plena Noite;Ceu Claro;Automovel;Lesoes Graves;1;5;3;2;1;1
Reacao tardia ou ineficiente do condutor;Engavetamento;Plena Noite;Ceu Claro;Automovel;Lesoes Leves;8;5;3;2;1;1
Reacao tardia ou ineficiente do condutor;Engavetamento;Plena Noite;Ceu Claro;Automovel;Obito;1;5;3;2;1;1
Reacao tardia ou ineficiente do condutor;Engavetamento;Plena Noite;Ceu Claro;Caminhao;Ileso;5;5;3;2;1;2
Reacao tardia ou ineficiente do condutor;Engavetamento;Plena Noite;Ceu Claro;Caminhao;Lesoes Leves;5;5;3;2;1;2
Reacao tardia ou ineficiente do condutor;Engavetamento;Plena Noite;Ceu Claro;Caminhao;Obito;1;5;3;2;1;2
Reacao tardia ou ineficiente do condutor;Engavetamento;Plena Noite;Ceu Claro;Caminhao-trator;Ileso;4;5;3;2;1;2
Reacao tardia ou ineficiente do condutor;Engavetamento;Plena Noite;Ceu Claro;Caminhao-trator;Lesoes Leves;1;5;3;2;1;2
Reacao tardia ou ineficiente do condutor;Engavetamento;Plena Noite;Ceu Claro;Caminhonete;Ileso;1;5;3;2;1;2
Reacao tardia ou ineficiente do condutor;Engavetamento;Plena Noite;Ceu Claro;Caminhonete;Lesoes Graves;1;5;3;2;1;2
Reacao tardia ou ineficiente do condutor;Engavetamento;Plena Noite;Ceu Claro;Caminhonete;Lesoes Leves;2;5;3;2;1;2
Reacao tardia ou ineficiente do condutor;Engavetamento;Plena Noite;Ceu Claro;Micro-onibus;Lesoes Leves;1;5;3;2;1;4
Reacao tardia ou ineficiente do condutor;Engavetamento;Plena Noite;Ceu Claro;Motocicleta;Ileso;3;5;3;2;1;1
Reacao tardia ou ineficiente do condutor;Engavetamento;Plena Noite;Ceu Claro;Motocicleta;Lesoes Leves;4;5;3;2;1;1
Reacao tardia ou ineficiente do condutor;Engavetamento;Plena Noite;Ceu Claro;Onibus;Ileso;1;5;3;2;1;3
Reacao tardia ou ineficiente do condutor;Engavetamento;Plena Noite;Chuva;Automovel;Ileso;7;5;3;2;2;1
Reacao tardia ou ineficiente do condutor;Engavetamento;Plena Noite;Chuva;Automovel;Lesoes Graves;1;5;3;2;2;1
Reacao tardia ou ineficiente do condutor;Engavetamento;Plena Noite;Chuva;Automovel;Lesoes Leves;8;5;3;2;2;1
Reacao tardia ou ineficiente do condutor;Engavetamento;Plena Noite;Chuva;Automovel;Obito;1;5;3;2;2;1
Reacao tardia ou ineficiente do condutor;Engavetamento;Plena Noite;Chuva;Caminhao;Ileso;4;5;3;2;2;2
Reacao tardia ou ineficiente do condutor;Engavetamento;Plena Noite;Chuva;Caminhao-trator;Ileso;1;5;3;2;2;2
Reacao tardia ou ineficiente do condutor;Engavetamento;Plena Noite;Chuva;Caminhonete;Lesoes Leves;2;5;3;2;2;2
Reacao tardia ou ineficiente do condutor;Engavetamento;Plena Noite;Chuva;Motocicleta;Lesoes Leves;2;5;3;2;2;1
Reacao tardia ou ineficiente do condutor;Engavetamento;Plena Noite;Chuva;Nao Informado;Ileso;7;5;3;2;2;3
Reacao tardia ou ineficiente do condutor;Engavetamento;Plena Noite;Garoa/Chuvisco;Automovel;Ileso;6;5;3;2;3;1
Reacao tardia ou ineficiente do condutor;Engavetamento;Plena Noite;Garoa/Chuvisco;Automovel;Lesoes Leves;1;5;3;2;3;1
Reacao tardia ou ineficiente do condutor;Engavetamento;Plena Noite;Garoa/Chuvisco;Caminhao-trator;Ileso;1;5;3;2;3;2
Reacao tardia ou ineficiente do condutor;Engavetamento;Plena Noite;Garoa/Chuvisco;Caminhonete;Ileso;1;5;3;2;3;2
Reacao tardia ou ineficiente do condutor;Engavetamento;Plena Noite;Garoa/Chuvisco;Caminhonete;Lesoes Leves;1;5;3;2;3;2
Reacao tardia ou ineficiente do condutor;Engavetamento;Plena Noite;Ignorado;Automovel;Ileso;1;5;3;2;0;1
Reacao tardia ou ineficiente do condutor;Engavetamento;Plena Noite;Ignorado;Motocicleta;Ileso;1;5;3;2;0;1
Reacao tardia ou ineficiente do condutor;Engavetamento;Plena Noite;Ignorado;Motocicleta;Lesoes Leves;1;5;3;2;0;1
Reacao tardia ou ineficiente do condutor;Engavetamento;Plena Noite;Nublado;Automovel;Ileso;27;5;3;2;2;1
Reacao tardia ou ineficiente do condutor;Engavetamento;Plena Noite;Nublado;Automovel;Lesoes Leves;7;5;3;2;2;1
Reacao tardia ou ineficiente do condutor;Engavetamento;Plena Noite;Nublado;Caminhao;Obito;1;5;3;2;2;2
Reacao tardia ou ineficiente do condutor;Engavetamento;Plena Noite;Nublado;Caminhao-trator;Ileso;4;5;3;2;2;2
Reacao tardia ou ineficiente do condutor;Engavetamento;Plena Noite;Nublado;Caminhonete;Obito;1;5;3;2;2;2
Reacao tardia ou ineficiente do condutor;Engavetamento;Plena Noite;Nublado;Nao Informado;Ileso;2;5;3;2;2;3
Reacao tardia ou ineficiente do condutor;Engavetamento;Plena Noite;Nublado;Utilitario;Ileso;3;5;3;2;2;3
Reacao tardia ou ineficiente do condutor;Engavetamento;Pleno dia;Ceu Claro;Automovel;Ileso;161;5;3;1;1;1
Reacao tardia ou ineficiente do condutor;Engavetamento;Pleno dia;Ceu Claro;Automovel;Lesoes Graves;8;5;3;1;1;1
Reacao tardia ou ineficiente do condutor;Engavetamento;Pleno dia;Ceu Claro;Automovel;Lesoes Leves;57;5;3;1;1;1
Reacao tardia ou ineficiente do condutor;Engavetamento;Pleno dia;Ceu Claro;Automovel;Obito;6;5;3;1;1;1
Reacao tardia ou ineficiente do condutor;Engavetamento;Pleno dia;Ceu Claro;Caminhao;Ileso;27;5;3;1;1;2
Reacao tardia ou ineficiente do condutor;Engavetamento;Pleno dia;Ceu Claro;Caminhao;Lesoes Graves;1;5;3;1;1;2
Reacao tardia ou ineficiente do condutor;Engavetamento;Pleno dia;Ceu Claro;Caminhao;Lesoes Leves;1;5;3;1;1;2
Reacao tardia ou ineficiente do condutor;Engavetamento;Pleno dia;Ceu Claro;Caminhao-trator;Ileso;26;5;3;1;1;2
Reacao tardia ou ineficiente do condutor;Engavetamento;Pleno dia;Ceu Claro;Caminhao-trator;Lesoes Graves;1;5;3;1;1;2
Reacao tardia ou ineficiente do condutor;Engavetamento;Pleno dia;Ceu Claro;Caminhao-trator;Lesoes Leves;4;5;3;1;1;2
Reacao tardia ou ineficiente do condutor;Engavetamento;Pleno dia;Ceu Claro;Caminhao-trator;Obito;2;5;3;1;1;2
Reacao tardia ou ineficiente do condutor;Engavetamento;Pleno dia;Ceu Claro;Caminhonete;Ileso;50;5;3;1;1;2
Reacao tardia ou ineficiente do condutor;Engavetamento;Pleno dia;Ceu Claro;Caminhonete;Lesoes Graves;1;5;3;1;1;2
Reacao tardia ou ineficiente do condutor;Engavetamento;Pleno dia;Ceu Claro;Caminhonete;Lesoes Leves;6;5;3;1;1;2
Reacao tardia ou ineficiente do condutor;Engavetamento;Pleno dia;Ceu Claro;Micro-onibus;Ileso;1;5;3;1;1;4
Reacao tardia ou ineficiente do condutor;Engavetamento;Pleno dia;Ceu Claro;Motocicleta;Ileso;3;5;3;1;1;1
Reacao tardia ou ineficiente do condutor;Engavetamento;Pleno dia;Ceu Claro;Motocicleta;Lesoes Graves;1;5;3;1;1;1
Reacao tardia ou ineficiente do condutor;Engavetamento;Pleno dia;Ceu Claro;Motocicleta;Lesoes Leves;8;5;3;1;1;1
Reacao tardia ou ineficiente do condutor;Engavetamento;Pleno dia;Ceu Claro;Motoneta;Ileso;1;5;3;1;1;3
Reacao tardia ou ineficiente do condutor;Engavetamento;Pleno dia;Ceu Claro;Nao Informado;Ileso;17;5;3;1;1;3
Reacao tardia ou ineficiente do condutor;Engavetamento;Pleno dia;Ceu Claro;Nao Informado;Lesoes Leves;7;5;3;1;1;3
Reacao tardia ou ineficiente do condutor;Engavetamento;Pleno dia;Ceu Claro;Onibus;Ileso;3;5;3;1;1;3
Reacao tardia ou ineficiente do condutor;Engavetamento;Pleno dia;Ceu Claro;Onibus;Lesoes Leves;1;5;3;1;1;3
Reacao tardia ou ineficiente do condutor;Engavetamento;Pleno dia;Ceu Claro;Utilitario;Ileso;4;5;3;1;1;3
Reacao tardia ou ineficiente do condutor;Engavetamento;Pleno dia;Chuva;Automovel;Ileso;32;5;3;1;2;1
Reacao tardia ou ineficiente do condutor;Engavetamento;Pleno dia;Chuva;Automovel;Lesoes Graves;4;5;3;1;2;1
Reacao tardia ou ineficiente do condutor;Engavetamento;Pleno dia;Chuva;Automovel;Lesoes Leves;7;5;3;1;2;1
Reacao tardia ou ineficiente do condutor;Engavetamento;Pleno dia;Chuva;Caminhao;Ileso;4;5;3;1;2;2
Reacao tardia ou ineficiente do condutor;Engavetamento;Pleno dia;Chuva;Caminhao-trator;Ileso;2;5;3;1;2;2
Reacao tardia ou ineficiente do condutor;Engavetamento;Pleno dia;Chuva;Caminhonete;Ileso;4;5;3;1;2;2
Reacao tardia ou ineficiente do condutor;Engavetamento;Pleno dia;Chuva;Motocicleta;Ileso;1;5;3;1;2;1
Reacao tardia ou ineficiente do condutor;Engavetamento;Pleno dia;Chuva;Motocicleta;Lesoes Leves;1;5;3;1;2;1
Reacao tardia ou ineficiente do condutor;Engavetamento;Pleno dia;Chuva;Onibus;Ileso;4;5;3;1;2;3
Reacao tardia ou ineficiente do condutor;Engavetamento;Pleno dia;Chuva;Utilitario;Ileso;1;5;3;1;2;3
Reacao tardia ou ineficiente do condutor;Engavetamento;Pleno dia;Chuva;Utilitario;Lesoes Leves;1;5;3;1;2;3
Reacao tardia ou ineficiente do condutor;Engavetamento;Pleno dia;Garoa/Chuvisco;Automovel;Ileso;10;5;3;1;3;1
Reacao tardia ou ineficiente do condutor;Engavetamento;Pleno dia;Garoa/Chuvisco;Automovel;Lesoes Graves;2;5;3;1;3;1
Reacao tardia ou ineficiente do condutor;Engavetamento;Pleno dia;Garoa/Chuvisco;Automovel;Lesoes Leves;3;5;3;1;3;1
Reacao tardia ou ineficiente do condutor;Engavetamento;Pleno dia;Garoa/Chuvisco;Caminhao;Ileso;1;5;3;1;3;2
Reacao tardia ou ineficiente do condutor;Engavetamento;Pleno dia;Garoa/Chuvisco;Caminhao;Lesoes Leves;2;5;3;1;3;2
Reacao tardia ou ineficiente do condutor;Engavetamento;Pleno dia;Garoa/Chuvisco;Caminhao-trator;Ileso;2;5;3;1;3;2
Reacao tardia ou ineficiente do condutor;Engavetamento;Pleno dia;Garoa/Chuvisco;Caminhonete;Ileso;2;5;3;1;3;2
Reacao tardia ou ineficiente do condutor;Engavetamento;Pleno dia;Garoa/Chuvisco;Motocicleta;Lesoes Leves;1;5;3;1;3;1
Reacao tardia ou ineficiente do condutor;Engavetamento;Pleno dia;Nublado;Automovel;Ileso;37;5;3;1;2;1
Reacao tardia ou ineficiente do condutor;Engavetamento;Pleno dia;Nublado;Automovel;Lesoes Graves;1;5;3;1;2;1
Reacao tardia ou ineficiente do condutor;Engavetamento;Pleno dia;Nublado;Automovel;Lesoes Leves;7;5;3;1;2;1
Reacao tardia ou ineficiente do condutor;Engavetamento;Pleno dia;Nublado;Automovel;Obito;1;5;3;1;2;1
Reacao tardia ou ineficiente do condutor;Engavetamento;Pleno dia;Nublado;Caminhao;Ileso;6;5;3;1;2;2
Reacao tardia ou ineficiente do condutor;Engavetamento;Pleno dia;Nublado;Caminhao;Lesoes Graves;1;5;3;1;2;2
Reacao tardia ou ineficiente do condutor;Engavetamento;Pleno dia;Nublado;Caminhao;Lesoes Leves;2;5;3;1;2;2
Reacao tardia ou ineficiente do condutor;Engavetamento;Pleno dia;Nublado;Caminhao-trator;Ileso;7;5;3;1;2;2
Reacao tardia ou ineficiente do condutor;Engavetamento;Pleno dia;Nublado;Caminhonete;Ileso;2;5;3;1;2;2
Reacao tardia ou ineficiente do condutor;Engavetamento;Pleno dia;Nublado;Motocicleta;Lesoes Leves;6;5;3;1;2;1
Reacao tardia ou ineficiente do condutor;Engavetamento;Pleno dia;Nublado;Motoneta;Lesoes Leves;1;5;3;1;2;3
Reacao tardia ou ineficiente do condutor;Engavetamento;Pleno dia;Nublado;Nao Informado;Ileso;3;5;3;1;2;3
Reacao tardia ou ineficiente do condutor;Engavetamento;Pleno dia;Nublado;Nao Informado;Lesoes Graves;1;5;3;1;2;3
Reacao tardia ou ineficiente do condutor;Engavetamento;Pleno dia;Nublado;Onibus;Lesoes Leves;1;5;3;1;2;3
Reacao tardia ou ineficiente do condutor;Engavetamento;Pleno dia;Nublado;Utilitario;Ileso;1;5;3;1;2;3
Reacao tardia ou ineficiente do condutor;Engavetamento;Pleno dia;Nublado;Utilitario;Lesoes Leves;1;5;3;1;2;3
Reacao tardia ou ineficiente do condutor;Engavetamento;Pleno dia;Sol;Automovel;Ileso;40;5;3;1;3;1
Reacao tardia ou ineficiente do condutor;Engavetamento;Pleno dia;Sol;Automovel;Lesoes Graves;1;5;3;1;3;1
Reacao tardia ou ineficiente do condutor;Engavetamento;Pleno dia;Sol;Automovel;Lesoes Leves;14;5;3;1;3;1
Reacao tardia ou ineficiente do condutor;Engavetamento;Pleno dia;Sol;Caminhao;Ileso;5;5;3;1;3;2
Reacao tardia ou ineficiente do condutor;Engavetamento;Pleno dia;Sol;Caminhao;Lesoes Leves;1;5;3;1;3;2
Reacao tardia ou ineficiente do condutor;Engavetamento;Pleno dia;Sol;Caminhao-trator;Ileso;3;5;3;1;3;2
Reacao tardia ou ineficiente do condutor;Engavetamento;Pleno dia;Sol;Caminhonete;Ileso;10;5;3;1;3;2
Reacao tardia ou ineficiente do condutor;Engavetamento;Pleno dia;Sol;Caminhonete;Lesoes Leves;2;5;3;1;3;2
Reacao tardia ou ineficiente do condutor;Engavetamento;Pleno dia;Sol;Nao Informado;Ileso;3;5;3;1;3;3
Reacao tardia ou ineficiente do condutor;Engavetamento;Pleno dia;Sol;Onibus;Ileso;1;5;3;1;3;3
Reacao tardia ou ineficiente do condutor;Engavetamento;Pleno dia;Sol;Utilitario;Ileso;2;5;3;1;3;3
Reacao tardia ou ineficiente do condutor;Eventos atipicos;Amanhecer;Ceu Claro;Caminhao-trator;Ileso;1;5;2;4;1;2
Reacao tardia ou ineficiente do condutor;Eventos atipicos;Amanhecer;Ceu Claro;Caminhonete;Ileso;1;5;2;4;1;2
Reacao tardia ou ineficiente do condutor;Eventos atipicos;Amanhecer;Ceu Claro;Motocicleta;Lesoes Leves;1;5;2;4;1;1
Reacao tardia ou ineficiente do condutor;Eventos atipicos;Amanhecer;Chuva;Automovel;Ileso;4;5;2;4;2;1
Reacao tardia ou ineficiente do condutor;Eventos atipicos;Amanhecer;Chuva;Caminhonete;Ileso;4;5;2;4;2;2
Reacao tardia ou ineficiente do condutor;Eventos atipicos;Amanhecer;Chuva;Motocicleta;Lesoes Graves;6;5;2;4;2;1
Reacao tardia ou ineficiente do condutor;Eventos atipicos;Amanhecer;Chuva;Motocicleta;Lesoes Leves;4;5;2;4;2;1
Reacao tardia ou ineficiente do condutor;Eventos atipicos;Amanhecer;Chuva;Motocicleta;Obito;2;5;2;4;2;1
Reacao tardia ou ineficiente do condutor;Eventos atipicos;Plena Noite;Ceu Claro;Automovel;Ileso;2;5;2;2;1;1
Reacao tardia ou ineficiente do condutor;Eventos atipicos;Plena Noite;Ceu Claro;Bicicleta;Lesoes Leves;1;5;2;2;1;3
Reacao tardia ou ineficiente do condutor;Eventos atipicos;Plena Noite;Ceu Claro;Caminhao;Ileso;1;5;2;2;1;2
Reacao tardia ou ineficiente do condutor;Eventos atipicos;Plena Noite;Ceu Claro;Caminhonete;Ileso;1;5;2;2;1;2
Reacao tardia ou ineficiente do condutor;Eventos atipicos;Plena Noite;Ceu Claro;Motocicleta;Obito;1;5;2;2;1;1
Reacao tardia ou ineficiente do condutor;Eventos atipicos;Plena Noite;Ceu Claro;Nao Informado;Ileso;2;5;2;2;1;3
Reacao tardia ou ineficiente do condutor;Eventos atipicos;Plena Noite;Nublado;Bicicleta;Lesoes Leves;1;5;2;2;2;3
Reacao tardia ou ineficiente do condutor;Eventos atipicos;Pleno dia;Ceu Claro;Automovel;Ileso;2;5;2;1;1;1
Reacao tardia ou ineficiente do condutor;Eventos atipicos;Pleno dia;Ceu Claro;Caminhao;Ileso;1;5;2;1;1;2
Reacao tardia ou ineficiente do condutor;Eventos atipicos;Pleno dia;Ceu Claro;Caminhao;Lesoes Leves;1;5;2;1;1;2
Reacao tardia ou ineficiente do condutor;Eventos atipicos;Pleno dia;Ceu Claro;Caminhonete;Ileso;4;5;2;1;1;2
Reacao tardia ou ineficiente do condutor;Eventos atipicos;Pleno dia;Ceu Claro;Motocicleta;Obito;1;5;2;1;1;1
Reacao tardia ou ineficiente do condutor;Eventos atipicos;Pleno dia;Chuva;Automovel;Ileso;1;5;2;1;2;1
Reacao tardia ou ineficiente do condutor;Eventos atipicos;Pleno dia;Chuva;Caminhao;Ileso;3;5;2;1;2;2
Reacao tardia ou ineficiente do condutor;Eventos atipicos;Pleno dia;Chuva;Caminhao;Lesoes Leves;1;5;2;1;2;2
Reacao tardia ou ineficiente do condutor;Eventos atipicos;Pleno dia;Chuva;Caminhao-trator;Lesoes Graves;2;5;2;1;2;2
Reacao tardia ou ineficiente do condutor;Eventos atipicos;Pleno dia;Chuva;Caminhao-trator;Lesoes Leves;3;5;2;1;2;2
Reacao tardia ou ineficiente do condutor;Eventos atipicos;Pleno dia;Chuva;Caminhonete;Ileso;1;5;2;1;2;2
Reacao tardia ou ineficiente do condutor;Eventos atipicos;Pleno dia;Chuva;Utilitario;Ileso;1;5;2;1;2;3
Reacao tardia ou ineficiente do condutor;Eventos atipicos;Pleno dia;Chuva;Utilitario;Lesoes Graves;1;5;2;1;2;3
Reacao tardia ou ineficiente do condutor;Eventos atipicos;Pleno dia;Garoa/Chuvisco;Automovel;Ileso;1;5;2;1;3;1
Reacao tardia ou ineficiente do condutor;Eventos atipicos;Pleno dia;Ignorado;Automovel;Lesoes Leves;1;5;2;1;0;1
Reacao tardia ou ineficiente do condutor;Eventos atipicos;Pleno dia;Nublado;Automovel;Lesoes Leves;1;5;2;1;2;1
Reacao tardia ou ineficiente do condutor;Eventos atipicos;Pleno dia;Nublado;Caminhao-trator;Ileso;1;5;2;1;2;2
Reacao tardia ou ineficiente do condutor;Eventos atipicos;Pleno dia;Nublado;Caminhonete;Ileso;1;5;2;1;2;2
Reacao tardia ou ineficiente do condutor;Eventos atipicos;Pleno dia;Nublado;Motoneta;Lesoes Graves;1;5;2;1;2;3
Reacao tardia ou ineficiente do condutor;Incendio;Amanhecer;Ceu Claro;Caminhonete;Obito;1;5;2;4;1;2
Reacao tardia ou ineficiente do condutor;Incendio;Amanhecer;Nublado;Caminhao-trator;Lesoes Leves;1;5;2;4;2;2
Reacao tardia ou ineficiente do condutor;Incendio;Anoitecer;Ceu Claro;Automovel;Ileso;1;5;2;4;1;1
Reacao tardia ou ineficiente do condutor;Incendio;Anoitecer;Ceu Claro;Caminhao;Ileso;1;5;2;4;1;2
Reacao tardia ou ineficiente do condutor;Incendio;Plena Noite;Ceu Claro;Automovel;Ileso;2;5;2;2;1;1
Reacao tardia ou ineficiente do condutor;Incendio;Plena Noite;Ceu Claro;Automovel;Lesoes Graves;1;5;2;2;1;1
Reacao tardia ou ineficiente do condutor;Incendio;Plena Noite;Ceu Claro;Automovel;Lesoes Leves;3;5;2;2;1;1
Reacao tardia ou ineficiente do condutor;Incendio;Plena Noite;Ceu Claro;Automovel;Obito;2;5;2;2;1;1
Reacao tardia ou ineficiente do condutor;Incendio;Plena Noite;Ceu Claro;Caminhao-trator;Ileso;3;5;2;2;1;2
Reacao tardia ou ineficiente do condutor;Incendio;Plena Noite;Ceu Claro;Caminhao-trator;Lesoes Graves;2;5;2;2;1;2
Reacao tardia ou ineficiente do condutor;Incendio;Plena Noite;Ceu Claro;Caminhao-trator;Lesoes Leves;2;5;2;2;1;2
Reacao tardia ou ineficiente do condutor;Incendio;Plena Noite;Ceu Claro;Motocicleta;Lesoes Graves;1;5;2;2;1;1
Reacao tardia ou ineficiente do condutor;Incendio;Plena Noite;Ceu Claro;Motocicleta;Obito;1;5;2;2;1;1
Reacao tardia ou ineficiente do condutor;Incendio;Plena Noite;Ceu Claro;Motoneta;Lesoes Leves;1;5;2;2;1;3
Reacao tardia ou ineficiente do condutor;Incendio;Plena Noite;Ceu Claro;Onibus;Ileso;1;5;2;2;1;3
Reacao tardia ou ineficiente do condutor;Incendio;Plena Noite;Chuva;Caminhao-trator;Ileso;2;5;2;2;2;2
Reacao tardia ou ineficiente do condutor;Incendio;Plena Noite;Garoa/Chuvisco;Caminhonete;Ileso;1;5;2;2;3;2
Reacao tardia ou ineficiente do condutor;Incendio;Plena Noite;Nublado;Automovel;Lesoes Leves;1;5;2;2;2;1
Reacao tardia ou ineficiente do condutor;Incendio;Plena Noite;Nublado;Caminhao;Ileso;1;5;2;2;2;2
Reacao tardia ou ineficiente do condutor;Incendio;Plena Noite;Nublado;Caminhao-trator;Lesoes Leves;1;5;2;2;2;2
Reacao tardia ou ineficiente do condutor;Incendio;Plena Noite;Nublado;Motocicleta;Obito;1;5;2;2;2;1
Reacao tardia ou ineficiente do condutor;Incendio;Pleno dia;Ceu Claro;Automovel;Ileso;1;5;2;1;1;1
Reacao tardia ou ineficiente do condutor;Incendio;Pleno dia;Ceu Claro;Caminhao;Ileso;2;5;2;1;1;2
Reacao tardia ou ineficiente do condutor;Incendio;Pleno dia;Ceu Claro;Caminhao;Lesoes Graves;1;5;2;1;1;2
Reacao tardia ou ineficiente do condutor;Incendio;Pleno dia;Ceu Claro;Caminhao;Lesoes Leves;1;5;2;1;1;2
Reacao tardia ou ineficiente do condutor;Incendio;Pleno dia;Ceu Claro;Caminhao-trator;Ileso;4;5;2;1;1;2
Reacao tardia ou ineficiente do condutor;Incendio;Pleno dia;Ceu Claro;Caminhao-trator;Lesoes Graves;3;5;2;1;1;2
Reacao tardia ou ineficiente do condutor;Incendio;Pleno dia;Ceu Claro;Caminhao-trator;Lesoes Leves;1;5;2;1;1;2
Reacao tardia ou ineficiente do condutor;Incendio;Pleno dia;Ceu Claro;Caminhao-trator;Obito;2;5;2;1;1;2