causa_acidente;tipo_acidente;fase_dia;condicao_metereologica;tipo_veiculo;estado_fisico;count;causa_acidente_criterios;tipo_acidente_criterios;fase_dia_criterios;condicao_metereologica_criterios;tipo_veiculo_criterios
Reacao tardia ou ineficiente do condutor;Saida de leito carrocavel;Anoitecer;Nublado;Caminhonete;Lesoes Leves;2;5;5;4;2;2
Reacao tardia ou ineficiente do condutor;Saida de leito carrocavel;Anoitecer;Nublado;Motocicleta;Lesoes Graves;2;5;5;4;2;1
Reacao tardia ou ineficiente do condutor;Saida de leito carrocavel;Anoitecer;Nublado;Motocicleta;Lesoes Leves;2;5;5;4;2;1
Reacao tardia ou ineficiente do condutor;Saida de leito carrocavel;Anoitecer;Nublado;Nao Informado;Ileso;4;5;5;4;2;3
Reacao tardia ou ineficiente do condutor;Saida de leito carrocavel;Anoitecer;Sol;Automovel;Ileso;3;5;5;4;3;1
Reacao tardia ou ineficiente do condutor;Saida de leito carrocavel;Anoitecer;Sol;Automovel;Lesoes Leves;2;5;5;4;3;1
Reacao tardia ou ineficiente do condutor;Saida de leito carrocavel;Plena Noite;Ceu Claro;Automovel;Ileso;76;5;5;2;1;1
Reacao tardia ou ineficiente do condutor;Saida de leito carrocavel;Plena Noite;Ceu Claro;Automovel;Lesoes Graves;28;5;5;2;1;1
Reacao tardia ou ineficiente do condutor;Saida de leito carrocavel;Plena Noite;Ceu Claro;Automovel;Lesoes Leves;99;5;5;2;1;1
Reacao tardia ou ineficiente do condutor;Saida de leito carrocavel;Plena Noite;Ceu Claro;Automovel;Obito;21;5;5;2;1;1
Reacao tardia ou ineficiente do condutor;Saida de leito carrocavel;Plena Noite;Ceu Claro;Bicicleta;Lesoes Graves;1;5;5;2;1;3
Reacao tardia ou ineficiente do condutor;Saida de leito carrocavel;Plena Noite;Ceu Claro;Caminhao;Ileso;11;5;5;2;1;2
Reacao tardia ou ineficiente do condutor;Saida de leito carrocavel;Plena Noite;Ceu Claro;Caminhao;Lesoes Graves;5;5;5;2;1;2
Reacao tardia ou ineficiente do condutor;Saida de leito carrocavel;Plena Noite;Ceu Claro;Caminhao;Lesoes Leves;8;5;5;2;1;2
Reacao tardia ou ineficiente do condutor;Saida de leito carrocavel;Plena Noite;Ceu Claro;Caminhao;Obito;6;5;5;2;1;2
Reacao tardia ou ineficiente do condutor;Saida de leito carrocavel;Plena Noite;Ceu Claro;Caminhao-trator;Ileso;15;5;5;2;1;2
Reacao tardia ou ineficiente do condutor;Saida de leito carrocavel;Plena Noite;Ceu Claro;Caminhao-trator;Lesoes Graves;6;5;5;2;1;2
Reacao tardia ou ineficiente do condutor;Saida de leito carrocavel;Plena Noite;Ceu Claro;Caminhao-trator;Lesoes Leves;17;5;5;2;1;2
Reacao tardia ou ineficiente do condutor;Saida de leito carrocavel;Plena Noite;Ceu Claro;Caminhao-trator;Obito;1;5;5;2;1;2
Reacao tardia ou ineficiente do condutor;Saida de leito carrocavel;Plena Noite;Ceu Claro;Caminhonete;Ileso;8;5;5;2;1;2
Reacao tardia ou ineficiente do condutor;Saida de leito carrocavel;Plena Noite;Ceu Claro;Caminhonete;Lesoes Graves;15;5;5;2;1;2
Reacao tardia ou ineficiente do condutor;Saida de leito carrocavel;Plena Noite;Ceu Claro;Caminhonete;Lesoes Leves;18;5;5;2;1;2
Reacao tardia ou ineficiente do condutor;Saida de leito carrocavel;Plena Noite;Ceu Claro;Caminhonete;Obito;7;5;5;2;1;2
Reacao tardia ou ineficiente do condutor;Saida de leito carrocavel;Plena Noite;Ceu Claro;Micro-onibus;Lesoes Leves;10;5;5;2;1;4
Reacao tardia ou ineficiente do condutor;Saida de leito carrocavel;Plena Noite;Ceu Claro;Motocicleta;Lesoes Graves;5;5;5;2;1;1
Reacao tardia ou ineficiente do condutor;Saida de leito carrocavel;Plena Noite;Ceu Claro;Motocicleta;Lesoes Leves;21;5;5;2;1;1
Reacao tardia ou ineficiente do condutor;Saida de leito carrocavel;Plena Noite;Ceu Claro;Motocicleta;Obito;8;5;5;2;1;1
Reacao tardia ou ineficiente do condutor;Saida de leito carrocavel;Plena Noite;Ceu Claro;Motoneta;Lesoes Graves;1;5;5;2;1;3
Reacao tardia ou ineficiente do condutor;Saida de leito carrocavel;Plena Noite;Ceu Claro;Motoneta;Lesoes Leves;2;5;5;2;1;3
Reacao tardia ou ineficiente do condutor;Saida de leito carrocavel;Plena Noite;Ceu Claro;Nao Informado;Ileso;1;5;5;2;1;3
Reacao tardia ou ineficiente do condutor;Saida de leito carrocavel;Plena Noite;Ceu Claro;Nao Informado;Lesoes Leves;8;5;5;2;1;3
Reacao tardia ou ineficiente do condutor;Saida de leito carrocavel;Plena Noite;Ceu Claro;Nao Informado;Obito;1;5;5;2;1;3
Reacao tardia ou ineficiente do condutor;Saida de leito carrocavel;Plena Noite;Ceu Claro;Nao se aplica;Ileso;1;5;5;2;1;3
Reacao tardia ou ineficiente do condutor;Saida de leito carrocavel;Plena Noite;Ceu Claro;Nao se aplica;Lesoes Graves;2;5;5;2;1;3
Reacao tardia ou ineficiente do condutor;Saida de leito carrocavel;Plena Noite;Ceu Claro;Onibus;Ileso;9;5;5;2;1;3
Reacao tardia ou ineficiente do condutor;Saida de leito carrocavel;Plena Noite;Ceu Claro;Onibus;Lesoes Graves;1;5;5;2;1;3
Reacao tardia ou ineficiente do condutor;Saida de leito carrocavel;Plena Noite;Ceu Claro;Onibus;Lesoes Leves;8;5;5;2;1;3
Reacao tardia ou ineficiente do condutor;Saida de leito carrocavel;Plena Noite;Ceu Claro;Utilitario;Ileso;1;5;5;2;1;3
Reacao tardia ou ineficiente do condutor;Saida de leito carrocavel;Plena Noite;Ceu Claro;Utilitario;Lesoes Graves;1;5;5;2;1;3
Reacao tardia ou ineficiente do condutor;Saida de leito carrocavel;Plena Noite;Ceu Claro;Utilitario;Lesoes Leves;3;5;5;2;1;3
Reacao tardia ou ineficiente do condutor;Saida de leito carrocavel;Plena Noite;Chuva;Automovel;Ileso;20;5;5;2;2;1
Reacao tardia ou ineficiente do condutor;Saida de leito carrocavel;Plena Noite;Chuva;Automovel;Lesoes Graves;2;5;5;2;2;1
Reacao tardia ou ineficiente do condutor;Saida de leito carrocavel;Plena Noite;Chuva;Automovel;Lesoes Leves;14;5;5;2;2;1
Reacao tardia ou ineficiente do condutor;Saida de leito carrocavel;Plena Noite;Chuva;Automovel;Obito;3;5;5;2;2;1
Reacao tardia ou ineficiente do condutor;Saida de leito carrocavel;Plena Noite;Chuva;Caminhao;Ileso;8;5;5;2;2;2
Reacao tardia ou ineficiente do condutor;Saida de leito carrocavel;Plena Noite;Chuva;Caminhao;Lesoes Leves;6;5;5;2;2;2
Reacao tardia ou ineficiente do condutor;Saida de leito carrocavel;Plena Noite;Chuva;Caminhao;Obito;1;5;5;2;2;2
Reacao tardia ou ineficiente do condutor;Saida de leito carrocavel;Plena Noite;Chuva;Caminhao-trator;Ileso;6;5;5;2;2;2
Reacao tardia ou ineficiente do condutor;Saida de leito carrocavel;Plena Noite;Chuva;Caminhao-trator;Lesoes Graves;1;5;5;2;2;2
Reacao tardia ou ineficiente do condutor;Saida de leito carrocavel;Plena Noite;Chuva;Caminhao-trator;Lesoes Leves;8;5;5;2;2;2
Reacao tardia ou ineficiente do condutor;Saida de leito carrocavel;Plena Noite;Chuva;Caminhonete;Ileso;5;5;5;2;2;2
Reacao tardia ou ineficiente do condutor;Saida de leito carrocavel;Plena Noite;Chuva;Caminhonete;Lesoes Graves;3;5;5;2;2;2
Reacao tardia ou ineficiente do condutor;Saida de leito carrocavel;Plena Noite;Chuva;Caminhonete;Lesoes Leves;15;5;5;2;2;2
Reacao tardia ou ineficiente do condutor;Saida de leito carrocavel;Plena Noite;Chuva;Motocicleta;Lesoes Graves;2;5;5;2;2;1
Reacao tardia ou ineficiente do condutor;Saida de leito carrocavel;Plena Noite;Chuva;Motocicleta;Obito;1;5;5;2;2;1
Reacao tardia ou ineficiente do condutor;Saida de leito carrocavel;Plena Noite;Chuva;Motoneta;Lesoes Graves;2;5;5;2;2;3
Reacao tardia ou ineficiente do condutor;Saida de leito carrocavel;Plena Noite;Chuva;Motoneta;Lesoes Leves;1;5;5;2;2;3
Reacao tardia ou ineficiente do condutor;Saida de leito carrocavel;Plena Noite;Chuva;Nao Informado;Ileso;1;5;5;2;2;3
Reacao tardia ou ineficiente do condutor;Saida de leito carrocavel;Plena Noite;Chuva;Nao Informado;Lesoes Leves;1;5;5;2;2;3
Reacao tardia ou ineficiente do condutor;Saida de leito carrocavel;Plena Noite;Chuva;Nao se aplica;Obito;1;5;5;2;2;3
Reacao tardia ou ineficiente do condutor;Saida de leito carrocavel;Plena Noite;Chuva;Onibus;Ileso;1;5;5;2;2;3
Reacao tardia ou ineficiente do condutor;Saida de leito carrocavel;Plena Noite;Chuva;Onibus;Lesoes Graves;9;5;5;2;2;3
Reacao tardia ou ineficiente do condutor;Saida de leito carrocavel;Plena Noite;Chuva;Onibus;Lesoes Leves;12;5;5;2;2;3
Reacao tardia ou ineficiente do condutor;Saida de leito carrocavel;Plena Noite;Chuva;Utilitario;Ileso;1;5;5;2;2;3
Reacao tardia ou ineficiente do condutor;Saida de leito carrocavel;Plena Noite;Chuva;Utilitario;Lesoes Leves;2;5;5;2;2;3
Reacao tardia ou ineficiente do condutor;Saida de leito carrocavel;Plena Noite;Garoa/Chuvisco;Automovel;Ileso;16;5;5;2;3;1
Reacao tardia ou ineficiente do condutor;Saida de leito carrocavel;Plena Noite;Garoa/Chuvisco;Automovel;Lesoes Leves;20;5;5;2;3;1
Reacao tardia ou ineficiente do condutor;Saida de leito carrocavel;Plena Noite;Garoa/Chuvisco;Caminhao;Lesoes Graves;1;5;5;2;3;2
Reacao tardia ou ineficiente do condutor;Saida de leito carrocavel;Plena Noite;Garoa/Chuvisco;Caminhao-trator;Ileso;1;5;5;2;3;2
Reacao tardia ou ineficiente do condutor;Saida de leito carrocavel;Plena Noite;Garoa/Chuvisco;Caminhao-trator;Lesoes Leves;7;5;5;2;3;2
Reacao tardia ou ineficiente do condutor;Saida de leito carrocavel;Plena Noite;Garoa/Chuvisco;Caminhao-trator;Obito;1;5;5;2;3;2
Reacao tardia ou ineficiente do condutor;Saida de leito carrocavel;Plena Noite;Garoa/Chuvisco;Caminhonete;Ileso;8;5;5;2;3;2
Reacao tardia ou ineficiente do condutor;Saida de leito carrocavel;Plena Noite;Garoa/Chuvisco;Caminhonete;Lesoes Leves;2;5;5;2;3;2
Reacao tardia ou ineficiente do condutor;Saida de leito carrocavel;Plena Noite;Garoa/Chuvisco;Caminhonete;Obito;1;5;5;2;3;2
Reacao tardia ou ineficiente do condutor;Saida de leito carrocavel;Plena Noite;Garoa/Chuvisco;Motocicleta;Lesoes Graves;2;5;5;2;3;1
Reacao tardia ou ineficiente do condutor;Saida de leito carrocavel;Plena Noite;Garoa/Chuvisco;Motocicleta;Lesoes Leves;1;5;5;2;3;1
Reacao tardia ou ineficiente do condutor;Saida de leito carrocavel;Plena Noite;Garoa/Chuvisco;Motocicleta;Obito;4;5;5;2;3;1
Reacao tardia ou ineficiente do condutor;Saida de leito carrocavel;Plena Noite;Garoa/Chuvisco;Motoneta;Lesoes Leves;1;5;5;2;3;3
Reacao tardia ou ineficiente do condutor;Saida de leito carrocavel;Plena Noite;Garoa/Chuvisco;Onibus;Ileso;55;5;5;2;3;3
Reacao tardia ou ineficiente do condutor;Saida de leito carrocavel;Plena Noite;Garoa/Chuvisco;Onibus;Lesoes Graves;1;5;5;2;3;3
Reacao tardia ou ineficiente do condutor;Saida de leito carrocavel;Plena Noite;Garoa/Chuvisco;Onibus;Lesoes Leves;46;5;5;2;3;3
Reacao tardia ou ineficiente do condutor;Saida de leito carrocavel;Plena Noite;Garoa/Chuvisco;Utilitario;Lesoes Leves;1;5;5;2;3;3
Reacao tardia ou ineficiente do condutor;Saida de leito carrocavel;Plena Noite;Ignorado;Automovel;Ileso;2;5;5;2;0;1
Reacao tardia ou ineficiente do condutor;Saida de leito carrocavel;Plena Noite;Ignorado;Automovel;Lesoes Graves;1;5;5;2;0;1
Reacao tardia ou ineficiente do condutor;Saida de leito carrocavel;Plena Noite;Ignorado;Automovel;Lesoes Leves;10;5;5;2;0;1
Reacao tardia ou ineficiente do condutor;Saida de leito carrocavel;Plena Noite;Ignorado;Automovel;Obito;4;5;5;2;0;1
Reacao tardia ou ineficiente do condutor;Saida de leito carrocavel;Plena Noite;Ignorado;Caminhao;Ileso;3;5;5;2;0;2
Reacao tardia ou ineficiente do condutor;Saida de leito carrocavel;Plena Noite;Ignorado;Caminhao;Lesoes Graves;1;5;5;2;0;2
Reacao tardia ou ineficiente do condutor;Saida de leito carrocavel;Plena Noite;Ignorado;Caminhao;Lesoes Leves;1;5;5;2;0;2
Reacao tardia ou ineficiente do condutor;Saida de leito carrocavel;Plena Noite;Ignorado;Caminhao-trator;Ileso;3;5;5;2;0;2
Reacao tardia ou ineficiente do condutor;Saida de leito carrocavel;Plena Noite;Ignorado;Caminhao-trator;Lesoes Leves;2;5;5;2;0;2
Reacao tardia ou ineficiente do condutor;Saida de leito carrocavel;Plena Noite;Ignorado;Motoneta;Lesoes Graves;1;5;5;2;0;3
Reacao tardia ou ineficiente do condutor;Saida de leito carrocavel;Plena Noite;Ignorado;Utilitario;Lesoes Leves;1;5;5;2;0;3
Reacao tardia ou ineficiente do condutor;Saida de leito carrocavel;Plena Noite;Nevoeiro/Neblina;Automovel;Ileso;2;5;5;2;4;1
Reacao tardia ou ineficiente do condutor;Saida de leito carrocavel;Plena Noite;Nevoeiro/Neblina;Automovel;Lesoes Leves;3;5;5;2;4;1
Reacao tardia ou ineficiente do condutor;Saida de leito carrocavel;Plena Noite;Nevoeiro/Neblina;Caminhao;Lesoes Leves;1;5;5;2;4;2
Reacao tardia ou ineficiente do condutor;Saida de leito carrocavel;Plena Noite;Nevoeiro/Neblina;Caminhao-trator;Ileso;2;5;5;2;4;2
Reacao tardia ou ineficiente do condutor;Saida de leito carrocavel;Plena Noite;Nevoeiro/Neblina;Caminhao-trator;Lesoes Graves;2;5;5;2;4;2
Reacao tardia ou ineficiente do condutor;Saida de leito carrocavel;Plena Noite;Nevoeiro/Neblina;Caminhonete;Ileso;2;5;5;2;4;2
Reacao tardia ou ineficiente do condutor;Saida de leito carrocavel;Plena Noite;Nevoeiro/Neblina;Caminhonete;Lesoes Leves;1;5;5;2;4;2
Reacao tardia ou ineficiente do condutor;Saida de leito carrocavel;Plena Noite;Nevoeiro/Neblina;Motocicleta;Lesoes Graves;1;5;5;2;4;1
Reacao tardia ou ineficiente do condutor;Saida de leito carrocavel;Plena Noite;Nublado;Automovel;Ileso;41;5;5;2;2;1
Reacao tardia ou ineficiente do condutor;Saida de leito carrocavel;Plena Noite;Nublado;Automovel;Lesoes Graves;10;5;5;2;2;1
Reacao tardia ou ineficiente do condutor;Saida de leito carrocavel;Plena Noite;Nublado;Automovel;Lesoes Leves;37;5;5;2;2;1
Reacao tardia ou ineficiente do condutor;Saida de leito carrocavel;Plena Noite;Nublado;Automovel;Obito;1;5;5;2;2;1
Reacao tardia ou ineficiente do condutor;Saida de leito carrocavel;Plena Noite;Nublado;Caminhao;Ileso;4;5;5;2;2;2
Reacao tardia ou ineficiente do condutor;Saida de leito carrocavel;Plena Noite;Nublado;Caminhao;Lesoes Leves;3;5;5;2;2;2
Reacao tardia ou ineficiente do condutor;Saida de leito carrocavel;Plena Noite;Nublado;Caminhao;Obito;1;5;5;2;2;2
Reacao tardia ou ineficiente do condutor;Saida de leito carrocavel;Plena Noite;Nublado;Caminhao-trator;Ileso;8;5;5;2;2;2
Reacao tardia ou ineficiente do condutor;Saida de leito carrocavel;Plena Noite;Nublado;Caminhao-trator;Lesoes Leves;11;5;5;2;2;2
Reacao tardia ou ineficiente do condutor;Saida de leito carrocavel;Plena Noite;Nublado;Caminhao-trator;Obito;1;5;5;2;2;2
Reacao tardia ou ineficiente do condutor;Saida de leito carrocavel;Plena Noite;Nublado;Caminhonete;Ileso;8;5;5;2;2;2
Reacao tardia ou ineficiente do condutor;Saida de leito carrocavel;Plena Noite;Nublado;Caminhonete;Lesoes Graves;9;5;5;2;2;2
Reacao tardia ou ineficiente do condutor;Saida de leito carrocavel;Plena Noite;Nublado;Caminhonete;Lesoes Leves;5;5;5;2;2;2
Reacao tardia ou ineficiente do condutor;Saida de leito carrocavel;Plena Noite;Nublado;Caminhonete;Obito;1;5;5;2;2;2
Reacao tardia ou ineficiente do condutor;Saida de leito carrocavel;Plena Noite;Nublado;Motocicleta;Lesoes Graves;5;5;5;2;2;1
Reacao tardia ou ineficiente do condutor;Saida de leito carrocavel;Plena Noite;Nublado;Motocicleta;Lesoes Leves;12;5;5;2;2;1
Reacao tardia ou ineficiente do condutor;Saida de leito carrocavel;Plena Noite;Nublado;Motocicleta;Obito;3;5;5;2;2;1
Reacao tardia ou ineficiente do condutor;Saida de leito carrocavel;Plena Noite;Nublado;Nao Informado;Ileso;3;5;5;2;2;3
Reacao tardia ou ineficiente do condutor;Saida de leito carrocavel;Plena Noite;Nublado;Nao Informado;Lesoes Leves;2;5;5;2;2;3
Reacao tardia ou ineficiente do condutor;Saida de leito carrocavel;Plena Noite;Nublado;Nao se aplica;Ileso;2;5;5;2;2;3
Reacao tardia ou ineficiente do condutor;Saida de leito carrocavel;Plena Noite;Nublado;Nao se aplica;Lesoes Leves;1;5;5;2;2;3
Reacao tardia ou ineficiente do condutor;Saida de leito carrocavel;Plena Noite;Nublado;Nao se aplica;Obito;1;5;5;2;2;3
Reacao tardia ou ineficiente do condutor;Saida de leito carrocavel;Plena Noite;Nublado;Onibus;Ileso;9;5;5;2;2;3
Reacao tardia ou ineficiente do condutor;Saida de leito carrocavel;Plena Noite;Nublado;Onibus;Lesoes Graves;24;5;5;2;2;3
Reacao tardia ou ineficiente do condutor;Saida de leito carrocavel;Plena Noite;Nublado;Onibus;Lesoes Leves;37;5;5;2;2;3
Reacao tardia ou ineficiente do condutor;Saida de leito carrocavel;Plena Noite;Nublado;Onibus;Obito;2;5;5;2;2;3
Reacao tardia ou ineficiente do condutor;Saida de leito carrocavel;Plena Noite;Nublado;Utilitario;Lesoes Leves;3;5;5;2;2;3
Reacao tardia ou ineficiente do condutor;Saida de leito carrocavel;Plena Noite;Nublado;Utilitario;Obito;1;5;5;2;2;3
Reacao tardia ou ineficiente do condutor;Saida de leito carrocavel;Pleno dia;Ceu Claro;Automovel;Ileso;121;5;5;1;1;1
Reacao tardia ou ineficiente do condutor;Saida de leito carrocavel;Pleno dia;Ceu Claro;Automovel;Lesoes Graves;58;5;5;1;1;1
Reacao tardia ou ineficiente do condutor;Saida de leito carrocavel;Pleno dia;Ceu Claro;Automovel;Lesoes Leves;189;5;5;1;1;1
Reacao tardia ou ineficiente do condutor;Saida de leito carrocavel;Pleno dia;Ceu Claro;Automovel;Obito;22;5;5;1;1;1
Reacao tardia ou ineficiente do condutor;Saida de leito carrocavel;Pleno dia;Ceu Claro;Caminhao;Ileso;27;5;5;1;1;2
Reacao tardia ou ineficiente do condutor;Saida de leito carrocavel;Pleno dia;Ceu Claro;Caminhao;Lesoes Graves;11;5;5;1;1;2
Reacao tardia ou ineficiente do condutor;Saida de leito carrocavel;Pleno dia;Ceu Claro;Caminhao;Lesoes Leves;28;5;5;1;1;2
Reacao tardia ou ineficiente do condutor;Saida de leito carrocavel;Pleno dia;Ceu Claro;Caminhao;Obito;10;5;5;1;1;2
Reacao tardia ou ineficiente do condutor;Saida de leito carrocavel;Pleno dia;Ceu Claro;Caminhao-trator;Ileso;48;5;5;1;1;2
Reacao tardia ou ineficiente do condutor;Saida de leito carrocavel;Pleno dia;Ceu Claro;Caminhao-trator;Lesoes Graves;10;5;5;1;1;2
Reacao tardia ou ineficiente do condutor;Saida de leito carrocavel;Pleno dia;Ceu Claro;Caminhao-trator;Lesoes Leves;37;5;5;1;1;2
Reacao tardia ou ineficiente do condutor;Saida de leito carrocavel;Pleno dia;Ceu Claro;Caminhao-trator;Obito;8;5;5;1;1;2
Reacao tardia ou ineficiente do condutor;Saida de leito carrocavel;Pleno dia;Ceu Claro;Caminhonete;Ileso;41;5;5;1;1;2
Reacao tardia ou ineficiente do condutor;Saida de leito carrocavel;Pleno dia;Ceu Claro;Caminhonete;Lesoes Graves;10;5;5;1;1;2
Reacao tardia ou ineficiente do condutor;Saida de leito carrocavel;Pleno dia;Ceu Claro;Caminhonete;Lesoes Leves;45;5;5;1;1;2
Reacao tardia ou ineficiente do condutor;Saida de leito carrocavel;Pleno dia;Ceu Claro;Caminhonete;Obito;4;5;5;1;1;2
Reacao tardia ou ineficiente do condutor;Saida de leito carrocavel;Pleno dia;Ceu Claro;Motocicleta;Ileso;4;5;5;1;1;1
Reacao tardia ou ineficiente do condutor;Saida de leito carrocavel;Pleno dia;Ceu Claro;Motocicleta;Lesoes Graves;30;5;5;1;1;1
Reacao tardia ou ineficiente do condutor;Saida de leito carrocavel;Pleno dia;Ceu Claro;Motocicleta;Lesoes Leves;32;5;5;1;1;1
Reacao tardia ou ineficiente do condutor;Saida de leito carrocavel;Pleno dia;Ceu Claro;Motocicleta;Obito;8;5;5;1;1;1
Reacao tardia ou ineficiente do condutor;Saida de leito carrocavel;Pleno dia;Ceu Claro;Motoneta;Lesoes Graves;1;5;5;1;1;3
Reacao tardia ou ineficiente do condutor;Saida de leito carrocavel;Pleno dia;Ceu Claro;Motoneta;Lesoes Leves;6;5;5;1;1;3
Reacao tardia ou ineficiente do condutor;Saida de leito carrocavel;Pleno dia;Ceu Claro;Nao Informado;Ileso;12;5;5;1;1;3
Reacao tardia ou ineficiente do condutor;Saida de leito carrocavel;Pleno dia;Ceu Claro;Nao Informado;Lesoes Graves;7;5;5;1;1;3
Reacao tardia ou ineficiente do condutor;Saida de leito carrocavel;Pleno dia;Ceu Claro;Nao Informado;Lesoes Leves;8;5;5;1;1;3
Reacao tardia ou ineficiente do condutor;Saida de leito carrocavel;Pleno dia;Ceu Claro;Nao Informado;Obito;1;5;5;1;1;3
Reacao tardia ou ineficiente do condutor;Saida de leito carrocavel;Pleno dia;Ceu Claro;Nao se aplica;Lesoes Leves;2;5;5;1;1;3
Reacao tardia ou ineficiente do condutor;Saida de leito carrocavel;Pleno dia;Ceu Claro;Nao se aplica;Obito;1;5;5;1;1;3
Reacao tardia ou ineficiente do condutor;Saida de leito carrocavel;Pleno dia;Ceu Claro;Onibus;Ileso;52;5;5;1;1;3
Reacao tardia ou ineficiente do condutor;Saida de leito carrocavel;Pleno dia;Ceu Claro;Onibus;Lesoes Graves;43;5;5;1;1;3
Reacao tardia ou ineficiente do condutor;Saida de leito carrocavel;Pleno dia;Ceu Claro;Onibus;Lesoes Leves;41;5;5;1;1;3
Reacao tardia ou ineficiente do condutor;Saida de leito carrocavel;Pleno dia;Ceu Claro;Onibus;Obito;2;5;5;1;1;3
Reacao tardia ou ineficiente do condutor;Saida de leito carrocavel;Pleno dia;Ceu Claro;Reboque;Ileso;1;5;5;1;1;5
Reacao tardia ou ineficiente do condutor;Saida de leito carrocavel;Pleno dia;Ceu Claro;Trator de rodas;Lesoes Graves;2;5;5;1;1;5
Reacao tardia ou ineficiente do condutor;Saida de leito carrocavel;Pleno dia;Ceu Claro;Utilitario;Ileso;9;5;5;1;1;3
Reacao tardia ou ineficiente do condutor;Saida de leito carrocavel;Pleno dia;Ceu Claro;Utilitario;Lesoes Leves;4;5;5;1;1;3
Reacao tardia ou ineficiente do condutor;Saida de leito carrocavel;Pleno dia;Chuva;Automovel;Ileso;81;5;5;1;2;1
Reacao tardia ou ineficiente do condutor;Saida de leito carrocavel;Pleno dia;Chuva;Automovel;Lesoes Graves;12;5;5;1;2;1
Reacao tardia ou ineficiente do condutor;Saida de leito carrocavel;Pleno dia;Chuva;Automovel;Lesoes Leves;113;5;5;1;2;1
Reacao tardia ou ineficiente do condutor;Saida de leito carrocavel;Pleno dia;Chuva;Automovel;Obito;4;5;5;1;2;1
Reacao tardia ou ineficiente do condutor;Saida de leito carrocavel;Pleno dia;Chuva;Caminhao;Ileso;11;5;5;1;2;2
Reacao tardia ou ineficiente do condutor;Saida de leito carrocavel;Pleno dia;Chuva;Caminhao;Lesoes Graves;1;5;5;1;2;2
Reacao tardia ou ineficiente do condutor;Saida de leito carrocavel;Pleno dia;Chuva;Caminhao;Lesoes Leves;17;5;5;1;2;2
Reacao tardia ou ineficiente do condutor;Saida de leito carrocavel;Pleno dia;Chuva;Caminhao-trator;Ileso;7;5;5;1;2;2
Reacao tardia ou ineficiente do condutor;Saida de leito carrocavel;Pleno dia;Chuva;Caminhao-trator;Lesoes Graves;2;5;5;1;2;2
Reacao tardia ou ineficiente do condutor;Saida de leito carrocavel;Pleno dia;Chuva;Caminhao-trator;Lesoes Leves;12;5;5;1;2;2
Reacao tardia ou ineficiente do condutor;Saida de leito carrocavel;Pleno dia;Chuva;Caminhonete;Ileso;17;5;5;1;2;2
Reacao tardia ou ineficiente do condutor;Saida de leito carrocavel;Pleno dia;Chuva;Caminhonete;Lesoes Graves;6;5;5;1;2;2
Reacao tardia ou ineficiente do condutor;Saida de leito carrocavel;Pleno dia;Chuva;Caminhonete;Lesoes Leves;19;5;5;1;2;2
Reacao tardia ou ineficiente do condutor;Saida de leito carrocavel;Pleno dia;Chuva;Caminhonete;Obito;4;5;5;1;2;2
Reacao tardia ou ineficiente do condutor;Saida de leito carrocavel;Pleno dia;Chuva;Motocicleta;Ileso;2;5;5;1;2;1
Reacao tardia ou ineficiente do condutor;Saida de leito carrocavel;Pleno dia;Chuva;Motocicleta;Lesoes Graves;3;5;5;1;2;1
Reacao tardia ou ineficiente do condutor;Saida de leito carrocavel;Pleno dia;Chuva;Motocicleta;Lesoes Leves;8;5;5;1;2;1
Reacao tardia ou ineficiente do condutor;Saida de leito carrocavel;Pleno dia;Chuva;Motocicleta;Obito;2;5;5;1;2;1
Reacao tardia ou ineficiente do condutor;Saida de leito carrocavel;Pleno dia;Chuva;Nao Informado;Ileso;3;5;5;1;2;3
Reacao tardia ou ineficiente do condutor;Saida de leito carrocavel;Pleno dia;Chuva;Nao Informado;Lesoes Graves;3;5;5;1;2;3
Reacao tardia ou ineficiente do condutor;Saida de leito carrocavel;Pleno dia;Chuva;Nao Informado;Lesoes Leves;12;5;5;1;2;3
Reacao tardia ou ineficiente do condutor;Saida de leito carrocavel;Pleno dia;Chuva;Nao se aplica;Lesoes Graves;1;5;5;1;2;3
Reacao tardia ou ineficiente do condutor;Saida de leito carrocavel;Pleno dia;Chuva;Nao se aplica;Lesoes Leves;1;5;5;1;2;3
Reacao tardia ou ineficiente do condutor;Saida de leito carrocavel;Pleno dia;Chuva;Onibus;Ileso;9;5;5;1;2;3