causa_acidente;tipo_acidente;fase_dia;condicao_metereologica;tipo_veiculo;estado_fisico;count;causa_acidente_criterios;tipo_acidente_criterios;fase_dia_criterios;condicao_metereologica_criterios;tipo_veiculo_criterios
Reacao tardia ou ineficiente do condutor;Tombamento;Plena Noite;Chuva;Caminhao-trator;Ileso;2;5;5;2;2;2
Reacao tardia ou ineficiente do condutor;Tombamento;Plena Noite;Chuva;Caminhao-trator;Lesoes Leves;5;5;5;2;2;2
Reacao tardia ou ineficiente do condutor;Tombamento;Plena Noite;Chuva;Caminhonete;Ileso;3;5;5;2;2;2
Reacao tardia ou ineficiente do condutor;Tombamento;Plena Noite;Chuva;Caminhonete;Lesoes Leves;3;5;5;2;2;2
Reacao tardia ou ineficiente do condutor;Tombamento;Plena Noite;Chuva;Motocicleta;Ileso;1;5;5;2;2;1
Reacao tardia ou ineficiente do condutor;Tombamento;Plena Noite;Chuva;Motocicleta;Lesoes Graves;7;5;5;2;2;1
Reacao tardia ou ineficiente do condutor;Tombamento;Plena Noite;Chuva;Motocicleta;Lesoes Leves;18;5;5;2;2;1
Reacao tardia ou ineficiente do condutor;Tombamento;Plena Noite;Chuva;Motocicleta;Obito;2;5;5;2;2;1
Reacao tardia ou ineficiente do condutor;Tombamento;Plena Noite;Chuva;Motoneta;Lesoes Graves;1;5;5;2;2;3
Reacao tardia ou ineficiente do condutor;Tombamento;Plena Noite;Chuva;Motoneta;Lesoes Leves;3;5;5;2;2;3
Reacao tardia ou ineficiente do condutor;Tombamento;Plena Noite;Chuva;Nao Informado;Ileso;1;5;5;2;2;3
Reacao tardia ou ineficiente do condutor;Tombamento;Plena Noite;Chuva;Nao se aplica;Obito;1;5;5;2;2;3
Reacao tardia ou ineficiente do condutor;Tombamento;Plena Noite;Chuva;Onibus;Ileso;15;5;5;2;2;3
Reacao tardia ou ineficiente do condutor;Tombamento;Plena Noite;Chuva;Onibus;Lesoes Graves;29;5;5;2;2;3
Reacao tardia ou ineficiente do condutor;Tombamento;Plena Noite;Chuva;Onibus;Lesoes Leves;12;5;5;2;2;3
Reacao tardia ou ineficiente do condutor;Tombamento;Plena Noite;Chuva;Onibus;Obito;1;5;5;2;2;3
Reacao tardia ou ineficiente do condutor;Tombamento;Plena Noite;Garoa/Chuvisco;Automovel;Ileso;6;5;5;2;3;1
Reacao tardia ou ineficiente do condutor;Tombamento;Plena Noite;Garoa/Chuvisco;Automovel;Lesoes Leves;3;5;5;2;3;1
Reacao tardia ou ineficiente do condutor;Tombamento;Plena Noite;Garoa/Chuvisco;Bicicleta;Obito;1;5;5;2;3;3
Reacao tardia ou ineficiente do condutor;Tombamento;Plena Noite;Garoa/Chuvisco;Caminhao;Ileso;1;5;5;2;3;2
Reacao tardia ou ineficiente do condutor;Tombamento;Plena Noite;Garoa/Chuvisco;Caminhao-trator;Ileso;1;5;5;2;3;2
Reacao tardia ou ineficiente do condutor;Tombamento;Plena Noite;Garoa/Chuvisco;Caminhao-trator;Lesoes Leves;6;5;5;2;3;2
Reacao tardia ou ineficiente do condutor;Tombamento;Plena Noite;Garoa/Chuvisco;Caminhonete;Ileso;7;5;5;2;3;2
Reacao tardia ou ineficiente do condutor;Tombamento;Plena Noite;Garoa/Chuvisco;Caminhonete;Lesoes Leves;1;5;5;2;3;2
Reacao tardia ou ineficiente do condutor;Tombamento;Plena Noite;Garoa/Chuvisco;Motocicleta;Ileso;1;5;5;2;3;1
Reacao tardia ou ineficiente do condutor;Tombamento;Plena Noite;Garoa/Chuvisco;Motocicleta;Lesoes Graves;4;5;5;2;3;1
Reacao tardia ou ineficiente do condutor;Tombamento;Plena Noite;Garoa/Chuvisco;Motocicleta;Lesoes Leves;14;5;5;2;3;1
Reacao tardia ou ineficiente do condutor;Tombamento;Plena Noite;Garoa/Chuvisco;Motocicleta;Obito;5;5;5;2;3;1
Reacao tardia ou ineficiente do condutor;Tombamento;Plena Noite;Garoa/Chuvisco;Motoneta;Lesoes Graves;2;5;5;2;3;3
Reacao tardia ou ineficiente do condutor;Tombamento;Plena Noite;Garoa/Chuvisco;Motoneta;Lesoes Leves;5;5;5;2;3;3
Reacao tardia ou ineficiente do condutor;Tombamento;Plena Noite;Garoa/Chuvisco;Onibus;Ileso;71;5;5;2;3;3
Reacao tardia ou ineficiente do condutor;Tombamento;Plena Noite;Garoa/Chuvisco;Onibus;Lesoes Graves;1;5;5;2;3;3
Reacao tardia ou ineficiente do condutor;Tombamento;Plena Noite;Garoa/Chuvisco;Onibus;Lesoes Leves;53;5;5;2;3;3
Reacao tardia ou ineficiente do condutor;Tombamento;Plena Noite;Ignorado;Automovel;Ileso;4;5;5;2;0;1
Reacao tardia ou ineficiente do condutor;Tombamento;Plena Noite;Ignorado;Automovel;Lesoes Graves;1;5;5;2;0;1
Reacao tardia ou ineficiente do condutor;Tombamento;Plena Noite;Ignorado;Automovel;Lesoes Leves;5;5;5;2;0;1
Reacao tardia ou ineficiente do condutor;Tombamento;Plena Noite;Ignorado;Caminhao;Lesoes Leves;1;5;5;2;0;2
Reacao tardia ou ineficiente do condutor;Tombamento;Plena Noite;Ignorado;Caminhao-trator;Ileso;1;5;5;2;0;2
Reacao tardia ou ineficiente do condutor;Tombamento;Plena Noite;Ignorado;Caminhao-trator;Lesoes Leves;2;5;5;2;0;2
Reacao tardia ou ineficiente do condutor;Tombamento;Plena Noite;Ignorado;Caminhonete;Ileso;1;5;5;2;0;2
Reacao tardia ou ineficiente do condutor;Tombamento;Plena Noite;Ignorado;Micro-onibus;Lesoes Graves;1;5;5;2;0;4
Reacao tardia ou ineficiente do condutor;Tombamento;Plena Noite;Ignorado;Motocicleta;Lesoes Graves;2;5;5;2;0;1
Reacao tardia ou ineficiente do condutor;Tombamento;Plena Noite;Ignorado;Motocicleta;Lesoes Leves;2;5;5;2;0;1
Reacao tardia ou ineficiente do condutor;Tombamento;Plena Noite;Ignorado;Motoneta;Lesoes Graves;1;5;5;2;0;3
Reacao tardia ou ineficiente do condutor;Tombamento;Plena Noite;Ignorado;Nao Informado;Ileso;3;5;5;2;0;3
Reacao tardia ou ineficiente do condutor;Tombamento;Plena Noite;Ignorado;Nao se aplica;Lesoes Graves;1;5;5;2;0;3
Reacao tardia ou ineficiente do condutor;Tombamento;Plena Noite;Nevoeiro/Neblina;Caminhao;Lesoes Leves;1;5;5;2;4;2
Reacao tardia ou ineficiente do condutor;Tombamento;Plena Noite;Nevoeiro/Neblina;Caminhao-trator;Ileso;1;5;5;2;4;2
Reacao tardia ou ineficiente do condutor;Tombamento;Plena Noite;Nublado;Automovel;Ileso;16;5;5;2;2;1
Reacao tardia ou ineficiente do condutor;Tombamento;Plena Noite;Nublado;Automovel;Lesoes Graves;2;5;5;2;2;1
Reacao tardia ou ineficiente do condutor;Tombamento;Plena Noite;Nublado;Automovel;Lesoes Leves;7;5;5;2;2;1
Reacao tardia ou ineficiente do condutor;Tombamento;Plena Noite;Nublado;Bicicleta;Lesoes Graves;1;5;5;2;2;3
Reacao tardia ou ineficiente do condutor;Tombamento;Plena Noite;Nublado;Caminhao;Ileso;7;5;5;2;2;2
Reacao tardia ou ineficiente do condutor;Tombamento;Plena Noite;Nublado;Caminhao;Lesoes Graves;2;5;5;2;2;2
Reacao tardia ou ineficiente do condutor;Tombamento;Plena Noite;Nublado;Caminhao;Lesoes Leves;3;5;5;2;2;2
Reacao tardia ou ineficiente do condutor;Tombamento;Plena Noite;Nublado;Caminhao-trator;Ileso;5;5;5;2;2;2
Reacao tardia ou ineficiente do condutor;Tombamento;Plena Noite;Nublado;Caminhao-trator;Lesoes Leves;8;5;5;2;2;2
Reacao tardia ou ineficiente do condutor;Tombamento;Plena Noite;Nublado;Caminhao-trator;Obito;1;5;5;2;2;2
Reacao tardia ou ineficiente do condutor;Tombamento;Plena Noite;Nublado;Caminhonete;Ileso;7;5;5;2;2;2
Reacao tardia ou ineficiente do condutor;Tombamento;Plena Noite;Nublado;Caminhonete;Lesoes Graves;2;5;5;2;2;2
Reacao tardia ou ineficiente do condutor;Tombamento;Plena Noite;Nublado;Caminhonete;Lesoes Leves;1;5;5;2;2;2
Reacao tardia ou ineficiente do condutor;Tombamento;Plena Noite;Nublado;Ciclomotor;Lesoes Graves;1;5;5;2;2;4
Reacao tardia ou ineficiente do condutor;Tombamento;Plena Noite;Nublado;Motocicleta;Ileso;7;5;5;2;2;1
Reacao tardia ou ineficiente do condutor;Tombamento;Plena Noite;Nublado;Motocicleta;Lesoes Graves;27;5;5;2;2;1
Reacao tardia ou ineficiente do condutor;Tombamento;Plena Noite;Nublado;Motocicleta;Lesoes Leves;44;5;5;2;2;1
Reacao tardia ou ineficiente do condutor;Tombamento;Plena Noite;Nublado;Motocicleta;Obito;6;5;5;2;2;1
Reacao tardia ou ineficiente do condutor;Tombamento;Plena Noite;Nublado;Motoneta;Lesoes Graves;3;5;5;2;2;3
Reacao tardia ou ineficiente do condutor;Tombamento;Plena Noite;Nublado;Motoneta;Lesoes Leves;6;5;5;2;2;3
Reacao tardia ou ineficiente do condutor;Tombamento;Plena Noite;Nublado;Motoneta;Obito;1;5;5;2;2;3
Reacao tardia ou ineficiente do condutor;Tombamento;Plena Noite;Nublado;Nao se aplica;Ileso;2;5;5;2;2;3
Reacao tardia ou ineficiente do condutor;Tombamento;Plena Noite;Nublado;Nao se aplica;Lesoes Graves;1;5;5;2;2;3
Reacao tardia ou ineficiente do condutor;Tombamento;Plena Noite;Nublado;Nao se aplica;Lesoes Leves;2;5;5;2;2;3
Reacao tardia ou ineficiente do condutor;Tombamento;Plena Noite;Nublado;Nao se aplica;Obito;1;5;5;2;2;3
Reacao tardia ou ineficiente do condutor;Tombamento;Plena Noite;Nublado;Onibus;Ileso;12;5;5;2;2;3
Reacao tardia ou ineficiente do condutor;Tombamento;Plena Noite;Nublado;Onibus;Lesoes Graves;24;5;5;2;2;3
Reacao tardia ou ineficiente do condutor;Tombamento;Plena Noite;Nublado;Onibus;Lesoes Leves;37;5;5;2;2;3
Reacao tardia ou ineficiente do condutor;Tombamento;Plena Noite;Nublado;Onibus;Obito;2;5;5;2;2;3
Reacao tardia ou ineficiente do condutor;Tombamento;Plena Noite;Nublado;Utilitario;Lesoes Leves;1;5;5;2;2;3
Reacao tardia ou ineficiente do condutor;Tombamento;Plena Noite;Nublado;Utilitario;Obito;1;5;5;2;2;3
Reacao tardia ou ineficiente do condutor;Tombamento;Plena Noite;Vento;Automovel;Ileso;2;5;5;2;5;1
Reacao tardia ou ineficiente do condutor;Tombamento;Plena Noite;Vento;Motocicleta;Lesoes Leves;3;5;5;2;5;1
Reacao tardia ou ineficiente do condutor;Tombamento;Plena Noite;Vento;Onibus;Ileso;1;5;5;2;5;3
Reacao tardia ou ineficiente do condutor;Tombamento;Pleno dia;Ceu Claro;Automovel;Ileso;226;5;5;1;1;1
Reacao tardia ou ineficiente do condutor;Tombamento;Pleno dia;Ceu Claro;Automovel;Lesoes Graves;16;5;5;1;1;1
Reacao tardia ou ineficiente do condutor;Tombamento;Pleno dia;Ceu Claro;Automovel;Lesoes Leves;33;5;5;1;1;1
Reacao tardia ou ineficiente do condutor;Tombamento;Pleno dia;Ceu Claro;Automovel;Obito;7;5;5;1;1;1
Reacao tardia ou ineficiente do condutor;Tombamento;Pleno dia;Ceu Claro;Bicicleta;Lesoes Graves;3;5;5;1;1;3
Reacao tardia ou ineficiente do condutor;Tombamento;Pleno dia;Ceu Claro;Bicicleta;Lesoes Leves;9;5;5;1;1;3
Reacao tardia ou ineficiente do condutor;Tombamento;Pleno dia;Ceu Claro;Bicicleta;Obito;2;5;5;1;1;3
Reacao tardia ou ineficiente do condutor;Tombamento;Pleno dia;Ceu Claro;Caminhao;Ileso;49;5;5;1;1;2
Reacao tardia ou ineficiente do condutor;Tombamento;Pleno dia;Ceu Claro;Caminhao;Lesoes Graves;7;5;5;1;1;2
Reacao tardia ou ineficiente do condutor;Tombamento;Pleno dia;Ceu Claro;Caminhao;Lesoes Leves;16;5;5;1;1;2
Reacao tardia ou ineficiente do condutor;Tombamento;Pleno dia;Ceu Claro;Caminhao;Obito;4;5;5;1;1;2
Reacao tardia ou ineficiente do condutor;Tombamento;Pleno dia;Ceu Claro;Caminhao-trator;Ileso;48;5;5;1;1;2
Reacao tardia ou ineficiente do condutor;Tombamento;Pleno dia;Ceu Claro;Caminhao-trator;Lesoes Graves;17;5;5;1;1;2
Reacao tardia ou ineficiente do condutor;Tombamento;Pleno dia;Ceu Claro;Caminhao-trator;Lesoes Leves;69;5;5;1;1;2
Reacao tardia ou ineficiente do condutor;Tombamento;Pleno dia;Ceu Claro;Caminhao-trator;Obito;7;5;5;1;1;2
Reacao tardia ou ineficiente do condutor;Tombamento;Pleno dia;Ceu Claro;Caminhonete;Ileso;55;5;5;1;1;2
Reacao tardia ou ineficiente do condutor;Tombamento;Pleno dia;Ceu Claro;Caminhonete;Lesoes Graves;2;5;5;1;1;2
Reacao tardia ou ineficiente do condutor;Tombamento;Pleno dia;Ceu Claro;Caminhonete;Lesoes Leves;12;5;5;1;1;2
Reacao tardia ou ineficiente do condutor;Tombamento;Pleno dia;Ceu Claro;Ciclomotor;Lesoes Leves;4;5;5;1;1;4
Reacao tardia ou ineficiente do condutor;Tombamento;Pleno dia;Ceu Claro;Micro-onibus;Ileso;6;5;5;1;1;4
Reacao tardia ou ineficiente do condutor;Tombamento;Pleno dia;Ceu Claro;Motocicleta;Ileso;38;5;5;1;1;1
Reacao tardia ou ineficiente do condutor;Tombamento;Pleno dia;Ceu Claro;Motocicleta;Lesoes Graves;103;5;5;1;1;1
Reacao tardia ou ineficiente do condutor;Tombamento;Pleno dia;Ceu Claro;Motocicleta;Lesoes Leves;332;5;5;1;1;1
Reacao tardia ou ineficiente do condutor;Tombamento;Pleno dia;Ceu Claro;Motocicleta;Obito;22;5;5;1;1;1
Reacao tardia ou ineficiente do condutor;Tombamento;Pleno dia;Ceu Claro;Motoneta;Ileso;4;5;5;1;1;3
Reacao tardia ou ineficiente do condutor;Tombamento;Pleno dia;Ceu Claro;Motoneta;Lesoes Graves;7;5;5;1;1;3
Reacao tardia ou ineficiente do condutor;Tombamento;Pleno dia;Ceu Claro;Motoneta;Lesoes Leves;47;5;5;1;1;3
Reacao tardia ou ineficiente do condutor;Tombamento;Pleno dia;Ceu Claro;Motoneta;Obito;1;5;5;1;1;3
Reacao tardia ou ineficiente do condutor;Tombamento;Pleno dia;Ceu Claro;Nao Informado;Ileso;17;5;5;1;1;3
Reacao tardia ou ineficiente do condutor;Tombamento;Pleno dia;Ceu Claro;Nao Informado;Lesoes Leves;3;5;5;1;1;3
Reacao tardia ou ineficiente do condutor;Tombamento;Pleno dia;Ceu Claro;Nao se aplica;Lesoes Graves;2;5;5;1;1;3
Reacao tardia ou ineficiente do condutor;Tombamento;Pleno dia;Ceu Claro;Nao se aplica;Lesoes Leves;5;5;5;1;1;3
Reacao tardia ou ineficiente do condutor;Tombamento;Pleno dia;Ceu Claro;Nao se aplica;Obito;1;5;5;1;1;3
Reacao tardia ou ineficiente do condutor;Tombamento;Pleno dia;Ceu Claro;Onibus;Ileso;31;5;5;1;1;3
Reacao tardia ou ineficiente do condutor;Tombamento;Pleno dia;Ceu Claro;Onibus;Lesoes Graves;34;5;5;1;1;3
Reacao tardia ou ineficiente do condutor;Tombamento;Pleno dia;Ceu Claro;Onibus;Lesoes Leves;29;5;5;1;1;3
Reacao tardia ou ineficiente do condutor;Tombamento;Pleno dia;Ceu Claro;Onibus;Obito;2;5;5;1;1;3
Reacao tardia ou ineficiente do condutor;Tombamento;Pleno dia;Ceu Claro;Trator de esteira;Ileso;1;5;5;1;1;5
Reacao tardia ou ineficiente do condutor;Tombamento;Pleno dia;Ceu Claro;Trator de rodas;Ileso;1;5;5;1;1;5
Reacao tardia ou ineficiente do condutor;Tombamento;Pleno dia;Ceu Claro;Trator de rodas;Lesoes Graves;2;5;5;1;1;5
Reacao tardia ou ineficiente do condutor;Tombamento;Pleno dia;Ceu Claro;Utilitario;Ileso;17;5;5;1;1;3
Reacao tardia ou ineficiente do condutor;Tombamento;Pleno dia;Chuva;Automovel;Ileso;19;5;5;1;2;1
Reacao tardia ou ineficiente do condutor;Tombamento;Pleno dia;Chuva;Automovel;Lesoes Graves;2;5;5;1;2;1
Reacao tardia ou ineficiente do condutor;Tombamento;Pleno dia;Chuva;Automovel;Lesoes Leves;3;5;5;1;2;1
Reacao tardia ou ineficiente do condutor;Tombamento;Pleno dia;Chuva;Caminhao;Ileso;7;5;5;1;2;2
Reacao tardia ou ineficiente do condutor;Tombamento;Pleno dia;Chuva;Caminhao;Lesoes Graves;1;5;5;1;2;2
Reacao tardia ou ineficiente do condutor;Tombamento;Pleno dia;Chuva;Caminhao;Lesoes Leves;12;5;5;1;2;2
Reacao tardia ou ineficiente do condutor;Tombamento;Pleno dia;Chuva;Caminhao-trator;Ileso;8;5;5;1;2;2
Reacao tardia ou ineficiente do condutor;Tombamento;Pleno dia;Chuva;Caminhao-trator;Lesoes Leves;10;5;5;1;2;2
Reacao tardia ou ineficiente do condutor;Tombamento;Pleno dia;Chuva;Caminhonete;Ileso;15;5;5;1;2;2
Reacao tardia ou ineficiente do condutor;Tombamento;Pleno dia;Chuva;Caminhonete;Lesoes Graves;1;5;5;1;2;2
Reacao tardia ou ineficiente do condutor;Tombamento;Pleno dia;Chuva;Ciclomotor;Lesoes Graves;1;5;5;1;2;4
Reacao tardia ou ineficiente do condutor;Tombamento;Pleno dia;Chuva;Motocicleta;Ileso;2;5;5;1;2;1
Reacao tardia ou ineficiente do condutor;Tombamento;Pleno dia;Chuva;Motocicleta;Lesoes Graves;13;5;5;1;2;1
Reacao tardia ou ineficiente do condutor;Tombamento;Pleno dia;Chuva;Motocicleta;Lesoes Leves;40;5;5;1;2;1
Reacao tardia ou ineficiente do condutor;Tombamento;Pleno dia;Chuva;Motoneta;Lesoes Graves;1;5;5;1;2;3
Reacao tardia ou ineficiente do condutor;Tombamento;Pleno dia;Chuva;Motoneta;Lesoes Leves;6;5;5;1;2;3
Reacao tardia ou ineficiente do condutor;Tombamento;Pleno dia;Chuva;Nao Informado;Lesoes Leves;7;5;5;1;2;3
Reacao tardia ou ineficiente do condutor;Tombamento;Pleno dia;Chuva;Nao se aplica;Lesoes Leves;1;5;5;1;2;3
Reacao tardia ou ineficiente do condutor;Tombamento;Pleno dia;Chuva;Onibus;Ileso;13;5;5;1;2;3
Reacao tardia ou ineficiente do condutor;Tombamento;Pleno dia;Chuva;Onibus;Lesoes Graves;3;5;5;1;2;3
Reacao tardia ou ineficiente do condutor;Tombamento;Pleno dia;Chuva;Onibus;Lesoes Leves;8;5;5;1;2;3
Reacao tardia ou ineficiente do condutor;Tombamento;Pleno dia;Chuva;Utilitario;Ileso;7;5;5;1;2;3
Reacao tardia ou ineficiente do condutor;Tombamento;Pleno dia;Chuva;Utilitario;Lesoes Leves;3;5;5;1;2;3
Reacao tardia ou ineficiente do condutor;Tombamento;Pleno dia;Garoa/Chuvisco;Automovel;Ileso;15;5;5;1;3;1
Reacao tardia ou ineficiente do condutor;Tombamento;Pleno dia;Garoa/Chuvisco;Caminhao;Ileso;4;5;5;1;3;2
Reacao tardia ou ineficiente do condutor;Tombamento;Pleno dia;Garoa/Chuvisco;Caminhao;Lesoes Leves;3;5;5;1;3;2
Reacao tardia ou ineficiente do condutor;Tombamento;Pleno dia;Garoa/Chuvisco;Caminhao;Obito;1;5;5;1;3;2
Reacao tardia ou ineficiente do condutor;Tombamento;Pleno dia;Garoa/Chuvisco;Caminhonete;Ileso;1;5;5;1;3;2
Reacao tardia ou ineficiente do condutor;Tombamento;Pleno dia;Garoa/Chuvisco;Caminhonete;Lesoes Graves;3;5;5;1;3;2
Reacao tardia ou ineficiente do condutor;Tombamento;Pleno dia;Garoa/Chuvisco;Caminhonete;Lesoes Leves;2;5;5;1;3;2
Reacao tardia ou ineficiente do condutor;Tombamento;Pleno dia;Garoa/Chuvisco;Micro-onibus;Ileso;1;5;5;1;3;4
Reacao tardia ou ineficiente do condutor;Tombamento;Pleno dia;Garoa/Chuvisco;Micro-onibus;Lesoes Graves;6;5;5;1;3;4
Reacao tardia ou ineficiente do condutor;Tombamento;Pleno dia;Garoa/Chuvisco;Micro-onibus;Lesoes Leves;2;5;5;1;3;4
Reacao tardia ou ineficiente do condutor;Tombamento;Pleno dia;Garoa/Chuvisco;Motocicleta;Ileso;1;5;5;1;3;1
Reacao tardia ou ineficiente do condutor;Tombamento;Pleno dia;Garoa/Chuvisco;Motocicleta;Lesoes Graves;2;5;5;1;3;1
Reacao tardia ou ineficiente do condutor;Tombamento;Pleno dia;Garoa/Chuvisco;Motocicleta;Lesoes Leves;10;5;5;1;3;1
Reacao tardia ou ineficiente do condutor;Tombamento;Pleno dia;Garoa/Chuvisco;Motoneta;Ileso;1;5;5;1;3;3
Reacao tardia ou ineficiente do condutor;Tombamento;Pleno dia;Garoa/Chuvisco;Motoneta;Lesoes Leves;3;5;5;1;3;3
Reacao tardia ou ineficiente do condutor;Tombamento;Pleno dia;Garoa/Chuvisco;Onibus;Ileso;1;5;5;1;3;3
Reacao tardia ou ineficiente do condutor;Tombamento;Pleno dia;Garoa/Chuvisco;Utilitario;Ileso;1;5;5;1;3;3
Reacao tardia ou ineficiente do condutor;Tombamento;Pleno dia;Ignorado;Automovel;Ileso;1;5;5;1;0;1
Reacao tardia ou ineficiente do condutor;Tombamento;Pleno dia;Ignorado;Caminhao;Ileso;1;5;5;1;0;2
Reacao tardia ou ineficiente do condutor;Tombamento;Pleno dia;Ignorado;Caminhao-trator;Lesoes Leves;1;5;5;1;0;2
Reacao tardia ou ineficiente do condutor;Tombamento;Pleno dia;Ignorado;Motocicleta;Lesoes Leves;2;5;5;1;0;1
Reacao tardia ou ineficiente do condutor;Tombamento;Pleno dia;Ignorado;Motocicleta;Obito;1;5;5;1;0;1
Reacao tardia ou ineficiente do condutor;Tombamento;Pleno dia;Ignorado;Motoneta;Lesoes Graves;1;5;5;1;0;3
Reacao tardia ou ineficiente do condutor;Tombamento;Pleno dia;Nublado;Automovel;Ileso;61;5;5;1;2;1
Reacao tardia ou ineficiente do condutor;Tombamento;Pleno dia;Nublado;Automovel;Lesoes Graves;4;5;5;1;2;1
Reacao tardia ou ineficiente do condutor;Tombamento;Pleno dia;Nublado;Automovel;Lesoes Leves;5;5;5;1;2;1
Reacao tardia ou ineficiente do condutor;Tombamento;Pleno dia;Nublado;Automovel;Obito;4;5;5;1;2;1
Reacao tardia ou ineficiente do condutor;Tombamento;Pleno dia;Nublado;Bicicleta;Lesoes Graves;1;5;5;1;2;3
Reacao tardia ou ineficiente do condutor;Tombamento;Pleno dia;Nublado;Bicicleta;Lesoes Leves;2;5;5;1;2;3
Reacao tardia ou ineficiente do condutor;Tombamento;Pleno dia;Nublado;Caminhao;Ileso;9;5;5;1;2;2
Reacao tardia ou ineficiente do condutor;Tombamento;Pleno dia;Nublado;Caminhao;Lesoes Graves;4;5;5;1;2;2
Reacao tardia ou ineficiente do condutor;Tombamento;Pleno dia;Nublado;Caminhao;Lesoes Leves;12;5;5;1;2;2
Reacao tardia ou ineficiente do condutor;Tombamento;Pleno dia;Nublado;Caminhao-trator;Ileso;22;5;5;1;2;2
Reacao tardia ou ineficiente do condutor;Tombamento;Pleno dia;Nublado;Caminhao-trator;Lesoes Graves;9;5;5;1;2;2
Reacao tardia ou ineficiente do condutor;Tombamento;Pleno dia;Nublado;Caminhao-trator;Lesoes Leves;27;5;5;1;2;2
Reacao tardia ou ineficiente do condutor;Tombamento;Pleno dia;Nublado;Caminhao-trator;Obito;1;5;5;1;2;2
Reacao tardia ou ineficiente do condutor;Tombamento;Pleno dia;Nublado;Caminhonete;Ileso;35;5;5;1;2;2
Reacao tardia ou ineficiente do condutor;Tombamento;Pleno dia;Nublado;Caminhonete;Lesoes Graves;1;5;5;1;2;2
Reacao tardia ou ineficiente do condutor;Tombamento;Pleno dia;Nublado;Caminhonete;Lesoes Leves;5;5;5;1;2;2
Reacao tardia ou ineficiente do condutor;Tombamento;Pleno dia;Nublado;Carroca-charrete;Lesoes Leves;1;5;5;1;2;5
Reacao tardia ou ineficiente do condutor;Tombamento;Pleno dia;Nublado;Micro-onibus;Ileso;2;5;5;1;2;4
Reacao tardia ou ineficiente do condutor;Tombamento;Pleno dia;Nublado;Motocicleta;Ileso;10;5;5;1;2;1
Reacao tardia ou ineficiente do condutor;Tombamento;Pleno dia;Nublado;Motocicleta;Lesoes Graves;31;5;5;1;2;1
Reacao tardia ou ineficiente do condutor;Tombamento;Pleno dia;Nublado;Motocicleta;Lesoes Leves;105;5;5;1;2;1
Reacao tardia ou ineficiente do condutor;Tombamento;Pleno dia;Nublado;Motocicleta;Obito;3;5;5;1;2;1
Reacao tardia ou ineficiente do condutor;Tombamento;Pleno dia;Nublado;Motoneta;Ileso;2;5;5;1;2;3
Reacao tardia ou ineficiente do condutor;Tombamento;Pleno dia;Nublado;Motoneta;Lesoes Graves;4;5;5;1;2;3
Reacao tardia ou ineficiente do condutor;Tombamento;Pleno dia;Nublado;Motoneta;Lesoes Leves;13;5;5;1;2;3
Reacao tardia ou ineficiente do condutor;Tombamento;Pleno dia;Nublado;Motoneta;Obito;1;5;5;1;2;3
Reacao tardia ou ineficiente do condutor;Tombamento;Pleno dia;Nublado;Nao Informado;Ileso;9;5;5;1;2;3
Reacao tardia ou ineficiente do condutor;Tombamento;Pleno dia;Nublado;Nao Informado;Lesoes Leves;1;5;5;1;2;3
Reacao tardia ou ineficiente do condutor;Tombamento;Pleno dia;Nublado;Nao se aplica;Lesoes Graves;1;5;5;1;2;3
Reacao tardia ou ineficiente do condutor;Tombamento;Pleno dia;Nublado;Nao se aplica;Lesoes Leves;3;5;5;1;2;3
Reacao tardia ou ineficiente do condutor;Tombamento;Pleno dia;Nublado;Onibus;Ileso;5;5;5;1;2;3
Reacao tardia ou ineficiente do condutor;Tombamento;Pleno dia;Nublado;Utilitario;Ileso;3;5;5;1;2;3
Reacao tardia ou ineficiente do condutor;Tombamento;Pleno dia;Sol;Automovel;Ileso;35;5;5;1;3;1
Reacao tardia ou ineficiente do condutor;Tombamento;Pleno dia;Sol;Automovel;Lesoes Leves;10;5;5;1;3;1
Reacao tardia ou ineficiente do condutor;Tombamento;Pleno dia;Sol;Bicicleta;Lesoes Leves;1;5;5;1;3;3
Reacao tardia ou ineficiente do condutor;Tombamento;Pleno dia;Sol;Bicicleta;Obito;1;5;5;1;3;3
Reacao tardia ou ineficiente do condutor;Tombamento;Pleno dia;Sol;Caminhao;Ileso;2;5;5;1;3;2
Reacao tardia ou ineficiente do condutor;Tombamento;Pleno dia;Sol;Caminhao;Lesoes Graves;1;5;5;1;3;2
Reacao tardia ou ineficiente do condutor;Tombamento;Pleno dia;Sol;Caminhao;Lesoes Leves;2;5;5;1;3;2
Reacao tardia ou ineficiente do condutor;Tombamento;Pleno dia;Sol;Caminhao-trator;Ileso;8;5;5;1;3;2
Reacao tardia ou ineficiente do condutor;Tombamento;Pleno dia;Sol;Caminhao-trator;Lesoes Graves;2;5;5;1;3;2
Reacao tardia ou ineficiente do condutor;Tombamento;Pleno dia;Sol;Caminhao-trator;Lesoes Leves;17;5;5;1;3;2
Reacao tardia ou ineficiente do condutor;Tombamento;Pleno dia;Sol;Caminhonete;Ileso;10;5;5;1;3;2
Reacao tardia ou ineficiente do condutor;Tombamento;Pleno dia;Sol;Caminhonete;Obito;3;5;5;1;3;2
Reacao tardia ou ineficiente do condutor;Tombamento;Pleno dia;Sol;Ciclomotor;Lesoes Leves;1;5;5;1;3;4
Reacao tardia ou ineficiente do condutor;Tombamento;Pleno dia;Sol;Motocicleta;Ileso;2;5;5;1;3;1
Reacao tardia ou ineficiente do condutor;Tombamento;Pleno dia;Sol;Motocicleta;Lesoes Graves;14;5;5;1;3;1
Reacao tardia ou ineficiente do condutor;Tombamento;Pleno dia;Sol;Motocicleta;Lesoes Leves;52;5;5;1;3;1