causa_acidente;tipo_acidente;fase_dia;condicao_metereologica;tipo_veiculo;estado_fisico;count;causa_acidente_criterios;tipo_acidente_criterios;fase_dia_criterios;condicao_metereologica_criterios;tipo_veiculo_criterios
Restricao de visibilidade em curvas horizontais;Tombamento;Plena Noite;Nublado;Caminhao;Ileso;1;1;5;2;2;2
Restricao de visibilidade em curvas horizontais;Tombamento;Plena Noite;Nublado;Motocicleta;Lesoes Leves;1;1;5;2;2;1
Restricao de visibilidade em curvas horizontais;Tombamento;Plena Noite;Nublado;Nao se aplica;Ileso;2;1;5;2;2;3
Restricao de visibilidade em curvas horizontais;Tombamento;Plena Noite;Nublado;Nao se aplica;Lesoes Leves;1;1;5;2;2;3
Restricao de visibilidade em curvas horizontais;Tombamento;Plena Noite;Nublado;Nao se aplica;Obito;1;1;5;2;2;3
Restricao de visibilidade em curvas horizontais;Tombamento;Pleno dia;Ceu Claro;Automovel;Ileso;1;1;5;1;1;1
Restricao de visibilidade em curvas horizontais;Tombamento;Pleno dia;Ceu Claro;Caminhao-trator;Ileso;1;1;5;1;1;2
Restricao de visibilidade em curvas horizontais;Tombamento;Pleno dia;Ceu Claro;Caminhao-trator;Lesoes Leves;2;1;5;1;1;2
Restricao de visibilidade em curvas horizontais;Tombamento;Pleno dia;Ceu Claro;Caminhonete;Ileso;1;1;5;1;1;2
Restricao de visibilidade em curvas horizontais;Tombamento;Pleno dia;Ceu Claro;Caminhonete;Lesoes Graves;1;1;5;1;1;2
Restricao de visibilidade em curvas horizontais;Tombamento;Pleno dia;Ceu Claro;Motocicleta;Ileso;1;1;5;1;1;1
Restricao de visibilidade em curvas horizontais;Tombamento;Pleno dia;Ceu Claro;Motocicleta;Lesoes Graves;1;1;5;1;1;1
Restricao de visibilidade em curvas horizontais;Tombamento;Pleno dia;Ceu Claro;Motocicleta;Obito;2;1;5;1;1;1
Restricao de visibilidade em curvas horizontais;Tombamento;Pleno dia;Sol;Bicicleta;Obito;1;1;5;1;3;3
Restricao de visibilidade em curvas horizontais;Tombamento;Pleno dia;Sol;Motocicleta;Lesoes Leves;1;1;5;1;3;1
Restricao de visibilidade em curvas verticais;Atropelamento de Animal;Pleno dia;Ceu Claro;Motocicleta;Lesoes Leves;2;1;2;1;1;1
Restricao de visibilidade em curvas verticais;Atropelamento de Pedestre;Plena Noite;Ceu Claro;Bicicleta;Obito;1;1;4;2;1;3
Restricao de visibilidade em curvas verticais;Atropelamento de Pedestre;Plena Noite;Ceu Claro;Caminhao-trator;Ileso;1;1;4;2;1;2
Restricao de visibilidade em curvas verticais;Atropelamento de Pedestre;Plena Noite;Ceu Claro;Nao Informado;Ileso;2;1;4;2;1;3
Restricao de visibilidade em curvas verticais;Atropelamento de Pedestre;Plena Noite;Ceu Claro;Nao se aplica;Lesoes Leves;1;1;4;2;1;3
Restricao de visibilidade em curvas verticais;Atropelamento de Pedestre;Pleno dia;Garoa/Chuvisco;Nao Informado;Ileso;2;1;4;1;3;3
Restricao de visibilidade em curvas verticais;Atropelamento de Pedestre;Pleno dia;Garoa/Chuvisco;Nao se aplica;Obito;1;1;4;1;3;3
Restricao de visibilidade em curvas verticais;Capotamento;Anoitecer;Chuva;Automovel;Lesoes Leves;2;1;5;4;2;1
Restricao de visibilidade em curvas verticais;Capotamento;Pleno dia;Sol;Automovel;Lesoes Leves;1;1;5;1;3;1
Restricao de visibilidade em curvas verticais;Colisao com objeto;Pleno dia;Nublado;Automovel;Ileso;1;1;5;1;2;1
Restricao de visibilidade em curvas verticais;Colisao com objeto;Pleno dia;Nublado;Automovel;Lesoes Leves;1;1;5;1;2;1
Restricao de visibilidade em curvas verticais;Colisao com objeto;Pleno dia;Nublado;Caminhao-trator;Ileso;1;1;5;1;2;2
Restricao de visibilidade em curvas verticais;Colisao frontal;Amanhecer;Ceu Claro;Automovel;Lesoes Graves;2;1;5;4;1;1
Restricao de visibilidade em curvas verticais;Colisao frontal;Amanhecer;Ceu Claro;Automovel;Obito;1;1;5;4;1;1
Restricao de visibilidade em curvas verticais;Colisao frontal;Amanhecer;Ceu Claro;Caminhao;Ileso;1;1;5;4;1;2
Restricao de visibilidade em curvas verticais;Colisao frontal;Amanhecer;Ceu Claro;Utilitario;Lesoes Leves;3;1;5;4;1;3
Restricao de visibilidade em curvas verticais;Colisao frontal;Amanhecer;Chuva;Caminhao-trator;Lesoes Graves;1;1;5;4;2;2
Restricao de visibilidade em curvas verticais;Colisao frontal;Amanhecer;Chuva;Caminhao-trator;Lesoes Leves;2;1;5;4;2;2
Restricao de visibilidade em curvas verticais;Colisao frontal;Amanhecer;Nevoeiro/Neblina;Automovel;Ileso;1;1;5;4;4;1
Restricao de visibilidade em curvas verticais;Colisao frontal;Amanhecer;Nevoeiro/Neblina;Automovel;Lesoes Graves;5;1;5;4;4;1
Restricao de visibilidade em curvas verticais;Colisao frontal;Amanhecer;Nevoeiro/Neblina;Automovel;Lesoes Leves;1;1;5;4;4;1
Restricao de visibilidade em curvas verticais;Colisao frontal;Plena Noite;Ceu Claro;Motocicleta;Lesoes Graves;1;1;5;2;1;1
Restricao de visibilidade em curvas verticais;Colisao frontal;Plena Noite;Ceu Claro;Motocicleta;Obito;1;1;5;2;1;1
Restricao de visibilidade em curvas verticais;Colisao frontal;Pleno dia;Sol;Automovel;Lesoes Leves;1;1;5;1;3;1
Restricao de visibilidade em curvas verticais;Colisao frontal;Pleno dia;Sol;Caminhao-trator;Ileso;1;1;5;1;3;2
Restricao de visibilidade em curvas verticais;Colisao frontal;Pleno dia;Sol;Motocicleta;Obito;1;1;5;1;3;1
Restricao de visibilidade em curvas verticais;Colisao lateral mesmo sentido;Amanhecer;Ceu Claro;Automovel;Lesoes Graves;2;1;5;4;1;1
Restricao de visibilidade em curvas verticais;Colisao lateral mesmo sentido;Amanhecer;Ceu Claro;Automovel;Obito;1;1;5;4;1;1
Restricao de visibilidade em curvas verticais;Colisao lateral mesmo sentido;Amanhecer;Ceu Claro;Caminhao;Ileso;1;1;5;4;1;2
Restricao de visibilidade em curvas verticais;Colisao lateral mesmo sentido;Amanhecer;Ceu Claro;Utilitario;Lesoes Leves;3;1;5;4;1;3
Restricao de visibilidade em curvas verticais;Colisao lateral mesmo sentido;Plena Noite;Nublado;Motocicleta;Lesoes Graves;1;1;5;2;2;1
Restricao de visibilidade em curvas verticais;Colisao lateral mesmo sentido;Plena Noite;Nublado;Utilitario;Ileso;1;1;5;2;2;3
Restricao de visibilidade em curvas verticais;Colisao lateral mesmo sentido;Pleno dia;Sol;Automovel;Lesoes Leves;1;1;5;1;3;1
Restricao de visibilidade em curvas verticais;Colisao lateral mesmo sentido;Pleno dia;Sol;Caminhao-trator;Ileso;1;1;5;1;3;2
Restricao de visibilidade em curvas verticais;Colisao lateral mesmo sentido;Pleno dia;Sol;Motocicleta;Obito;1;1;5;1;3;1
Restricao de visibilidade em curvas verticais;Colisao lateral sentido oposto;Plena Noite;Ceu Claro;Automovel;Ileso;1;1;4;2;1;1
Restricao de visibilidade em curvas verticais;Colisao lateral sentido oposto;Plena Noite;Ceu Claro;Automovel;Lesoes Leves;2;1;4;2;1;1
Restricao de visibilidade em curvas verticais;Colisao lateral sentido oposto;Plena Noite;Ceu Claro;Caminhao;Ileso;2;1;4;2;1;2
Restricao de visibilidade em curvas verticais;Colisao lateral sentido oposto;Plena Noite;Chuva;Caminhao-trator;Ileso;1;1;4;2;2;2
Restricao de visibilidade em curvas verticais;Colisao lateral sentido oposto;Plena Noite;Chuva;Caminhao-trator;Lesoes Leves;1;1;4;2;2;2
Restricao de visibilidade em curvas verticais;Colisao lateral sentido oposto;Plena Noite;Nublado;Motocicleta;Lesoes Graves;1;1;4;2;2;1
Restricao de visibilidade em curvas verticais;Colisao lateral sentido oposto;Plena Noite;Nublado;Utilitario;Ileso;1;1;4;2;2;3
Restricao de visibilidade em curvas verticais;Colisao lateral sentido oposto;Pleno dia;Nublado;Automovel;Ileso;1;1;4;1;2;1
Restricao de visibilidade em curvas verticais;Colisao lateral sentido oposto;Pleno dia;Nublado;Automovel;Lesoes Leves;1;1;4;1;2;1
Restricao de visibilidade em curvas verticais;Colisao lateral sentido oposto;Pleno dia;Nublado;Caminhao-trator;Ileso;1;1;4;1;2;2
Restricao de visibilidade em curvas verticais;Colisao transversal;Plena Noite;Nublado;Automovel;Ileso;1;1;5;2;2;1
Restricao de visibilidade em curvas verticais;Colisao transversal;Plena Noite;Nublado;Motocicleta;Lesoes Graves;1;1;5;2;2;1
Restricao de visibilidade em curvas verticais;Colisao transversal;Plena Noite;Nublado;Motocicleta;Lesoes Leves;1;1;5;2;2;1
Restricao de visibilidade em curvas verticais;Colisao transversal;Pleno dia;Ceu Claro;Automovel;Lesoes Graves;6;1;5;1;1;1
Restricao de visibilidade em curvas verticais;Colisao transversal;Pleno dia;Ceu Claro;Automovel;Obito;1;1;5;1;1;1
Restricao de visibilidade em curvas verticais;Colisao transversal;Pleno dia;Ceu Claro;Caminhao-trator;Ileso;1;1;5;1;1;2
Restricao de visibilidade em curvas verticais;Colisao transversal;Pleno dia;Ceu Claro;Caminhonete;Ileso;3;1;5;1;1;2
Restricao de visibilidade em curvas verticais;Colisao transversal;Pleno dia;Ceu Claro;Caminhonete;Lesoes Leves;4;1;5;1;1;2
Restricao de visibilidade em curvas verticais;Colisao transversal;Pleno dia;Ceu Claro;Motocicleta;Lesoes Graves;1;1;5;1;1;1
Restricao de visibilidade em curvas verticais;Colisao transversal;Pleno dia;Ceu Claro;Motocicleta;Obito;2;1;5;1;1;1
Restricao de visibilidade em curvas verticais;Colisao transversal;Pleno dia;Ceu Claro;Nao Informado;Ileso;2;1;5;1;1;3
Restricao de visibilidade em curvas verticais;Colisao transversal;Pleno dia;Ceu Claro;Utilitario;Ileso;5;1;5;1;1;3
Restricao de visibilidade em curvas verticais;Colisao transversal;Pleno dia;Sol;Bicicleta;Obito;1;1;5;1;3;3
Restricao de visibilidade em curvas verticais;Colisao transversal;Pleno dia;Sol;Motocicleta;Lesoes Leves;1;1;5;1;3;1
Restricao de visibilidade em curvas verticais;Colisao traseira;Plena Noite;Ceu Claro;Bicicleta;Obito;1;1;5;2;1;3
Restricao de visibilidade em curvas verticais;Colisao traseira;Plena Noite;Ceu Claro;Caminhao-trator;Ileso;3;1;5;2;1;2
Restricao de visibilidade em curvas verticais;Colisao traseira;Plena Noite;Ceu Claro;Caminhao-trator;Lesoes Leves;1;1;5;2;1;2
Restricao de visibilidade em curvas verticais;Colisao traseira;Pleno dia;Ceu Claro;Automovel;Ileso;4;1;5;1;1;1
Restricao de visibilidade em curvas verticais;Colisao traseira;Pleno dia;Ceu Claro;Automovel;Lesoes Graves;2;1;5;1;1;1
Restricao de visibilidade em curvas verticais;Colisao traseira;Pleno dia;Ceu Claro;Caminhao;Ileso;2;1;5;1;1;2
Restricao de visibilidade em curvas verticais;Colisao traseira;Pleno dia;Ceu Claro;Caminhao-trator;Ileso;1;1;5;1;1;2
Restricao de visibilidade em curvas verticais;Colisao traseira;Pleno dia;Ceu Claro;Caminhonete;Lesoes Leves;1;1;5;1;1;2
Restricao de visibilidade em curvas verticais;Colisao traseira;Pleno dia;Ceu Claro;Motocicleta;Lesoes Leves;1;1;5;1;1;1
Restricao de visibilidade em curvas verticais;Colisao traseira;Pleno dia;Ceu Claro;Nao Informado;Ileso;3;1;5;1;1;3
Restricao de visibilidade em curvas verticais;Colisao traseira;Pleno dia;Chuva;Caminhao-trator;Ileso;1;1;5;1;2;2
Restricao de visibilidade em curvas verticais;Colisao traseira;Pleno dia;Chuva;Caminhao-trator;Lesoes Graves;1;1;5;1;2;2
Restricao de visibilidade em curvas verticais;Colisao traseira;Pleno dia;Chuva;Caminhao-trator;Obito;1;1;5;1;2;2
Restricao de visibilidade em curvas verticais;Derramamento de carga;Plena Noite;Ceu Claro;Caminhao-trator;Ileso;2;1;3;2;1;2
Restricao de visibilidade em curvas verticais;Derramamento de carga;Plena Noite;Ceu Claro;Caminhao-trator;Lesoes Leves;1;1;3;2;1;2
Restricao de visibilidade em curvas verticais;Engavetamento;Pleno dia;Ceu Claro;Automovel;Ileso;5;1;3;1;1;1
Restricao de visibilidade em curvas verticais;Engavetamento;Pleno dia;Ceu Claro;Automovel;Lesoes Graves;2;1;3;1;1;1
Restricao de visibilidade em curvas verticais;Engavetamento;Pleno dia;Ceu Claro;Automovel;Lesoes Leves;1;1;3;1;1;1
Restricao de visibilidade em curvas verticais;Engavetamento;Pleno dia;Ceu Claro;Caminhao;Ileso;1;1;3;1;1;2
Restricao de visibilidade em curvas verticais;Engavetamento;Pleno dia;Ceu Claro;Caminhao-trator;Ileso;1;1;3;1;1;2
Restricao de visibilidade em curvas verticais;Engavetamento;Pleno dia;Ceu Claro;Nao Informado;Ileso;3;1;3;1;1;3
Restricao de visibilidade em curvas verticais;Queda de ocupante de veiculo;Plena Noite;Ceu Claro;Bicicleta;Obito;1;1;5;2;1;3
Restricao de visibilidade em curvas verticais;Queda de ocupante de veiculo;Plena Noite;Ceu Claro;Caminhao-trator;Ileso;1;1;5;2;1;2
Restricao de visibilidade em curvas verticais;Queda de ocupante de veiculo;Plena Noite;Ceu Claro;Motocicleta;Lesoes Graves;1;1;5;2;1;1
Restricao de visibilidade em curvas verticais;Queda de ocupante de veiculo;Plena Noite;Ceu Claro;Motocicleta;Obito;1;1;5;2;1;1
Restricao de visibilidade em curvas verticais;Queda de ocupante de veiculo;Plena Noite;Nublado;Automovel;Ileso;1;1;5;2;2;1
Restricao de visibilidade em curvas verticais;Queda de ocupante de veiculo;Plena Noite;Nublado;Motocicleta;Lesoes Graves;1;1;5;2;2;1
Restricao de visibilidade em curvas verticais;Queda de ocupante de veiculo;Plena Noite;Nublado;Motocicleta;Lesoes Leves;1;1;5;2;2;1
Restricao de visibilidade em curvas verticais;Queda de ocupante de veiculo;Pleno dia;Ceu Claro;Automovel;Ileso;1;1;5;1;1;1
Restricao de visibilidade em curvas verticais;Queda de ocupante de veiculo;Pleno dia;Ceu Claro;Motocicleta;Lesoes Leves;3;1;5;1;1;1
Restricao de visibilidade em curvas verticais;Queda de ocupante de veiculo;Pleno dia;Sol;Automovel;Lesoes Leves;1;1;5;1;3;1
Restricao de visibilidade em curvas verticais;Queda de ocupante de veiculo;Pleno dia;Sol;Bicicleta;Obito;1;1;5;1;3;3
Restricao de visibilidade em curvas verticais;Queda de ocupante de veiculo;Pleno dia;Sol;Caminhao-trator;Ileso;1;1;5;1;3;2
Restricao de visibilidade em curvas verticais;Queda de ocupante de veiculo;Pleno dia;Sol;Motocicleta;Lesoes Leves;1;1;5;1;3;1
Restricao de visibilidade em curvas verticais;Queda de ocupante de veiculo;Pleno dia;Sol;Motocicleta;Obito;1;1;5;1;3;1
Restricao de visibilidade em curvas verticais;Saida de leito carrocavel;Amanhecer;Ceu Claro;Caminhao;Ileso;1;1;5;4;1;2
Restricao de visibilidade em curvas verticais;Saida de leito carrocavel;Amanhecer;Ceu Claro;Caminhao-trator;Lesoes Leves;1;1;5;4;1;2
Restricao de visibilidade em curvas verticais;Saida de leito carrocavel;Amanhecer;Chuva;Caminhao-trator;Lesoes Graves;1;1;5;4;2;2
Restricao de visibilidade em curvas verticais;Saida de leito carrocavel;Amanhecer;Chuva;Caminhao-trator;Lesoes Leves;2;1;5;4;2;2
Restricao de visibilidade em curvas verticais;Saida de leito carrocavel;Anoitecer;Chuva;Automovel;Lesoes Leves;2;1;5;4;2;1
Restricao de visibilidade em curvas verticais;Saida de leito carrocavel;Pleno dia;Sol;Automovel;Lesoes Leves;1;1;5;1;3;1
Restricao de visibilidade em curvas verticais;Tombamento;Amanhecer;Ceu Claro;Caminhao;Ileso;1;1;5;4;1;2
Restricao de visibilidade em curvas verticais;Tombamento;Amanhecer;Ceu Claro;Caminhao-trator;Lesoes Leves;1;1;5;4;1;2
Restricao de visibilidade em curvas verticais;Tombamento;Plena Noite;Ceu Claro;Bicicleta;Obito;1;1;5;2;1;3
Restricao de visibilidade em curvas verticais;Tombamento;Plena Noite;Ceu Claro;Caminhao-trator;Ileso;1;1;5;2;1;2
Restricao de visibilidade em curvas verticais;Tombamento;Plena Noite;Ceu Claro;Motocicleta;Lesoes Graves;1;1;5;2;1;1
Restricao de visibilidade em curvas verticais;Tombamento;Plena Noite;Ceu Claro;Motocicleta;Obito;1;1;5;2;1;1
Restricao de visibilidade em curvas verticais;Tombamento;Plena Noite;Nublado;Automovel;Ileso;1;1;5;2;2;1
Restricao de visibilidade em curvas verticais;Tombamento;Plena Noite;Nublado;Motocicleta;Lesoes Graves;1;1;5;2;2;1
Restricao de visibilidade em curvas verticais;Tombamento;Plena Noite;Nublado;Motocicleta;Lesoes Leves;1;1;5;2;2;1
Restricao de visibilidade em curvas verticais;Tombamento;Pleno dia;Ceu Claro;Automovel;Ileso;1;1;5;1;1;1
Restricao de visibilidade em curvas verticais;Tombamento;Pleno dia;Ceu Claro;Motocicleta;Lesoes Leves;3;1;5;1;1;1
Restricao de visibilidade em curvas verticais;Tombamento;Pleno dia;Sol;Bicicleta;Obito;1;1;5;1;3;3
Restricao de visibilidade em curvas verticais;Tombamento;Pleno dia;Sol;Motocicleta;Lesoes Leves;1;1;5;1;3;1
Retorno proibido;Capotamento;Pleno dia;Ceu Claro;Automovel;Lesoes Leves;2;2;5;1;1;1
Retorno proibido;Capotamento;Pleno dia;Ceu Claro;Caminhao;Ileso;1;2;5;1;1;2
Retorno proibido;Capotamento;Pleno dia;Ceu Claro;Caminhao;Lesoes Graves;1;2;5;1;1;2
Retorno proibido;Capotamento;Pleno dia;Ceu Claro;Caminhao;Lesoes Leves;2;2;5;1;1;2
Retorno proibido;Capotamento;Pleno dia;Ceu Claro;Caminhonete;Lesoes Graves;1;2;5;1;1;2
Retorno proibido;Capotamento;Pleno dia;Ceu Claro;Caminhonete;Lesoes Leves;1;2;5;1;1;2
Retorno proibido;Capotamento;Pleno dia;Ceu Claro;Nao Informado;Ileso;1;2;5;1;1;3
Retorno proibido;Capotamento;Pleno dia;Ceu Claro;Nao Informado;Lesoes Graves;1;2;5;1;1;3
Retorno proibido;Capotamento;Pleno dia;Ceu Claro;Nao Informado;Lesoes Leves;1;2;5;1;1;3
Retorno proibido;Capotamento;Pleno dia;Garoa/Chuvisco;Automovel;Lesoes Leves;4;2;5;1;3;1
Retorno proibido;Capotamento;Pleno dia;Garoa/Chuvisco;Caminhao-trator;Ileso;1;2;5;1;3;2
Retorno proibido;Capotamento;Pleno dia;Sol;Automovel;Lesoes Leves;3;2;5;1;3;1
Retorno proibido;Capotamento;Pleno dia;Sol;Nao Informado;Lesoes Graves;3;2;5;1;3;3
Retorno proibido;Colisao com objeto;Amanhecer;Nublado;Automovel;Ileso;4;2;5;4;2;1
Retorno proibido;Colisao com objeto;Amanhecer;Nublado;Automovel;Lesoes Leves;1;2;5;4;2;1
Retorno proibido;Colisao com objeto;Amanhecer;Nublado;Caminhonete;Ileso;2;2;5;4;2;2
Retorno proibido;Colisao com objeto;Amanhecer;Nublado;Onibus;Ileso;1;2;5;4;2;3
Retorno proibido;Colisao com objeto;Plena Noite;Ceu Claro;Automovel;Lesoes Leves;1;2;5;2;1;1
Retorno proibido;Colisao com objeto;Plena Noite;Ceu Claro;Caminhao;Ileso;1;2;5;2;1;2
Retorno proibido;Colisao com objeto;Plena Noite;Nublado;Nao Informado;Ileso;3;2;5;2;2;3
Retorno proibido;Colisao com objeto;Pleno dia;Ceu Claro;Automovel;Lesoes Leves;2;2;5;1;1;1
Retorno proibido;Colisao com objeto;Pleno dia;Ceu Claro;Caminhao;Ileso;1;2;5;1;1;2
Retorno proibido;Colisao com objeto;Pleno dia;Ceu Claro;Caminhao-trator;Ileso;1;2;5;1;1;2
Retorno proibido;Colisao com objeto;Pleno dia;Ceu Claro;Nao Informado;Ileso;1;2;5;1;1;3
Retorno proibido;Colisao com objeto;Pleno dia;Ceu Claro;Nao Informado;Lesoes Graves;1;2;5;1;1;3
Retorno proibido;Colisao com objeto;Pleno dia;Ceu Claro;Nao Informado;Lesoes Leves;1;2;5;1;1;3
Retorno proibido;Colisao com objeto;Pleno dia;Sol;Automovel;Lesoes Leves;3;2;5;1;3;1
Retorno proibido;Colisao frontal;Pleno dia;Ceu Claro;Automovel;Lesoes Leves;2;2;5;1;1;1
Retorno proibido;Colisao frontal;Pleno dia;Ceu Claro;Motocicleta;Lesoes Leves;1;2;5;1;1;1
Retorno proibido;Colisao frontal;Pleno dia;Ceu Claro;Onibus;Ileso;1;2;5;1;1;3
Retorno proibido;Colisao frontal;Pleno dia;Ceu Claro;Outros;Ileso;1;2;5;1;1;5
Retorno proibido;Colisao frontal;Pleno dia;Sol;Automovel;Lesoes Graves;5;2;5;1;3;1
Retorno proibido;Colisao frontal;Pleno dia;Sol;Automovel;Obito;1;2;5;1;3;1
Retorno proibido;Colisao lateral mesmo sentido;Amanhecer;Nublado;Caminhonete;Ileso;1;2;5;4;2;2
Retorno proibido;Colisao lateral mesmo sentido;Amanhecer;Nublado;Motocicleta;Lesoes Leves;1;2;5;4;2;1
Retorno proibido;Colisao lateral mesmo sentido;Anoitecer;Nublado;Automovel;Ileso;1;2;5;4;2;1
Retorno proibido;Colisao lateral mesmo sentido;Anoitecer;Nublado;Motocicleta;Lesoes Graves;1;2;5;4;2;1
Retorno proibido;Colisao lateral mesmo sentido;Anoitecer;Nublado;Motocicleta;Lesoes Leves;1;2;5;4;2;1
Retorno proibido;Colisao lateral mesmo sentido;Plena Noite;Ceu Claro;Motocicleta;Lesoes Leves;3;2;5;2;1;1
Retorno proibido;Colisao lateral mesmo sentido;Plena Noite;Garoa/Chuvisco;Caminhao;Ileso;1;2;5;2;3;2
Retorno proibido;Colisao lateral mesmo sentido;Plena Noite;Garoa/Chuvisco;Motocicleta;Lesoes Leves;2;2;5;2;3;1
Retorno proibido;Colisao lateral mesmo sentido;Plena Noite;Garoa/Chuvisco;Motocicleta;Obito;1;2;5;2;3;1
Retorno proibido;Colisao lateral mesmo sentido;Plena Noite;Nublado;Automovel;Ileso;4;2;5;2;2;1
Retorno proibido;Colisao lateral mesmo sentido;Plena Noite;Nublado;Motocicleta;Lesoes Leves;1;2;5;2;2;1
Retorno proibido;Colisao lateral mesmo sentido;Pleno dia;Ceu Claro;Automovel;Ileso;5;2;5;1;1;1
Retorno proibido;Colisao lateral mesmo sentido;Pleno dia;Ceu Claro;Automovel;Lesoes Leves;1;2;5;1;1;1
Retorno proibido;Colisao lateral mesmo sentido;Pleno dia;Ceu Claro;Caminhonete;Ileso;2;2;5;1;1;2
Retorno proibido;Colisao lateral mesmo sentido;Pleno dia;Ceu Claro;Motocicleta;Lesoes Graves;1;2;5;1;1;1
Retorno proibido;Colisao lateral mesmo sentido;Pleno dia;Ceu Claro;Motocicleta;Lesoes Leves;6;2;5;1;1;1
Retorno proibido;Colisao lateral mesmo sentido;Pleno dia;Ceu Claro;Motoneta;Lesoes Leves;2;2;5;1;1;3
Retorno proibido;Colisao lateral mesmo sentido;Pleno dia;Nublado;Automovel;Ileso;1;2;5;1;2;1
Retorno proibido;Colisao lateral mesmo sentido;Pleno dia;Nublado;Caminhao-trator;Ileso;1;2;5;1;2;2
Retorno proibido;Colisao lateral mesmo sentido;Pleno dia;Nublado;Motocicleta;Lesoes Graves;1;2;5;1;2;1
Retorno proibido;Colisao lateral mesmo sentido;Pleno dia;Nublado;Motoneta;Ileso;1;2;5;1;2;3
Retorno proibido;Colisao lateral mesmo sentido;Pleno dia;Nublado;Motoneta;Lesoes Leves;1;2;5;1;2;3
Retorno proibido;Colisao lateral mesmo sentido;Pleno dia;Sol;Motocicleta;Lesoes Leves;1;2;5;1;3;1
Retorno proibido;Colisao transversal;Amanhecer;Ceu Claro;Automovel;Ileso;2;2;5;4;1;1
Retorno proibido;Colisao transversal;Amanhecer;Ceu Claro;Automovel;Lesoes Leves;2;2;5;4;1;1
Retorno proibido;Colisao transversal;Amanhecer;Ignorado;Micro-onibus;Ileso;3;2;5;4;0;4
Retorno proibido;Colisao transversal;Amanhecer;Ignorado;Micro-onibus;Lesoes Graves;1;2;5;4;0;4
Retorno proibido;Colisao transversal;Amanhecer;Nublado;Automovel;Ileso;5;2;5;4;2;1
Retorno proibido;Colisao transversal;Amanhecer;Nublado;Automovel;Lesoes Leves;1;2;5;4;2;1
Retorno proibido;Colisao transversal;Amanhecer;Nublado;Caminhonete;Ileso;3;2;5;4;2;2
Retorno proibido;Colisao transversal;Amanhecer;Nublado;Onibus;Ileso;1;2;5;4;2;3
Retorno proibido;Colisao transversal;Anoitecer;Ceu Claro;Automovel;Ileso;3;2;5;4;1;1
Retorno proibido;Colisao transversal;Anoitecer;Ceu Claro;Automovel;Lesoes Leves;2;2;5;4;1;1
Retorno proibido;Colisao transversal;Anoitecer;Ceu Claro;Caminhonete;Ileso;3;2;5;4;1;2
Retorno proibido;Colisao transversal;Anoitecer;Ceu Claro;Motocicleta;Lesoes Leves;1;2;5;4;1;1
Retorno proibido;Colisao transversal;Anoitecer;Ceu Claro;Motoneta;Obito;1;2;5;4;1;3
Retorno proibido;Colisao transversal;Anoitecer;Ceu Claro;Quadriciclo;Ileso;1;2;5;4;1;5
Retorno proibido;Colisao transversal;Anoitecer;Nublado;Automovel;Ileso;3;2;5;4;2;1
Retorno proibido;Colisao transversal;Anoitecer;Nublado;Automovel;Lesoes Graves;1;2;5;4;2;1
Retorno proibido;Colisao transversal;Anoitecer;Nublado;Caminhao;Ileso;1;2;5;4;2;2
Retorno proibido;Colisao transversal;Anoitecer;Nublado;Motocicleta;Lesoes Graves;2;2;5;4;2;1
Retorno proibido;Colisao transversal;Anoitecer;Nublado;Motocicleta;Lesoes Leves;2;2;5;4;2;1
Retorno proibido;Colisao transversal;Plena Noite;Ceu Claro;Automovel;Ileso;11;2;5;2;1;1
Retorno proibido;Colisao transversal;Plena Noite;Ceu Claro;Automovel;Lesoes Leves;6;2;5;2;1;1
Retorno proibido;Colisao transversal;Plena Noite;Ceu Claro;Caminhao;Ileso;3;2;5;2;1;2
Retorno proibido;Colisao transversal;Plena Noite;Ceu Claro;Caminhao;Lesoes Leves;1;2;5;2;1;2
Retorno proibido;Colisao transversal;Plena Noite;Ceu Claro;Caminhao-trator;Ileso;2;2;5;2;1;2
Retorno proibido;Colisao transversal;Plena Noite;Ceu Claro;Caminhonete;Ileso;3;2;5;2;1;2
Retorno proibido;Colisao transversal;Plena Noite;Ceu Claro;Ciclomotor;Lesoes Graves;1;2;5;2;1;4
Retorno proibido;Colisao transversal;Plena Noite;Ceu Claro;Micro-onibus;Ileso;1;2;5;2;1;4
Retorno proibido;Colisao transversal;Plena Noite;Ceu Claro;Motocicleta;Ileso;1;2;5;2;1;1
Retorno proibido;Colisao transversal;Plena Noite;Ceu Claro;Motocicleta;Lesoes Graves;7;2;5;2;1;1