causa_acidente;tipo_acidente;fase_dia;condicao_metereologica;tipo_veiculo;estado_fisico;count;causa_acidente_criterios;tipo_acidente_criterios;fase_dia_criterios;condicao_metereologica_criterios;tipo_veiculo_criterios
Retorno proibido;Colisao transversal;Plena Noite;Ceu Claro;Motocicleta;Lesoes Leves;6;2;5;2;1;1
Retorno proibido;Colisao transversal;Plena Noite;Ceu Claro;Motocicleta;Obito;2;2;5;2;1;1
Retorno proibido;Colisao transversal;Plena Noite;Ceu Claro;Nao Informado;Ileso;1;2;5;2;1;3
Retorno proibido;Colisao transversal;Plena Noite;Chuva;Automovel;Ileso;1;2;5;2;2;1
Retorno proibido;Colisao transversal;Plena Noite;Chuva;Carroca-charrete;Ileso;1;2;5;2;2;5
Retorno proibido;Colisao transversal;Plena Noite;Chuva;Carroca-charrete;Lesoes Leves;2;2;5;2;2;5
Retorno proibido;Colisao transversal;Plena Noite;Chuva;Motoneta;Lesoes Leves;1;2;5;2;2;3
Retorno proibido;Colisao transversal;Plena Noite;Chuva;Onibus;Ileso;1;2;5;2;2;3
Retorno proibido;Colisao transversal;Plena Noite;Garoa/Chuvisco;Automovel;Ileso;1;2;5;2;3;1
Retorno proibido;Colisao transversal;Plena Noite;Garoa/Chuvisco;Motocicleta;Lesoes Leves;2;2;5;2;3;1
Retorno proibido;Colisao transversal;Plena Noite;Nublado;Automovel;Ileso;8;2;5;2;2;1
Retorno proibido;Colisao transversal;Plena Noite;Nublado;Automovel;Lesoes Leves;7;2;5;2;2;1
Retorno proibido;Colisao transversal;Plena Noite;Nublado;Caminhao;Ileso;1;2;5;2;2;2
Retorno proibido;Colisao transversal;Plena Noite;Nublado;Caminhonete;Ileso;1;2;5;2;2;2
Retorno proibido;Colisao transversal;Plena Noite;Nublado;Motocicleta;Lesoes Graves;4;2;5;2;2;1
Retorno proibido;Colisao transversal;Plena Noite;Nublado;Motocicleta;Lesoes Leves;2;2;5;2;2;1
Retorno proibido;Colisao transversal;Pleno dia;Ceu Claro;Automovel;Ileso;24;2;5;1;1;1
Retorno proibido;Colisao transversal;Pleno dia;Ceu Claro;Automovel;Lesoes Graves;3;2;5;1;1;1
Retorno proibido;Colisao transversal;Pleno dia;Ceu Claro;Automovel;Lesoes Leves;11;2;5;1;1;1
Retorno proibido;Colisao transversal;Pleno dia;Ceu Claro;Caminhao;Ileso;2;2;5;1;1;2
Retorno proibido;Colisao transversal;Pleno dia;Ceu Claro;Caminhao;Lesoes Graves;1;2;5;1;1;2
Retorno proibido;Colisao transversal;Pleno dia;Ceu Claro;Caminhao;Lesoes Leves;2;2;5;1;1;2
Retorno proibido;Colisao transversal;Pleno dia;Ceu Claro;Caminhao-trator;Ileso;1;2;5;1;1;2
Retorno proibido;Colisao transversal;Pleno dia;Ceu Claro;Caminhonete;Ileso;7;2;5;1;1;2
Retorno proibido;Colisao transversal;Pleno dia;Ceu Claro;Caminhonete;Lesoes Graves;1;2;5;1;1;2
Retorno proibido;Colisao transversal;Pleno dia;Ceu Claro;Caminhonete;Lesoes Leves;2;2;5;1;1;2
Retorno proibido;Colisao transversal;Pleno dia;Ceu Claro;Micro-onibus;Ileso;9;2;5;1;1;4
Retorno proibido;Colisao transversal;Pleno dia;Ceu Claro;Micro-onibus;Lesoes Leves;1;2;5;1;1;4
Retorno proibido;Colisao transversal;Pleno dia;Ceu Claro;Motocicleta;Lesoes Graves;13;2;5;1;1;1
Retorno proibido;Colisao transversal;Pleno dia;Ceu Claro;Motocicleta;Lesoes Leves;24;2;5;1;1;1
Retorno proibido;Colisao transversal;Pleno dia;Ceu Claro;Motoneta;Ileso;2;2;5;1;1;3
Retorno proibido;Colisao transversal;Pleno dia;Ceu Claro;Motoneta;Lesoes Leves;1;2;5;1;1;3
Retorno proibido;Colisao transversal;Pleno dia;Ceu Claro;Nao Informado;Ileso;1;2;5;1;1;3
Retorno proibido;Colisao transversal;Pleno dia;Ceu Claro;Nao Informado;Lesoes Graves;2;2;5;1;1;3
Retorno proibido;Colisao transversal;Pleno dia;Ceu Claro;Nao Informado;Lesoes Leves;1;2;5;1;1;3
Retorno proibido;Colisao transversal;Pleno dia;Ceu Claro;Onibus;Ileso;2;2;5;1;1;3
Retorno proibido;Colisao transversal;Pleno dia;Chuva;Automovel;Ileso;7;2;5;1;2;1
Retorno proibido;Colisao transversal;Pleno dia;Chuva;Motocicleta;Lesoes Graves;2;2;5;1;2;1
Retorno proibido;Colisao transversal;Pleno dia;Chuva;Motocicleta;Lesoes Leves;3;2;5;1;2;1
Retorno proibido;Colisao transversal;Pleno dia;Garoa/Chuvisco;Automovel;Ileso;2;2;5;1;3;1
Retorno proibido;Colisao transversal;Pleno dia;Garoa/Chuvisco;Automovel;Lesoes Leves;7;2;5;1;3;1
Retorno proibido;Colisao transversal;Pleno dia;Garoa/Chuvisco;Caminhao-trator;Ileso;2;2;5;1;3;2
Retorno proibido;Colisao transversal;Pleno dia;Nublado;Automovel;Ileso;12;2;5;1;2;1
Retorno proibido;Colisao transversal;Pleno dia;Nublado;Automovel;Lesoes Graves;4;2;5;1;2;1
Retorno proibido;Colisao transversal;Pleno dia;Nublado;Automovel;Lesoes Leves;8;2;5;1;2;1
Retorno proibido;Colisao transversal;Pleno dia;Nublado;Caminhao;Ileso;2;2;5;1;2;2
Retorno proibido;Colisao transversal;Pleno dia;Nublado;Caminhao-trator;Ileso;2;2;5;1;2;2
Retorno proibido;Colisao transversal;Pleno dia;Nublado;Caminhonete;Ileso;2;2;5;1;2;2
Retorno proibido;Colisao transversal;Pleno dia;Nublado;Motocicleta;Ileso;1;2;5;1;2;1
Retorno proibido;Colisao transversal;Pleno dia;Nublado;Motocicleta;Lesoes Graves;2;2;5;1;2;1
Retorno proibido;Colisao transversal;Pleno dia;Nublado;Motocicleta;Lesoes Leves;9;2;5;1;2;1
Retorno proibido;Colisao transversal;Pleno dia;Nublado;Nao Informado;Ileso;1;2;5;1;2;3
Retorno proibido;Colisao transversal;Pleno dia;Nublado;Onibus;Ileso;1;2;5;1;2;3
Retorno proibido;Colisao transversal;Pleno dia;Nublado;Trator de rodas;Lesoes Leves;1;2;5;1;2;5
Retorno proibido;Colisao transversal;Pleno dia;Nublado;Utilitario;Ileso;1;2;5;1;2;3
Retorno proibido;Colisao transversal;Pleno dia;Sol;Automovel;Ileso;4;2;5;1;3;1
Retorno proibido;Colisao transversal;Pleno dia;Sol;Automovel;Lesoes Graves;1;2;5;1;3;1
Retorno proibido;Colisao transversal;Pleno dia;Sol;Automovel;Lesoes Leves;6;2;5;1;3;1
Retorno proibido;Colisao transversal;Pleno dia;Sol;Caminhao;Lesoes Leves;1;2;5;1;3;2
Retorno proibido;Colisao transversal;Pleno dia;Sol;Caminhonete;Ileso;1;2;5;1;3;2
Retorno proibido;Colisao transversal;Pleno dia;Sol;Caminhonete;Lesoes Graves;1;2;5;1;3;2
Retorno proibido;Colisao transversal;Pleno dia;Sol;Micro-onibus;Ileso;2;2;5;1;3;4
Retorno proibido;Colisao transversal;Pleno dia;Sol;Motocicleta;Ileso;1;2;5;1;3;1
Retorno proibido;Colisao transversal;Pleno dia;Sol;Motocicleta;Lesoes Graves;5;2;5;1;3;1
Retorno proibido;Colisao transversal;Pleno dia;Sol;Motocicleta;Lesoes Leves;6;2;5;1;3;1
Retorno proibido;Colisao transversal;Pleno dia;Sol;Nao Informado;Ileso;1;2;5;1;3;3
Retorno proibido;Colisao traseira;Amanhecer;Nublado;Caminhonete;Ileso;2;2;5;4;2;2
Retorno proibido;Colisao traseira;Amanhecer;Nublado;Onibus;Ileso;1;2;5;4;2;3
Retorno proibido;Colisao traseira;Plena Noite;Ceu Claro;Automovel;Ileso;1;2;5;2;1;1
Retorno proibido;Colisao traseira;Plena Noite;Ceu Claro;Motocicleta;Lesoes Graves;2;2;5;2;1;1
Retorno proibido;Colisao traseira;Plena Noite;Ceu Claro;Motocicleta;Lesoes Leves;1;2;5;2;1;1
Retorno proibido;Colisao traseira;Plena Noite;Chuva;Automovel;Ileso;2;2;5;2;2;1
Retorno proibido;Colisao traseira;Plena Noite;Garoa/Chuvisco;Motocicleta;Lesoes Graves;2;2;5;2;3;1
Retorno proibido;Colisao traseira;Plena Noite;Garoa/Chuvisco;Motocicleta;Lesoes Leves;1;2;5;2;3;1
Retorno proibido;Colisao traseira;Plena Noite;Nublado;Automovel;Ileso;2;2;5;2;2;1
Retorno proibido;Colisao traseira;Plena Noite;Nublado;Motocicleta;Ileso;1;2;5;2;2;1
Retorno proibido;Colisao traseira;Pleno dia;Ceu Claro;Automovel;Ileso;2;2;5;1;1;1
Retorno proibido;Colisao traseira;Pleno dia;Ceu Claro;Automovel;Lesoes Leves;2;2;5;1;1;1
Retorno proibido;Colisao traseira;Pleno dia;Ceu Claro;Ciclomotor;Lesoes Graves;1;2;5;1;1;4
Retorno proibido;Colisao traseira;Pleno dia;Ceu Claro;Motocicleta;Lesoes Graves;2;2;5;1;1;1
Retorno proibido;Colisao traseira;Pleno dia;Ceu Claro;Motocicleta;Lesoes Leves;1;2;5;1;1;1
Retorno proibido;Colisao traseira;Pleno dia;Ceu Claro;Onibus;Ileso;1;2;5;1;1;3
Retorno proibido;Colisao traseira;Pleno dia;Nublado;Automovel;Ileso;1;2;5;1;2;1
Retorno proibido;Colisao traseira;Pleno dia;Nublado;Automovel;Lesoes Leves;2;2;5;1;2;1
Retorno proibido;Colisao traseira;Pleno dia;Nublado;Caminhao;Ileso;1;2;5;1;2;2
Retorno proibido;Colisao traseira;Pleno dia;Nublado;Utilitario;Ileso;1;2;5;1;2;3
Retorno proibido;Colisao traseira;Pleno dia;Sol;Automovel;Ileso;2;2;5;1;3;1
Retorno proibido;Colisao traseira;Pleno dia;Sol;Automovel;Lesoes Leves;1;2;5;1;3;1
Retorno proibido;Colisao traseira;Pleno dia;Sol;Nao Informado;Lesoes Graves;3;2;5;1;3;3
Retorno proibido;Queda de ocupante de veiculo;Amanhecer;Nublado;Caminhonete;Ileso;1;2;5;4;2;2
Retorno proibido;Queda de ocupante de veiculo;Amanhecer;Nublado;Motocicleta;Lesoes Leves;1;2;5;4;2;1
Retorno proibido;Queda de ocupante de veiculo;Anoitecer;Ceu Claro;Automovel;Ileso;1;2;5;4;1;1
Retorno proibido;Queda de ocupante de veiculo;Anoitecer;Ceu Claro;Motoneta;Obito;1;2;5;4;1;3
Retorno proibido;Queda de ocupante de veiculo;Anoitecer;Nublado;Automovel;Ileso;3;2;5;4;2;1
Retorno proibido;Queda de ocupante de veiculo;Anoitecer;Nublado;Motocicleta;Lesoes Graves;2;2;5;4;2;1
Retorno proibido;Queda de ocupante de veiculo;Anoitecer;Nublado;Motocicleta;Lesoes Leves;2;2;5;4;2;1
Retorno proibido;Queda de ocupante de veiculo;Plena Noite;Ceu Claro;Automovel;Ileso;7;2;5;2;1;1
Retorno proibido;Queda de ocupante de veiculo;Plena Noite;Ceu Claro;Motocicleta;Lesoes Graves;5;2;5;2;1;1
Retorno proibido;Queda de ocupante de veiculo;Plena Noite;Ceu Claro;Motocicleta;Lesoes Leves;8;2;5;2;1;1
Retorno proibido;Queda de ocupante de veiculo;Plena Noite;Ceu Claro;Motocicleta;Obito;2;2;5;2;1;1
Retorno proibido;Queda de ocupante de veiculo;Plena Noite;Ceu Claro;Motoneta;Lesoes Leves;1;2;5;2;1;3
Retorno proibido;Queda de ocupante de veiculo;Plena Noite;Ceu Claro;Utilitario;Ileso;1;2;5;2;1;3
Retorno proibido;Queda de ocupante de veiculo;Plena Noite;Chuva;Automovel;Ileso;1;2;5;2;2;1
Retorno proibido;Queda de ocupante de veiculo;Plena Noite;Chuva;Motoneta;Lesoes Leves;1;2;5;2;2;3
Retorno proibido;Queda de ocupante de veiculo;Plena Noite;Garoa/Chuvisco;Automovel;Ileso;1;2;5;2;3;1
Retorno proibido;Queda de ocupante de veiculo;Plena Noite;Garoa/Chuvisco;Caminhao;Ileso;1;2;5;2;3;2
Retorno proibido;Queda de ocupante de veiculo;Plena Noite;Garoa/Chuvisco;Motocicleta;Lesoes Graves;2;2;5;2;3;1
Retorno proibido;Queda de ocupante de veiculo;Plena Noite;Garoa/Chuvisco;Motocicleta;Lesoes Leves;5;2;5;2;3;1
Retorno proibido;Queda de ocupante de veiculo;Plena Noite;Garoa/Chuvisco;Motocicleta;Obito;1;2;5;2;3;1
Retorno proibido;Queda de ocupante de veiculo;Plena Noite;Nublado;Automovel;Ileso;6;2;5;2;2;1
Retorno proibido;Queda de ocupante de veiculo;Plena Noite;Nublado;Motocicleta;Lesoes Graves;2;2;5;2;2;1
Retorno proibido;Queda de ocupante de veiculo;Plena Noite;Nublado;Motocicleta;Lesoes Leves;2;2;5;2;2;1
Retorno proibido;Queda de ocupante de veiculo;Pleno dia;Ceu Claro;Automovel;Ileso;11;2;5;1;1;1
Retorno proibido;Queda de ocupante de veiculo;Pleno dia;Ceu Claro;Automovel;Lesoes Leves;1;2;5;1;1;1
Retorno proibido;Queda de ocupante de veiculo;Pleno dia;Ceu Claro;Caminhonete;Ileso;5;2;5;1;1;2
Retorno proibido;Queda de ocupante de veiculo;Pleno dia;Ceu Claro;Motocicleta;Lesoes Graves;5;2;5;1;1;1
Retorno proibido;Queda de ocupante de veiculo;Pleno dia;Ceu Claro;Motocicleta;Lesoes Leves;19;2;5;1;1;1
Retorno proibido;Queda de ocupante de veiculo;Pleno dia;Ceu Claro;Motoneta;Lesoes Leves;1;2;5;1;1;3
Retorno proibido;Queda de ocupante de veiculo;Pleno dia;Chuva;Automovel;Ileso;4;2;5;1;2;1
Retorno proibido;Queda de ocupante de veiculo;Pleno dia;Chuva;Motocicleta;Lesoes Leves;2;2;5;1;2;1
Retorno proibido;Queda de ocupante de veiculo;Pleno dia;Nublado;Automovel;Ileso;6;2;5;1;2;1
Retorno proibido;Queda de ocupante de veiculo;Pleno dia;Nublado;Caminhao;Ileso;1;2;5;1;2;2
Retorno proibido;Queda de ocupante de veiculo;Pleno dia;Nublado;Caminhao-trator;Ileso;1;2;5;1;2;2
Retorno proibido;Queda de ocupante de veiculo;Pleno dia;Nublado;Motocicleta;Ileso;1;2;5;1;2;1
Retorno proibido;Queda de ocupante de veiculo;Pleno dia;Nublado;Motocicleta;Lesoes Graves;1;2;5;1;2;1
Retorno proibido;Queda de ocupante de veiculo;Pleno dia;Nublado;Motocicleta;Lesoes Leves;2;2;5;1;2;1
Retorno proibido;Queda de ocupante de veiculo;Pleno dia;Nublado;Motoneta;Ileso;1;2;5;1;2;3
Retorno proibido;Queda de ocupante de veiculo;Pleno dia;Nublado;Motoneta;Lesoes Leves;1;2;5;1;2;3
Retorno proibido;Queda de ocupante de veiculo;Pleno dia;Sol;Caminhonete;Ileso;1;2;5;1;3;2
Retorno proibido;Queda de ocupante de veiculo;Pleno dia;Sol;Micro-onibus;Ileso;2;2;5;1;3;4
Retorno proibido;Queda de ocupante de veiculo;Pleno dia;Sol;Motocicleta;Lesoes Leves;3;2;5;1;3;1
Retorno proibido;Saida de leito carrocavel;Amanhecer;Nublado;Automovel;Ileso;4;2;5;4;2;1
Retorno proibido;Saida de leito carrocavel;Amanhecer;Nublado;Automovel;Lesoes Leves;1;2;5;4;2;1
Retorno proibido;Saida de leito carrocavel;Plena Noite;Ceu Claro;Automovel;Ileso;1;2;5;2;1;1
Retorno proibido;Saida de leito carrocavel;Plena Noite;Ceu Claro;Caminhonete;Ileso;2;2;5;2;1;2
Retorno proibido;Saida de leito carrocavel;Plena Noite;Ceu Claro;Nao Informado;Ileso;1;2;5;2;1;3
Retorno proibido;Saida de leito carrocavel;Pleno dia;Ceu Claro;Automovel;Ileso;1;2;5;1;1;1
Retorno proibido;Saida de leito carrocavel;Pleno dia;Ceu Claro;Automovel;Lesoes Leves;4;2;5;1;1;1
Retorno proibido;Saida de leito carrocavel;Pleno dia;Ceu Claro;Caminhao;Ileso;2;2;5;1;1;2
Retorno proibido;Saida de leito carrocavel;Pleno dia;Ceu Claro;Caminhao;Lesoes Graves;1;2;5;1;1;2
Retorno proibido;Saida de leito carrocavel;Pleno dia;Ceu Claro;Caminhao;Lesoes Leves;2;2;5;1;1;2
Retorno proibido;Saida de leito carrocavel;Pleno dia;Ceu Claro;Caminhao-trator;Ileso;1;2;5;1;1;2
Retorno proibido;Saida de leito carrocavel;Pleno dia;Ceu Claro;Caminhao-trator;Lesoes Leves;1;2;5;1;1;2
Retorno proibido;Saida de leito carrocavel;Pleno dia;Ceu Claro;Caminhonete;Ileso;1;2;5;1;1;2
Retorno proibido;Saida de leito carrocavel;Pleno dia;Ceu Claro;Caminhonete;Lesoes Graves;1;2;5;1;1;2
Retorno proibido;Saida de leito carrocavel;Pleno dia;Ceu Claro;Caminhonete;Lesoes Leves;1;2;5;1;1;2
Retorno proibido;Saida de leito carrocavel;Pleno dia;Ceu Claro;Motocicleta;Lesoes Leves;1;2;5;1;1;1
Retorno proibido;Saida de leito carrocavel;Pleno dia;Ceu Claro;Nao Informado;Ileso;1;2;5;1;1;3
Retorno proibido;Saida de leito carrocavel;Pleno dia;Ceu Claro;Nao Informado;Lesoes Graves;1;2;5;1;1;3
Retorno proibido;Saida de leito carrocavel;Pleno dia;Ceu Claro;Nao Informado;Lesoes Leves;1;2;5;1;1;3
Retorno proibido;Saida de leito carrocavel;Pleno dia;Nublado;Automovel;Ileso;1;2;5;1;2;1
Retorno proibido;Saida de leito carrocavel;Pleno dia;Nublado;Automovel;Lesoes Graves;1;2;5;1;2;1
Retorno proibido;Saida de leito carrocavel;Pleno dia;Nublado;Automovel;Lesoes Leves;2;2;5;1;2;1
Retorno proibido;Saida de leito carrocavel;Pleno dia;Nublado;Caminhao;Ileso;1;2;5;1;2;2
Retorno proibido;Saida de leito carrocavel;Pleno dia;Nublado;Motocicleta;Lesoes Leves;1;2;5;1;2;1
Retorno proibido;Saida de leito carrocavel;Pleno dia;Sol;Automovel;Lesoes Graves;5;2;5;1;3;1
Retorno proibido;Saida de leito carrocavel;Pleno dia;Sol;Automovel;Lesoes Leves;3;2;5;1;3;1
Retorno proibido;Saida de leito carrocavel;Pleno dia;Sol;Automovel;Obito;1;2;5;1;3;1
Retorno proibido;Saida de leito carrocavel;Pleno dia;Sol;Nao Informado;Lesoes Graves;3;2;5;1;3;3
Retorno proibido;Tombamento;Anoitecer;Ceu Claro;Automovel;Ileso;1;2;5;4;1;1
Retorno proibido;Tombamento;Anoitecer;Ceu Claro;Motoneta;Obito;1;2;5;4;1;3
Retorno proibido;Tombamento;Anoitecer;Nublado;Automovel;Ileso;1;2;5;4;2;1
Retorno proibido;Tombamento;Anoitecer;Nublado;Motocicleta;Lesoes Graves;1;2;5;4;2;1
Retorno proibido;Tombamento;Plena Noite;Ceu Claro;Automovel;Ileso;4;2;5;2;1;1
Retorno proibido;Tombamento;Plena Noite;Ceu Claro;Motocicleta;Ileso;1;2;5;2;1;1
Retorno proibido;Tombamento;Plena Noite;Ceu Claro;Motocicleta;Lesoes Graves;3;2;5;2;1;1
Retorno proibido;Tombamento;Plena Noite;Ceu Claro;Motocicleta;Lesoes Leves;4;2;5;2;1;1
Retorno proibido;Tombamento;Plena Noite;Ceu Claro;Motocicleta;Obito;2;2;5;2;1;1
Retorno proibido;Tombamento;Plena Noite;Ceu Claro;Nao Informado;Ileso;1;2;5;2;1;3
Retorno proibido;Tombamento;Plena Noite;Chuva;Automovel;Ileso;1;2;5;2;2;1
Retorno proibido;Tombamento;Plena Noite;Chuva;Motoneta;Lesoes Leves;1;2;5;2;2;3
Retorno proibido;Tombamento;Plena Noite;Garoa/Chuvisco;Automovel;Ileso;1;2;5;2;3;1
Retorno proibido;Tombamento;Plena Noite;Garoa/Chuvisco;Caminhao;Ileso;1;2;5;2;3;2
Retorno proibido;Tombamento;Plena Noite;Garoa/Chuvisco;Motocicleta;Lesoes Graves;2;2;5;2;3;1
Retorno proibido;Tombamento;Plena Noite;Garoa/Chuvisco;Motocicleta;Lesoes Leves;5;2;5;2;3;1
Retorno proibido;Tombamento;Plena Noite;Garoa/Chuvisco;Motocicleta;Obito;1;2;5;2;3;1
Retorno proibido;Tombamento;Plena Noite;Nublado;Automovel;Ileso;6;2;5;2;2;1
Retorno proibido;Tombamento;Plena Noite;Nublado;Motocicleta;Lesoes Graves;2;2;5;2;2;1
Retorno proibido;Tombamento;Plena Noite;Nublado;Motocicleta;Lesoes Leves;2;2;5;2;2;1
Retorno proibido;Tombamento;Pleno dia;Ceu Claro;Automovel;Ileso;9;2;5;1;1;1
Retorno proibido;Tombamento;Pleno dia;Ceu Claro;Automovel;Lesoes Leves;2;2;5;1;1;1
Retorno proibido;Tombamento;Pleno dia;Ceu Claro;Caminhonete;Ileso;3;2;5;1;1;2
Retorno proibido;Tombamento;Pleno dia;Ceu Claro;Motocicleta;Lesoes Graves;4;2;5;1;1;1
Retorno proibido;Tombamento;Pleno dia;Ceu Claro;Motocicleta;Lesoes Leves;12;2;5;1;1;1
Retorno proibido;Tombamento;Pleno dia;Ceu Claro;Motoneta;Ileso;1;2;5;1;1;3
Retorno proibido;Tombamento;Pleno dia;Ceu Claro;Motoneta;Lesoes Leves;1;2;5;1;1;3
Retorno proibido;Tombamento;Pleno dia;Chuva;Automovel;Ileso;3;2;5;1;2;1
Retorno proibido;Tombamento;Pleno dia;Chuva;Motocicleta;Lesoes Leves;1;2;5;1;2;1
Retorno proibido;Tombamento;Pleno dia;Nublado;Automovel;Ileso;7;2;5;1;2;1
Retorno proibido;Tombamento;Pleno dia;Nublado;Caminhao-trator;Ileso;1;2;5;1;2;2
Retorno proibido;Tombamento;Pleno dia;Nublado;Motocicleta;Ileso;1;2;5;1;2;1
Retorno proibido;Tombamento;Pleno dia;Nublado;Motocicleta;Lesoes Leves;3;2;5;1;2;1
Retorno proibido;Tombamento;Pleno dia;Nublado;Motoneta;Ileso;1;2;5;1;2;3
Retorno proibido;Tombamento;Pleno dia;Nublado;Motoneta;Lesoes Leves;1;2;5;1;2;3
Retorno proibido;Tombamento;Pleno dia;Sol;Automovel;Lesoes Graves;5;2;5;1;3;1
Retorno proibido;Tombamento;Pleno dia;Sol;Automovel;Lesoes Leves;3;2;5;1;3;1
Retorno proibido;Tombamento;Pleno dia;Sol;Automovel;Obito;1;2;5;1;3;1
Retorno proibido;Tombamento;Pleno dia;Sol;Micro-onibus;Ileso;2;2;5;1;3;4
Retorno proibido;Tombamento;Pleno dia;Sol;Motocicleta;Lesoes Leves;3;2;5;1;3;1
Semaforo com defeito;Colisao lateral mesmo sentido;Pleno dia;Garoa/Chuvisco;Caminhao;Ileso;1;1;5;1;3;2
Semaforo com defeito;Colisao lateral mesmo sentido;Pleno dia;Garoa/Chuvisco;Motocicleta;Lesoes Leves;1;1;5;1;3;1
Semaforo com defeito;Colisao lateral mesmo sentido;Pleno dia;Garoa/Chuvisco;Onibus;Ileso;1;1;5;1;3;3
Semaforo com defeito;Colisao transversal;Pleno dia;Ceu Claro;Motocicleta;Ileso;1;1;5;1;1;1
Semaforo com defeito;Colisao transversal;Pleno dia;Ceu Claro;Motocicleta;Lesoes Graves;1;1;5;1;1;1
Semaforo com defeito;Colisao transversal;Pleno dia;Chuva;Automovel;Ileso;3;1;5;1;2;1
Semaforo com defeito;Colisao transversal;Pleno dia;Chuva;Automovel;Lesoes Leves;1;1;5;1;2;1
Semaforo com defeito;Colisao transversal;Pleno dia;Chuva;Caminhonete;Ileso;2;1;5;1;2;2
Semaforo com defeito;Colisao transversal;Pleno dia;Chuva;Motocicleta;Lesoes Leves;2;1;5;1;2;1
Semaforo com defeito;Colisao transversal;Pleno dia;Chuva;Motoneta;Lesoes Leves;1;1;5;1;2;3
Semaforo com defeito;Colisao traseira;Pleno dia;Garoa/Chuvisco;Caminhao;Ileso;1;1;5;1;3;2
Semaforo com defeito;Colisao traseira;Pleno dia;Garoa/Chuvisco;Motocicleta;Lesoes Leves;1;1;5;1;3;1
Semaforo com defeito;Colisao traseira;Pleno dia;Garoa/Chuvisco;Onibus;Ileso;1;1;5;1;3;3
Semaforo com defeito;Queda de ocupante de veiculo;Pleno dia;Ceu Claro;Motocicleta;Ileso;1;1;5;1;1;1
Semaforo com defeito;Queda de ocupante de veiculo;Pleno dia;Ceu Claro;Motocicleta;Lesoes Graves;1;1;5;1;1;1
Semaforo com defeito;Queda de ocupante de veiculo;Pleno dia;Chuva;Automovel;Ileso;2;1;5;1;2;1
Semaforo com defeito;Queda de ocupante de veiculo;Pleno dia;Chuva;Motocicleta;Lesoes Leves;1;1;5;1;2;1
Semaforo com defeito;Queda de ocupante de veiculo;Pleno dia;Chuva;Motoneta;Lesoes Leves;1;1;5;1;2;3
Semaforo com defeito;Queda de ocupante de veiculo;Pleno dia;Garoa/Chuvisco;Caminhao;Ileso;1;1;5;1;3;2
Semaforo com defeito;Queda de ocupante de veiculo;Pleno dia;Garoa/Chuvisco;Motocicleta;Lesoes Leves;1;1;5;1;3;1
Semaforo com defeito;Queda de ocupante de veiculo;Pleno dia;Garoa/Chuvisco;Onibus;Ileso;1;1;5;1;3;3
Semaforo com defeito;Tombamento;Pleno dia;Ceu Claro;Motocicleta;Ileso;1;1;5;1;1;1
Semaforo com defeito;Tombamento;Pleno dia;Ceu Claro;Motocicleta;Lesoes Graves;1;1;5;1;1;1
Semaforo com defeito;Tombamento;Pleno dia;Chuva;Automovel;Ileso;1;1;5;1;2;1
Semaforo com defeito;Tombamento;Pleno dia;Chuva;Motoneta;Lesoes Leves;1;1;5;1;2;3
Semaforo com defeito;Tombamento;Pleno dia;Garoa/Chuvisco;Caminhao;Ileso;1;1;5;1;3;2
Semaforo com defeito;Tombamento;Pleno dia;Garoa/Chuvisco;Motocicleta;Lesoes Leves;1;1;5;1;3;1
Semaforo com defeito;Tombamento;Pleno dia;Garoa/Chuvisco;Onibus;Ileso;1;1;5;1;3;3
Sinalizacao encoberta;Atropelamento de Pedestre;Plena Noite;Ceu Claro;Caminhonete;Ileso;1;1;4;2;1;2
Sinalizacao encoberta;Atropelamento de Pedestre;Plena Noite;Ceu Claro;Nao se aplica;Lesoes Graves;1;1;4;2;1;3
Sinalizacao encoberta;Atropelamento de Pedestre;Plena Noite;Ceu Claro;Nao se aplica;Lesoes Leves;1;1;4;2;1;3
Sinalizacao encoberta;Colisao com objeto;Anoitecer;Garoa/Chuvisco;Caminhao-trator;Lesoes Leves;1;1;5;4;3;2
Sinalizacao encoberta;Colisao com objeto;Anoitecer;Nublado;Nao Informado;Ileso;4;1;5;4;2;3
Sinalizacao encoberta;Colisao com objeto;Plena Noite;Ignorado;Automovel;Obito;1;1;5;2;0;1
Sinalizacao encoberta;Colisao frontal;Plena Noite;Ceu Claro;Motocicleta;Lesoes Leves;1;1;5;2;1;1
Sinalizacao encoberta;Colisao frontal;Pleno dia;Ceu Claro;Automovel;Ileso;1;1;5;1;1;1
Sinalizacao encoberta;Colisao frontal;Pleno dia;Ceu Claro;Motocicleta;Lesoes Leves;1;1;5;1;1;1
Sinalizacao encoberta;Colisao lateral mesmo sentido;Pleno dia;Ceu Claro;Caminhao-trator;Lesoes Leves;1;1;5;1;1;2
Sinalizacao encoberta;Colisao lateral mesmo sentido;Pleno dia;Ceu Claro;Motocicleta;Lesoes Leves;2;1;5;1;1;1
Sinalizacao encoberta;Colisao lateral mesmo sentido;Pleno dia;Nublado;Caminhao;Ileso;1;1;5;1;2;2
Sinalizacao encoberta;Colisao lateral mesmo sentido;Pleno dia;Nublado;Caminhao;Lesoes Leves;1;1;5;1;2;2
Sinalizacao encoberta;Colisao lateral mesmo sentido;Pleno dia;Nublado;Caminhao-trator;Ileso;1;1;5;1;2;2
Sinalizacao encoberta;Colisao lateral sentido oposto;Pleno dia;Ceu Claro;Automovel;Ileso;1;1;4;1;1;1
Sinalizacao encoberta;Colisao lateral sentido oposto;Pleno dia;Ceu Claro;Automovel;Lesoes Leves;3;1;4;1;1;1
Sinalizacao encoberta;Colisao lateral sentido oposto;Pleno dia;Ceu Claro;Caminhonete;Ileso;3;1;4;1;1;2
Sinalizacao encoberta;Colisao transversal;Pleno dia;Ceu Claro;Automovel;Ileso;1;1;5;1;1;1
Sinalizacao encoberta;Colisao transversal;Pleno dia;Ceu Claro;Motocicleta;Lesoes Leves;1;1;5;1;1;1
Sinalizacao encoberta;Derramamento de carga;Anoitecer;Ceu Claro;Caminhao-trator;Ileso;1;1;3;4;1;2
Sinalizacao encoberta;Queda de ocupante de veiculo;Plena Noite;Ceu Claro;Motocicleta;Lesoes Leves;1;1;5;2;1;1
Sinalizacao encoberta;Queda de ocupante de veiculo;Pleno dia;Ceu Claro;Automovel;Ileso;1;1;5;1;1;1
Sinalizacao encoberta;Queda de ocupante de veiculo;Pleno dia;Ceu Claro;Caminhao-trator;Lesoes Leves;1;1;5;1;1;2