causa_acidente;tipo_acidente;fase_dia;condicao_metereologica;tipo_veiculo;estado_fisico;count;causa_acidente_criterios;tipo_acidente_criterios;fase_dia_criterios;condicao_metereologica_criterios;tipo_veiculo_criterios
Sinalizacao encoberta;Queda de ocupante de veiculo;Pleno dia;Ceu Claro;Motocicleta;Lesoes Leves;3;1;5;1;1;1
Sinalizacao encoberta;Saida de leito carrocavel;Amanhecer;Ceu Claro;Automovel;Ileso;1;1;5;4;1;1
Sinalizacao encoberta;Saida de leito carrocavel;Anoitecer;Ceu Claro;Caminhao-trator;Ileso;1;1;5;4;1;2
Sinalizacao encoberta;Saida de leito carrocavel;Anoitecer;Garoa/Chuvisco;Caminhao-trator;Lesoes Leves;1;1;5;4;3;2
Sinalizacao encoberta;Saida de leito carrocavel;Anoitecer;Nublado;Nao Informado;Ileso;4;1;5;4;2;3
Sinalizacao encoberta;Saida de leito carrocavel;Plena Noite;Ignorado;Automovel;Obito;1;1;5;2;0;1
Sinalizacao encoberta;Saida de leito carrocavel;Pleno dia;Ceu Claro;Automovel;Ileso;1;1;5;1;1;1
Sinalizacao encoberta;Saida de leito carrocavel;Pleno dia;Ceu Claro;Automovel;Lesoes Leves;3;1;5;1;1;1
Sinalizacao encoberta;Saida de leito carrocavel;Pleno dia;Ceu Claro;Caminhonete;Ileso;3;1;5;1;1;2
Sinalizacao encoberta;Tombamento;Anoitecer;Ceu Claro;Caminhao-trator;Ileso;1;1;5;4;1;2
Sinalizacao encoberta;Tombamento;Anoitecer;Garoa/Chuvisco;Caminhao-trator;Lesoes Leves;1;1;5;4;3;2
Sinalizacao encoberta;Tombamento;Plena Noite;Ceu Claro;Motocicleta;Lesoes Leves;1;1;5;2;1;1
Sinalizacao encoberta;Tombamento;Pleno dia;Ceu Claro;Caminhao-trator;Lesoes Leves;1;1;5;1;1;2
Sinalizacao encoberta;Tombamento;Pleno dia;Ceu Claro;Motocicleta;Lesoes Leves;2;1;5;1;1;1
Sinalizacao mal posicionada;Capotamento;Anoitecer;Ceu Claro;Automovel;Lesoes Graves;1;1;5;4;1;1
Sinalizacao mal posicionada;Capotamento;Anoitecer;Ceu Claro;Automovel;Lesoes Leves;2;1;5;4;1;1
Sinalizacao mal posicionada;Capotamento;Anoitecer;Ceu Claro;Automovel;Obito;1;1;5;4;1;1
Sinalizacao mal posicionada;Capotamento;Anoitecer;Ceu Claro;Caminhonete;Ileso;1;1;5;4;1;2
Sinalizacao mal posicionada;Capotamento;Plena Noite;Chuva;Automovel;Ileso;1;1;5;2;2;1
Sinalizacao mal posicionada;Capotamento;Plena Noite;Chuva;Automovel;Lesoes Leves;1;1;5;2;2;1
Sinalizacao mal posicionada;Capotamento;Plena Noite;Chuva;Caminhao;Lesoes Leves;2;1;5;2;2;2
Sinalizacao mal posicionada;Capotamento;Plena Noite;Nublado;Nao Informado;Lesoes Graves;2;1;5;2;2;3
Sinalizacao mal posicionada;Capotamento;Plena Noite;Nublado;Nao Informado;Lesoes Leves;1;1;5;2;2;3
Sinalizacao mal posicionada;Capotamento;Pleno dia;Ceu Claro;Caminhao;Ileso;1;1;5;1;1;2
Sinalizacao mal posicionada;Capotamento;Pleno dia;Nublado;Automovel;Ileso;1;1;5;1;2;1
Sinalizacao mal posicionada;Capotamento;Pleno dia;Nublado;Automovel;Lesoes Leves;1;1;5;1;2;1
Sinalizacao mal posicionada;Capotamento;Pleno dia;Nublado;Caminhonete;Ileso;1;1;5;1;2;2
Sinalizacao mal posicionada;Capotamento;Pleno dia;Nublado;Caminhonete;Lesoes Leves;2;1;5;1;2;2
Sinalizacao mal posicionada;Colisao com objeto;Anoitecer;Ceu Claro;Automovel;Lesoes Graves;1;1;5;4;1;1
Sinalizacao mal posicionada;Colisao com objeto;Anoitecer;Ceu Claro;Automovel;Lesoes Leves;2;1;5;4;1;1
Sinalizacao mal posicionada;Colisao com objeto;Anoitecer;Ceu Claro;Automovel;Obito;1;1;5;4;1;1
Sinalizacao mal posicionada;Colisao com objeto;Anoitecer;Ceu Claro;Caminhonete;Ileso;1;1;5;4;1;2
Sinalizacao mal posicionada;Colisao com objeto;Plena Noite;Ceu Claro;Automovel;Lesoes Leves;1;1;5;2;1;1
Sinalizacao mal posicionada;Colisao com objeto;Plena Noite;Ceu Claro;Caminhao;Ileso;1;1;5;2;1;2
Sinalizacao mal posicionada;Colisao com objeto;Plena Noite;Ceu Claro;Caminhao-trator;Lesoes Leves;5;1;5;2;1;2
Sinalizacao mal posicionada;Colisao com objeto;Plena Noite;Ceu Claro;Caminhonete;Ileso;6;1;5;2;1;2
Sinalizacao mal posicionada;Colisao com objeto;Plena Noite;Ceu Claro;Caminhonete;Lesoes Graves;3;1;5;2;1;2
Sinalizacao mal posicionada;Colisao com objeto;Plena Noite;Ceu Claro;Caminhonete;Lesoes Leves;3;1;5;2;1;2
Sinalizacao mal posicionada;Colisao com objeto;Plena Noite;Ceu Claro;Caminhonete;Obito;3;1;5;2;1;2
Sinalizacao mal posicionada;Colisao com objeto;Plena Noite;Chuva;Automovel;Ileso;1;1;5;2;2;1
Sinalizacao mal posicionada;Colisao com objeto;Plena Noite;Garoa/Chuvisco;Motoneta;Lesoes Leves;1;1;5;2;3;3
Sinalizacao mal posicionada;Colisao com objeto;Plena Noite;Nublado;Caminhao-trator;Lesoes Leves;1;1;5;2;2;2
Sinalizacao mal posicionada;Colisao com objeto;Plena Noite;Nublado;Caminhao-trator;Obito;2;1;5;2;2;2
Sinalizacao mal posicionada;Colisao com objeto;Plena Noite;Nublado;Motocicleta;Lesoes Graves;1;1;5;2;2;1
Sinalizacao mal posicionada;Colisao com objeto;Plena Noite;Nublado;Motocicleta;Lesoes Leves;1;1;5;2;2;1
Sinalizacao mal posicionada;Colisao com objeto;Pleno dia;Chuva;Caminhao;Ileso;3;1;5;1;2;2
Sinalizacao mal posicionada;Colisao com objeto;Pleno dia;Nublado;Automovel;Ileso;1;1;5;1;2;1
Sinalizacao mal posicionada;Colisao com objeto;Pleno dia;Nublado;Caminhao-trator;Lesoes Leves;1;1;5;1;2;2
Sinalizacao mal posicionada;Colisao com objeto;Pleno dia;Nublado;Caminhonete;Ileso;1;1;5;1;2;2
Sinalizacao mal posicionada;Colisao com objeto;Pleno dia;Nublado;Caminhonete;Lesoes Leves;2;1;5;1;2;2
Sinalizacao mal posicionada;Colisao frontal;Pleno dia;Ceu Claro;Automovel;Ileso;1;1;5;1;1;1
Sinalizacao mal posicionada;Colisao frontal;Pleno dia;Ceu Claro;Motocicleta;Lesoes Leves;1;1;5;1;1;1
Sinalizacao mal posicionada;Colisao lateral mesmo sentido;Amanhecer;Ceu Claro;Caminhao-trator;Ileso;1;1;5;4;1;2
Sinalizacao mal posicionada;Colisao lateral mesmo sentido;Amanhecer;Ceu Claro;Caminhao-trator;Lesoes Graves;1;1;5;4;1;2
Sinalizacao mal posicionada;Colisao lateral mesmo sentido;Amanhecer;Ceu Claro;Caminhao-trator;Obito;1;1;5;4;1;2
Sinalizacao mal posicionada;Colisao lateral mesmo sentido;Amanhecer;Ceu Claro;Caminhonete;Ileso;1;1;5;4;1;2
Sinalizacao mal posicionada;Colisao lateral mesmo sentido;Plena Noite;Ceu Claro;Automovel;Ileso;2;1;5;2;1;1
Sinalizacao mal posicionada;Colisao lateral mesmo sentido;Plena Noite;Ceu Claro;Caminhao-trator;Ileso;2;1;5;2;1;2
Sinalizacao mal posicionada;Colisao lateral mesmo sentido;Plena Noite;Chuva;Automovel;Ileso;1;1;5;2;2;1
Sinalizacao mal posicionada;Colisao lateral mesmo sentido;Plena Noite;Chuva;Caminhao;Lesoes Leves;2;1;5;2;2;2
Sinalizacao mal posicionada;Colisao lateral mesmo sentido;Pleno dia;Nublado;Automovel;Ileso;1;1;5;1;2;1
Sinalizacao mal posicionada;Colisao lateral mesmo sentido;Pleno dia;Nublado;Caminhonete;Ileso;1;1;5;1;2;2
Sinalizacao mal posicionada;Colisao lateral mesmo sentido;Pleno dia;Nublado;Caminhonete;Lesoes Leves;2;1;5;1;2;2
Sinalizacao mal posicionada;Colisao transversal;Plena Noite;Ceu Claro;Automovel;Lesoes Leves;1;1;5;2;1;1
Sinalizacao mal posicionada;Colisao transversal;Plena Noite;Ceu Claro;Caminhao;Ileso;1;1;5;2;1;2
Sinalizacao mal posicionada;Colisao transversal;Plena Noite;Ceu Claro;Caminhao-trator;Ileso;1;1;5;2;1;2
Sinalizacao mal posicionada;Colisao transversal;Plena Noite;Ceu Claro;Motocicleta;Lesoes Leves;1;1;5;2;1;1
Sinalizacao mal posicionada;Colisao transversal;Plena Noite;Nublado;Automovel;Lesoes Leves;1;1;5;2;2;1
Sinalizacao mal posicionada;Colisao transversal;Plena Noite;Nublado;Caminhao-trator;Ileso;1;1;5;2;2;2
Sinalizacao mal posicionada;Colisao transversal;Pleno dia;Ceu Claro;Automovel;Ileso;4;1;5;1;1;1
Sinalizacao mal posicionada;Colisao transversal;Pleno dia;Ceu Claro;Automovel;Lesoes Leves;2;1;5;1;1;1
Sinalizacao mal posicionada;Colisao transversal;Pleno dia;Ceu Claro;Motocicleta;Lesoes Graves;1;1;5;1;1;1
Sinalizacao mal posicionada;Colisao transversal;Pleno dia;Ceu Claro;Motocicleta;Lesoes Leves;1;1;5;1;1;1
Sinalizacao mal posicionada;Colisao transversal;Pleno dia;Ceu Claro;Nao Informado;Ileso;1;1;5;1;1;3
Sinalizacao mal posicionada;Colisao transversal;Pleno dia;Nublado;Motocicleta;Lesoes Leves;1;1;5;1;2;1
Sinalizacao mal posicionada;Colisao transversal;Pleno dia;Nublado;Nao Informado;Ileso;1;1;5;1;2;3
Sinalizacao mal posicionada;Colisao transversal;Pleno dia;Sol;Automovel;Ileso;2;1;5;1;3;1
Sinalizacao mal posicionada;Colisao transversal;Pleno dia;Sol;Motocicleta;Lesoes Leves;1;1;5;1;3;1
Sinalizacao mal posicionada;Colisao traseira;Amanhecer;Ceu Claro;Caminhao-trator;Ileso;2;1;5;4;1;2
Sinalizacao mal posicionada;Colisao traseira;Amanhecer;Ceu Claro;Caminhao-trator;Lesoes Graves;2;1;5;4;1;2
Sinalizacao mal posicionada;Colisao traseira;Amanhecer;Ceu Claro;Caminhao-trator;Obito;2;1;5;4;1;2
Sinalizacao mal posicionada;Colisao traseira;Amanhecer;Ceu Claro;Caminhonete;Ileso;2;1;5;4;1;2
Sinalizacao mal posicionada;Colisao traseira;Plena Noite;Ceu Claro;Caminhao;Ileso;1;1;5;2;1;2
Sinalizacao mal posicionada;Colisao traseira;Plena Noite;Ceu Claro;Motocicleta;Lesoes Graves;1;1;5;2;1;1
Sinalizacao mal posicionada;Colisao traseira;Pleno dia;Ceu Claro;Automovel;Ileso;3;1;5;1;1;1
Sinalizacao mal posicionada;Colisao traseira;Pleno dia;Ceu Claro;Automovel;Lesoes Graves;3;1;5;1;1;1
Sinalizacao mal posicionada;Colisao traseira;Pleno dia;Ceu Claro;Automovel;Lesoes Leves;7;1;5;1;1;1
Sinalizacao mal posicionada;Colisao traseira;Pleno dia;Ceu Claro;Caminhao;Ileso;2;1;5;1;1;2
Sinalizacao mal posicionada;Colisao traseira;Pleno dia;Ceu Claro;Caminhao-trator;Ileso;1;1;5;1;1;2
Sinalizacao mal posicionada;Colisao traseira;Pleno dia;Ceu Claro;Caminhao-trator;Lesoes Leves;1;1;5;1;1;2
Sinalizacao mal posicionada;Colisao traseira;Pleno dia;Ceu Claro;Micro-onibus;Ileso;1;1;5;1;1;4
Sinalizacao mal posicionada;Colisao traseira;Pleno dia;Ceu Claro;Motocicleta;Ileso;1;1;5;1;1;1
Sinalizacao mal posicionada;Colisao traseira;Pleno dia;Ceu Claro;Motocicleta;Lesoes Leves;2;1;5;1;1;1
Sinalizacao mal posicionada;Colisao traseira;Pleno dia;Ceu Claro;Utilitario;Ileso;1;1;5;1;1;3
Sinalizacao mal posicionada;Colisao traseira;Pleno dia;Ceu Claro;Utilitario;Lesoes Leves;1;1;5;1;1;3
Sinalizacao mal posicionada;Colisao traseira;Pleno dia;Chuva;Automovel;Ileso;4;1;5;1;2;1
Sinalizacao mal posicionada;Colisao traseira;Pleno dia;Chuva;Caminhao-trator;Ileso;1;1;5;1;2;2
Sinalizacao mal posicionada;Colisao traseira;Pleno dia;Chuva;Caminhonete;Ileso;2;1;5;1;2;2
Sinalizacao mal posicionada;Colisao traseira;Pleno dia;Chuva;Utilitario;Ileso;1;1;5;1;2;3
Sinalizacao mal posicionada;Colisao traseira;Pleno dia;Garoa/Chuvisco;Caminhao;Lesoes Graves;1;1;5;1;3;2
Sinalizacao mal posicionada;Colisao traseira;Pleno dia;Garoa/Chuvisco;Caminhao-trator;Ileso;2;1;5;1;3;2
Sinalizacao mal posicionada;Derramamento de carga;Plena Noite;Ceu Claro;Caminhao-trator;Lesoes Graves;1;1;3;2;1;2
Sinalizacao mal posicionada;Derramamento de carga;Plena Noite;Ceu Claro;Caminhao-trator;Lesoes Leves;2;1;3;2;1;2
Sinalizacao mal posicionada;Derramamento de carga;Plena Noite;Ceu Claro;Caminhonete;Ileso;2;1;3;2;1;2
Sinalizacao mal posicionada;Derramamento de carga;Plena Noite;Ceu Claro;Caminhonete;Lesoes Graves;1;1;3;2;1;2
Sinalizacao mal posicionada;Derramamento de carga;Plena Noite;Ceu Claro;Caminhonete;Lesoes Leves;1;1;3;2;1;2
Sinalizacao mal posicionada;Derramamento de carga;Plena Noite;Ceu Claro;Caminhonete;Obito;1;1;3;2;1;2
Sinalizacao mal posicionada;Derramamento de carga;Plena Noite;Chuva;Caminhao-trator;Ileso;2;1;3;2;2;2
Sinalizacao mal posicionada;Engavetamento;Anoitecer;Nublado;Automovel;Lesoes Graves;3;1;3;4;2;1
Sinalizacao mal posicionada;Engavetamento;Anoitecer;Nublado;Automovel;Lesoes Leves;1;1;3;4;2;1
Sinalizacao mal posicionada;Engavetamento;Anoitecer;Nublado;Caminhao;Ileso;1;1;3;4;2;2
Sinalizacao mal posicionada;Engavetamento;Anoitecer;Nublado;Caminhao-trator;Ileso;1;1;3;4;2;2
Sinalizacao mal posicionada;Engavetamento;Anoitecer;Nublado;Nao Informado;Ileso;1;1;3;4;2;3
Sinalizacao mal posicionada;Engavetamento;Anoitecer;Nublado;Nao Informado;Lesoes Leves;1;1;3;4;2;3
Sinalizacao mal posicionada;Engavetamento;Anoitecer;Nublado;Onibus;Ileso;1;1;3;4;2;3
Sinalizacao mal posicionada;Engavetamento;Pleno dia;Ceu Claro;Automovel;Ileso;7;1;3;1;1;1
Sinalizacao mal posicionada;Engavetamento;Pleno dia;Ceu Claro;Automovel;Lesoes Graves;2;1;3;1;1;1
Sinalizacao mal posicionada;Engavetamento;Pleno dia;Ceu Claro;Automovel;Lesoes Leves;8;1;3;1;1;1
Sinalizacao mal posicionada;Engavetamento;Pleno dia;Ceu Claro;Caminhao;Ileso;1;1;3;1;1;2
Sinalizacao mal posicionada;Engavetamento;Pleno dia;Ceu Claro;Caminhao-trator;Ileso;1;1;3;1;1;2
Sinalizacao mal posicionada;Engavetamento;Pleno dia;Ceu Claro;Utilitario;Ileso;2;1;3;1;1;3
Sinalizacao mal posicionada;Engavetamento;Pleno dia;Ceu Claro;Utilitario;Lesoes Leves;1;1;3;1;1;3
Sinalizacao mal posicionada;Eventos atipicos;Plena Noite;Chuva;Caminhao-trator;Ileso;2;1;2;2;2;2
Sinalizacao mal posicionada;Queda de ocupante de veiculo;Plena Noite;Ceu Claro;Caminhao;Ileso;1;1;5;2;1;2
Sinalizacao mal posicionada;Queda de ocupante de veiculo;Plena Noite;Ceu Claro;Caminhao-trator;Ileso;1;1;5;2;1;2
Sinalizacao mal posicionada;Queda de ocupante de veiculo;Plena Noite;Ceu Claro;Motocicleta;Lesoes Graves;1;1;5;2;1;1
Sinalizacao mal posicionada;Queda de ocupante de veiculo;Plena Noite;Ceu Claro;Motocicleta;Lesoes Leves;1;1;5;2;1;1
Sinalizacao mal posicionada;Queda de ocupante de veiculo;Plena Noite;Chuva;Motocicleta;Lesoes Leves;1;1;5;2;2;1
Sinalizacao mal posicionada;Queda de ocupante de veiculo;Plena Noite;Garoa/Chuvisco;Motoneta;Lesoes Leves;1;1;5;2;3;3
Sinalizacao mal posicionada;Queda de ocupante de veiculo;Plena Noite;Nublado;Motocicleta;Lesoes Graves;1;1;5;2;2;1
Sinalizacao mal posicionada;Queda de ocupante de veiculo;Plena Noite;Nublado;Motocicleta;Lesoes Leves;1;1;5;2;2;1
Sinalizacao mal posicionada;Queda de ocupante de veiculo;Pleno dia;Ceu Claro;Automovel;Ileso;2;1;5;1;1;1
Sinalizacao mal posicionada;Queda de ocupante de veiculo;Pleno dia;Ceu Claro;Motocicleta;Lesoes Graves;1;1;5;1;1;1
Sinalizacao mal posicionada;Queda de ocupante de veiculo;Pleno dia;Ceu Claro;Motocicleta;Lesoes Leves;1;1;5;1;1;1
Sinalizacao mal posicionada;Queda de ocupante de veiculo;Pleno dia;Sol;Automovel;Ileso;2;1;5;1;3;1
Sinalizacao mal posicionada;Queda de ocupante de veiculo;Pleno dia;Sol;Motocicleta;Lesoes Leves;1;1;5;1;3;1
Sinalizacao mal posicionada;Saida de leito carrocavel;Plena Noite;Ceu Claro;Caminhao-trator;Lesoes Graves;1;1;5;2;1;2
Sinalizacao mal posicionada;Saida de leito carrocavel;Plena Noite;Ceu Claro;Caminhao-trator;Lesoes Leves;1;1;5;2;1;2
Sinalizacao mal posicionada;Saida de leito carrocavel;Plena Noite;Ceu Claro;Caminhonete;Ileso;2;1;5;2;1;2
Sinalizacao mal posicionada;Saida de leito carrocavel;Plena Noite;Ceu Claro;Caminhonete;Lesoes Graves;1;1;5;2;1;2
Sinalizacao mal posicionada;Saida de leito carrocavel;Plena Noite;Ceu Claro;Caminhonete;Lesoes Leves;1;1;5;2;1;2
Sinalizacao mal posicionada;Saida de leito carrocavel;Plena Noite;Ceu Claro;Caminhonete;Obito;1;1;5;2;1;2
Sinalizacao mal posicionada;Saida de leito carrocavel;Plena Noite;Chuva;Automovel;Lesoes Graves;1;1;5;2;2;1
Sinalizacao mal posicionada;Saida de leito carrocavel;Plena Noite;Chuva;Automovel;Lesoes Leves;2;1;5;2;2;1
Sinalizacao mal posicionada;Saida de leito carrocavel;Plena Noite;Chuva;Caminhao-trator;Ileso;2;1;5;2;2;2
Sinalizacao mal posicionada;Saida de leito carrocavel;Plena Noite;Nublado;Caminhao-trator;Lesoes Leves;1;1;5;2;2;2
Sinalizacao mal posicionada;Saida de leito carrocavel;Plena Noite;Nublado;Caminhao-trator;Obito;2;1;5;2;2;2
Sinalizacao mal posicionada;Saida de leito carrocavel;Plena Noite;Nublado;Nao Informado;Lesoes Graves;2;1;5;2;2;3
Sinalizacao mal posicionada;Saida de leito carrocavel;Plena Noite;Nublado;Nao Informado;Lesoes Leves;1;1;5;2;2;3
Sinalizacao mal posicionada;Saida de leito carrocavel;Pleno dia;Ceu Claro;Caminhao;Ileso;1;1;5;1;1;2
Sinalizacao mal posicionada;Saida de leito carrocavel;Pleno dia;Ceu Claro;Caminhao-trator;Lesoes Leves;1;1;5;1;1;2
Sinalizacao mal posicionada;Saida de leito carrocavel;Pleno dia;Chuva;Caminhao;Ileso;3;1;5;1;2;2
Sinalizacao mal posicionada;Saida de leito carrocavel;Pleno dia;Nublado;Automovel;Lesoes Leves;1;1;5;1;2;1
Sinalizacao mal posicionada;Saida de leito carrocavel;Pleno dia;Nublado;Caminhao-trator;Lesoes Leves;1;1;5;1;2;2
Sinalizacao mal posicionada;Tombamento;Plena Noite;Ceu Claro;Caminhao-trator;Ileso;1;1;5;2;1;2
Sinalizacao mal posicionada;Tombamento;Plena Noite;Ceu Claro;Caminhao-trator;Lesoes Graves;1;1;5;2;1;2
Sinalizacao mal posicionada;Tombamento;Plena Noite;Ceu Claro;Caminhao-trator;Lesoes Leves;3;1;5;2;1;2
Sinalizacao mal posicionada;Tombamento;Plena Noite;Ceu Claro;Caminhonete;Ileso;4;1;5;2;1;2
Sinalizacao mal posicionada;Tombamento;Plena Noite;Ceu Claro;Caminhonete;Lesoes Graves;2;1;5;2;1;2
Sinalizacao mal posicionada;Tombamento;Plena Noite;Ceu Claro;Caminhonete;Lesoes Leves;2;1;5;2;1;2
Sinalizacao mal posicionada;Tombamento;Plena Noite;Ceu Claro;Caminhonete;Obito;2;1;5;2;1;2
Sinalizacao mal posicionada;Tombamento;Plena Noite;Ceu Claro;Motocicleta;Lesoes Leves;1;1;5;2;1;1
Sinalizacao mal posicionada;Tombamento;Plena Noite;Chuva;Automovel;Lesoes Graves;1;1;5;2;2;1
Sinalizacao mal posicionada;Tombamento;Plena Noite;Chuva;Automovel;Lesoes Leves;1;1;5;2;2;1
Sinalizacao mal posicionada;Tombamento;Plena Noite;Chuva;Caminhao-trator;Ileso;2;1;5;2;2;2
Sinalizacao mal posicionada;Tombamento;Plena Noite;Chuva;Motocicleta;Lesoes Leves;1;1;5;2;2;1
Sinalizacao mal posicionada;Tombamento;Plena Noite;Garoa/Chuvisco;Motoneta;Lesoes Leves;1;1;5;2;3;3
Sinalizacao mal posicionada;Tombamento;Plena Noite;Nublado;Caminhao-trator;Lesoes Leves;1;1;5;2;2;2
Sinalizacao mal posicionada;Tombamento;Plena Noite;Nublado;Caminhao-trator;Obito;2;1;5;2;2;2
Sinalizacao mal posicionada;Tombamento;Plena Noite;Nublado;Motocicleta;Lesoes Leves;1;1;5;2;2;1
Sinalizacao mal posicionada;Tombamento;Pleno dia;Ceu Claro;Automovel;Ileso;2;1;5;1;1;1
Sinalizacao mal posicionada;Tombamento;Pleno dia;Ceu Claro;Caminhao;Ileso;1;1;5;1;1;2
Sinalizacao mal posicionada;Tombamento;Pleno dia;Ceu Claro;Caminhao-trator;Lesoes Leves;1;1;5;1;1;2
Sinalizacao mal posicionada;Tombamento;Pleno dia;Ceu Claro;Motocicleta;Lesoes Graves;1;1;5;1;1;1
Sinalizacao mal posicionada;Tombamento;Pleno dia;Ceu Claro;Motocicleta;Lesoes Leves;1;1;5;1;1;1
Sinalizacao mal posicionada;Tombamento;Pleno dia;Nublado;Motocicleta;Lesoes Leves;1;1;5;1;2;1
Sinalizacao mal posicionada;Tombamento;Pleno dia;Nublado;Nao Informado;Ileso;1;1;5;1;2;3
Sinalizacao mal posicionada;Tombamento;Pleno dia;Sol;Automovel;Ileso;2;1;5;1;3;1
Sinalizacao mal posicionada;Tombamento;Pleno dia;Sol;Motocicleta;Lesoes Leves;1;1;5;1;3;1
Sistema de drenagem ineficiente;Capotamento;Pleno dia;Chuva;Automovel;Lesoes Leves;2;1;5;1;2;1
Sistema de drenagem ineficiente;Capotamento;Pleno dia;Chuva;Caminhonete;Ileso;3;1;5;1;2;2
Sistema de drenagem ineficiente;Capotamento;Pleno dia;Chuva;Caminhonete;Lesoes Leves;2;1;5;1;2;2
Sistema de drenagem ineficiente;Capotamento;Pleno dia;Chuva;Caminhonete;Obito;1;1;5;1;2;2
Sistema de drenagem ineficiente;Colisao com objeto;Anoitecer;Chuva;Caminhao-trator;Ileso;1;1;5;4;2;2
Sistema de drenagem ineficiente;Colisao com objeto;Plena Noite;Chuva;Automovel;Lesoes Leves;1;1;5;2;2;1
Sistema de drenagem ineficiente;Colisao com objeto;Plena Noite;Chuva;Caminhao-trator;Ileso;1;1;5;2;2;2
Sistema de drenagem ineficiente;Colisao com objeto;Plena Noite;Chuva;Utilitario;Lesoes Graves;2;1;5;2;2;3
Sistema de drenagem ineficiente;Colisao com objeto;Plena Noite;Chuva;Utilitario;Obito;1;1;5;2;2;3
Sistema de drenagem ineficiente;Colisao com objeto;Plena Noite;Ignorado;Automovel;Obito;1;1;5;2;0;1
Sistema de drenagem ineficiente;Colisao com objeto;Pleno dia;Ceu Claro;Automovel;Ileso;1;1;5;1;1;1
Sistema de drenagem ineficiente;Colisao com objeto;Pleno dia;Ceu Claro;Automovel;Lesoes Leves;1;1;5;1;1;1
Sistema de drenagem ineficiente;Colisao com objeto;Pleno dia;Chuva;Automovel;Lesoes Leves;2;1;5;1;2;1
Sistema de drenagem ineficiente;Colisao com objeto;Pleno dia;Chuva;Automovel;Obito;1;1;5;1;2;1
Sistema de drenagem ineficiente;Colisao com objeto;Pleno dia;Chuva;Caminhao-trator;Ileso;1;1;5;1;2;2
Sistema de drenagem ineficiente;Colisao com objeto;Pleno dia;Chuva;Utilitario;Ileso;1;1;5;1;2;3
Sistema de drenagem ineficiente;Colisao com objeto;Pleno dia;Chuva;Utilitario;Lesoes Leves;2;1;5;1;2;3
Sistema de drenagem ineficiente;Colisao com objeto;Pleno dia;Garoa/Chuvisco;Caminhao-trator;Ileso;1;1;5;1;3;2
Sistema de drenagem ineficiente;Colisao com objeto;Pleno dia;Garoa/Chuvisco;Utilitario;Ileso;6;1;5;1;3;3
Sistema de drenagem ineficiente;Colisao frontal;Plena Noite;Chuva;Automovel;Lesoes Graves;1;1;5;2;2;1
Sistema de drenagem ineficiente;Colisao frontal;Plena Noite;Chuva;Onibus;Ileso;18;1;5;2;2;3
Sistema de drenagem ineficiente;Colisao frontal;Pleno dia;Chuva;Automovel;Ileso;1;1;5;1;2;1
Sistema de drenagem ineficiente;Colisao frontal;Pleno dia;Chuva;Automovel;Obito;4;1;5;1;2;1
Sistema de drenagem ineficiente;Colisao frontal;Pleno dia;Chuva;Caminhao;Lesoes Leves;1;1;5;1;2;2
Sistema de drenagem ineficiente;Colisao frontal;Pleno dia;Chuva;Caminhao-trator;Ileso;2;1;5;1;2;2
Sistema de drenagem ineficiente;Colisao frontal;Pleno dia;Chuva;Motocicleta;Lesoes Graves;2;1;5;1;2;1
Sistema de drenagem ineficiente;Colisao lateral mesmo sentido;Plena Noite;Chuva;Automovel;Ileso;1;1;5;2;2;1
Sistema de drenagem ineficiente;Colisao lateral mesmo sentido;Plena Noite;Chuva;Bicicleta;Lesoes Leves;1;1;5;2;2;3
Sistema de drenagem ineficiente;Colisao lateral mesmo sentido;Pleno dia;Garoa/Chuvisco;Caminhao-trator;Ileso;1;1;5;1;3;2
Sistema de drenagem ineficiente;Colisao lateral mesmo sentido;Pleno dia;Garoa/Chuvisco;Utilitario;Ileso;4;1;5;1;3;3
Sistema de drenagem ineficiente;Colisao transversal;Pleno dia;Ceu Claro;Automovel;Ileso;2;1;5;1;1;1
Sistema de drenagem ineficiente;Colisao transversal;Pleno dia;Ceu Claro;Automovel;Lesoes Leves;1;1;5;1;1;1
Sistema de drenagem ineficiente;Colisao traseira;Plena Noite;Chuva;Automovel;Lesoes Leves;1;1;5;2;2;1
Sistema de drenagem ineficiente;Colisao traseira;Plena Noite;Chuva;Caminhao-trator;Ileso;1;1;5;2;2;2
Sistema de drenagem ineficiente;Derramamento de carga;Pleno dia;Chuva;Automovel;Obito;1;1;3;1;2;1
Sistema de drenagem ineficiente;Derramamento de carga;Pleno dia;Chuva;Caminhao;Lesoes Leves;1;1;3;1;2;2
Sistema de drenagem ineficiente;Engavetamento;Pleno dia;Garoa/Chuvisco;Automovel;Ileso;2;1;3;1;3;1
Sistema de drenagem ineficiente;Engavetamento;Pleno dia;Garoa/Chuvisco;Automovel;Lesoes Leves;2;1;3;1;3;1
Sistema de drenagem ineficiente;Engavetamento;Pleno dia;Garoa/Chuvisco;Caminhao;Ileso;1;1;3;1;3;2
Sistema de drenagem ineficiente;Incendio;Pleno dia;Chuva;Automovel;Obito;1;1;2;1;2;1
Sistema de drenagem ineficiente;Incendio;Pleno dia;Chuva;Caminhao;Lesoes Leves;1;1;2;1;2;2
Sistema de drenagem ineficiente;Queda de ocupante de veiculo;Amanhecer;Nublado;Motoneta;Lesoes Leves;1;1;5;4;2;3
Sistema de drenagem ineficiente;Queda de ocupante de veiculo;Plena Noite;Chuva;Motocicleta;Lesoes Leves;1;1;5;2;2;1
Sistema de drenagem ineficiente;Saida de leito carrocavel;Anoitecer;Chuva;Automovel;Lesoes Leves;2;1;5;4;2;1
Sistema de drenagem ineficiente;Saida de leito carrocavel;Plena Noite;Chuva;Automovel;Lesoes Graves;1;1;5;2;2;1
Sistema de drenagem ineficiente;Saida de leito carrocavel;Plena Noite;Chuva;Onibus;Ileso;18;1;5;2;2;3
Sistema de drenagem ineficiente;Saida de leito carrocavel;Plena Noite;Chuva;Utilitario;Lesoes Graves;2;1;5;2;2;3
Sistema de drenagem ineficiente;Saida de leito carrocavel;Plena Noite;Chuva;Utilitario;Obito;1;1;5;2;2;3