causa_acidente;tipo_acidente;fase_dia;condicao_metereologica;tipo_veiculo;estado_fisico;count;causa_acidente_criterios;tipo_acidente_criterios;fase_dia_criterios;condicao_metereologica_criterios;tipo_veiculo_criterios
Trafegar com motocicleta (ou similar) entre as faixas;Colisao frontal;Anoitecer;Ceu Claro;Motocicleta;Lesoes Graves;2;3;5;4;1;1
Trafegar com motocicleta (ou similar) entre as faixas;Colisao frontal;Anoitecer;Ceu Claro;Motoneta;Lesoes Graves;1;3;5;4;1;3
Trafegar com motocicleta (ou similar) entre as faixas;Colisao frontal;Anoitecer;Ceu Claro;Motoneta;Lesoes Leves;1;3;5;4;1;3
Trafegar com motocicleta (ou similar) entre as faixas;Colisao frontal;Anoitecer;Nublado;Motocicleta;Lesoes Graves;3;3;5;4;2;1
Trafegar com motocicleta (ou similar) entre as faixas;Colisao frontal;Plena Noite;Garoa/Chuvisco;Motocicleta;Ileso;1;3;5;2;3;1
Trafegar com motocicleta (ou similar) entre as faixas;Colisao frontal;Plena Noite;Garoa/Chuvisco;Motocicleta;Lesoes Graves;2;3;5;2;3;1
Trafegar com motocicleta (ou similar) entre as faixas;Colisao frontal;Pleno dia;Ceu Claro;Automovel;Ileso;6;3;5;1;1;1
Trafegar com motocicleta (ou similar) entre as faixas;Colisao frontal;Pleno dia;Ceu Claro;Caminhonete;Ileso;3;3;5;1;1;2
Trafegar com motocicleta (ou similar) entre as faixas;Colisao frontal;Pleno dia;Ceu Claro;Motocicleta;Lesoes Graves;2;3;5;1;1;1
Trafegar com motocicleta (ou similar) entre as faixas;Colisao frontal;Pleno dia;Ceu Claro;Motocicleta;Lesoes Leves;3;3;5;1;1;1
Trafegar com motocicleta (ou similar) entre as faixas;Colisao frontal;Pleno dia;Ceu Claro;Motoneta;Lesoes Leves;1;3;5;1;1;3
Trafegar com motocicleta (ou similar) entre as faixas;Colisao frontal;Pleno dia;Nublado;Automovel;Ileso;3;3;5;1;2;1
Trafegar com motocicleta (ou similar) entre as faixas;Colisao frontal;Pleno dia;Nublado;Motocicleta;Lesoes Graves;2;3;5;1;2;1
Trafegar com motocicleta (ou similar) entre as faixas;Colisao frontal;Pleno dia;Nublado;Motocicleta;Lesoes Leves;3;3;5;1;2;1
Trafegar com motocicleta (ou similar) entre as faixas;Colisao lateral mesmo sentido;Amanhecer;Nublado;Caminhao-trator;Ileso;1;3;5;4;2;2
Trafegar com motocicleta (ou similar) entre as faixas;Colisao lateral mesmo sentido;Amanhecer;Nublado;Motocicleta;Lesoes Leves;1;3;5;4;2;1
Trafegar com motocicleta (ou similar) entre as faixas;Colisao lateral mesmo sentido;Anoitecer;Ceu Claro;Automovel;Ileso;22;3;5;4;1;1
Trafegar com motocicleta (ou similar) entre as faixas;Colisao lateral mesmo sentido;Anoitecer;Ceu Claro;Automovel;Lesoes Leves;1;3;5;4;1;1
Trafegar com motocicleta (ou similar) entre as faixas;Colisao lateral mesmo sentido;Anoitecer;Ceu Claro;Bicicleta;Lesoes Leves;1;3;5;4;1;3
Trafegar com motocicleta (ou similar) entre as faixas;Colisao lateral mesmo sentido;Anoitecer;Ceu Claro;Caminhao;Ileso;1;3;5;4;1;2
Trafegar com motocicleta (ou similar) entre as faixas;Colisao lateral mesmo sentido;Anoitecer;Ceu Claro;Caminhonete;Ileso;3;3;5;4;1;2
Trafegar com motocicleta (ou similar) entre as faixas;Colisao lateral mesmo sentido;Anoitecer;Ceu Claro;Motocicleta;Ileso;5;3;5;4;1;1
Trafegar com motocicleta (ou similar) entre as faixas;Colisao lateral mesmo sentido;Anoitecer;Ceu Claro;Motocicleta;Lesoes Graves;3;3;5;4;1;1
Trafegar com motocicleta (ou similar) entre as faixas;Colisao lateral mesmo sentido;Anoitecer;Ceu Claro;Motocicleta;Lesoes Leves;16;3;5;4;1;1
Trafegar com motocicleta (ou similar) entre as faixas;Colisao lateral mesmo sentido;Anoitecer;Ceu Claro;Motoneta;Lesoes Graves;2;3;5;4;1;3
Trafegar com motocicleta (ou similar) entre as faixas;Colisao lateral mesmo sentido;Anoitecer;Ceu Claro;Motoneta;Lesoes Leves;1;3;5;4;1;3
Trafegar com motocicleta (ou similar) entre as faixas;Colisao lateral mesmo sentido;Anoitecer;Ceu Claro;Utilitario;Ileso;1;3;5;4;1;3
Trafegar com motocicleta (ou similar) entre as faixas;Colisao lateral mesmo sentido;Anoitecer;Chuva;Automovel;Ileso;3;3;5;4;2;1
Trafegar com motocicleta (ou similar) entre as faixas;Colisao lateral mesmo sentido;Anoitecer;Chuva;Motocicleta;Lesoes Graves;1;3;5;4;2;1
Trafegar com motocicleta (ou similar) entre as faixas;Colisao lateral mesmo sentido;Anoitecer;Chuva;Motocicleta;Lesoes Leves;2;3;5;4;2;1
Trafegar com motocicleta (ou similar) entre as faixas;Colisao lateral mesmo sentido;Anoitecer;Garoa/Chuvisco;Automovel;Ileso;2;3;5;4;3;1
Trafegar com motocicleta (ou similar) entre as faixas;Colisao lateral mesmo sentido;Anoitecer;Garoa/Chuvisco;Motocicleta;Lesoes Graves;1;3;5;4;3;1
Trafegar com motocicleta (ou similar) entre as faixas;Colisao lateral mesmo sentido;Anoitecer;Garoa/Chuvisco;Motoneta;Lesoes Leves;1;3;5;4;3;3
Trafegar com motocicleta (ou similar) entre as faixas;Colisao lateral mesmo sentido;Anoitecer;Nublado;Automovel;Ileso;9;3;5;4;2;1
Trafegar com motocicleta (ou similar) entre as faixas;Colisao lateral mesmo sentido;Anoitecer;Nublado;Caminhao;Ileso;1;3;5;4;2;2
Trafegar com motocicleta (ou similar) entre as faixas;Colisao lateral mesmo sentido;Anoitecer;Nublado;Caminhonete;Ileso;1;3;5;4;2;2
Trafegar com motocicleta (ou similar) entre as faixas;Colisao lateral mesmo sentido;Anoitecer;Nublado;Motocicleta;Lesoes Graves;1;3;5;4;2;1
Trafegar com motocicleta (ou similar) entre as faixas;Colisao lateral mesmo sentido;Anoitecer;Nublado;Motocicleta;Lesoes Leves;11;3;5;4;2;1
Trafegar com motocicleta (ou similar) entre as faixas;Colisao lateral mesmo sentido;Anoitecer;Nublado;Nao Informado;Ileso;1;3;5;4;2;3
Trafegar com motocicleta (ou similar) entre as faixas;Colisao lateral mesmo sentido;Plena Noite;Ceu Claro;Automovel;Ileso;36;3;5;2;1;1
Trafegar com motocicleta (ou similar) entre as faixas;Colisao lateral mesmo sentido;Plena Noite;Ceu Claro;Caminhao;Ileso;2;3;5;2;1;2
Trafegar com motocicleta (ou similar) entre as faixas;Colisao lateral mesmo sentido;Plena Noite;Ceu Claro;Caminhao-trator;Ileso;2;3;5;2;1;2
Trafegar com motocicleta (ou similar) entre as faixas;Colisao lateral mesmo sentido;Plena Noite;Ceu Claro;Caminhonete;Ileso;1;3;5;2;1;2
Trafegar com motocicleta (ou similar) entre as faixas;Colisao lateral mesmo sentido;Plena Noite;Ceu Claro;Motocicleta;Lesoes Graves;4;3;5;2;1;1
Trafegar com motocicleta (ou similar) entre as faixas;Colisao lateral mesmo sentido;Plena Noite;Ceu Claro;Motocicleta;Lesoes Leves;27;3;5;2;1;1
Trafegar com motocicleta (ou similar) entre as faixas;Colisao lateral mesmo sentido;Plena Noite;Ceu Claro;Motocicleta;Obito;1;3;5;2;1;1
Trafegar com motocicleta (ou similar) entre as faixas;Colisao lateral mesmo sentido;Plena Noite;Ceu Claro;Motoneta;Lesoes Leves;1;3;5;2;1;3
Trafegar com motocicleta (ou similar) entre as faixas;Colisao lateral mesmo sentido;Plena Noite;Ceu Claro;Nao Informado;Ileso;2;3;5;2;1;3
Trafegar com motocicleta (ou similar) entre as faixas;Colisao lateral mesmo sentido;Plena Noite;Ceu Claro;Onibus;Ileso;2;3;5;2;1;3
Trafegar com motocicleta (ou similar) entre as faixas;Colisao lateral mesmo sentido;Plena Noite;Chuva;Automovel;Ileso;4;3;5;2;2;1
Trafegar com motocicleta (ou similar) entre as faixas;Colisao lateral mesmo sentido;Plena Noite;Chuva;Motocicleta;Lesoes Leves;4;3;5;2;2;1
Trafegar com motocicleta (ou similar) entre as faixas;Colisao lateral mesmo sentido;Plena Noite;Garoa/Chuvisco;Automovel;Ileso;1;3;5;2;3;1
Trafegar com motocicleta (ou similar) entre as faixas;Colisao lateral mesmo sentido;Plena Noite;Garoa/Chuvisco;Motocicleta;Lesoes Graves;1;3;5;2;3;1
Trafegar com motocicleta (ou similar) entre as faixas;Colisao lateral mesmo sentido;Plena Noite;Garoa/Chuvisco;Motocicleta;Lesoes Leves;2;3;5;2;3;1
Trafegar com motocicleta (ou similar) entre as faixas;Colisao lateral mesmo sentido;Plena Noite;Ignorado;Caminhonete;Ileso;1;3;5;2;0;2
Trafegar com motocicleta (ou similar) entre as faixas;Colisao lateral mesmo sentido;Plena Noite;Ignorado;Motocicleta;Lesoes Leves;4;3;5;2;0;1
Trafegar com motocicleta (ou similar) entre as faixas;Colisao lateral mesmo sentido;Plena Noite;Ignorado;Utilitario;Ileso;1;3;5;2;0;3
Trafegar com motocicleta (ou similar) entre as faixas;Colisao lateral mesmo sentido;Plena Noite;Nublado;Automovel;Ileso;15;3;5;2;2;1
Trafegar com motocicleta (ou similar) entre as faixas;Colisao lateral mesmo sentido;Plena Noite;Nublado;Caminhao-trator;Ileso;1;3;5;2;2;2
Trafegar com motocicleta (ou similar) entre as faixas;Colisao lateral mesmo sentido;Plena Noite;Nublado;Caminhonete;Ileso;3;3;5;2;2;2
Trafegar com motocicleta (ou similar) entre as faixas;Colisao lateral mesmo sentido;Plena Noite;Nublado;Motocicleta;Lesoes Graves;1;3;5;2;2;1
Trafegar com motocicleta (ou similar) entre as faixas;Colisao lateral mesmo sentido;Plena Noite;Nublado;Motocicleta;Lesoes Leves;12;3;5;2;2;1
Trafegar com motocicleta (ou similar) entre as faixas;Colisao lateral mesmo sentido;Plena Noite;Nublado;Motoneta;Lesoes Graves;1;3;5;2;2;3
Trafegar com motocicleta (ou similar) entre as faixas;Colisao lateral mesmo sentido;Plena Noite;Nublado;Motoneta;Lesoes Leves;1;3;5;2;2;3
Trafegar com motocicleta (ou similar) entre as faixas;Colisao lateral mesmo sentido;Plena Noite;Nublado;Utilitario;Ileso;1;3;5;2;2;3
Trafegar com motocicleta (ou similar) entre as faixas;Colisao lateral mesmo sentido;Plena Noite;Sol;Automovel;Ileso;2;3;5;2;3;1
Trafegar com motocicleta (ou similar) entre as faixas;Colisao lateral mesmo sentido;Plena Noite;Sol;Motocicleta;Lesoes Leves;1;3;5;2;3;1
Trafegar com motocicleta (ou similar) entre as faixas;Colisao lateral mesmo sentido;Plena Noite;Vento;Automovel;Ileso;2;3;5;2;5;1
Trafegar com motocicleta (ou similar) entre as faixas;Colisao lateral mesmo sentido;Plena Noite;Vento;Motocicleta;Lesoes Leves;3;3;5;2;5;1
Trafegar com motocicleta (ou similar) entre as faixas;Colisao lateral mesmo sentido;Plena Noite;Vento;Motoneta;Lesoes Leves;1;3;5;2;5;3
Trafegar com motocicleta (ou similar) entre as faixas;Colisao lateral mesmo sentido;Plena Noite;Vento;Onibus;Ileso;1;3;5;2;5;3
Trafegar com motocicleta (ou similar) entre as faixas;Colisao lateral mesmo sentido;Pleno dia;Ceu Claro;Automovel;Ileso;122;3;5;1;1;1
Trafegar com motocicleta (ou similar) entre as faixas;Colisao lateral mesmo sentido;Pleno dia;Ceu Claro;Automovel;Lesoes Leves;1;3;5;1;1;1
Trafegar com motocicleta (ou similar) entre as faixas;Colisao lateral mesmo sentido;Pleno dia;Ceu Claro;Bicicleta;Lesoes Leves;1;3;5;1;1;3
Trafegar com motocicleta (ou similar) entre as faixas;Colisao lateral mesmo sentido;Pleno dia;Ceu Claro;Caminhao;Ileso;14;3;5;1;1;2
Trafegar com motocicleta (ou similar) entre as faixas;Colisao lateral mesmo sentido;Pleno dia;Ceu Claro;Caminhao-trator;Ileso;15;3;5;1;1;2
Trafegar com motocicleta (ou similar) entre as faixas;Colisao lateral mesmo sentido;Pleno dia;Ceu Claro;Caminhonete;Ileso;25;3;5;1;1;2
Trafegar com motocicleta (ou similar) entre as faixas;Colisao lateral mesmo sentido;Pleno dia;Ceu Claro;Motocicleta;Ileso;18;3;5;1;1;1
Trafegar com motocicleta (ou similar) entre as faixas;Colisao lateral mesmo sentido;Pleno dia;Ceu Claro;Motocicleta;Lesoes Graves;33;3;5;1;1;1
Trafegar com motocicleta (ou similar) entre as faixas;Colisao lateral mesmo sentido;Pleno dia;Ceu Claro;Motocicleta;Lesoes Leves;146;3;5;1;1;1
Trafegar com motocicleta (ou similar) entre as faixas;Colisao lateral mesmo sentido;Pleno dia;Ceu Claro;Motocicleta;Obito;8;3;5;1;1;1
Trafegar com motocicleta (ou similar) entre as faixas;Colisao lateral mesmo sentido;Pleno dia;Ceu Claro;Motoneta;Lesoes Graves;4;3;5;1;1;3
Trafegar com motocicleta (ou similar) entre as faixas;Colisao lateral mesmo sentido;Pleno dia;Ceu Claro;Motoneta;Lesoes Leves;11;3;5;1;1;3
Trafegar com motocicleta (ou similar) entre as faixas;Colisao lateral mesmo sentido;Pleno dia;Ceu Claro;Nao Informado;Ileso;9;3;5;1;1;3
Trafegar com motocicleta (ou similar) entre as faixas;Colisao lateral mesmo sentido;Pleno dia;Ceu Claro;Onibus;Ileso;3;3;5;1;1;3
Trafegar com motocicleta (ou similar) entre as faixas;Colisao lateral mesmo sentido;Pleno dia;Ceu Claro;Utilitario;Ileso;2;3;5;1;1;3
Trafegar com motocicleta (ou similar) entre as faixas;Colisao lateral mesmo sentido;Pleno dia;Ceu Claro;Utilitario;Lesoes Leves;1;3;5;1;1;3
Trafegar com motocicleta (ou similar) entre as faixas;Colisao lateral mesmo sentido;Pleno dia;Chuva;Automovel;Ileso;11;3;5;1;2;1
Trafegar com motocicleta (ou similar) entre as faixas;Colisao lateral mesmo sentido;Pleno dia;Chuva;Caminhao;Ileso;2;3;5;1;2;2
Trafegar com motocicleta (ou similar) entre as faixas;Colisao lateral mesmo sentido;Pleno dia;Chuva;Caminhao-trator;Ileso;1;3;5;1;2;2
Trafegar com motocicleta (ou similar) entre as faixas;Colisao lateral mesmo sentido;Pleno dia;Chuva;Caminhonete;Ileso;1;3;5;1;2;2
Trafegar com motocicleta (ou similar) entre as faixas;Colisao lateral mesmo sentido;Pleno dia;Chuva;Motocicleta;Lesoes Graves;4;3;5;1;2;1
Trafegar com motocicleta (ou similar) entre as faixas;Colisao lateral mesmo sentido;Pleno dia;Chuva;Motocicleta;Lesoes Leves;11;3;5;1;2;1
Trafegar com motocicleta (ou similar) entre as faixas;Colisao lateral mesmo sentido;Pleno dia;Chuva;Motoneta;Lesoes Leves;3;3;5;1;2;3
Trafegar com motocicleta (ou similar) entre as faixas;Colisao lateral mesmo sentido;Pleno dia;Chuva;Nao Informado;Ileso;1;3;5;1;2;3
Trafegar com motocicleta (ou similar) entre as faixas;Colisao lateral mesmo sentido;Pleno dia;Chuva;Utilitario;Ileso;1;3;5;1;2;3
Trafegar com motocicleta (ou similar) entre as faixas;Colisao lateral mesmo sentido;Pleno dia;Garoa/Chuvisco;Automovel;Ileso;2;3;5;1;3;1
Trafegar com motocicleta (ou similar) entre as faixas;Colisao lateral mesmo sentido;Pleno dia;Garoa/Chuvisco;Caminhao;Ileso;1;3;5;1;3;2
Trafegar com motocicleta (ou similar) entre as faixas;Colisao lateral mesmo sentido;Pleno dia;Garoa/Chuvisco;Motocicleta;Ileso;3;3;5;1;3;1
Trafegar com motocicleta (ou similar) entre as faixas;Colisao lateral mesmo sentido;Pleno dia;Garoa/Chuvisco;Motocicleta;Lesoes Graves;1;3;5;1;3;1
Trafegar com motocicleta (ou similar) entre as faixas;Colisao lateral mesmo sentido;Pleno dia;Garoa/Chuvisco;Motocicleta;Lesoes Leves;5;3;5;1;3;1
Trafegar com motocicleta (ou similar) entre as faixas;Colisao lateral mesmo sentido;Pleno dia;Garoa/Chuvisco;Utilitario;Ileso;2;3;5;1;3;3
Trafegar com motocicleta (ou similar) entre as faixas;Colisao lateral mesmo sentido;Pleno dia;Ignorado;Automovel;Ileso;1;3;5;1;0;1
Trafegar com motocicleta (ou similar) entre as faixas;Colisao lateral mesmo sentido;Pleno dia;Ignorado;Motocicleta;Lesoes Leves;1;3;5;1;0;1
Trafegar com motocicleta (ou similar) entre as faixas;Colisao lateral mesmo sentido;Pleno dia;Nevoeiro/Neblina;Caminhonete;Ileso;1;3;5;1;4;2
Trafegar com motocicleta (ou similar) entre as faixas;Colisao lateral mesmo sentido;Pleno dia;Nevoeiro/Neblina;Motocicleta;Lesoes Leves;1;3;5;1;4;1
Trafegar com motocicleta (ou similar) entre as faixas;Colisao lateral mesmo sentido;Pleno dia;Nublado;Automovel;Ileso;37;3;5;1;2;1
Trafegar com motocicleta (ou similar) entre as faixas;Colisao lateral mesmo sentido;Pleno dia;Nublado;Bicicleta;Lesoes Leves;1;3;5;1;2;3
Trafegar com motocicleta (ou similar) entre as faixas;Colisao lateral mesmo sentido;Pleno dia;Nublado;Caminhao;Ileso;3;3;5;1;2;2
Trafegar com motocicleta (ou similar) entre as faixas;Colisao lateral mesmo sentido;Pleno dia;Nublado;Caminhao-trator;Ileso;5;3;5;1;2;2
Trafegar com motocicleta (ou similar) entre as faixas;Colisao lateral mesmo sentido;Pleno dia;Nublado;Caminhonete;Ileso;9;3;5;1;2;2
Trafegar com motocicleta (ou similar) entre as faixas;Colisao lateral mesmo sentido;Pleno dia;Nublado;Motocicleta;Ileso;4;3;5;1;2;1
Trafegar com motocicleta (ou similar) entre as faixas;Colisao lateral mesmo sentido;Pleno dia;Nublado;Motocicleta;Lesoes Graves;12;3;5;1;2;1
Trafegar com motocicleta (ou similar) entre as faixas;Colisao lateral mesmo sentido;Pleno dia;Nublado;Motocicleta;Lesoes Leves;38;3;5;1;2;1
Trafegar com motocicleta (ou similar) entre as faixas;Colisao lateral mesmo sentido;Pleno dia;Nublado;Motoneta;Lesoes Leves;5;3;5;1;2;3
Trafegar com motocicleta (ou similar) entre as faixas;Colisao lateral mesmo sentido;Pleno dia;Nublado;Nao Informado;Ileso;2;3;5;1;2;3
Trafegar com motocicleta (ou similar) entre as faixas;Colisao lateral mesmo sentido;Pleno dia;Nublado;Nao se aplica;Lesoes Leves;1;3;5;1;2;3
Trafegar com motocicleta (ou similar) entre as faixas;Colisao lateral mesmo sentido;Pleno dia;Sol;Automovel;Ileso;11;3;5;1;3;1
Trafegar com motocicleta (ou similar) entre as faixas;Colisao lateral mesmo sentido;Pleno dia;Sol;Automovel;Lesoes Leves;1;3;5;1;3;1
Trafegar com motocicleta (ou similar) entre as faixas;Colisao lateral mesmo sentido;Pleno dia;Sol;Caminhao;Ileso;2;3;5;1;3;2
Trafegar com motocicleta (ou similar) entre as faixas;Colisao lateral mesmo sentido;Pleno dia;Sol;Caminhao-trator;Ileso;1;3;5;1;3;2
Trafegar com motocicleta (ou similar) entre as faixas;Colisao lateral mesmo sentido;Pleno dia;Sol;Caminhonete;Ileso;3;3;5;1;3;2
Trafegar com motocicleta (ou similar) entre as faixas;Colisao lateral mesmo sentido;Pleno dia;Sol;Motocicleta;Ileso;2;3;5;1;3;1
Trafegar com motocicleta (ou similar) entre as faixas;Colisao lateral mesmo sentido;Pleno dia;Sol;Motocicleta;Lesoes Leves;11;3;5;1;3;1
Trafegar com motocicleta (ou similar) entre as faixas;Colisao lateral mesmo sentido;Pleno dia;Sol;Motocicleta;Obito;1;3;5;1;3;1
Trafegar com motocicleta (ou similar) entre as faixas;Colisao lateral mesmo sentido;Pleno dia;Sol;Motoneta;Lesoes Leves;4;3;5;1;3;3
Trafegar com motocicleta (ou similar) entre as faixas;Colisao lateral mesmo sentido;Pleno dia;Sol;Nao Informado;Ileso;1;3;5;1;3;3
Trafegar com motocicleta (ou similar) entre as faixas;Colisao lateral sentido oposto;Plena Noite;Ceu Claro;Motocicleta;Lesoes Graves;1;3;4;2;1;1
Trafegar com motocicleta (ou similar) entre as faixas;Colisao lateral sentido oposto;Plena Noite;Garoa/Chuvisco;Automovel;Ileso;1;3;4;2;3;1
Trafegar com motocicleta (ou similar) entre as faixas;Colisao lateral sentido oposto;Plena Noite;Garoa/Chuvisco;Motocicleta;Lesoes Graves;1;3;4;2;3;1
Trafegar com motocicleta (ou similar) entre as faixas;Colisao lateral sentido oposto;Plena Noite;Garoa/Chuvisco;Motocicleta;Lesoes Leves;1;3;4;2;3;1
Trafegar com motocicleta (ou similar) entre as faixas;Colisao lateral sentido oposto;Plena Noite;Nublado;Automovel;Ileso;1;3;4;2;2;1
Trafegar com motocicleta (ou similar) entre as faixas;Colisao lateral sentido oposto;Plena Noite;Nublado;Caminhao;Ileso;1;3;4;2;2;2
Trafegar com motocicleta (ou similar) entre as faixas;Colisao lateral sentido oposto;Plena Noite;Nublado;Motocicleta;Lesoes Graves;1;3;4;2;2;1
Trafegar com motocicleta (ou similar) entre as faixas;Colisao lateral sentido oposto;Pleno dia;Ceu Claro;Automovel;Ileso;2;3;4;1;1;1
Trafegar com motocicleta (ou similar) entre as faixas;Colisao lateral sentido oposto;Pleno dia;Ceu Claro;Motocicleta;Ileso;1;3;4;1;1;1
Trafegar com motocicleta (ou similar) entre as faixas;Colisao lateral sentido oposto;Pleno dia;Ceu Claro;Motocicleta;Lesoes Graves;1;3;4;1;1;1
Trafegar com motocicleta (ou similar) entre as faixas;Colisao lateral sentido oposto;Pleno dia;Ceu Claro;Motocicleta;Lesoes Leves;3;3;4;1;1;1
Trafegar com motocicleta (ou similar) entre as faixas;Colisao lateral sentido oposto;Pleno dia;Ceu Claro;Nao Informado;Ileso;1;3;4;1;1;3
Trafegar com motocicleta (ou similar) entre as faixas;Colisao lateral sentido oposto;Pleno dia;Ceu Claro;Nao se aplica;Lesoes Graves;1;3;4;1;1;3
Trafegar com motocicleta (ou similar) entre as faixas;Colisao lateral sentido oposto;Pleno dia;Garoa/Chuvisco;Caminhao-trator;Ileso;1;3;4;1;3;2
Trafegar com motocicleta (ou similar) entre as faixas;Colisao lateral sentido oposto;Pleno dia;Garoa/Chuvisco;Motocicleta;Lesoes Graves;1;3;4;1;3;1
Trafegar com motocicleta (ou similar) entre as faixas;Colisao lateral sentido oposto;Pleno dia;Nublado;Automovel;Ileso;1;3;4;1;2;1
Trafegar com motocicleta (ou similar) entre as faixas;Colisao lateral sentido oposto;Pleno dia;Nublado;Motocicleta;Lesoes Graves;1;3;4;1;2;1
Trafegar com motocicleta (ou similar) entre as faixas;Colisao lateral sentido oposto;Pleno dia;Sol;Caminhonete;Ileso;1;3;4;1;3;2
Trafegar com motocicleta (ou similar) entre as faixas;Colisao lateral sentido oposto;Pleno dia;Sol;Motocicleta;Lesoes Leves;1;3;4;1;3;1
Trafegar com motocicleta (ou similar) entre as faixas;Colisao transversal;Anoitecer;Ceu Claro;Automovel;Ileso;3;3;5;4;1;1
Trafegar com motocicleta (ou similar) entre as faixas;Colisao transversal;Anoitecer;Ceu Claro;Motocicleta;Lesoes Graves;1;3;5;4;1;1
Trafegar com motocicleta (ou similar) entre as faixas;Colisao transversal;Anoitecer;Ceu Claro;Motocicleta;Lesoes Leves;2;3;5;4;1;1
Trafegar com motocicleta (ou similar) entre as faixas;Colisao transversal;Anoitecer;Ceu Claro;Motoneta;Lesoes Leves;3;3;5;4;1;3
Trafegar com motocicleta (ou similar) entre as faixas;Colisao transversal;Plena Noite;Ceu Claro;Automovel;Ileso;7;3;5;2;1;1
Trafegar com motocicleta (ou similar) entre as faixas;Colisao transversal;Plena Noite;Ceu Claro;Bicicleta;Lesoes Graves;1;3;5;2;1;3
Trafegar com motocicleta (ou similar) entre as faixas;Colisao transversal;Plena Noite;Ceu Claro;Motocicleta;Lesoes Leves;7;3;5;2;1;1
Trafegar com motocicleta (ou similar) entre as faixas;Colisao transversal;Plena Noite;Chuva;Bicicleta;Lesoes Graves;1;3;5;2;2;3
Trafegar com motocicleta (ou similar) entre as faixas;Colisao transversal;Plena Noite;Chuva;Caminhonete;Ileso;2;3;5;2;2;2
Trafegar com motocicleta (ou similar) entre as faixas;Colisao transversal;Plena Noite;Chuva;Motocicleta;Lesoes Leves;1;3;5;2;2;1
Trafegar com motocicleta (ou similar) entre as faixas;Colisao transversal;Plena Noite;Nublado;Automovel;Ileso;2;3;5;2;2;1
Trafegar com motocicleta (ou similar) entre as faixas;Colisao transversal;Plena Noite;Nublado;Motocicleta;Lesoes Leves;1;3;5;2;2;1
Trafegar com motocicleta (ou similar) entre as faixas;Colisao transversal;Pleno dia;Ceu Claro;Automovel;Ileso;23;3;5;1;1;1
Trafegar com motocicleta (ou similar) entre as faixas;Colisao transversal;Pleno dia;Ceu Claro;Automovel;Lesoes Leves;1;3;5;1;1;1
Trafegar com motocicleta (ou similar) entre as faixas;Colisao transversal;Pleno dia;Ceu Claro;Bicicleta;Lesoes Graves;1;3;5;1;1;3
Trafegar com motocicleta (ou similar) entre as faixas;Colisao transversal;Pleno dia;Ceu Claro;Bicicleta;Lesoes Leves;1;3;5;1;1;3
Trafegar com motocicleta (ou similar) entre as faixas;Colisao transversal;Pleno dia;Ceu Claro;Caminhao;Ileso;1;3;5;1;1;2
Trafegar com motocicleta (ou similar) entre as faixas;Colisao transversal;Pleno dia;Ceu Claro;Caminhao-trator;Ileso;1;3;5;1;1;2
Trafegar com motocicleta (ou similar) entre as faixas;Colisao transversal;Pleno dia;Ceu Claro;Caminhonete;Ileso;3;3;5;1;1;2
Trafegar com motocicleta (ou similar) entre as faixas;Colisao transversal;Pleno dia;Ceu Claro;Motocicleta;Ileso;2;3;5;1;1;1
Trafegar com motocicleta (ou similar) entre as faixas;Colisao transversal;Pleno dia;Ceu Claro;Motocicleta;Lesoes Graves;9;3;5;1;1;1
Trafegar com motocicleta (ou similar) entre as faixas;Colisao transversal;Pleno dia;Ceu Claro;Motocicleta;Lesoes Leves;19;3;5;1;1;1
Trafegar com motocicleta (ou similar) entre as faixas;Colisao transversal;Pleno dia;Ceu Claro;Motoneta;Lesoes Leves;2;3;5;1;1;3
Trafegar com motocicleta (ou similar) entre as faixas;Colisao transversal;Pleno dia;Ceu Claro;Nao Informado;Ileso;9;3;5;1;1;3
Trafegar com motocicleta (ou similar) entre as faixas;Colisao transversal;Pleno dia;Ceu Claro;Utilitario;Ileso;1;3;5;1;1;3