causa_acidente;tipo_acidente;fase_dia;condicao_metereologica;tipo_veiculo;estado_fisico;count;causa_acidente_criterios;tipo_acidente_criterios;fase_dia_criterios;condicao_metereologica_criterios;tipo_veiculo_criterios
Trafegar com motocicleta (ou similar) entre as faixas;Queda de ocupante de veiculo;Pleno dia;Ceu Claro;Motoneta;Lesoes Leves;13;3;5;1;1;3
Trafegar com motocicleta (ou similar) entre as faixas;Queda de ocupante de veiculo;Pleno dia;Ceu Claro;Nao Informado;Ileso;9;3;5;1;1;3
Trafegar com motocicleta (ou similar) entre as faixas;Queda de ocupante de veiculo;Pleno dia;Ceu Claro;Nao se aplica;Ileso;1;3;5;1;1;3
Trafegar com motocicleta (ou similar) entre as faixas;Queda de ocupante de veiculo;Pleno dia;Ceu Claro;Nao se aplica;Lesoes Graves;3;3;5;1;1;3
Trafegar com motocicleta (ou similar) entre as faixas;Queda de ocupante de veiculo;Pleno dia;Ceu Claro;Nao se aplica;Lesoes Leves;2;3;5;1;1;3
Trafegar com motocicleta (ou similar) entre as faixas;Queda de ocupante de veiculo;Pleno dia;Ceu Claro;Onibus;Ileso;2;3;5;1;1;3
Trafegar com motocicleta (ou similar) entre as faixas;Queda de ocupante de veiculo;Pleno dia;Ceu Claro;Triciclo;Lesoes Leves;1;3;5;1;1;5
Trafegar com motocicleta (ou similar) entre as faixas;Queda de ocupante de veiculo;Pleno dia;Ceu Claro;Utilitario;Ileso;3;3;5;1;1;3
Trafegar com motocicleta (ou similar) entre as faixas;Queda de ocupante de veiculo;Pleno dia;Chuva;Automovel;Ileso;11;3;5;1;2;1
Trafegar com motocicleta (ou similar) entre as faixas;Queda de ocupante de veiculo;Pleno dia;Chuva;Caminhao;Ileso;2;3;5;1;2;2
Trafegar com motocicleta (ou similar) entre as faixas;Queda de ocupante de veiculo;Pleno dia;Chuva;Caminhao-trator;Ileso;1;3;5;1;2;2
Trafegar com motocicleta (ou similar) entre as faixas;Queda de ocupante de veiculo;Pleno dia;Chuva;Caminhonete;Ileso;1;3;5;1;2;2
Trafegar com motocicleta (ou similar) entre as faixas;Queda de ocupante de veiculo;Pleno dia;Chuva;Motocicleta;Lesoes Graves;5;3;5;1;2;1
Trafegar com motocicleta (ou similar) entre as faixas;Queda de ocupante de veiculo;Pleno dia;Chuva;Motocicleta;Lesoes Leves;10;3;5;1;2;1
Trafegar com motocicleta (ou similar) entre as faixas;Queda de ocupante de veiculo;Pleno dia;Chuva;Motocicleta;Obito;1;3;5;1;2;1
Trafegar com motocicleta (ou similar) entre as faixas;Queda de ocupante de veiculo;Pleno dia;Chuva;Motoneta;Lesoes Leves;3;3;5;1;2;3
Trafegar com motocicleta (ou similar) entre as faixas;Queda de ocupante de veiculo;Pleno dia;Chuva;Nao Informado;Ileso;1;3;5;1;2;3
Trafegar com motocicleta (ou similar) entre as faixas;Queda de ocupante de veiculo;Pleno dia;Chuva;Utilitario;Ileso;1;3;5;1;2;3
Trafegar com motocicleta (ou similar) entre as faixas;Queda de ocupante de veiculo;Pleno dia;Garoa/Chuvisco;Automovel;Ileso;3;3;5;1;3;1
Trafegar com motocicleta (ou similar) entre as faixas;Queda de ocupante de veiculo;Pleno dia;Garoa/Chuvisco;Caminhao;Ileso;1;3;5;1;3;2
Trafegar com motocicleta (ou similar) entre as faixas;Queda de ocupante de veiculo;Pleno dia;Garoa/Chuvisco;Caminhao-trator;Ileso;1;3;5;1;3;2
Trafegar com motocicleta (ou similar) entre as faixas;Queda de ocupante de veiculo;Pleno dia;Garoa/Chuvisco;Motocicleta;Lesoes Graves;2;3;5;1;3;1
Trafegar com motocicleta (ou similar) entre as faixas;Queda de ocupante de veiculo;Pleno dia;Garoa/Chuvisco;Motocicleta;Lesoes Leves;3;3;5;1;3;1
Trafegar com motocicleta (ou similar) entre as faixas;Queda de ocupante de veiculo;Pleno dia;Garoa/Chuvisco;Motocicleta;Obito;1;3;5;1;3;1
Trafegar com motocicleta (ou similar) entre as faixas;Queda de ocupante de veiculo;Pleno dia;Garoa/Chuvisco;Utilitario;Ileso;1;3;5;1;3;3
Trafegar com motocicleta (ou similar) entre as faixas;Queda de ocupante de veiculo;Pleno dia;Ignorado;Automovel;Ileso;1;3;5;1;0;1
Trafegar com motocicleta (ou similar) entre as faixas;Queda de ocupante de veiculo;Pleno dia;Ignorado;Motocicleta;Lesoes Leves;2;3;5;1;0;1
Trafegar com motocicleta (ou similar) entre as faixas;Queda de ocupante de veiculo;Pleno dia;Nevoeiro/Neblina;Caminhonete;Ileso;1;3;5;1;4;2
Trafegar com motocicleta (ou similar) entre as faixas;Queda de ocupante de veiculo;Pleno dia;Nevoeiro/Neblina;Motocicleta;Lesoes Leves;1;3;5;1;4;1
Trafegar com motocicleta (ou similar) entre as faixas;Queda de ocupante de veiculo;Pleno dia;Nublado;Automovel;Ileso;46;3;5;1;2;1
Trafegar com motocicleta (ou similar) entre as faixas;Queda de ocupante de veiculo;Pleno dia;Nublado;Bicicleta;Lesoes Leves;1;3;5;1;2;3
Trafegar com motocicleta (ou similar) entre as faixas;Queda de ocupante de veiculo;Pleno dia;Nublado;Caminhao;Ileso;2;3;5;1;2;2
Trafegar com motocicleta (ou similar) entre as faixas;Queda de ocupante de veiculo;Pleno dia;Nublado;Caminhao-trator;Ileso;1;3;5;1;2;2
Trafegar com motocicleta (ou similar) entre as faixas;Queda de ocupante de veiculo;Pleno dia;Nublado;Caminhonete;Ileso;11;3;5;1;2;2
Trafegar com motocicleta (ou similar) entre as faixas;Queda de ocupante de veiculo;Pleno dia;Nublado;Motocicleta;Ileso;6;3;5;1;2;1
Trafegar com motocicleta (ou similar) entre as faixas;Queda de ocupante de veiculo;Pleno dia;Nublado;Motocicleta;Lesoes Graves;9;3;5;1;2;1
Trafegar com motocicleta (ou similar) entre as faixas;Queda de ocupante de veiculo;Pleno dia;Nublado;Motocicleta;Lesoes Leves;56;3;5;1;2;1
Trafegar com motocicleta (ou similar) entre as faixas;Queda de ocupante de veiculo;Pleno dia;Nublado;Motocicleta;Obito;1;3;5;1;2;1
Trafegar com motocicleta (ou similar) entre as faixas;Queda de ocupante de veiculo;Pleno dia;Nublado;Motoneta;Lesoes Graves;1;3;5;1;2;3
Trafegar com motocicleta (ou similar) entre as faixas;Queda de ocupante de veiculo;Pleno dia;Nublado;Motoneta;Lesoes Leves;7;3;5;1;2;3
Trafegar com motocicleta (ou similar) entre as faixas;Queda de ocupante de veiculo;Pleno dia;Nublado;Nao Informado;Ileso;5;3;5;1;2;3
Trafegar com motocicleta (ou similar) entre as faixas;Queda de ocupante de veiculo;Pleno dia;Nublado;Nao se aplica;Lesoes Leves;3;3;5;1;2;3
Trafegar com motocicleta (ou similar) entre as faixas;Queda de ocupante de veiculo;Pleno dia;Nublado;Utilitario;Ileso;2;3;5;1;2;3
Trafegar com motocicleta (ou similar) entre as faixas;Queda de ocupante de veiculo;Pleno dia;Sol;Automovel;Ileso;11;3;5;1;3;1
Trafegar com motocicleta (ou similar) entre as faixas;Queda de ocupante de veiculo;Pleno dia;Sol;Caminhao;Ileso;1;3;5;1;3;2
Trafegar com motocicleta (ou similar) entre as faixas;Queda de ocupante de veiculo;Pleno dia;Sol;Caminhao-trator;Ileso;1;3;5;1;3;2
Trafegar com motocicleta (ou similar) entre as faixas;Queda de ocupante de veiculo;Pleno dia;Sol;Caminhonete;Ileso;4;3;5;1;3;2
Trafegar com motocicleta (ou similar) entre as faixas;Queda de ocupante de veiculo;Pleno dia;Sol;Motocicleta;Ileso;1;3;5;1;3;1
Trafegar com motocicleta (ou similar) entre as faixas;Queda de ocupante de veiculo;Pleno dia;Sol;Motocicleta;Lesoes Graves;1;3;5;1;3;1
Trafegar com motocicleta (ou similar) entre as faixas;Queda de ocupante de veiculo;Pleno dia;Sol;Motocicleta;Lesoes Leves;22;3;5;1;3;1
Trafegar com motocicleta (ou similar) entre as faixas;Queda de ocupante de veiculo;Pleno dia;Sol;Motocicleta;Obito;2;3;5;1;3;1
Trafegar com motocicleta (ou similar) entre as faixas;Queda de ocupante de veiculo;Pleno dia;Sol;Motoneta;Ileso;1;3;5;1;3;3
Trafegar com motocicleta (ou similar) entre as faixas;Queda de ocupante de veiculo;Pleno dia;Sol;Motoneta;Lesoes Leves;3;3;5;1;3;3
Trafegar com motocicleta (ou similar) entre as faixas;Queda de ocupante de veiculo;Pleno dia;Sol;Nao Informado;Ileso;2;3;5;1;3;3
Trafegar com motocicleta (ou similar) entre as faixas;Saida de leito carrocavel;Anoitecer;Ceu Claro;Automovel;Lesoes Leves;1;3;5;4;1;1
Trafegar com motocicleta (ou similar) entre as faixas;Saida de leito carrocavel;Anoitecer;Ceu Claro;Motocicleta;Lesoes Graves;2;3;5;4;1;1
Trafegar com motocicleta (ou similar) entre as faixas;Saida de leito carrocavel;Anoitecer;Ceu Claro;Motoneta;Lesoes Graves;1;3;5;4;1;3
Trafegar com motocicleta (ou similar) entre as faixas;Saida de leito carrocavel;Anoitecer;Ceu Claro;Motoneta;Lesoes Leves;1;3;5;4;1;3
Trafegar com motocicleta (ou similar) entre as faixas;Saida de leito carrocavel;Anoitecer;Nublado;Automovel;Ileso;1;3;5;4;2;1
Trafegar com motocicleta (ou similar) entre as faixas;Saida de leito carrocavel;Anoitecer;Nublado;Motocicleta;Lesoes Leves;1;3;5;4;2;1
Trafegar com motocicleta (ou similar) entre as faixas;Saida de leito carrocavel;Plena Noite;Ceu Claro;Ciclomotor;Lesoes Graves;1;3;5;2;1;4
Trafegar com motocicleta (ou similar) entre as faixas;Saida de leito carrocavel;Plena Noite;Ceu Claro;Ciclomotor;Obito;1;3;5;2;1;4
Trafegar com motocicleta (ou similar) entre as faixas;Saida de leito carrocavel;Plena Noite;Garoa/Chuvisco;Motoneta;Lesoes Leves;1;3;5;2;3;3
Trafegar com motocicleta (ou similar) entre as faixas;Saida de leito carrocavel;Pleno dia;Nublado;Automovel;Ileso;2;3;5;1;2;1
Trafegar com motocicleta (ou similar) entre as faixas;Saida de leito carrocavel;Pleno dia;Nublado;Motocicleta;Lesoes Leves;5;3;5;1;2;1
Trafegar com motocicleta (ou similar) entre as faixas;Tombamento;Amanhecer;Ceu Claro;Motocicleta;Lesoes Leves;1;3;5;4;1;1
Trafegar com motocicleta (ou similar) entre as faixas;Tombamento;Amanhecer;Ignorado;Motocicleta;Lesoes Leves;2;3;5;4;0;1
Trafegar com motocicleta (ou similar) entre as faixas;Tombamento;Amanhecer;Nublado;Automovel;Ileso;1;3;5;4;2;1
Trafegar com motocicleta (ou similar) entre as faixas;Tombamento;Amanhecer;Nublado;Motocicleta;Lesoes Graves;1;3;5;4;2;1
Trafegar com motocicleta (ou similar) entre as faixas;Tombamento;Anoitecer;Ceu Claro;Automovel;Ileso;11;3;5;4;1;1
Trafegar com motocicleta (ou similar) entre as faixas;Tombamento;Anoitecer;Ceu Claro;Automovel;Lesoes Leves;2;3;5;4;1;1
Trafegar com motocicleta (ou similar) entre as faixas;Tombamento;Anoitecer;Ceu Claro;Caminhao;Ileso;1;3;5;4;1;2
Trafegar com motocicleta (ou similar) entre as faixas;Tombamento;Anoitecer;Ceu Claro;Caminhonete;Ileso;2;3;5;4;1;2
Trafegar com motocicleta (ou similar) entre as faixas;Tombamento;Anoitecer;Ceu Claro;Motocicleta;Ileso;1;3;5;4;1;1
Trafegar com motocicleta (ou similar) entre as faixas;Tombamento;Anoitecer;Ceu Claro;Motocicleta;Lesoes Graves;8;3;5;4;1;1
Trafegar com motocicleta (ou similar) entre as faixas;Tombamento;Anoitecer;Ceu Claro;Motocicleta;Lesoes Leves;7;3;5;4;1;1
Trafegar com motocicleta (ou similar) entre as faixas;Tombamento;Anoitecer;Ceu Claro;Motoneta;Lesoes Graves;3;3;5;4;1;3
Trafegar com motocicleta (ou similar) entre as faixas;Tombamento;Anoitecer;Ceu Claro;Motoneta;Lesoes Leves;2;3;5;4;1;3
Trafegar com motocicleta (ou similar) entre as faixas;Tombamento;Anoitecer;Chuva;Automovel;Ileso;1;3;5;4;2;1
Trafegar com motocicleta (ou similar) entre as faixas;Tombamento;Anoitecer;Chuva;Motocicleta;Lesoes Leves;1;3;5;4;2;1
Trafegar com motocicleta (ou similar) entre as faixas;Tombamento;Anoitecer;Nublado;Automovel;Ileso;4;3;5;4;2;1
Trafegar com motocicleta (ou similar) entre as faixas;Tombamento;Anoitecer;Nublado;Caminhao;Ileso;1;3;5;4;2;2
Trafegar com motocicleta (ou similar) entre as faixas;Tombamento;Anoitecer;Nublado;Motocicleta;Lesoes Graves;3;3;5;4;2;1
Trafegar com motocicleta (ou similar) entre as faixas;Tombamento;Anoitecer;Nublado;Motocicleta;Lesoes Leves;5;3;5;4;2;1
Trafegar com motocicleta (ou similar) entre as faixas;Tombamento;Anoitecer;Nublado;Nao Informado;Ileso;1;3;5;4;2;3
Trafegar com motocicleta (ou similar) entre as faixas;Tombamento;Plena Noite;Ceu Claro;Automovel;Ileso;28;3;5;2;1;1
Trafegar com motocicleta (ou similar) entre as faixas;Tombamento;Plena Noite;Ceu Claro;Caminhao;Ileso;2;3;5;2;1;2
Trafegar com motocicleta (ou similar) entre as faixas;Tombamento;Plena Noite;Ceu Claro;Caminhao-trator;Ileso;3;3;5;2;1;2
Trafegar com motocicleta (ou similar) entre as faixas;Tombamento;Plena Noite;Ceu Claro;Motocicleta;Ileso;1;3;5;2;1;1
Trafegar com motocicleta (ou similar) entre as faixas;Tombamento;Plena Noite;Ceu Claro;Motocicleta;Lesoes Graves;6;3;5;2;1;1
Trafegar com motocicleta (ou similar) entre as faixas;Tombamento;Plena Noite;Ceu Claro;Motocicleta;Lesoes Leves;22;3;5;2;1;1
Trafegar com motocicleta (ou similar) entre as faixas;Tombamento;Plena Noite;Ceu Claro;Motocicleta;Obito;3;3;5;2;1;1
Trafegar com motocicleta (ou similar) entre as faixas;Tombamento;Plena Noite;Ceu Claro;Motoneta;Lesoes Leves;2;3;5;2;1;3
Trafegar com motocicleta (ou similar) entre as faixas;Tombamento;Plena Noite;Ceu Claro;Nao Informado;Ileso;1;3;5;2;1;3
Trafegar com motocicleta (ou similar) entre as faixas;Tombamento;Plena Noite;Ceu Claro;Onibus;Ileso;2;3;5;2;1;3
Trafegar com motocicleta (ou similar) entre as faixas;Tombamento;Plena Noite;Chuva;Automovel;Ileso;2;3;5;2;2;1
Trafegar com motocicleta (ou similar) entre as faixas;Tombamento;Plena Noite;Chuva;Motocicleta;Lesoes Leves;2;3;5;2;2;1
Trafegar com motocicleta (ou similar) entre as faixas;Tombamento;Plena Noite;Garoa/Chuvisco;Motocicleta;Lesoes Leves;1;3;5;2;3;1
Trafegar com motocicleta (ou similar) entre as faixas;Tombamento;Plena Noite;Garoa/Chuvisco;Motoneta;Lesoes Leves;1;3;5;2;3;3
Trafegar com motocicleta (ou similar) entre as faixas;Tombamento;Plena Noite;Ignorado;Caminhonete;Ileso;1;3;5;2;0;2
Trafegar com motocicleta (ou similar) entre as faixas;Tombamento;Plena Noite;Ignorado;Motocicleta;Lesoes Leves;4;3;5;2;0;1
Trafegar com motocicleta (ou similar) entre as faixas;Tombamento;Plena Noite;Ignorado;Utilitario;Ileso;1;3;5;2;0;3
Trafegar com motocicleta (ou similar) entre as faixas;Tombamento;Plena Noite;Nublado;Automovel;Ileso;8;3;5;2;2;1
Trafegar com motocicleta (ou similar) entre as faixas;Tombamento;Plena Noite;Nublado;Bicicleta;Lesoes Graves;1;3;5;2;2;3
Trafegar com motocicleta (ou similar) entre as faixas;Tombamento;Plena Noite;Nublado;Caminhao-trator;Ileso;3;3;5;2;2;2
Trafegar com motocicleta (ou similar) entre as faixas;Tombamento;Plena Noite;Nublado;Caminhonete;Ileso;1;3;5;2;2;2
Trafegar com motocicleta (ou similar) entre as faixas;Tombamento;Plena Noite;Nublado;Motocicleta;Lesoes Graves;3;3;5;2;2;1
Trafegar com motocicleta (ou similar) entre as faixas;Tombamento;Plena Noite;Nublado;Motocicleta;Lesoes Leves;10;3;5;2;2;1
Trafegar com motocicleta (ou similar) entre as faixas;Tombamento;Plena Noite;Nublado;Motocicleta;Obito;1;3;5;2;2;1
Trafegar com motocicleta (ou similar) entre as faixas;Tombamento;Plena Noite;Nublado;Motoneta;Lesoes Graves;1;3;5;2;2;3
Trafegar com motocicleta (ou similar) entre as faixas;Tombamento;Plena Noite;Nublado;Utilitario;Ileso;1;3;5;2;2;3
Trafegar com motocicleta (ou similar) entre as faixas;Tombamento;Plena Noite;Sol;Automovel;Ileso;2;3;5;2;3;1
Trafegar com motocicleta (ou similar) entre as faixas;Tombamento;Plena Noite;Sol;Motocicleta;Lesoes Leves;1;3;5;2;3;1
Trafegar com motocicleta (ou similar) entre as faixas;Tombamento;Plena Noite;Vento;Automovel;Ileso;2;3;5;2;5;1
Trafegar com motocicleta (ou similar) entre as faixas;Tombamento;Plena Noite;Vento;Motocicleta;Lesoes Leves;3;3;5;2;5;1
Trafegar com motocicleta (ou similar) entre as faixas;Tombamento;Plena Noite;Vento;Motoneta;Lesoes Leves;1;3;5;2;5;3
Trafegar com motocicleta (ou similar) entre as faixas;Tombamento;Plena Noite;Vento;Onibus;Ileso;1;3;5;2;5;3
Trafegar com motocicleta (ou similar) entre as faixas;Tombamento;Pleno dia;Ceu Claro;Automovel;Ileso;91;3;5;1;1;1
Trafegar com motocicleta (ou similar) entre as faixas;Tombamento;Pleno dia;Ceu Claro;Bicicleta;Lesoes Graves;2;3;5;1;1;3
Trafegar com motocicleta (ou similar) entre as faixas;Tombamento;Pleno dia;Ceu Claro;Caminhao;Ileso;14;3;5;1;1;2
Trafegar com motocicleta (ou similar) entre as faixas;Tombamento;Pleno dia;Ceu Claro;Caminhao-trator;Ileso;6;3;5;1;1;2
Trafegar com motocicleta (ou similar) entre as faixas;Tombamento;Pleno dia;Ceu Claro;Caminhonete;Ileso;19;3;5;1;1;2
Trafegar com motocicleta (ou similar) entre as faixas;Tombamento;Pleno dia;Ceu Claro;Motocicleta;Ileso;17;3;5;1;1;1
Trafegar com motocicleta (ou similar) entre as faixas;Tombamento;Pleno dia;Ceu Claro;Motocicleta;Lesoes Graves;32;3;5;1;1;1
Trafegar com motocicleta (ou similar) entre as faixas;Tombamento;Pleno dia;Ceu Claro;Motocicleta;Lesoes Leves;104;3;5;1;1;1
Trafegar com motocicleta (ou similar) entre as faixas;Tombamento;Pleno dia;Ceu Claro;Motocicleta;Obito;7;3;5;1;1;1
Trafegar com motocicleta (ou similar) entre as faixas;Tombamento;Pleno dia;Ceu Claro;Motoneta;Ileso;1;3;5;1;1;3
Trafegar com motocicleta (ou similar) entre as faixas;Tombamento;Pleno dia;Ceu Claro;Motoneta;Lesoes Graves;3;3;5;1;1;3
Trafegar com motocicleta (ou similar) entre as faixas;Tombamento;Pleno dia;Ceu Claro;Motoneta;Lesoes Leves;12;3;5;1;1;3
Trafegar com motocicleta (ou similar) entre as faixas;Tombamento;Pleno dia;Ceu Claro;Nao Informado;Ileso;12;3;5;1;1;3
Trafegar com motocicleta (ou similar) entre as faixas;Tombamento;Pleno dia;Ceu Claro;Nao se aplica;Lesoes Graves;2;3;5;1;1;3
Trafegar com motocicleta (ou similar) entre as faixas;Tombamento;Pleno dia;Ceu Claro;Nao se aplica;Lesoes Leves;2;3;5;1;1;3
Trafegar com motocicleta (ou similar) entre as faixas;Tombamento;Pleno dia;Ceu Claro;Onibus;Ileso;2;3;5;1;1;3
Trafegar com motocicleta (ou similar) entre as faixas;Tombamento;Pleno dia;Ceu Claro;Utilitario;Ileso;3;3;5;1;1;3
Trafegar com motocicleta (ou similar) entre as faixas;Tombamento;Pleno dia;Chuva;Automovel;Ileso;10;3;5;1;2;1
Trafegar com motocicleta (ou similar) entre as faixas;Tombamento;Pleno dia;Chuva;Caminhao;Ileso;2;3;5;1;2;2
Trafegar com motocicleta (ou similar) entre as faixas;Tombamento;Pleno dia;Chuva;Caminhonete;Ileso;1;3;5;1;2;2
Trafegar com motocicleta (ou similar) entre as faixas;Tombamento;Pleno dia;Chuva;Motocicleta;Lesoes Graves;4;3;5;1;2;1
Trafegar com motocicleta (ou similar) entre as faixas;Tombamento;Pleno dia;Chuva;Motocicleta;Lesoes Leves;8;3;5;1;2;1
Trafegar com motocicleta (ou similar) entre as faixas;Tombamento;Pleno dia;Chuva;Motocicleta;Obito;1;3;5;1;2;1
Trafegar com motocicleta (ou similar) entre as faixas;Tombamento;Pleno dia;Chuva;Motoneta;Lesoes Leves;2;3;5;1;2;3
Trafegar com motocicleta (ou similar) entre as faixas;Tombamento;Pleno dia;Chuva;Nao Informado;Ileso;1;3;5;1;2;3
Trafegar com motocicleta (ou similar) entre as faixas;Tombamento;Pleno dia;Chuva;Utilitario;Ileso;1;3;5;1;2;3
Trafegar com motocicleta (ou similar) entre as faixas;Tombamento;Pleno dia;Garoa/Chuvisco;Caminhao;Ileso;1;3;5;1;3;2
Trafegar com motocicleta (ou similar) entre as faixas;Tombamento;Pleno dia;Garoa/Chuvisco;Caminhao-trator;Ileso;1;3;5;1;3;2
Trafegar com motocicleta (ou similar) entre as faixas;Tombamento;Pleno dia;Garoa/Chuvisco;Motocicleta;Lesoes Graves;1;3;5;1;3;1
Trafegar com motocicleta (ou similar) entre as faixas;Tombamento;Pleno dia;Garoa/Chuvisco;Motocicleta;Lesoes Leves;3;3;5;1;3;1
Trafegar com motocicleta (ou similar) entre as faixas;Tombamento;Pleno dia;Garoa/Chuvisco;Motocicleta;Obito;1;3;5;1;3;1
Trafegar com motocicleta (ou similar) entre as faixas;Tombamento;Pleno dia;Garoa/Chuvisco;Utilitario;Ileso;1;3;5;1;3;3
Trafegar com motocicleta (ou similar) entre as faixas;Tombamento;Pleno dia;Ignorado;Automovel;Ileso;1;3;5;1;0;1
Trafegar com motocicleta (ou similar) entre as faixas;Tombamento;Pleno dia;Ignorado;Motocicleta;Lesoes Leves;1;3;5;1;0;1
Trafegar com motocicleta (ou similar) entre as faixas;Tombamento;Pleno dia;Nevoeiro/Neblina;Caminhonete;Ileso;1;3;5;1;4;2
Trafegar com motocicleta (ou similar) entre as faixas;Tombamento;Pleno dia;Nevoeiro/Neblina;Motocicleta;Lesoes Leves;1;3;5;1;4;1
Trafegar com motocicleta (ou similar) entre as faixas;Tombamento;Pleno dia;Nublado;Automovel;Ileso;38;3;5;1;2;1
Trafegar com motocicleta (ou similar) entre as faixas;Tombamento;Pleno dia;Nublado;Caminhao;Ileso;1;3;5;1;2;2
Trafegar com motocicleta (ou similar) entre as faixas;Tombamento;Pleno dia;Nublado;Caminhao-trator;Ileso;2;3;5;1;2;2
Trafegar com motocicleta (ou similar) entre as faixas;Tombamento;Pleno dia;Nublado;Caminhonete;Ileso;8;3;5;1;2;2
Trafegar com motocicleta (ou similar) entre as faixas;Tombamento;Pleno dia;Nublado;Motocicleta;Ileso;5;3;5;1;2;1
Trafegar com motocicleta (ou similar) entre as faixas;Tombamento;Pleno dia;Nublado;Motocicleta;Lesoes Graves;11;3;5;1;2;1
Trafegar com motocicleta (ou similar) entre as faixas;Tombamento;Pleno dia;Nublado;Motocicleta;Lesoes Leves;43;3;5;1;2;1
Trafegar com motocicleta (ou similar) entre as faixas;Tombamento;Pleno dia;Nublado;Motocicleta;Obito;1;3;5;1;2;1
Trafegar com motocicleta (ou similar) entre as faixas;Tombamento;Pleno dia;Nublado;Motoneta;Lesoes Graves;1;3;5;1;2;3
Trafegar com motocicleta (ou similar) entre as faixas;Tombamento;Pleno dia;Nublado;Motoneta;Lesoes Leves;4;3;5;1;2;3
Trafegar com motocicleta (ou similar) entre as faixas;Tombamento;Pleno dia;Nublado;Nao Informado;Ileso;5;3;5;1;2;3
Trafegar com motocicleta (ou similar) entre as faixas;Tombamento;Pleno dia;Nublado;Nao se aplica;Lesoes Leves;3;3;5;1;2;3
Trafegar com motocicleta (ou similar) entre as faixas;Tombamento;Pleno dia;Nublado;Utilitario;Ileso;2;3;5;1;2;3
Trafegar com motocicleta (ou similar) entre as faixas;Tombamento;Pleno dia;Sol;Automovel;Ileso;11;3;5;1;3;1
Trafegar com motocicleta (ou similar) entre as faixas;Tombamento;Pleno dia;Sol;Caminhao;Ileso;1;3;5;1;3;2
Trafegar com motocicleta (ou similar) entre as faixas;Tombamento;Pleno dia;Sol;Caminhao-trator;Ileso;1;3;5;1;3;2
Trafegar com motocicleta (ou similar) entre as faixas;Tombamento;Pleno dia;Sol;Caminhonete;Ileso;4;3;5;1;3;2
Trafegar com motocicleta (ou similar) entre as faixas;Tombamento;Pleno dia;Sol;Motocicleta;Ileso;2;3;5;1;3;1
Trafegar com motocicleta (ou similar) entre as faixas;Tombamento;Pleno dia;Sol;Motocicleta;Lesoes Graves;2;3;5;1;3;1
Trafegar com motocicleta (ou similar) entre as faixas;Tombamento;Pleno dia;Sol;Motocicleta;Lesoes Leves;25;3;5;1;3;1
Trafegar com motocicleta (ou similar) entre as faixas;Tombamento;Pleno dia;Sol;Motocicleta;Obito;2;3;5;1;3;1
Trafegar com motocicleta (ou similar) entre as faixas;Tombamento;Pleno dia;Sol;Motoneta;Ileso;1;3;5;1;3;3
Trafegar com motocicleta (ou similar) entre as faixas;Tombamento;Pleno dia;Sol;Motoneta;Lesoes Leves;3;3;5;1;3;3
Trafegar com motocicleta (ou similar) entre as faixas;Tombamento;Pleno dia;Sol;Nao Informado;Ileso;3;3;5;1;3;3
Transitar na calcada;Colisao com objeto;Plena Noite;Ceu Claro;Automovel;Ileso;3;1;5;2;1;1
Transitar na calcada;Colisao lateral mesmo sentido;Plena Noite;Ceu Claro;Automovel;Ileso;1;1;5;2;1;1
Transitar na calcada;Colisao lateral mesmo sentido;Plena Noite;Ceu Claro;Motocicleta;Lesoes Leves;1;1;5;2;1;1
Transitar na contramao;Atropelamento de Pedestre;Amanhecer;Ceu Claro;Motocicleta;Ileso;1;4;4;4;1;1
Transitar na contramao;Atropelamento de Pedestre;Amanhecer;Ceu Claro;Motocicleta;Obito;1;4;4;4;1;1
Transitar na contramao;Atropelamento de Pedestre;Amanhecer;Ceu Claro;Onibus;Ileso;1;4;4;4;1;3
Transitar na contramao;Atropelamento de Pedestre;Amanhecer;Garoa/Chuvisco;Nao se aplica;Lesoes Graves;1;4;4;4;3;3
Transitar na contramao;Atropelamento de Pedestre;Plena Noite;Ceu Claro;Automovel;Ileso;1;4;4;2;1;1
Transitar na contramao;Atropelamento de Pedestre;Plena Noite;Ceu Claro;Motocicleta;Ileso;1;4;4;2;1;1
Transitar na contramao;Atropelamento de Pedestre;Plena Noite;Ceu Claro;Motocicleta;Obito;1;4;4;2;1;1
Transitar na contramao;Atropelamento de Pedestre;Pleno dia;Ceu Claro;Caminhao;Ileso;2;4;4;1;1;2
Transitar na contramao;Atropelamento de Pedestre;Pleno dia;Ceu Claro;Caminhao-trator;Ileso;2;4;4;1;1;2