causa_acidente;tipo_acidente;fase_dia;condicao_metereologica;tipo_veiculo;estado_fisico;count;causa_acidente_criterios;tipo_acidente_criterios;fase_dia_criterios;condicao_metereologica_criterios;tipo_veiculo_criterios
Transitar na contramao;Atropelamento de Pedestre;Pleno dia;Ceu Claro;Motocicleta;Obito;1;4;4;1;1;1
Transitar na contramao;Atropelamento de Pedestre;Pleno dia;Ceu Claro;Motoneta;Lesoes Leves;1;4;4;1;1;3
Transitar na contramao;Atropelamento de Pedestre;Pleno dia;Ceu Claro;Nao se aplica;Lesoes Graves;4;4;4;1;1;3
Transitar na contramao;Atropelamento de Pedestre;Pleno dia;Ceu Claro;Nao se aplica;Obito;1;4;4;1;1;3
Transitar na contramao;Atropelamento de Pedestre;Pleno dia;Sol;Caminhao-trator;Ileso;1;4;4;1;3;2
Transitar na contramao;Atropelamento de Pedestre;Pleno dia;Sol;Motocicleta;Obito;1;4;4;1;3;1
Transitar na contramao;Capotamento;Anoitecer;Chuva;Caminhao;Ileso;1;4;5;4;2;2
Transitar na contramao;Capotamento;Anoitecer;Chuva;Micro-onibus;Ileso;1;4;5;4;2;4
Transitar na contramao;Capotamento;Anoitecer;Chuva;Micro-onibus;Lesoes Graves;5;4;5;4;2;4
Transitar na contramao;Capotamento;Anoitecer;Chuva;Micro-onibus;Lesoes Leves;2;4;5;4;2;4
Transitar na contramao;Capotamento;Anoitecer;Chuva;Micro-onibus;Obito;4;4;5;4;2;4
Transitar na contramao;Capotamento;Plena Noite;Ceu Claro;Automovel;Ileso;4;4;5;2;1;1
Transitar na contramao;Capotamento;Plena Noite;Ceu Claro;Automovel;Lesoes Graves;1;4;5;2;1;1
Transitar na contramao;Capotamento;Plena Noite;Ceu Claro;Automovel;Lesoes Leves;5;4;5;2;1;1
Transitar na contramao;Capotamento;Plena Noite;Ceu Claro;Automovel;Obito;3;4;5;2;1;1
Transitar na contramao;Capotamento;Plena Noite;Ceu Claro;Caminhao;Ileso;2;4;5;2;1;2
Transitar na contramao;Capotamento;Plena Noite;Ceu Claro;Caminhao;Lesoes Leves;1;4;5;2;1;2
Transitar na contramao;Capotamento;Plena Noite;Ceu Claro;Caminhao-trator;Ileso;2;4;5;2;1;2
Transitar na contramao;Capotamento;Plena Noite;Ceu Claro;Caminhonete;Ileso;3;4;5;2;1;2
Transitar na contramao;Capotamento;Plena Noite;Ceu Claro;Caminhonete;Lesoes Graves;1;4;5;2;1;2
Transitar na contramao;Capotamento;Plena Noite;Ceu Claro;Caminhonete;Lesoes Leves;1;4;5;2;1;2
Transitar na contramao;Capotamento;Plena Noite;Ceu Claro;Nao Informado;Lesoes Graves;2;4;5;2;1;3
Transitar na contramao;Capotamento;Plena Noite;Ceu Claro;Nao Informado;Lesoes Leves;7;4;5;2;1;3
Transitar na contramao;Capotamento;Plena Noite;Ceu Claro;Nao Informado;Obito;1;4;5;2;1;3
Transitar na contramao;Capotamento;Plena Noite;Ceu Claro;Onibus;Ileso;28;4;5;2;1;3
Transitar na contramao;Capotamento;Plena Noite;Chuva;Automovel;Obito;3;4;5;2;2;1
Transitar na contramao;Capotamento;Plena Noite;Chuva;Caminhao;Ileso;2;4;5;2;2;2
Transitar na contramao;Capotamento;Plena Noite;Chuva;Caminhao;Lesoes Leves;1;4;5;2;2;2
Transitar na contramao;Capotamento;Plena Noite;Garoa/Chuvisco;Automovel;Lesoes Graves;1;4;5;2;3;1
Transitar na contramao;Capotamento;Plena Noite;Garoa/Chuvisco;Automovel;Obito;5;4;5;2;3;1
Transitar na contramao;Capotamento;Plena Noite;Garoa/Chuvisco;Caminhao-trator;Ileso;3;4;5;2;3;2
Transitar na contramao;Capotamento;Plena Noite;Garoa/Chuvisco;Caminhao-trator;Lesoes Graves;3;4;5;2;3;2
Transitar na contramao;Capotamento;Plena Noite;Garoa/Chuvisco;Caminhao-trator;Lesoes Leves;1;4;5;2;3;2
Transitar na contramao;Capotamento;Plena Noite;Garoa/Chuvisco;Caminhao-trator;Obito;2;4;5;2;3;2
Transitar na contramao;Capotamento;Plena Noite;Garoa/Chuvisco;Motocicleta;Lesoes Graves;1;4;5;2;3;1
Transitar na contramao;Capotamento;Plena Noite;Garoa/Chuvisco;Motocicleta;Obito;1;4;5;2;3;1
Transitar na contramao;Capotamento;Plena Noite;Nublado;Automovel;Ileso;4;4;5;2;2;1
Transitar na contramao;Capotamento;Plena Noite;Nublado;Automovel;Lesoes Graves;3;4;5;2;2;1
Transitar na contramao;Capotamento;Plena Noite;Nublado;Automovel;Obito;5;4;5;2;2;1
Transitar na contramao;Capotamento;Plena Noite;Nublado;Caminhao-trator;Ileso;1;4;5;2;2;2
Transitar na contramao;Capotamento;Plena Noite;Nublado;Caminhonete;Ileso;1;4;5;2;2;2
Transitar na contramao;Capotamento;Plena Noite;Nublado;Caminhonete;Lesoes Graves;2;4;5;2;2;2
Transitar na contramao;Capotamento;Plena Noite;Nublado;Caminhonete;Lesoes Leves;1;4;5;2;2;2
Transitar na contramao;Capotamento;Plena Noite;Nublado;Nao Informado;Ileso;1;4;5;2;2;3
Transitar na contramao;Capotamento;Plena Noite;Nublado;Nao Informado;Lesoes Leves;4;4;5;2;2;3
Transitar na contramao;Capotamento;Plena Noite;Nublado;Utilitario;Ileso;1;4;5;2;2;3
Transitar na contramao;Capotamento;Pleno dia;Ceu Claro;Automovel;Ileso;9;4;5;1;1;1
Transitar na contramao;Capotamento;Pleno dia;Ceu Claro;Automovel;Lesoes Graves;9;4;5;1;1;1
Transitar na contramao;Capotamento;Pleno dia;Ceu Claro;Automovel;Lesoes Leves;8;4;5;1;1;1
Transitar na contramao;Capotamento;Pleno dia;Ceu Claro;Automovel;Obito;3;4;5;1;1;1
Transitar na contramao;Capotamento;Pleno dia;Ceu Claro;Caminhao;Ileso;5;4;5;1;1;2
Transitar na contramao;Capotamento;Pleno dia;Ceu Claro;Caminhao;Lesoes Graves;1;4;5;1;1;2
Transitar na contramao;Capotamento;Pleno dia;Ceu Claro;Caminhao;Obito;2;4;5;1;1;2
Transitar na contramao;Capotamento;Pleno dia;Ceu Claro;Caminhao-trator;Ileso;6;4;5;1;1;2
Transitar na contramao;Capotamento;Pleno dia;Ceu Claro;Caminhao-trator;Lesoes Graves;1;4;5;1;1;2
Transitar na contramao;Capotamento;Pleno dia;Ceu Claro;Caminhonete;Ileso;1;4;5;1;1;2
Transitar na contramao;Capotamento;Pleno dia;Ceu Claro;Motocicleta;Lesoes Graves;1;4;5;1;1;1
Transitar na contramao;Capotamento;Pleno dia;Ceu Claro;Motocicleta;Lesoes Leves;1;4;5;1;1;1
Transitar na contramao;Capotamento;Pleno dia;Ceu Claro;Motocicleta;Obito;3;4;5;1;1;1
Transitar na contramao;Capotamento;Pleno dia;Ceu Claro;Nao Informado;Ileso;1;4;5;1;1;3
Transitar na contramao;Capotamento;Pleno dia;Ceu Claro;Nao Informado;Lesoes Graves;7;4;5;1;1;3
Transitar na contramao;Capotamento;Pleno dia;Ceu Claro;Nao Informado;Lesoes Leves;5;4;5;1;1;3
Transitar na contramao;Capotamento;Pleno dia;Nublado;Automovel;Ileso;4;4;5;1;2;1
Transitar na contramao;Capotamento;Pleno dia;Nublado;Automovel;Lesoes Leves;1;4;5;1;2;1
Transitar na contramao;Capotamento;Pleno dia;Nublado;Caminhao-trator;Lesoes Graves;1;4;5;1;2;2
Transitar na contramao;Capotamento;Pleno dia;Nublado;Caminhao-trator;Lesoes Leves;1;4;5;1;2;2
Transitar na contramao;Capotamento;Pleno dia;Nublado;Caminhonete;Ileso;2;4;5;1;2;2
Transitar na contramao;Capotamento;Pleno dia;Nublado;Caminhonete;Lesoes Leves;2;4;5;1;2;2
Transitar na contramao;Capotamento;Pleno dia;Sol;Automovel;Lesoes Leves;6;4;5;1;3;1
Transitar na contramao;Capotamento;Pleno dia;Sol;Nao Informado;Lesoes Graves;3;4;5;1;3;3
Transitar na contramao;Colisao com objeto;Amanhecer;Ceu Claro;Automovel;Lesoes Graves;1;4;5;4;1;1
Transitar na contramao;Colisao com objeto;Amanhecer;Ceu Claro;Automovel;Lesoes Leves;1;4;5;4;1;1
Transitar na contramao;Colisao com objeto;Amanhecer;Ceu Claro;Caminhonete;Ileso;3;4;5;4;1;2
Transitar na contramao;Colisao com objeto;Amanhecer;Ceu Claro;Motocicleta;Obito;2;4;5;4;1;1
Transitar na contramao;Colisao com objeto;Amanhecer;Ignorado;Automovel;Ileso;1;4;5;4;0;1
Transitar na contramao;Colisao com objeto;Amanhecer;Nublado;Caminhao;Ileso;1;4;5;4;2;2
Transitar na contramao;Colisao com objeto;Amanhecer;Nublado;Caminhao;Lesoes Leves;1;4;5;4;2;2
Transitar na contramao;Colisao com objeto;Anoitecer;Ceu Claro;Automovel;Ileso;3;4;5;4;1;1
Transitar na contramao;Colisao com objeto;Anoitecer;Ceu Claro;Automovel;Lesoes Graves;1;4;5;4;1;1
Transitar na contramao;Colisao com objeto;Anoitecer;Ceu Claro;Automovel;Lesoes Leves;2;4;5;4;1;1
Transitar na contramao;Colisao com objeto;Anoitecer;Ceu Claro;Caminhao;Ileso;1;4;5;4;1;2
Transitar na contramao;Colisao com objeto;Anoitecer;Ceu Claro;Caminhao-trator;Ileso;1;4;5;4;1;2
Transitar na contramao;Colisao com objeto;Anoitecer;Ceu Claro;Caminhonete;Ileso;2;4;5;4;1;2
Transitar na contramao;Colisao com objeto;Plena Noite;Ceu Claro;Automovel;Ileso;7;4;5;2;1;1
Transitar na contramao;Colisao com objeto;Plena Noite;Ceu Claro;Automovel;Lesoes Graves;1;4;5;2;1;1
Transitar na contramao;Colisao com objeto;Plena Noite;Ceu Claro;Automovel;Lesoes Leves;1;4;5;2;1;1
Transitar na contramao;Colisao com objeto;Plena Noite;Ceu Claro;Automovel;Obito;2;4;5;2;1;1
Transitar na contramao;Colisao com objeto;Plena Noite;Ceu Claro;Caminhao;Lesoes Leves;1;4;5;2;1;2
Transitar na contramao;Colisao com objeto;Plena Noite;Ceu Claro;Caminhao-trator;Ileso;1;4;5;2;1;2
Transitar na contramao;Colisao com objeto;Plena Noite;Ceu Claro;Caminhao-trator;Lesoes Leves;2;4;5;2;1;2
Transitar na contramao;Colisao com objeto;Plena Noite;Ceu Claro;Caminhonete;Lesoes Leves;1;4;5;2;1;2
Transitar na contramao;Colisao com objeto;Plena Noite;Ceu Claro;Nao Informado;Lesoes Leves;2;4;5;2;1;3
Transitar na contramao;Colisao com objeto;Plena Noite;Ceu Claro;Utilitario;Ileso;4;4;5;2;1;3
Transitar na contramao;Colisao com objeto;Plena Noite;Ceu Claro;Utilitario;Obito;1;4;5;2;1;3
Transitar na contramao;Colisao com objeto;Plena Noite;Chuva;Automovel;Lesoes Graves;1;4;5;2;2;1
Transitar na contramao;Colisao com objeto;Plena Noite;Chuva;Caminhao;Ileso;2;4;5;2;2;2
Transitar na contramao;Colisao com objeto;Plena Noite;Chuva;Caminhonete;Ileso;3;4;5;2;2;2
Transitar na contramao;Colisao com objeto;Plena Noite;Garoa/Chuvisco;Caminhao;Lesoes Leves;1;4;5;2;3;2
Transitar na contramao;Colisao com objeto;Plena Noite;Garoa/Chuvisco;Caminhonete;Obito;1;4;5;2;3;2
Transitar na contramao;Colisao com objeto;Plena Noite;Garoa/Chuvisco;Micro-onibus;Lesoes Leves;1;4;5;2;3;4
Transitar na contramao;Colisao com objeto;Plena Noite;Nublado;Automovel;Lesoes Leves;4;4;5;2;2;1
Transitar na contramao;Colisao com objeto;Plena Noite;Nublado;Caminhonete;Ileso;4;4;5;2;2;2
Transitar na contramao;Colisao com objeto;Plena Noite;Nublado;Caminhonete;Lesoes Leves;1;4;5;2;2;2
Transitar na contramao;Colisao com objeto;Plena Noite;Nublado;Caminhonete;Obito;1;4;5;2;2;2
Transitar na contramao;Colisao com objeto;Plena Noite;Nublado;Utilitario;Ileso;4;4;5;2;2;3
Transitar na contramao;Colisao com objeto;Pleno dia;Ceu Claro;Automovel;Ileso;5;4;5;1;1;1
Transitar na contramao;Colisao com objeto;Pleno dia;Ceu Claro;Automovel;Lesoes Graves;3;4;5;1;1;1
Transitar na contramao;Colisao com objeto;Pleno dia;Ceu Claro;Automovel;Lesoes Leves;6;4;5;1;1;1
Transitar na contramao;Colisao com objeto;Pleno dia;Ceu Claro;Automovel;Obito;2;4;5;1;1;1
Transitar na contramao;Colisao com objeto;Pleno dia;Ceu Claro;Caminhao-trator;Ileso;8;4;5;1;1;2
Transitar na contramao;Colisao com objeto;Pleno dia;Ceu Claro;Caminhao-trator;Lesoes Graves;1;4;5;1;1;2
Transitar na contramao;Colisao com objeto;Pleno dia;Ceu Claro;Caminhao-trator;Obito;1;4;5;1;1;2
Transitar na contramao;Colisao com objeto;Pleno dia;Ceu Claro;Caminhonete;Lesoes Leves;3;4;5;1;1;2
Transitar na contramao;Colisao com objeto;Pleno dia;Ceu Claro;Caminhonete;Obito;3;4;5;1;1;2
Transitar na contramao;Colisao com objeto;Pleno dia;Ceu Claro;Motocicleta;Lesoes Leves;4;4;5;1;1;1
Transitar na contramao;Colisao com objeto;Pleno dia;Ceu Claro;Nao Informado;Lesoes Graves;1;4;5;1;1;3
Transitar na contramao;Colisao com objeto;Pleno dia;Ceu Claro;Nao Informado;Obito;1;4;5;1;1;3
Transitar na contramao;Colisao com objeto;Pleno dia;Ceu Claro;Onibus;Ileso;18;4;5;1;1;3
Transitar na contramao;Colisao com objeto;Pleno dia;Chuva;Caminhonete;Ileso;2;4;5;1;2;2
Transitar na contramao;Colisao com objeto;Pleno dia;Chuva;Nao Informado;Ileso;1;4;5;1;2;3
Transitar na contramao;Colisao com objeto;Pleno dia;Chuva;Nao Informado;Lesoes Leves;3;4;5;1;2;3
Transitar na contramao;Colisao com objeto;Pleno dia;Garoa/Chuvisco;Automovel;Lesoes Graves;4;4;5;1;3;1
Transitar na contramao;Colisao com objeto;Pleno dia;Garoa/Chuvisco;Automovel;Obito;2;4;5;1;3;1
Transitar na contramao;Colisao com objeto;Pleno dia;Garoa/Chuvisco;Caminhao-trator;Lesoes Graves;1;4;5;1;3;2
Transitar na contramao;Colisao com objeto;Pleno dia;Garoa/Chuvisco;Caminhao-trator;Obito;1;4;5;1;3;2
Transitar na contramao;Colisao com objeto;Pleno dia;Nublado;Automovel;Ileso;2;4;5;1;2;1
Transitar na contramao;Colisao com objeto;Pleno dia;Nublado;Automovel;Lesoes Leves;3;4;5;1;2;1
Transitar na contramao;Colisao com objeto;Pleno dia;Nublado;Caminhao;Ileso;1;4;5;1;2;2
Transitar na contramao;Colisao com objeto;Pleno dia;Nublado;Caminhao-trator;Ileso;1;4;5;1;2;2
Transitar na contramao;Colisao com objeto;Pleno dia;Nublado;Caminhao-trator;Lesoes Leves;1;4;5;1;2;2
Transitar na contramao;Colisao com objeto;Pleno dia;Nublado;Caminhonete;Lesoes Leves;1;4;5;1;2;2
Transitar na contramao;Colisao com objeto;Pleno dia;Nublado;Motocicleta;Ileso;1;4;5;1;2;1
Transitar na contramao;Colisao com objeto;Pleno dia;Nublado;Motocicleta;Lesoes Leves;3;4;5;1;2;1
Transitar na contramao;Colisao com objeto;Pleno dia;Nublado;Motoneta;Obito;1;4;5;1;2;3
Transitar na contramao;Colisao com objeto;Pleno dia;Nublado;Nao Informado;Ileso;1;4;5;1;2;3
Transitar na contramao;Colisao frontal;Amanhecer;Ceu Claro;Automovel;Ileso;14;4;5;4;1;1
Transitar na contramao;Colisao frontal;Amanhecer;Ceu Claro;Automovel;Lesoes Graves;9;4;5;4;1;1
Transitar na contramao;Colisao frontal;Amanhecer;Ceu Claro;Automovel;Lesoes Leves;9;4;5;4;1;1
Transitar na contramao;Colisao frontal;Amanhecer;Ceu Claro;Automovel;Obito;6;4;5;4;1;1
Transitar na contramao;Colisao frontal;Amanhecer;Ceu Claro;Caminhao;Ileso;2;4;5;4;1;2
Transitar na contramao;Colisao frontal;Amanhecer;Ceu Claro;Caminhao;Lesoes Leves;2;4;5;4;1;2
Transitar na contramao;Colisao frontal;Amanhecer;Ceu Claro;Caminhao-trator;Ileso;3;4;5;4;1;2
Transitar na contramao;Colisao frontal;Amanhecer;Ceu Claro;Caminhao-trator;Lesoes Leves;1;4;5;4;1;2
Transitar na contramao;Colisao frontal;Amanhecer;Ceu Claro;Caminhao-trator;Obito;2;4;5;4;1;2
Transitar na contramao;Colisao frontal;Amanhecer;Ceu Claro;Caminhonete;Ileso;5;4;5;4;1;2
Transitar na contramao;Colisao frontal;Amanhecer;Ceu Claro;Ciclomotor;Lesoes Leves;1;4;5;4;1;4
Transitar na contramao;Colisao frontal;Amanhecer;Ceu Claro;Motocicleta;Ileso;1;4;5;4;1;1
Transitar na contramao;Colisao frontal;Amanhecer;Ceu Claro;Motocicleta;Lesoes Graves;4;4;5;4;1;1
Transitar na contramao;Colisao frontal;Amanhecer;Ceu Claro;Motocicleta;Lesoes Leves;2;4;5;4;1;1
Transitar na contramao;Colisao frontal;Amanhecer;Ceu Claro;Motocicleta;Obito;7;4;5;4;1;1
Transitar na contramao;Colisao frontal;Amanhecer;Ceu Claro;Onibus;Ileso;1;4;5;4;1;3
Transitar na contramao;Colisao frontal;Amanhecer;Chuva;Caminhao;Obito;1;4;5;4;2;2
Transitar na contramao;Colisao frontal;Amanhecer;Chuva;Caminhao-trator;Ileso;1;4;5;4;2;2
Transitar na contramao;Colisao frontal;Amanhecer;Chuva;Caminhao-trator;Lesoes Graves;3;4;5;4;2;2
Transitar na contramao;Colisao frontal;Amanhecer;Chuva;Caminhao-trator;Lesoes Leves;2;4;5;4;2;2
Transitar na contramao;Colisao frontal;Amanhecer;Chuva;Micro-onibus;Lesoes Leves;12;4;5;4;2;4
Transitar na contramao;Colisao frontal;Amanhecer;Garoa/Chuvisco;Caminhao;Lesoes Leves;1;4;5;4;3;2
Transitar na contramao;Colisao frontal;Amanhecer;Garoa/Chuvisco;Caminhao-trator;Ileso;2;4;5;4;3;2
Transitar na contramao;Colisao frontal;Amanhecer;Garoa/Chuvisco;Caminhonete;Ileso;1;4;5;4;3;2
Transitar na contramao;Colisao frontal;Amanhecer;Garoa/Chuvisco;Motocicleta;Lesoes Leves;1;4;5;4;3;1
Transitar na contramao;Colisao frontal;Amanhecer;Garoa/Chuvisco;Motocicleta;Obito;1;4;5;4;3;1
Transitar na contramao;Colisao frontal;Amanhecer;Garoa/Chuvisco;Motoneta;Lesoes Leves;1;4;5;4;3;3
Transitar na contramao;Colisao frontal;Amanhecer;Nevoeiro/Neblina;Automovel;Ileso;2;4;5;4;4;1
Transitar na contramao;Colisao frontal;Amanhecer;Nevoeiro/Neblina;Automovel;Lesoes Graves;7;4;5;4;4;1
Transitar na contramao;Colisao frontal;Amanhecer;Nevoeiro/Neblina;Automovel;Lesoes Leves;1;4;5;4;4;1
Transitar na contramao;Colisao frontal;Amanhecer;Nevoeiro/Neblina;Automovel;Obito;1;4;5;4;4;1
Transitar na contramao;Colisao frontal;Amanhecer;Nevoeiro/Neblina;Caminhao-trator;Ileso;1;4;5;4;4;2
Transitar na contramao;Colisao frontal;Amanhecer;Nevoeiro/Neblina;Motocicleta;Lesoes Graves;1;4;5;4;4;1
Transitar na contramao;Colisao frontal;Amanhecer;Nublado;Automovel;Ileso;3;4;5;4;2;1
Transitar na contramao;Colisao frontal;Amanhecer;Nublado;Automovel;Lesoes Graves;2;4;5;4;2;1
Transitar na contramao;Colisao frontal;Amanhecer;Nublado;Automovel;Lesoes Leves;4;4;5;4;2;1
Transitar na contramao;Colisao frontal;Amanhecer;Nublado;Caminhao-trator;Ileso;1;4;5;4;2;2
Transitar na contramao;Colisao frontal;Amanhecer;Nublado;Caminhao-trator;Lesoes Leves;1;4;5;4;2;2
Transitar na contramao;Colisao frontal;Amanhecer;Nublado;Caminhonete;Lesoes Graves;2;4;5;4;2;2
Transitar na contramao;Colisao frontal;Amanhecer;Nublado;Caminhonete;Lesoes Leves;2;4;5;4;2;2
Transitar na contramao;Colisao frontal;Amanhecer;Nublado;Motocicleta;Obito;1;4;5;4;2;1
Transitar na contramao;Colisao frontal;Amanhecer;Sol;Caminhao-trator;Ileso;1;4;5;4;3;2
Transitar na contramao;Colisao frontal;Amanhecer;Sol;Caminhonete;Lesoes Graves;1;4;5;4;3;2
Transitar na contramao;Colisao frontal;Anoitecer;Ceu Claro;Automovel;Ileso;7;4;5;4;1;1
Transitar na contramao;Colisao frontal;Anoitecer;Ceu Claro;Automovel;Lesoes Graves;4;4;5;4;1;1
Transitar na contramao;Colisao frontal;Anoitecer;Ceu Claro;Automovel;Lesoes Leves;9;4;5;4;1;1
Transitar na contramao;Colisao frontal;Anoitecer;Ceu Claro;Automovel;Obito;5;4;5;4;1;1
Transitar na contramao;Colisao frontal;Anoitecer;Ceu Claro;Bicicleta;Lesoes Leves;1;4;5;4;1;3
Transitar na contramao;Colisao frontal;Anoitecer;Ceu Claro;Caminhao;Ileso;2;4;5;4;1;2
Transitar na contramao;Colisao frontal;Anoitecer;Ceu Claro;Caminhao-trator;Ileso;3;4;5;4;1;2
Transitar na contramao;Colisao frontal;Anoitecer;Ceu Claro;Caminhonete;Ileso;3;4;5;4;1;2
Transitar na contramao;Colisao frontal;Anoitecer;Ceu Claro;Caminhonete;Lesoes Graves;1;4;5;4;1;2
Transitar na contramao;Colisao frontal;Anoitecer;Ceu Claro;Caminhonete;Lesoes Leves;1;4;5;4;1;2
Transitar na contramao;Colisao frontal;Anoitecer;Ceu Claro;Motocicleta;Lesoes Graves;5;4;5;4;1;1
Transitar na contramao;Colisao frontal;Anoitecer;Ceu Claro;Motoneta;Obito;2;4;5;4;1;3
Transitar na contramao;Colisao frontal;Anoitecer;Ceu Claro;Nao Informado;Lesoes Leves;6;4;5;4;1;3
Transitar na contramao;Colisao frontal;Anoitecer;Ceu Claro;Onibus;Ileso;1;4;5;4;1;3
Transitar na contramao;Colisao frontal;Anoitecer;Chuva;Automovel;Ileso;2;4;5;4;2;1
Transitar na contramao;Colisao frontal;Anoitecer;Chuva;Automovel;Lesoes Graves;3;4;5;4;2;1
Transitar na contramao;Colisao frontal;Anoitecer;Chuva;Automovel;Lesoes Leves;2;4;5;4;2;1
Transitar na contramao;Colisao frontal;Anoitecer;Chuva;Caminhao;Ileso;5;4;5;4;2;2
Transitar na contramao;Colisao frontal;Anoitecer;Chuva;Caminhao-trator;Ileso;1;4;5;4;2;2
Transitar na contramao;Colisao frontal;Anoitecer;Chuva;Caminhao-trator;Lesoes Leves;3;4;5;4;2;2
Transitar na contramao;Colisao frontal;Anoitecer;Chuva;Caminhonete;Lesoes Leves;2;4;5;4;2;2
Transitar na contramao;Colisao frontal;Anoitecer;Chuva;Micro-onibus;Ileso;1;4;5;4;2;4
Transitar na contramao;Colisao frontal;Anoitecer;Chuva;Micro-onibus;Lesoes Graves;11;4;5;4;2;4
Transitar na contramao;Colisao frontal;Anoitecer;Chuva;Micro-onibus;Lesoes Leves;5;4;5;4;2;4
Transitar na contramao;Colisao frontal;Anoitecer;Chuva;Micro-onibus;Obito;7;4;5;4;2;4
Transitar na contramao;Colisao frontal;Anoitecer;Garoa/Chuvisco;Automovel;Ileso;2;4;5;4;3;1
Transitar na contramao;Colisao frontal;Anoitecer;Garoa/Chuvisco;Automovel;Lesoes Leves;1;4;5;4;3;1
Transitar na contramao;Colisao frontal;Anoitecer;Garoa/Chuvisco;Caminhao-trator;Ileso;1;4;5;4;3;2
Transitar na contramao;Colisao frontal;Anoitecer;Garoa/Chuvisco;Motocicleta;Obito;1;4;5;4;3;1
Transitar na contramao;Colisao frontal;Anoitecer;Nublado;Automovel;Ileso;4;4;5;4;2;1
Transitar na contramao;Colisao frontal;Anoitecer;Nublado;Automovel;Lesoes Graves;1;4;5;4;2;1
Transitar na contramao;Colisao frontal;Anoitecer;Nublado;Automovel;Lesoes Leves;3;4;5;4;2;1
Transitar na contramao;Colisao frontal;Anoitecer;Nublado;Motocicleta;Lesoes Leves;1;4;5;4;2;1
Transitar na contramao;Colisao frontal;Anoitecer;Nublado;Motocicleta;Obito;2;4;5;4;2;1
Transitar na contramao;Colisao frontal;Plena Noite;Ceu Claro;Automovel;Ileso;105;4;5;2;1;1
Transitar na contramao;Colisao frontal;Plena Noite;Ceu Claro;Automovel;Lesoes Graves;49;4;5;2;1;1
Transitar na contramao;Colisao frontal;Plena Noite;Ceu Claro;Automovel;Lesoes Leves;70;4;5;2;1;1
Transitar na contramao;Colisao frontal;Plena Noite;Ceu Claro;Automovel;Obito;39;4;5;2;1;1
Transitar na contramao;Colisao frontal;Plena Noite;Ceu Claro;Bicicleta;Lesoes Graves;3;4;5;2;1;3
Transitar na contramao;Colisao frontal;Plena Noite;Ceu Claro;Bicicleta;Lesoes Leves;6;4;5;2;1;3
Transitar na contramao;Colisao frontal;Plena Noite;Ceu Claro;Bicicleta;Obito;3;4;5;2;1;3
Transitar na contramao;Colisao frontal;Plena Noite;Ceu Claro;Caminhao;Ileso;21;4;5;2;1;2
Transitar na contramao;Colisao frontal;Plena Noite;Ceu Claro;Caminhao;Lesoes Graves;1;4;5;2;1;2
Transitar na contramao;Colisao frontal;Plena Noite;Ceu Claro;Caminhao;Lesoes Leves;6;4;5;2;1;2
Transitar na contramao;Colisao frontal;Plena Noite;Ceu Claro;Caminhao;Obito;4;4;5;2;1;2
Transitar na contramao;Colisao frontal;Plena Noite;Ceu Claro;Caminhao-trator;Ileso;32;4;5;2;1;2
Transitar na contramao;Colisao frontal;Plena Noite;Ceu Claro;Caminhao-trator;Lesoes Leves;3;4;5;2;1;2
Transitar na contramao;Colisao frontal;Plena Noite;Ceu Claro;Caminhao-trator;Obito;2;4;5;2;1;2
Transitar na contramao;Colisao frontal;Plena Noite;Ceu Claro;Caminhonete;Ileso;26;4;5;2;1;2
Transitar na contramao;Colisao frontal;Plena Noite;Ceu Claro;Caminhonete;Lesoes Graves;3;4;5;2;1;2
Transitar na contramao;Colisao frontal;Plena Noite;Ceu Claro;Caminhonete;Lesoes Leves;15;4;5;2;1;2
Transitar na contramao;Colisao frontal;Plena Noite;Ceu Claro;Caminhonete;Obito;4;4;5;2;1;2
Transitar na contramao;Colisao frontal;Plena Noite;Ceu Claro;Ciclomotor;Lesoes Leves;1;4;5;2;1;4
Transitar na contramao;Colisao frontal;Plena Noite;Ceu Claro;Micro-onibus;Ileso;1;4;5;2;1;4
Transitar na contramao;Colisao frontal;Plena Noite;Ceu Claro;Micro-onibus;Lesoes Leves;2;4;5;2;1;4
Transitar na contramao;Colisao frontal;Plena Noite;Ceu Claro;Motocicleta;Lesoes Graves;36;4;5;2;1;1
Transitar na contramao;Colisao frontal;Plena Noite;Ceu Claro;Motocicleta;Lesoes Leves;22;4;5;2;1;1
Transitar na contramao;Colisao frontal;Plena Noite;Ceu Claro;Motocicleta;Obito;31;4;5;2;1;1
Transitar na contramao;Colisao frontal;Plena Noite;Ceu Claro;Motoneta;Ileso;1;4;5;2;1;3
Transitar na contramao;Colisao frontal;Plena Noite;Ceu Claro;Motoneta;Lesoes Graves;3;4;5;2;1;3
Transitar na contramao;Colisao frontal;Plena Noite;Ceu Claro;Motoneta;Lesoes Leves;8;4;5;2;1;3
Transitar na contramao;Colisao frontal;Plena Noite;Ceu Claro;Motoneta;Obito;4;4;5;2;1;3
Transitar na contramao;Colisao frontal;Plena Noite;Ceu Claro;Nao Informado;Ileso;2;4;5;2;1;3
Transitar na contramao;Colisao frontal;Plena Noite;Ceu Claro;Nao Informado;Lesoes Graves;2;4;5;2;1;3
Transitar na contramao;Colisao frontal;Plena Noite;Ceu Claro;Nao Informado;Lesoes Leves;5;4;5;2;1;3
Transitar na contramao;Colisao frontal;Plena Noite;Ceu Claro;Onibus;Ileso;110;4;5;2;1;3
Transitar na contramao;Colisao frontal;Plena Noite;Ceu Claro;Onibus;Lesoes Graves;9;4;5;2;1;3
Transitar na contramao;Colisao frontal;Plena Noite;Ceu Claro;Onibus;Lesoes Leves;2;4;5;2;1;3