causa_acidente;tipo_acidente;fase_dia;condicao_metereologica;tipo_veiculo;estado_fisico;count;causa_acidente_criterios;tipo_acidente_criterios;fase_dia_criterios;condicao_metereologica_criterios;tipo_veiculo_criterios
Transitar na contramao;Colisao lateral sentido oposto;Amanhecer;Ceu Claro;Caminhonete;Lesoes Leves;2;4;4;4;1;2
Transitar na contramao;Colisao lateral sentido oposto;Amanhecer;Ceu Claro;Motocicleta;Lesoes Leves;1;4;4;4;1;1
Transitar na contramao;Colisao lateral sentido oposto;Amanhecer;Ceu Claro;Nao Informado;Lesoes Graves;1;4;4;4;1;3
Transitar na contramao;Colisao lateral sentido oposto;Amanhecer;Ceu Claro;Nao Informado;Lesoes Leves;1;4;4;4;1;3
Transitar na contramao;Colisao lateral sentido oposto;Amanhecer;Nublado;Automovel;Ileso;3;4;4;4;2;1
Transitar na contramao;Colisao lateral sentido oposto;Amanhecer;Nublado;Automovel;Lesoes Graves;1;4;4;4;2;1
Transitar na contramao;Colisao lateral sentido oposto;Amanhecer;Nublado;Automovel;Lesoes Leves;1;4;4;4;2;1
Transitar na contramao;Colisao lateral sentido oposto;Amanhecer;Nublado;Caminhao;Ileso;4;4;4;4;2;2
Transitar na contramao;Colisao lateral sentido oposto;Amanhecer;Nublado;Caminhao;Lesoes Leves;1;4;4;4;2;2
Transitar na contramao;Colisao lateral sentido oposto;Amanhecer;Nublado;Caminhao;Obito;1;4;4;4;2;2
Transitar na contramao;Colisao lateral sentido oposto;Amanhecer;Nublado;Caminhao-trator;Ileso;3;4;4;4;2;2
Transitar na contramao;Colisao lateral sentido oposto;Amanhecer;Nublado;Caminhao-trator;Lesoes Graves;1;4;4;4;2;2
Transitar na contramao;Colisao lateral sentido oposto;Amanhecer;Nublado;Caminhao-trator;Lesoes Leves;2;4;4;4;2;2
Transitar na contramao;Colisao lateral sentido oposto;Amanhecer;Nublado;Caminhonete;Lesoes Leves;3;4;4;4;2;2
Transitar na contramao;Colisao lateral sentido oposto;Anoitecer;Ceu Claro;Automovel;Ileso;2;4;4;4;1;1
Transitar na contramao;Colisao lateral sentido oposto;Anoitecer;Ceu Claro;Caminhao-trator;Ileso;1;4;4;4;1;2
Transitar na contramao;Colisao lateral sentido oposto;Anoitecer;Ceu Claro;Caminhao-trator;Lesoes Graves;1;4;4;4;1;2
Transitar na contramao;Colisao lateral sentido oposto;Anoitecer;Ceu Claro;Ciclomotor;Ileso;1;4;4;4;1;4
Transitar na contramao;Colisao lateral sentido oposto;Anoitecer;Ceu Claro;Motocicleta;Lesoes Leves;1;4;4;4;1;1
Transitar na contramao;Colisao lateral sentido oposto;Anoitecer;Nublado;Caminhao-trator;Ileso;2;4;4;4;2;2
Transitar na contramao;Colisao lateral sentido oposto;Anoitecer;Nublado;Caminhonete;Lesoes Graves;1;4;4;4;2;2
Transitar na contramao;Colisao lateral sentido oposto;Anoitecer;Sol;Automovel;Ileso;2;4;4;4;3;1
Transitar na contramao;Colisao lateral sentido oposto;Anoitecer;Sol;Automovel;Lesoes Graves;2;4;4;4;3;1
Transitar na contramao;Colisao lateral sentido oposto;Anoitecer;Sol;Caminhao;Ileso;2;4;4;4;3;2
Transitar na contramao;Colisao lateral sentido oposto;Plena Noite;Ceu Claro;Automovel;Ileso;44;4;4;2;1;1
Transitar na contramao;Colisao lateral sentido oposto;Plena Noite;Ceu Claro;Automovel;Lesoes Graves;10;4;4;2;1;1
Transitar na contramao;Colisao lateral sentido oposto;Plena Noite;Ceu Claro;Automovel;Lesoes Leves;31;4;4;2;1;1
Transitar na contramao;Colisao lateral sentido oposto;Plena Noite;Ceu Claro;Automovel;Obito;6;4;4;2;1;1
Transitar na contramao;Colisao lateral sentido oposto;Plena Noite;Ceu Claro;Caminhao;Ileso;8;4;4;2;1;2
Transitar na contramao;Colisao lateral sentido oposto;Plena Noite;Ceu Claro;Caminhao;Lesoes Leves;3;4;4;2;1;2
Transitar na contramao;Colisao lateral sentido oposto;Plena Noite;Ceu Claro;Caminhao-trator;Ileso;13;4;4;2;1;2
Transitar na contramao;Colisao lateral sentido oposto;Plena Noite;Ceu Claro;Caminhao-trator;Lesoes Leves;2;4;4;2;1;2
Transitar na contramao;Colisao lateral sentido oposto;Plena Noite;Ceu Claro;Caminhonete;Ileso;9;4;4;2;1;2
Transitar na contramao;Colisao lateral sentido oposto;Plena Noite;Ceu Claro;Caminhonete;Lesoes Graves;1;4;4;2;1;2
Transitar na contramao;Colisao lateral sentido oposto;Plena Noite;Ceu Claro;Caminhonete;Lesoes Leves;1;4;4;2;1;2
Transitar na contramao;Colisao lateral sentido oposto;Plena Noite;Ceu Claro;Motocicleta;Ileso;1;4;4;2;1;1
Transitar na contramao;Colisao lateral sentido oposto;Plena Noite;Ceu Claro;Motocicleta;Lesoes Graves;7;4;4;2;1;1
Transitar na contramao;Colisao lateral sentido oposto;Plena Noite;Ceu Claro;Motocicleta;Lesoes Leves;9;4;4;2;1;1
Transitar na contramao;Colisao lateral sentido oposto;Plena Noite;Ceu Claro;Motocicleta;Obito;5;4;4;2;1;1
Transitar na contramao;Colisao lateral sentido oposto;Plena Noite;Ceu Claro;Nao Informado;Lesoes Graves;2;4;4;2;1;3
Transitar na contramao;Colisao lateral sentido oposto;Plena Noite;Ceu Claro;Nao Informado;Lesoes Leves;7;4;4;2;1;3
Transitar na contramao;Colisao lateral sentido oposto;Plena Noite;Ceu Claro;Nao Informado;Obito;1;4;4;2;1;3
Transitar na contramao;Colisao lateral sentido oposto;Plena Noite;Ceu Claro;Onibus;Ileso;2;4;4;2;1;3
Transitar na contramao;Colisao lateral sentido oposto;Plena Noite;Ceu Claro;Utilitario;Ileso;1;4;4;2;1;3
Transitar na contramao;Colisao lateral sentido oposto;Plena Noite;Ceu Claro;Utilitario;Lesoes Leves;3;4;4;2;1;3
Transitar na contramao;Colisao lateral sentido oposto;Plena Noite;Chuva;Automovel;Ileso;11;4;4;2;2;1
Transitar na contramao;Colisao lateral sentido oposto;Plena Noite;Chuva;Automovel;Lesoes Leves;7;4;4;2;2;1
Transitar na contramao;Colisao lateral sentido oposto;Plena Noite;Chuva;Caminhao;Ileso;5;4;4;2;2;2
Transitar na contramao;Colisao lateral sentido oposto;Plena Noite;Chuva;Caminhao;Lesoes Leves;1;4;4;2;2;2
Transitar na contramao;Colisao lateral sentido oposto;Plena Noite;Chuva;Caminhonete;Ileso;1;4;4;2;2;2
Transitar na contramao;Colisao lateral sentido oposto;Plena Noite;Chuva;Caminhonete;Lesoes Leves;1;4;4;2;2;2
Transitar na contramao;Colisao lateral sentido oposto;Plena Noite;Chuva;Micro-onibus;Ileso;1;4;4;2;2;4
Transitar na contramao;Colisao lateral sentido oposto;Plena Noite;Chuva;Motocicleta;Lesoes Leves;1;4;4;2;2;1
Transitar na contramao;Colisao lateral sentido oposto;Plena Noite;Chuva;Motocicleta;Obito;1;4;4;2;2;1
Transitar na contramao;Colisao lateral sentido oposto;Plena Noite;Chuva;Nao Informado;Ileso;1;4;4;2;2;3
Transitar na contramao;Colisao lateral sentido oposto;Plena Noite;Chuva;Onibus;Ileso;10;4;4;2;2;3
Transitar na contramao;Colisao lateral sentido oposto;Plena Noite;Garoa/Chuvisco;Automovel;Ileso;5;4;4;2;3;1
Transitar na contramao;Colisao lateral sentido oposto;Plena Noite;Garoa/Chuvisco;Automovel;Lesoes Graves;1;4;4;2;3;1
Transitar na contramao;Colisao lateral sentido oposto;Plena Noite;Garoa/Chuvisco;Caminhao;Obito;1;4;4;2;3;2
Transitar na contramao;Colisao lateral sentido oposto;Plena Noite;Garoa/Chuvisco;Caminhao-trator;Ileso;2;4;4;2;3;2
Transitar na contramao;Colisao lateral sentido oposto;Plena Noite;Garoa/Chuvisco;Caminhao-trator;Lesoes Graves;3;4;4;2;3;2
Transitar na contramao;Colisao lateral sentido oposto;Plena Noite;Garoa/Chuvisco;Caminhao-trator;Lesoes Leves;1;4;4;2;3;2
Transitar na contramao;Colisao lateral sentido oposto;Plena Noite;Garoa/Chuvisco;Caminhao-trator;Obito;2;4;4;2;3;2
Transitar na contramao;Colisao lateral sentido oposto;Plena Noite;Garoa/Chuvisco;Caminhonete;Lesoes Leves;1;4;4;2;3;2
Transitar na contramao;Colisao lateral sentido oposto;Plena Noite;Garoa/Chuvisco;Nao Informado;Lesoes Leves;2;4;4;2;3;3
Transitar na contramao;Colisao lateral sentido oposto;Plena Noite;Garoa/Chuvisco;Utilitario;Ileso;2;4;4;2;3;3
Transitar na contramao;Colisao lateral sentido oposto;Plena Noite;Ignorado;Automovel;Ileso;3;4;4;2;0;1
Transitar na contramao;Colisao lateral sentido oposto;Plena Noite;Ignorado;Caminhonete;Ileso;1;4;4;2;0;2
Transitar na contramao;Colisao lateral sentido oposto;Plena Noite;Ignorado;Motocicleta;Lesoes Graves;2;4;4;2;0;1
Transitar na contramao;Colisao lateral sentido oposto;Plena Noite;Nevoeiro/Neblina;Automovel;Ileso;2;4;4;2;4;1
Transitar na contramao;Colisao lateral sentido oposto;Plena Noite;Nevoeiro/Neblina;Automovel;Lesoes Leves;1;4;4;2;4;1
Transitar na contramao;Colisao lateral sentido oposto;Plena Noite;Nublado;Automovel;Ileso;24;4;4;2;2;1
Transitar na contramao;Colisao lateral sentido oposto;Plena Noite;Nublado;Automovel;Lesoes Graves;7;4;4;2;2;1
Transitar na contramao;Colisao lateral sentido oposto;Plena Noite;Nublado;Automovel;Lesoes Leves;14;4;4;2;2;1
Transitar na contramao;Colisao lateral sentido oposto;Plena Noite;Nublado;Bicicleta;Lesoes Graves;1;4;4;2;2;3
Transitar na contramao;Colisao lateral sentido oposto;Plena Noite;Nublado;Caminhao;Ileso;4;4;4;2;2;2
Transitar na contramao;Colisao lateral sentido oposto;Plena Noite;Nublado;Caminhao-trator;Ileso;2;4;4;2;2;2
Transitar na contramao;Colisao lateral sentido oposto;Plena Noite;Nublado;Caminhonete;Ileso;4;4;4;2;2;2
Transitar na contramao;Colisao lateral sentido oposto;Plena Noite;Nublado;Caminhonete;Lesoes Leves;2;4;4;2;2;2
Transitar na contramao;Colisao lateral sentido oposto;Plena Noite;Nublado;Motocicleta;Lesoes Graves;1;4;4;2;2;1
Transitar na contramao;Colisao lateral sentido oposto;Plena Noite;Nublado;Motocicleta;Lesoes Leves;1;4;4;2;2;1
Transitar na contramao;Colisao lateral sentido oposto;Plena Noite;Nublado;Motocicleta;Obito;1;4;4;2;2;1
Transitar na contramao;Colisao lateral sentido oposto;Plena Noite;Nublado;Onibus;Ileso;6;4;4;2;2;3
Transitar na contramao;Colisao lateral sentido oposto;Plena Noite;Nublado;Utilitario;Ileso;5;4;4;2;2;3
Transitar na contramao;Colisao lateral sentido oposto;Pleno dia;Ceu Claro;Automovel;Ileso;39;4;4;1;1;1
Transitar na contramao;Colisao lateral sentido oposto;Pleno dia;Ceu Claro;Automovel;Lesoes Graves;14;4;4;1;1;1
Transitar na contramao;Colisao lateral sentido oposto;Pleno dia;Ceu Claro;Automovel;Lesoes Leves;29;4;4;1;1;1
Transitar na contramao;Colisao lateral sentido oposto;Pleno dia;Ceu Claro;Automovel;Obito;3;4;4;1;1;1
Transitar na contramao;Colisao lateral sentido oposto;Pleno dia;Ceu Claro;Caminhao;Ileso;14;4;4;1;1;2
Transitar na contramao;Colisao lateral sentido oposto;Pleno dia;Ceu Claro;Caminhao;Lesoes Graves;1;4;4;1;1;2
Transitar na contramao;Colisao lateral sentido oposto;Pleno dia;Ceu Claro;Caminhao;Lesoes Leves;2;4;4;1;1;2
Transitar na contramao;Colisao lateral sentido oposto;Pleno dia;Ceu Claro;Caminhao;Obito;2;4;4;1;1;2
Transitar na contramao;Colisao lateral sentido oposto;Pleno dia;Ceu Claro;Caminhao-trator;Ileso;29;4;4;1;1;2
Transitar na contramao;Colisao lateral sentido oposto;Pleno dia;Ceu Claro;Caminhao-trator;Lesoes Graves;1;4;4;1;1;2
Transitar na contramao;Colisao lateral sentido oposto;Pleno dia;Ceu Claro;Caminhao-trator;Lesoes Leves;3;4;4;1;1;2
Transitar na contramao;Colisao lateral sentido oposto;Pleno dia;Ceu Claro;Caminhao-trator;Obito;1;4;4;1;1;2
Transitar na contramao;Colisao lateral sentido oposto;Pleno dia;Ceu Claro;Caminhonete;Ileso;13;4;4;1;1;2
Transitar na contramao;Colisao lateral sentido oposto;Pleno dia;Ceu Claro;Caminhonete;Lesoes Graves;3;4;4;1;1;2
Transitar na contramao;Colisao lateral sentido oposto;Pleno dia;Ceu Claro;Caminhonete;Lesoes Leves;8;4;4;1;1;2
Transitar na contramao;Colisao lateral sentido oposto;Pleno dia;Ceu Claro;Micro-onibus;Ileso;1;4;4;1;1;4
Transitar na contramao;Colisao lateral sentido oposto;Pleno dia;Ceu Claro;Motocicleta;Lesoes Graves;11;4;4;1;1;1
Transitar na contramao;Colisao lateral sentido oposto;Pleno dia;Ceu Claro;Motocicleta;Lesoes Leves;6;4;4;1;1;1
Transitar na contramao;Colisao lateral sentido oposto;Pleno dia;Ceu Claro;Motocicleta;Obito;2;4;4;1;1;1
Transitar na contramao;Colisao lateral sentido oposto;Pleno dia;Ceu Claro;Motoneta;Lesoes Graves;1;4;4;1;1;3
Transitar na contramao;Colisao lateral sentido oposto;Pleno dia;Ceu Claro;Nao Informado;Ileso;6;4;4;1;1;3
Transitar na contramao;Colisao lateral sentido oposto;Pleno dia;Ceu Claro;Nao Informado;Lesoes Leves;3;4;4;1;1;3
Transitar na contramao;Colisao lateral sentido oposto;Pleno dia;Ceu Claro;Onibus;Ileso;23;4;4;1;1;3
Transitar na contramao;Colisao lateral sentido oposto;Pleno dia;Ceu Claro;Onibus;Lesoes Leves;1;4;4;1;1;3
Transitar na contramao;Colisao lateral sentido oposto;Pleno dia;Ceu Claro;Utilitario;Ileso;5;4;4;1;1;3
Transitar na contramao;Colisao lateral sentido oposto;Pleno dia;Chuva;Automovel;Ileso;5;4;4;1;2;1
Transitar na contramao;Colisao lateral sentido oposto;Pleno dia;Chuva;Automovel;Lesoes Leves;3;4;4;1;2;1
Transitar na contramao;Colisao lateral sentido oposto;Pleno dia;Chuva;Caminhao;Ileso;3;4;4;1;2;2
Transitar na contramao;Colisao lateral sentido oposto;Pleno dia;Chuva;Caminhao;Lesoes Graves;1;4;4;1;2;2
Transitar na contramao;Colisao lateral sentido oposto;Pleno dia;Chuva;Caminhao-trator;Ileso;1;4;4;1;2;2
Transitar na contramao;Colisao lateral sentido oposto;Pleno dia;Chuva;Caminhao-trator;Lesoes Leves;1;4;4;1;2;2
Transitar na contramao;Colisao lateral sentido oposto;Pleno dia;Chuva;Caminhonete;Lesoes Leves;3;4;4;1;2;2
Transitar na contramao;Colisao lateral sentido oposto;Pleno dia;Chuva;Motocicleta;Lesoes Leves;2;4;4;1;2;1
Transitar na contramao;Colisao lateral sentido oposto;Pleno dia;Garoa/Chuvisco;Automovel;Lesoes Leves;1;4;4;1;3;1
Transitar na contramao;Colisao lateral sentido oposto;Pleno dia;Garoa/Chuvisco;Caminhao;Ileso;1;4;4;1;3;2
Transitar na contramao;Colisao lateral sentido oposto;Pleno dia;Garoa/Chuvisco;Caminhonete;Ileso;1;4;4;1;3;2
Transitar na contramao;Colisao lateral sentido oposto;Pleno dia;Nublado;Automovel;Ileso;4;4;4;1;2;1
Transitar na contramao;Colisao lateral sentido oposto;Pleno dia;Nublado;Automovel;Lesoes Leves;4;4;4;1;2;1
Transitar na contramao;Colisao lateral sentido oposto;Pleno dia;Nublado;Caminhao;Ileso;3;4;4;1;2;2
Transitar na contramao;Colisao lateral sentido oposto;Pleno dia;Nublado;Caminhao-trator;Ileso;3;4;4;1;2;2
Transitar na contramao;Colisao lateral sentido oposto;Pleno dia;Nublado;Caminhao-trator;Lesoes Graves;1;4;4;1;2;2
Transitar na contramao;Colisao lateral sentido oposto;Pleno dia;Nublado;Caminhao-trator;Lesoes Leves;1;4;4;1;2;2
Transitar na contramao;Colisao lateral sentido oposto;Pleno dia;Nublado;Caminhonete;Ileso;2;4;4;1;2;2
Transitar na contramao;Colisao lateral sentido oposto;Pleno dia;Nublado;Caminhonete;Lesoes Leves;3;4;4;1;2;2
Transitar na contramao;Colisao lateral sentido oposto;Pleno dia;Nublado;Micro-onibus;Ileso;3;4;4;1;2;4
Transitar na contramao;Colisao lateral sentido oposto;Pleno dia;Nublado;Micro-onibus;Lesoes Leves;1;4;4;1;2;4
Transitar na contramao;Colisao lateral sentido oposto;Pleno dia;Nublado;Motocicleta;Lesoes Leves;2;4;4;1;2;1
Transitar na contramao;Colisao lateral sentido oposto;Pleno dia;Nublado;Nao Informado;Ileso;1;4;4;1;2;3
Transitar na contramao;Colisao lateral sentido oposto;Pleno dia;Nublado;Nao Informado;Lesoes Leves;5;4;4;1;2;3
Transitar na contramao;Colisao lateral sentido oposto;Pleno dia;Nublado;Nao Informado;Obito;1;4;4;1;2;3
Transitar na contramao;Colisao lateral sentido oposto;Pleno dia;Sol;Automovel;Ileso;1;4;4;1;3;1
Transitar na contramao;Colisao lateral sentido oposto;Pleno dia;Sol;Automovel;Lesoes Leves;2;4;4;1;3;1
Transitar na contramao;Colisao lateral sentido oposto;Pleno dia;Sol;Caminhao;Ileso;1;4;4;1;3;2
Transitar na contramao;Colisao lateral sentido oposto;Pleno dia;Sol;Caminhao-trator;Ileso;3;4;4;1;3;2
Transitar na contramao;Colisao lateral sentido oposto;Pleno dia;Sol;Caminhao-trator;Lesoes Leves;1;4;4;1;3;2
Transitar na contramao;Colisao lateral sentido oposto;Pleno dia;Sol;Caminhonete;Ileso;2;4;4;1;3;2
Transitar na contramao;Colisao lateral sentido oposto;Pleno dia;Sol;Caminhonete;Lesoes Graves;1;4;4;1;3;2
Transitar na contramao;Colisao lateral sentido oposto;Pleno dia;Sol;Motocicleta;Lesoes Leves;2;4;4;1;3;1
Transitar na contramao;Colisao lateral sentido oposto;Pleno dia;Sol;Motoneta;Lesoes Leves;2;4;4;1;3;3
Transitar na contramao;Colisao transversal;Amanhecer;Ceu Claro;Automovel;Lesoes Graves;1;4;5;4;1;1
Transitar na contramao;Colisao transversal;Amanhecer;Ceu Claro;Automovel;Obito;1;4;5;4;1;1
Transitar na contramao;Colisao transversal;Amanhecer;Ceu Claro;Caminhao-trator;Ileso;1;4;5;4;1;2
Transitar na contramao;Colisao transversal;Amanhecer;Ceu Claro;Caminhonete;Lesoes Leves;3;4;5;4;1;2
Transitar na contramao;Colisao transversal;Amanhecer;Nublado;Automovel;Ileso;2;4;5;4;2;1
Transitar na contramao;Colisao transversal;Amanhecer;Nublado;Automovel;Lesoes Graves;2;4;5;4;2;1
Transitar na contramao;Colisao transversal;Amanhecer;Nublado;Automovel;Lesoes Leves;1;4;5;4;2;1
Transitar na contramao;Colisao transversal;Amanhecer;Nublado;Caminhao;Ileso;1;4;5;4;2;2
Transitar na contramao;Colisao transversal;Amanhecer;Nublado;Caminhonete;Ileso;1;4;5;4;2;2
Transitar na contramao;Colisao transversal;Anoitecer;Ceu Claro;Automovel;Ileso;5;4;5;4;1;1
Transitar na contramao;Colisao transversal;Anoitecer;Ceu Claro;Automovel;Obito;1;4;5;4;1;1
Transitar na contramao;Colisao transversal;Anoitecer;Ceu Claro;Caminhao-trator;Ileso;2;4;5;4;1;2
Transitar na contramao;Colisao transversal;Anoitecer;Ceu Claro;Motocicleta;Lesoes Graves;3;4;5;4;1;1
Transitar na contramao;Colisao transversal;Anoitecer;Ceu Claro;Onibus;Ileso;1;4;5;4;1;3
Transitar na contramao;Colisao transversal;Anoitecer;Chuva;Automovel;Ileso;2;4;5;4;2;1
Transitar na contramao;Colisao transversal;Anoitecer;Chuva;Automovel;Lesoes Graves;2;4;5;4;2;1
Transitar na contramao;Colisao transversal;Anoitecer;Chuva;Caminhao;Ileso;4;4;5;4;2;2
Transitar na contramao;Colisao transversal;Anoitecer;Chuva;Caminhao-trator;Lesoes Leves;2;4;5;4;2;2
Transitar na contramao;Colisao transversal;Anoitecer;Chuva;Caminhonete;Ileso;2;4;5;4;2;2
Transitar na contramao;Colisao transversal;Anoitecer;Chuva;Motocicleta;Obito;1;4;5;4;2;1
Transitar na contramao;Colisao transversal;Anoitecer;Garoa/Chuvisco;Caminhao-trator;Ileso;1;4;5;4;3;2
Transitar na contramao;Colisao transversal;Anoitecer;Garoa/Chuvisco;Motocicleta;Lesoes Graves;1;4;5;4;3;1
Transitar na contramao;Colisao transversal;Anoitecer;Nublado;Caminhao-trator;Ileso;2;4;5;4;2;2
Transitar na contramao;Colisao transversal;Anoitecer;Nublado;Caminhonete;Lesoes Graves;1;4;5;4;2;2
Transitar na contramao;Colisao transversal;Plena Noite;Ceu Claro;Automovel;Ileso;7;4;5;2;1;1
Transitar na contramao;Colisao transversal;Plena Noite;Ceu Claro;Automovel;Lesoes Graves;1;4;5;2;1;1
Transitar na contramao;Colisao transversal;Plena Noite;Ceu Claro;Automovel;Lesoes Leves;8;4;5;2;1;1
Transitar na contramao;Colisao transversal;Plena Noite;Ceu Claro;Automovel;Obito;6;4;5;2;1;1
Transitar na contramao;Colisao transversal;Plena Noite;Ceu Claro;Caminhao;Ileso;3;4;5;2;1;2
Transitar na contramao;Colisao transversal;Plena Noite;Ceu Claro;Caminhao-trator;Ileso;3;4;5;2;1;2
Transitar na contramao;Colisao transversal;Plena Noite;Ceu Claro;Caminhonete;Ileso;6;4;5;2;1;2
Transitar na contramao;Colisao transversal;Plena Noite;Ceu Claro;Motocicleta;Ileso;1;4;5;2;1;1
Transitar na contramao;Colisao transversal;Plena Noite;Ceu Claro;Motocicleta;Lesoes Graves;1;4;5;2;1;1
Transitar na contramao;Colisao transversal;Plena Noite;Ceu Claro;Motocicleta;Lesoes Leves;2;4;5;2;1;1
Transitar na contramao;Colisao transversal;Plena Noite;Ceu Claro;Nao Informado;Ileso;1;4;5;2;1;3
Transitar na contramao;Colisao transversal;Plena Noite;Ceu Claro;Nao Informado;Lesoes Leves;2;4;5;2;1;3
Transitar na contramao;Colisao transversal;Plena Noite;Garoa/Chuvisco;Automovel;Ileso;3;4;5;2;3;1
Transitar na contramao;Colisao transversal;Plena Noite;Garoa/Chuvisco;Automovel;Lesoes Graves;1;4;5;2;3;1
Transitar na contramao;Colisao transversal;Plena Noite;Garoa/Chuvisco;Automovel;Obito;5;4;5;2;3;1
Transitar na contramao;Colisao transversal;Plena Noite;Garoa/Chuvisco;Caminhao;Lesoes Leves;1;4;5;2;3;2
Transitar na contramao;Colisao transversal;Plena Noite;Garoa/Chuvisco;Caminhao-trator;Ileso;2;4;5;2;3;2
Transitar na contramao;Colisao transversal;Plena Noite;Garoa/Chuvisco;Caminhonete;Obito;1;4;5;2;3;2
Transitar na contramao;Colisao transversal;Plena Noite;Garoa/Chuvisco;Micro-onibus;Lesoes Leves;1;4;5;2;3;4
Transitar na contramao;Colisao transversal;Plena Noite;Garoa/Chuvisco;Motocicleta;Ileso;1;4;5;2;3;1
Transitar na contramao;Colisao transversal;Plena Noite;Garoa/Chuvisco;Motocicleta;Lesoes Graves;1;4;5;2;3;1
Transitar na contramao;Colisao transversal;Plena Noite;Nublado;Automovel;Ileso;1;4;5;2;2;1
Transitar na contramao;Colisao transversal;Plena Noite;Nublado;Automovel;Lesoes Leves;3;4;5;2;2;1
Transitar na contramao;Colisao transversal;Plena Noite;Nublado;Ciclomotor;Lesoes Graves;1;4;5;2;2;4
Transitar na contramao;Colisao transversal;Plena Noite;Nublado;Motocicleta;Lesoes Graves;1;4;5;2;2;1
Transitar na contramao;Colisao transversal;Pleno dia;Ceu Claro;Automovel;Ileso;20;4;5;1;1;1
Transitar na contramao;Colisao transversal;Pleno dia;Ceu Claro;Automovel;Lesoes Graves;3;4;5;1;1;1
Transitar na contramao;Colisao transversal;Pleno dia;Ceu Claro;Automovel;Lesoes Leves;1;4;5;1;1;1
Transitar na contramao;Colisao transversal;Pleno dia;Ceu Claro;Automovel;Obito;1;4;5;1;1;1
Transitar na contramao;Colisao transversal;Pleno dia;Ceu Claro;Bicicleta;Lesoes Leves;4;4;5;1;1;3
Transitar na contramao;Colisao transversal;Pleno dia;Ceu Claro;Caminhao;Ileso;1;4;5;1;1;2
Transitar na contramao;Colisao transversal;Pleno dia;Ceu Claro;Caminhao-trator;Ileso;3;4;5;1;1;2
Transitar na contramao;Colisao transversal;Pleno dia;Ceu Claro;Caminhonete;Ileso;1;4;5;1;1;2
Transitar na contramao;Colisao transversal;Pleno dia;Ceu Claro;Caminhonete;Lesoes Graves;2;4;5;1;1;2
Transitar na contramao;Colisao transversal;Pleno dia;Ceu Claro;Caminhonete;Lesoes Leves;1;4;5;1;1;2
Transitar na contramao;Colisao transversal;Pleno dia;Ceu Claro;Ciclomotor;Lesoes Graves;1;4;5;1;1;4
Transitar na contramao;Colisao transversal;Pleno dia;Ceu Claro;Ciclomotor;Lesoes Leves;2;4;5;1;1;4
Transitar na contramao;Colisao transversal;Pleno dia;Ceu Claro;Motocicleta;Ileso;2;4;5;1;1;1
Transitar na contramao;Colisao transversal;Pleno dia;Ceu Claro;Motocicleta;Lesoes Graves;8;4;5;1;1;1
Transitar na contramao;Colisao transversal;Pleno dia;Ceu Claro;Motocicleta;Lesoes Leves;11;4;5;1;1;1
Transitar na contramao;Colisao transversal;Pleno dia;Ceu Claro;Motocicleta;Obito;2;4;5;1;1;1
Transitar na contramao;Colisao transversal;Pleno dia;Ceu Claro;Nao Informado;Ileso;3;4;5;1;1;3
Transitar na contramao;Colisao transversal;Pleno dia;Chuva;Automovel;Ileso;1;4;5;1;2;1
Transitar na contramao;Colisao transversal;Pleno dia;Chuva;Caminhao-trator;Ileso;1;4;5;1;2;2
Transitar na contramao;Colisao transversal;Pleno dia;Chuva;Nao Informado;Lesoes Leves;1;4;5;1;2;3
Transitar na contramao;Colisao transversal;Pleno dia;Chuva;Onibus;Ileso;1;4;5;1;2;3
Transitar na contramao;Colisao transversal;Pleno dia;Garoa/Chuvisco;Automovel;Lesoes Graves;1;4;5;1;3;1
Transitar na contramao;Colisao transversal;Pleno dia;Garoa/Chuvisco;Automovel;Lesoes Leves;3;4;5;1;3;1
Transitar na contramao;Colisao transversal;Pleno dia;Garoa/Chuvisco;Automovel;Obito;1;4;5;1;3;1
Transitar na contramao;Colisao transversal;Pleno dia;Garoa/Chuvisco;Caminhao;Ileso;1;4;5;1;3;2
Transitar na contramao;Colisao transversal;Pleno dia;Garoa/Chuvisco;Caminhao-trator;Lesoes Leves;1;4;5;1;3;2
Transitar na contramao;Colisao transversal;Pleno dia;Garoa/Chuvisco;Caminhonete;Lesoes Graves;3;4;5;1;3;2
Transitar na contramao;Colisao transversal;Pleno dia;Garoa/Chuvisco;Caminhonete;Lesoes Leves;2;4;5;1;3;2
Transitar na contramao;Colisao transversal;Pleno dia;Nublado;Automovel;Ileso;3;4;5;1;2;1