causa_acidente;tipo_acidente;fase_dia;condicao_metereologica;tipo_veiculo;estado_fisico;count;causa_acidente_criterios;tipo_acidente_criterios;fase_dia_criterios;condicao_metereologica_criterios;tipo_veiculo_criterios
Transitar na contramao;Colisao transversal;Pleno dia;Nublado;Automovel;Lesoes Graves;4;4;5;1;2;1
Transitar na contramao;Colisao transversal;Pleno dia;Nublado;Automovel;Lesoes Leves;1;4;5;1;2;1
Transitar na contramao;Colisao transversal;Pleno dia;Nublado;Motocicleta;Ileso;1;4;5;1;2;1
Transitar na contramao;Colisao transversal;Pleno dia;Nublado;Motocicleta;Lesoes Leves;2;4;5;1;2;1
Transitar na contramao;Colisao transversal;Pleno dia;Nublado;Motoneta;Lesoes Leves;1;4;5;1;2;3
Transitar na contramao;Colisao transversal;Pleno dia;Nublado;Nao Informado;Ileso;1;4;5;1;2;3
Transitar na contramao;Colisao transversal;Pleno dia;Nublado;Outros;Lesoes Leves;1;4;5;1;2;5
Transitar na contramao;Colisao transversal;Pleno dia;Nublado;Utilitario;Ileso;1;4;5;1;2;3
Transitar na contramao;Colisao transversal;Pleno dia;Sol;Automovel;Ileso;3;4;5;1;3;1
Transitar na contramao;Colisao transversal;Pleno dia;Sol;Motocicleta;Lesoes Graves;1;4;5;1;3;1
Transitar na contramao;Colisao transversal;Pleno dia;Sol;Motocicleta;Lesoes Leves;2;4;5;1;3;1
Transitar na contramao;Colisao traseira;Amanhecer;Ceu Claro;Automovel;Lesoes Graves;3;4;5;4;1;1
Transitar na contramao;Colisao traseira;Amanhecer;Ceu Claro;Automovel;Obito;2;4;5;4;1;1
Transitar na contramao;Colisao traseira;Amanhecer;Ceu Claro;Caminhao-trator;Ileso;1;4;5;4;1;2
Transitar na contramao;Colisao traseira;Plena Noite;Ceu Claro;Automovel;Lesoes Leves;1;4;5;2;1;1
Transitar na contramao;Colisao traseira;Plena Noite;Ceu Claro;Caminhonete;Ileso;1;4;5;2;1;2
Transitar na contramao;Colisao traseira;Plena Noite;Chuva;Automovel;Ileso;2;4;5;2;2;1
Transitar na contramao;Colisao traseira;Plena Noite;Chuva;Automovel;Lesoes Graves;1;4;5;2;2;1
Transitar na contramao;Colisao traseira;Plena Noite;Ignorado;Automovel;Ileso;1;4;5;2;0;1
Transitar na contramao;Colisao traseira;Plena Noite;Ignorado;Caminhao-trator;Ileso;1;4;5;2;0;2
Transitar na contramao;Colisao traseira;Plena Noite;Ignorado;Caminhonete;Lesoes Leves;2;4;5;2;0;2
Transitar na contramao;Colisao traseira;Plena Noite;Nublado;Automovel;Ileso;1;4;5;2;2;1
Transitar na contramao;Colisao traseira;Plena Noite;Nublado;Motocicleta;Lesoes Graves;1;4;5;2;2;1
Transitar na contramao;Colisao traseira;Pleno dia;Ceu Claro;Automovel;Ileso;8;4;5;1;1;1
Transitar na contramao;Colisao traseira;Pleno dia;Ceu Claro;Automovel;Lesoes Leves;2;4;5;1;1;1
Transitar na contramao;Colisao traseira;Pleno dia;Ceu Claro;Bicicleta;Lesoes Graves;1;4;5;1;1;3
Transitar na contramao;Colisao traseira;Pleno dia;Ceu Claro;Caminhao;Ileso;2;4;5;1;1;2
Transitar na contramao;Colisao traseira;Pleno dia;Ceu Claro;Caminhao;Lesoes Leves;1;4;5;1;1;2
Transitar na contramao;Colisao traseira;Pleno dia;Ceu Claro;Caminhao-trator;Ileso;2;4;5;1;1;2
Transitar na contramao;Colisao traseira;Pleno dia;Ceu Claro;Caminhonete;Ileso;6;4;5;1;1;2
Transitar na contramao;Colisao traseira;Pleno dia;Ceu Claro;Caminhonete;Lesoes Graves;2;4;5;1;1;2
Transitar na contramao;Colisao traseira;Pleno dia;Ceu Claro;Caminhonete;Lesoes Leves;3;4;5;1;1;2
Transitar na contramao;Colisao traseira;Pleno dia;Ceu Claro;Caminhonete;Obito;1;4;5;1;1;2
Transitar na contramao;Colisao traseira;Pleno dia;Ceu Claro;Motocicleta;Ileso;1;4;5;1;1;1
Transitar na contramao;Colisao traseira;Pleno dia;Ceu Claro;Motocicleta;Lesoes Graves;1;4;5;1;1;1
Transitar na contramao;Colisao traseira;Pleno dia;Ceu Claro;Motocicleta;Lesoes Leves;1;4;5;1;1;1
Transitar na contramao;Colisao traseira;Pleno dia;Ceu Claro;Nao Informado;Ileso;1;4;5;1;1;3
Transitar na contramao;Colisao traseira;Pleno dia;Ceu Claro;Onibus;Ileso;9;4;5;1;1;3
Transitar na contramao;Colisao traseira;Pleno dia;Ceu Claro;Onibus;Lesoes Graves;1;4;5;1;1;3
Transitar na contramao;Colisao traseira;Pleno dia;Ceu Claro;Onibus;Lesoes Leves;5;4;5;1;1;3
Transitar na contramao;Colisao traseira;Pleno dia;Ceu Claro;Reboque;Ileso;1;4;5;1;1;5
Transitar na contramao;Colisao traseira;Pleno dia;Chuva;Caminhao;Ileso;1;4;5;1;2;2
Transitar na contramao;Colisao traseira;Pleno dia;Chuva;Caminhao;Lesoes Leves;1;4;5;1;2;2
Transitar na contramao;Colisao traseira;Pleno dia;Chuva;Caminhao-trator;Ileso;1;4;5;1;2;2
Transitar na contramao;Colisao traseira;Pleno dia;Garoa/Chuvisco;Caminhao;Ileso;1;4;5;1;3;2
Transitar na contramao;Colisao traseira;Pleno dia;Garoa/Chuvisco;Caminhao-trator;Lesoes Leves;1;4;5;1;3;2
Transitar na contramao;Colisao traseira;Pleno dia;Garoa/Chuvisco;Caminhonete;Lesoes Graves;3;4;5;1;3;2
Transitar na contramao;Colisao traseira;Pleno dia;Garoa/Chuvisco;Caminhonete;Lesoes Leves;2;4;5;1;3;2
Transitar na contramao;Colisao traseira;Pleno dia;Sol;Nao Informado;Lesoes Graves;3;4;5;1;3;3
Transitar na contramao;Derramamento de carga;Amanhecer;Ceu Claro;Caminhao-trator;Lesoes Graves;1;4;3;4;1;2
Transitar na contramao;Derramamento de carga;Amanhecer;Ceu Claro;Caminhao-trator;Obito;2;4;3;4;1;2
Transitar na contramao;Derramamento de carga;Amanhecer;Ceu Claro;Onibus;Lesoes Graves;9;4;3;4;1;3
Transitar na contramao;Derramamento de carga;Amanhecer;Ceu Claro;Onibus;Lesoes Leves;11;4;3;4;1;3
Transitar na contramao;Derramamento de carga;Amanhecer;Ceu Claro;Onibus;Obito;3;4;3;4;1;3
Transitar na contramao;Derramamento de carga;Anoitecer;Ceu Claro;Caminhao-trator;Ileso;1;4;3;4;1;2
Transitar na contramao;Derramamento de carga;Anoitecer;Ceu Claro;Caminhao-trator;Lesoes Graves;1;4;3;4;1;2
Transitar na contramao;Derramamento de carga;Plena Noite;Ceu Claro;Automovel;Obito;1;4;3;2;1;1
Transitar na contramao;Derramamento de carga;Plena Noite;Ceu Claro;Caminhao;Obito;3;4;3;2;1;2
Transitar na contramao;Derramamento de carga;Plena Noite;Ceu Claro;Caminhao-trator;Ileso;1;4;3;2;1;2
Transitar na contramao;Derramamento de carga;Plena Noite;Ceu Claro;Caminhao-trator;Lesoes Leves;1;4;3;2;1;2
Transitar na contramao;Derramamento de carga;Plena Noite;Ceu Claro;Caminhao-trator;Obito;2;4;3;2;1;2
Transitar na contramao;Derramamento de carga;Plena Noite;Ceu Claro;Onibus;Lesoes Graves;9;4;3;2;1;3
Transitar na contramao;Derramamento de carga;Plena Noite;Ceu Claro;Onibus;Obito;20;4;3;2;1;3
Transitar na contramao;Derramamento de carga;Plena Noite;Chuva;Caminhao;Ileso;2;4;3;2;2;2
Transitar na contramao;Derramamento de carga;Plena Noite;Chuva;Caminhao;Lesoes Leves;1;4;3;2;2;2
Transitar na contramao;Derramamento de carga;Plena Noite;Garoa/Chuvisco;Caminhao-trator;Lesoes Leves;1;4;3;2;3;2
Transitar na contramao;Derramamento de carga;Plena Noite;Garoa/Chuvisco;Motocicleta;Lesoes Graves;1;4;3;2;3;1
Transitar na contramao;Derramamento de carga;Plena Noite;Garoa/Chuvisco;Motocicleta;Obito;1;4;3;2;3;1
Transitar na contramao;Derramamento de carga;Plena Noite;Nublado;Caminhao-trator;Ileso;1;4;3;2;2;2
Transitar na contramao;Derramamento de carga;Pleno dia;Ceu Claro;Automovel;Ileso;1;4;3;1;1;1
Transitar na contramao;Derramamento de carga;Pleno dia;Ceu Claro;Automovel;Lesoes Graves;2;4;3;1;1;1
Transitar na contramao;Derramamento de carga;Pleno dia;Ceu Claro;Automovel;Lesoes Leves;1;4;3;1;1;1
Transitar na contramao;Derramamento de carga;Pleno dia;Ceu Claro;Caminhao-trator;Ileso;5;4;3;1;1;2
Transitar na contramao;Derramamento de carga;Pleno dia;Ceu Claro;Caminhao-trator;Lesoes Leves;2;4;3;1;1;2
Transitar na contramao;Derramamento de carga;Pleno dia;Ceu Claro;Caminhao-trator;Obito;1;4;3;1;1;2
Transitar na contramao;Derramamento de carga;Pleno dia;Ceu Claro;Caminhonete;Ileso;1;4;3;1;1;2
Transitar na contramao;Derramamento de carga;Pleno dia;Chuva;Caminhao;Lesoes Graves;1;4;3;1;2;2
Transitar na contramao;Derramamento de carga;Pleno dia;Chuva;Caminhao-trator;Lesoes Graves;2;4;3;1;2;2
Transitar na contramao;Derramamento de carga;Pleno dia;Chuva;Caminhao-trator;Lesoes Leves;1;4;3;1;2;2
Transitar na contramao;Derramamento de carga;Pleno dia;Chuva;Caminhao-trator;Obito;2;4;3;1;2;2
Transitar na contramao;Derramamento de carga;Pleno dia;Garoa/Chuvisco;Caminhao-trator;Ileso;1;4;3;1;3;2
Transitar na contramao;Derramamento de carga;Pleno dia;Garoa/Chuvisco;Caminhonete;Obito;1;4;3;1;3;2
Transitar na contramao;Derramamento de carga;Pleno dia;Nublado;Caminhao;Obito;2;4;3;1;2;2
Transitar na contramao;Derramamento de carga;Pleno dia;Nublado;Caminhao-trator;Lesoes Leves;1;4;3;1;2;2
Transitar na contramao;Engavetamento;Anoitecer;Ceu Claro;Automovel;Ileso;3;4;3;4;1;1
Transitar na contramao;Engavetamento;Anoitecer;Ceu Claro;Automovel;Lesoes Leves;2;4;3;4;1;1
Transitar na contramao;Engavetamento;Anoitecer;Ceu Claro;Caminhao;Ileso;1;4;3;4;1;2
Transitar na contramao;Engavetamento;Anoitecer;Ceu Claro;Caminhao-trator;Ileso;1;4;3;4;1;2
Transitar na contramao;Engavetamento;Anoitecer;Ceu Claro;Caminhonete;Ileso;1;4;3;4;1;2
Transitar na contramao;Eventos atipicos;Plena Noite;Nublado;Automovel;Ileso;3;4;2;2;2;1
Transitar na contramao;Eventos atipicos;Pleno dia;Nublado;Caminhao;Obito;2;4;2;1;2;2
Transitar na contramao;Eventos atipicos;Pleno dia;Nublado;Caminhao-trator;Lesoes Leves;1;4;2;1;2;2
Transitar na contramao;Incendio;Amanhecer;Ceu Claro;Caminhao-trator;Obito;2;4;2;4;1;2
Transitar na contramao;Incendio;Plena Noite;Ceu Claro;Automovel;Obito;7;4;2;2;1;1
Transitar na contramao;Incendio;Plena Noite;Ceu Claro;Caminhao-trator;Ileso;1;4;2;2;1;2
Transitar na contramao;Incendio;Plena Noite;Nublado;Automovel;Ileso;2;4;2;2;2;1
Transitar na contramao;Incendio;Plena Noite;Nublado;Motocicleta;Obito;1;4;2;2;2;1
Transitar na contramao;Incendio;Pleno dia;Ceu Claro;Automovel;Obito;1;4;2;1;1;1
Transitar na contramao;Incendio;Pleno dia;Ceu Claro;Caminhao;Ileso;1;4;2;1;1;2
Transitar na contramao;Incendio;Pleno dia;Ceu Claro;Caminhao;Lesoes Graves;1;4;2;1;1;2
Transitar na contramao;Incendio;Pleno dia;Ceu Claro;Caminhao;Obito;1;4;2;1;1;2
Transitar na contramao;Incendio;Pleno dia;Ceu Claro;Caminhao-trator;Obito;3;4;2;1;1;2
Transitar na contramao;Incendio;Pleno dia;Garoa/Chuvisco;Caminhao-trator;Ileso;1;4;2;1;3;2
Transitar na contramao;Incendio;Pleno dia;Garoa/Chuvisco;Caminhonete;Obito;1;4;2;1;3;2
Transitar na contramao;Queda de ocupante de veiculo;Amanhecer;Ceu Claro;Automovel;Ileso;5;4;5;4;1;1
Transitar na contramao;Queda de ocupante de veiculo;Amanhecer;Ceu Claro;Caminhao-trator;Ileso;1;4;5;4;1;2
Transitar na contramao;Queda de ocupante de veiculo;Amanhecer;Ceu Claro;Caminhonete;Ileso;3;4;5;4;1;2
Transitar na contramao;Queda de ocupante de veiculo;Amanhecer;Ceu Claro;Ciclomotor;Lesoes Leves;1;4;5;4;1;4
Transitar na contramao;Queda de ocupante de veiculo;Amanhecer;Ceu Claro;Motocicleta;Ileso;1;4;5;4;1;1
Transitar na contramao;Queda de ocupante de veiculo;Amanhecer;Ceu Claro;Motocicleta;Lesoes Graves;1;4;5;4;1;1
Transitar na contramao;Queda de ocupante de veiculo;Amanhecer;Ceu Claro;Motocicleta;Lesoes Leves;2;4;5;4;1;1
Transitar na contramao;Queda de ocupante de veiculo;Amanhecer;Ceu Claro;Motocicleta;Obito;6;4;5;4;1;1
Transitar na contramao;Queda de ocupante de veiculo;Amanhecer;Ceu Claro;Onibus;Ileso;1;4;5;4;1;3
Transitar na contramao;Queda de ocupante de veiculo;Amanhecer;Garoa/Chuvisco;Motocicleta;Lesoes Leves;1;4;5;4;3;1
Transitar na contramao;Queda de ocupante de veiculo;Amanhecer;Garoa/Chuvisco;Motoneta;Lesoes Leves;1;4;5;4;3;3
Transitar na contramao;Queda de ocupante de veiculo;Amanhecer;Nevoeiro/Neblina;Automovel;Ileso;1;4;5;4;4;1
Transitar na contramao;Queda de ocupante de veiculo;Amanhecer;Nevoeiro/Neblina;Motocicleta;Lesoes Graves;1;4;5;4;4;1
Transitar na contramao;Queda de ocupante de veiculo;Amanhecer;Nublado;Automovel;Ileso;3;4;5;4;2;1
Transitar na contramao;Queda de ocupante de veiculo;Amanhecer;Nublado;Caminhonete;Ileso;1;4;5;4;2;2
Transitar na contramao;Queda de ocupante de veiculo;Amanhecer;Nublado;Motocicleta;Lesoes Leves;1;4;5;4;2;1
Transitar na contramao;Queda de ocupante de veiculo;Amanhecer;Nublado;Motocicleta;Obito;1;4;5;4;2;1
Transitar na contramao;Queda de ocupante de veiculo;Anoitecer;Ceu Claro;Automovel;Lesoes Graves;2;4;5;4;1;1
Transitar na contramao;Queda de ocupante de veiculo;Anoitecer;Ceu Claro;Automovel;Lesoes Leves;2;4;5;4;1;1
Transitar na contramao;Queda de ocupante de veiculo;Anoitecer;Ceu Claro;Caminhonete;Ileso;1;4;5;4;1;2
Transitar na contramao;Queda de ocupante de veiculo;Anoitecer;Ceu Claro;Motocicleta;Lesoes Graves;4;4;5;4;1;1
Transitar na contramao;Queda de ocupante de veiculo;Anoitecer;Ceu Claro;Motoneta;Obito;2;4;5;4;1;3
Transitar na contramao;Queda de ocupante de veiculo;Anoitecer;Garoa/Chuvisco;Caminhao-trator;Ileso;1;4;5;4;3;2
Transitar na contramao;Queda de ocupante de veiculo;Anoitecer;Garoa/Chuvisco;Motocicleta;Obito;1;4;5;4;3;1
Transitar na contramao;Queda de ocupante de veiculo;Anoitecer;Nublado;Automovel;Ileso;2;4;5;4;2;1
Transitar na contramao;Queda de ocupante de veiculo;Anoitecer;Nublado;Motocicleta;Lesoes Leves;1;4;5;4;2;1
Transitar na contramao;Queda de ocupante de veiculo;Anoitecer;Nublado;Motocicleta;Obito;2;4;5;4;2;1
Transitar na contramao;Queda de ocupante de veiculo;Plena Noite;Ceu Claro;Automovel;Ileso;38;4;5;2;1;1
Transitar na contramao;Queda de ocupante de veiculo;Plena Noite;Ceu Claro;Automovel;Lesoes Leves;5;4;5;2;1;1
Transitar na contramao;Queda de ocupante de veiculo;Plena Noite;Ceu Claro;Automovel;Obito;1;4;5;2;1;1
Transitar na contramao;Queda de ocupante de veiculo;Plena Noite;Ceu Claro;Bicicleta;Lesoes Graves;3;4;5;2;1;3
Transitar na contramao;Queda de ocupante de veiculo;Plena Noite;Ceu Claro;Bicicleta;Lesoes Leves;3;4;5;2;1;3
Transitar na contramao;Queda de ocupante de veiculo;Plena Noite;Ceu Claro;Bicicleta;Obito;2;4;5;2;1;3
Transitar na contramao;Queda de ocupante de veiculo;Plena Noite;Ceu Claro;Caminhao;Obito;1;4;5;2;1;2
Transitar na contramao;Queda de ocupante de veiculo;Plena Noite;Ceu Claro;Caminhao-trator;Ileso;5;4;5;2;1;2
Transitar na contramao;Queda de ocupante de veiculo;Plena Noite;Ceu Claro;Caminhonete;Ileso;6;4;5;2;1;2
Transitar na contramao;Queda de ocupante de veiculo;Plena Noite;Ceu Claro;Motocicleta;Ileso;2;4;5;2;1;1
Transitar na contramao;Queda de ocupante de veiculo;Plena Noite;Ceu Claro;Motocicleta;Lesoes Graves;27;4;5;2;1;1
Transitar na contramao;Queda de ocupante de veiculo;Plena Noite;Ceu Claro;Motocicleta;Lesoes Leves;22;4;5;2;1;1
Transitar na contramao;Queda de ocupante de veiculo;Plena Noite;Ceu Claro;Motocicleta;Obito;22;4;5;2;1;1
Transitar na contramao;Queda de ocupante de veiculo;Plena Noite;Ceu Claro;Motoneta;Ileso;1;4;5;2;1;3
Transitar na contramao;Queda de ocupante de veiculo;Plena Noite;Ceu Claro;Motoneta;Lesoes Graves;1;4;5;2;1;3
Transitar na contramao;Queda de ocupante de veiculo;Plena Noite;Ceu Claro;Motoneta;Lesoes Leves;5;4;5;2;1;3
Transitar na contramao;Queda de ocupante de veiculo;Plena Noite;Ceu Claro;Motoneta;Obito;1;4;5;2;1;3
Transitar na contramao;Queda de ocupante de veiculo;Plena Noite;Ceu Claro;Nao Informado;Ileso;1;4;5;2;1;3
Transitar na contramao;Queda de ocupante de veiculo;Plena Noite;Ceu Claro;Onibus;Ileso;1;4;5;2;1;3
Transitar na contramao;Queda de ocupante de veiculo;Plena Noite;Ceu Claro;Utilitario;Ileso;1;4;5;2;1;3
Transitar na contramao;Queda de ocupante de veiculo;Plena Noite;Chuva;Automovel;Ileso;1;4;5;2;2;1
Transitar na contramao;Queda de ocupante de veiculo;Plena Noite;Chuva;Automovel;Lesoes Leves;1;4;5;2;2;1
Transitar na contramao;Queda de ocupante de veiculo;Plena Noite;Chuva;Bicicleta;Lesoes Graves;1;4;5;2;2;3
Transitar na contramao;Queda de ocupante de veiculo;Plena Noite;Chuva;Bicicleta;Lesoes Leves;1;4;5;2;2;3
Transitar na contramao;Queda de ocupante de veiculo;Plena Noite;Chuva;Caminhao-trator;Ileso;1;4;5;2;2;2
Transitar na contramao;Queda de ocupante de veiculo;Plena Noite;Chuva;Motocicleta;Ileso;1;4;5;2;2;1
Transitar na contramao;Queda de ocupante de veiculo;Plena Noite;Chuva;Motocicleta;Lesoes Leves;2;4;5;2;2;1
Transitar na contramao;Queda de ocupante de veiculo;Plena Noite;Chuva;Motocicleta;Obito;2;4;5;2;2;1
Transitar na contramao;Queda de ocupante de veiculo;Plena Noite;Chuva;Onibus;Ileso;11;4;5;2;2;3
Transitar na contramao;Queda de ocupante de veiculo;Plena Noite;Garoa/Chuvisco;Automovel;Ileso;3;4;5;2;3;1
Transitar na contramao;Queda de ocupante de veiculo;Plena Noite;Garoa/Chuvisco;Caminhao;Lesoes Leves;1;4;5;2;3;2
Transitar na contramao;Queda de ocupante de veiculo;Plena Noite;Garoa/Chuvisco;Caminhao-trator;Lesoes Leves;1;4;5;2;3;2
Transitar na contramao;Queda de ocupante de veiculo;Plena Noite;Garoa/Chuvisco;Caminhonete;Obito;1;4;5;2;3;2
Transitar na contramao;Queda de ocupante de veiculo;Plena Noite;Garoa/Chuvisco;Micro-onibus;Lesoes Leves;1;4;5;2;3;4
Transitar na contramao;Queda de ocupante de veiculo;Plena Noite;Garoa/Chuvisco;Motocicleta;Ileso;1;4;5;2;3;1
Transitar na contramao;Queda de ocupante de veiculo;Plena Noite;Garoa/Chuvisco;Motocicleta;Lesoes Graves;2;4;5;2;3;1
Transitar na contramao;Queda de ocupante de veiculo;Plena Noite;Garoa/Chuvisco;Motocicleta;Obito;1;4;5;2;3;1
Transitar na contramao;Queda de ocupante de veiculo;Plena Noite;Ignorado;Caminhao;Lesoes Leves;1;4;5;2;0;2
Transitar na contramao;Queda de ocupante de veiculo;Plena Noite;Ignorado;Caminhao-trator;Ileso;1;4;5;2;0;2
Transitar na contramao;Queda de ocupante de veiculo;Plena Noite;Ignorado;Caminhao-trator;Obito;1;4;5;2;0;2
Transitar na contramao;Queda de ocupante de veiculo;Plena Noite;Ignorado;Caminhonete;Ileso;1;4;5;2;0;2
Transitar na contramao;Queda de ocupante de veiculo;Plena Noite;Ignorado;Motocicleta;Lesoes Graves;2;4;5;2;0;1
Transitar na contramao;Queda de ocupante de veiculo;Plena Noite;Ignorado;Motocicleta;Obito;2;4;5;2;0;1
Transitar na contramao;Queda de ocupante de veiculo;Plena Noite;Nublado;Automovel;Ileso;12;4;5;2;2;1
Transitar na contramao;Queda de ocupante de veiculo;Plena Noite;Nublado;Bicicleta;Ileso;1;4;5;2;2;3
Transitar na contramao;Queda de ocupante de veiculo;Plena Noite;Nublado;Bicicleta;Lesoes Leves;2;4;5;2;2;3
Transitar na contramao;Queda de ocupante de veiculo;Plena Noite;Nublado;Caminhao-trator;Ileso;2;4;5;2;2;2
Transitar na contramao;Queda de ocupante de veiculo;Plena Noite;Nublado;Caminhonete;Obito;1;4;5;2;2;2
Transitar na contramao;Queda de ocupante de veiculo;Plena Noite;Nublado;Ciclomotor;Lesoes Graves;1;4;5;2;2;4
Transitar na contramao;Queda de ocupante de veiculo;Plena Noite;Nublado;Motocicleta;Ileso;1;4;5;2;2;1
Transitar na contramao;Queda de ocupante de veiculo;Plena Noite;Nublado;Motocicleta;Lesoes Graves;6;4;5;2;2;1
Transitar na contramao;Queda de ocupante de veiculo;Plena Noite;Nublado;Motocicleta;Lesoes Leves;4;4;5;2;2;1
Transitar na contramao;Queda de ocupante de veiculo;Plena Noite;Nublado;Motocicleta;Obito;7;4;5;2;2;1
Transitar na contramao;Queda de ocupante de veiculo;Plena Noite;Nublado;Motoneta;Lesoes Graves;1;4;5;2;2;3
Transitar na contramao;Queda de ocupante de veiculo;Plena Noite;Nublado;Motoneta;Lesoes Leves;2;4;5;2;2;3
Transitar na contramao;Queda de ocupante de veiculo;Plena Noite;Nublado;Nao Informado;Ileso;2;4;5;2;2;3
Transitar na contramao;Queda de ocupante de veiculo;Pleno dia;Ceu Claro;Automovel;Ileso;21;4;5;1;1;1
Transitar na contramao;Queda de ocupante de veiculo;Pleno dia;Ceu Claro;Automovel;Lesoes Graves;1;4;5;1;1;1
Transitar na contramao;Queda de ocupante de veiculo;Pleno dia;Ceu Claro;Automovel;Lesoes Leves;2;4;5;1;1;1
Transitar na contramao;Queda de ocupante de veiculo;Pleno dia;Ceu Claro;Bicicleta;Lesoes Graves;1;4;5;1;1;3
Transitar na contramao;Queda de ocupante de veiculo;Pleno dia;Ceu Claro;Bicicleta;Lesoes Leves;6;4;5;1;1;3
Transitar na contramao;Queda de ocupante de veiculo;Pleno dia;Ceu Claro;Caminhao;Ileso;6;4;5;1;1;2
Transitar na contramao;Queda de ocupante de veiculo;Pleno dia;Ceu Claro;Caminhao;Lesoes Graves;1;4;5;1;1;2
Transitar na contramao;Queda de ocupante de veiculo;Pleno dia;Ceu Claro;Caminhao-trator;Ileso;11;4;5;1;1;2
Transitar na contramao;Queda de ocupante de veiculo;Pleno dia;Ceu Claro;Caminhao-trator;Lesoes Graves;1;4;5;1;1;2
Transitar na contramao;Queda de ocupante de veiculo;Pleno dia;Ceu Claro;Caminhao-trator;Obito;1;4;5;1;1;2
Transitar na contramao;Queda de ocupante de veiculo;Pleno dia;Ceu Claro;Caminhonete;Ileso;9;4;5;1;1;2
Transitar na contramao;Queda de ocupante de veiculo;Pleno dia;Ceu Claro;Ciclomotor;Lesoes Leves;2;4;5;1;1;4
Transitar na contramao;Queda de ocupante de veiculo;Pleno dia;Ceu Claro;Motocicleta;Ileso;3;4;5;1;1;1
Transitar na contramao;Queda de ocupante de veiculo;Pleno dia;Ceu Claro;Motocicleta;Lesoes Graves;21;4;5;1;1;1
Transitar na contramao;Queda de ocupante de veiculo;Pleno dia;Ceu Claro;Motocicleta;Lesoes Leves;24;4;5;1;1;1
Transitar na contramao;Queda de ocupante de veiculo;Pleno dia;Ceu Claro;Motocicleta;Obito;16;4;5;1;1;1
Transitar na contramao;Queda de ocupante de veiculo;Pleno dia;Ceu Claro;Motoneta;Lesoes Leves;1;4;5;1;1;3
Transitar na contramao;Queda de ocupante de veiculo;Pleno dia;Ceu Claro;Nao Informado;Ileso;5;4;5;1;1;3
Transitar na contramao;Queda de ocupante de veiculo;Pleno dia;Ceu Claro;Nao se aplica;Lesoes Graves;1;4;5;1;1;3
Transitar na contramao;Queda de ocupante de veiculo;Pleno dia;Ceu Claro;Nao se aplica;Obito;1;4;5;1;1;3
Transitar na contramao;Queda de ocupante de veiculo;Pleno dia;Ceu Claro;Onibus;Ileso;4;4;5;1;1;3
Transitar na contramao;Queda de ocupante de veiculo;Pleno dia;Ceu Claro;Utilitario;Ileso;2;4;5;1;1;3
Transitar na contramao;Queda de ocupante de veiculo;Pleno dia;Chuva;Automovel;Ileso;2;4;5;1;2;1
Transitar na contramao;Queda de ocupante de veiculo;Pleno dia;Chuva;Caminhao-trator;Ileso;1;4;5;1;2;2
Transitar na contramao;Queda de ocupante de veiculo;Pleno dia;Chuva;Motocicleta;Lesoes Graves;1;4;5;1;2;1
Transitar na contramao;Queda de ocupante de veiculo;Pleno dia;Chuva;Motocicleta;Lesoes Leves;2;4;5;1;2;1
Transitar na contramao;Queda de ocupante de veiculo;Pleno dia;Garoa/Chuvisco;Automovel;Lesoes Graves;2;4;5;1;3;1
Transitar na contramao;Queda de ocupante de veiculo;Pleno dia;Garoa/Chuvisco;Automovel;Obito;1;4;5;1;3;1
Transitar na contramao;Queda de ocupante de veiculo;Pleno dia;Nublado;Automovel;Ileso;6;4;5;1;2;1
Transitar na contramao;Queda de ocupante de veiculo;Pleno dia;Nublado;Bicicleta;Lesoes Leves;1;4;5;1;2;3
Transitar na contramao;Queda de ocupante de veiculo;Pleno dia;Nublado;Caminhao;Ileso;1;4;5;1;2;2
Transitar na contramao;Queda de ocupante de veiculo;Pleno dia;Nublado;Caminhao;Obito;2;4;5;1;2;2
Transitar na contramao;Queda de ocupante de veiculo;Pleno dia;Nublado;Caminhao-trator;Ileso;2;4;5;1;2;2
Transitar na contramao;Queda de ocupante de veiculo;Pleno dia;Nublado;Caminhao-trator;Lesoes Leves;1;4;5;1;2;2
Transitar na contramao;Queda de ocupante de veiculo;Pleno dia;Nublado;Motocicleta;Ileso;1;4;5;1;2;1
Transitar na contramao;Queda de ocupante de veiculo;Pleno dia;Nublado;Motocicleta;Lesoes Graves;2;4;5;1;2;1
Transitar na contramao;Queda de ocupante de veiculo;Pleno dia;Nublado;Motocicleta;Lesoes Leves;5;4;5;1;2;1
Transitar na contramao;Queda de ocupante de veiculo;Pleno dia;Nublado;Motocicleta;Obito;1;4;5;1;2;1
Transitar na contramao;Queda de ocupante de veiculo;Pleno dia;Nublado;Motoneta;Lesoes Graves;1;4;5;1;2;3
Transitar na contramao;Queda de ocupante de veiculo;Pleno dia;Nublado;Motoneta;Lesoes Leves;3;4;5;1;2;3
Transitar na contramao;Queda de ocupante de veiculo;Pleno dia;Nublado;Motoneta;Obito;1;4;5;1;2;3
Transitar na contramao;Queda de ocupante de veiculo;Pleno dia;Nublado;Nao Informado;Ileso;1;4;5;1;2;3