causa_acidente;tipo_acidente;fase_dia;condicao_metereologica;tipo_veiculo;estado_fisico;count;causa_acidente_criterios;tipo_acidente_criterios;fase_dia_criterios;condicao_metereologica_criterios;tipo_veiculo_criterios
Transitar na contramao;Queda de ocupante de veiculo;Pleno dia;Sol;Automovel;Ileso;2;4;5;1;3;1
Transitar na contramao;Queda de ocupante de veiculo;Pleno dia;Sol;Caminhao;Ileso;1;4;5;1;3;2
Transitar na contramao;Queda de ocupante de veiculo;Pleno dia;Sol;Caminhao-trator;Ileso;1;4;5;1;3;2
Transitar na contramao;Queda de ocupante de veiculo;Pleno dia;Sol;Caminhao-trator;Lesoes Leves;1;4;5;1;3;2
Transitar na contramao;Queda de ocupante de veiculo;Pleno dia;Sol;Caminhonete;Ileso;2;4;5;1;3;2
Transitar na contramao;Queda de ocupante de veiculo;Pleno dia;Sol;Motocicleta;Lesoes Graves;1;4;5;1;3;1
Transitar na contramao;Queda de ocupante de veiculo;Pleno dia;Sol;Motocicleta;Lesoes Leves;2;4;5;1;3;1
Transitar na contramao;Queda de ocupante de veiculo;Pleno dia;Sol;Motocicleta;Obito;1;4;5;1;3;1
Transitar na contramao;Saida de leito carrocavel;Amanhecer;Ceu Claro;Automovel;Ileso;6;4;5;4;1;1
Transitar na contramao;Saida de leito carrocavel;Amanhecer;Ceu Claro;Automovel;Lesoes Graves;11;4;5;4;1;1
Transitar na contramao;Saida de leito carrocavel;Amanhecer;Ceu Claro;Automovel;Obito;5;4;5;4;1;1
Transitar na contramao;Saida de leito carrocavel;Amanhecer;Ceu Claro;Caminhao;Ileso;3;4;5;4;1;2
Transitar na contramao;Saida de leito carrocavel;Amanhecer;Ceu Claro;Caminhao;Lesoes Graves;1;4;5;4;1;2
Transitar na contramao;Saida de leito carrocavel;Amanhecer;Ceu Claro;Caminhao-trator;Ileso;5;4;5;4;1;2
Transitar na contramao;Saida de leito carrocavel;Amanhecer;Ceu Claro;Caminhao-trator;Lesoes Graves;1;4;5;4;1;2
Transitar na contramao;Saida de leito carrocavel;Amanhecer;Ceu Claro;Caminhao-trator;Lesoes Leves;1;4;5;4;1;2
Transitar na contramao;Saida de leito carrocavel;Amanhecer;Ceu Claro;Caminhao-trator;Obito;2;4;5;4;1;2
Transitar na contramao;Saida de leito carrocavel;Amanhecer;Ceu Claro;Caminhonete;Ileso;2;4;5;4;1;2
Transitar na contramao;Saida de leito carrocavel;Amanhecer;Ceu Claro;Motocicleta;Lesoes Graves;1;4;5;4;1;1
Transitar na contramao;Saida de leito carrocavel;Amanhecer;Ceu Claro;Motocicleta;Obito;3;4;5;4;1;1
Transitar na contramao;Saida de leito carrocavel;Amanhecer;Ceu Claro;Nao Informado;Lesoes Graves;1;4;5;4;1;3
Transitar na contramao;Saida de leito carrocavel;Amanhecer;Ceu Claro;Nao Informado;Lesoes Leves;1;4;5;4;1;3
Transitar na contramao;Saida de leito carrocavel;Amanhecer;Ceu Claro;Onibus;Lesoes Graves;9;4;5;4;1;3
Transitar na contramao;Saida de leito carrocavel;Amanhecer;Ceu Claro;Onibus;Lesoes Leves;11;4;5;4;1;3
Transitar na contramao;Saida de leito carrocavel;Amanhecer;Ceu Claro;Onibus;Obito;3;4;5;4;1;3
Transitar na contramao;Saida de leito carrocavel;Amanhecer;Chuva;Caminhao-trator;Lesoes Graves;1;4;5;4;2;2
Transitar na contramao;Saida de leito carrocavel;Amanhecer;Chuva;Caminhao-trator;Lesoes Leves;2;4;5;4;2;2
Transitar na contramao;Saida de leito carrocavel;Amanhecer;Nublado;Automovel;Ileso;1;4;5;4;2;1
Transitar na contramao;Saida de leito carrocavel;Amanhecer;Nublado;Automovel;Lesoes Graves;3;4;5;4;2;1
Transitar na contramao;Saida de leito carrocavel;Amanhecer;Nublado;Automovel;Lesoes Leves;2;4;5;4;2;1
Transitar na contramao;Saida de leito carrocavel;Amanhecer;Nublado;Caminhao;Ileso;2;4;5;4;2;2
Transitar na contramao;Saida de leito carrocavel;Amanhecer;Nublado;Caminhao;Lesoes Leves;1;4;5;4;2;2
Transitar na contramao;Saida de leito carrocavel;Amanhecer;Nublado;Caminhao;Obito;1;4;5;4;2;2
Transitar na contramao;Saida de leito carrocavel;Amanhecer;Nublado;Caminhao-trator;Lesoes Leves;2;4;5;4;2;2
Transitar na contramao;Saida de leito carrocavel;Anoitecer;Ceu Claro;Automovel;Ileso;2;4;5;4;1;1
Transitar na contramao;Saida de leito carrocavel;Anoitecer;Ceu Claro;Automovel;Lesoes Graves;1;4;5;4;1;1
Transitar na contramao;Saida de leito carrocavel;Anoitecer;Ceu Claro;Automovel;Obito;2;4;5;4;1;1
Transitar na contramao;Saida de leito carrocavel;Anoitecer;Ceu Claro;Caminhao-trator;Ileso;1;4;5;4;1;2
Transitar na contramao;Saida de leito carrocavel;Anoitecer;Ceu Claro;Caminhao-trator;Lesoes Leves;1;4;5;4;1;2
Transitar na contramao;Saida de leito carrocavel;Anoitecer;Ceu Claro;Caminhonete;Ileso;1;4;5;4;1;2
Transitar na contramao;Saida de leito carrocavel;Anoitecer;Chuva;Caminhao;Ileso;1;4;5;4;2;2
Transitar na contramao;Saida de leito carrocavel;Anoitecer;Chuva;Caminhonete;Ileso;2;4;5;4;2;2
Transitar na contramao;Saida de leito carrocavel;Anoitecer;Chuva;Micro-onibus;Ileso;1;4;5;4;2;4
Transitar na contramao;Saida de leito carrocavel;Anoitecer;Chuva;Micro-onibus;Lesoes Graves;5;4;5;4;2;4
Transitar na contramao;Saida de leito carrocavel;Anoitecer;Chuva;Micro-onibus;Lesoes Leves;2;4;5;4;2;4
Transitar na contramao;Saida de leito carrocavel;Anoitecer;Chuva;Micro-onibus;Obito;4;4;5;4;2;4
Transitar na contramao;Saida de leito carrocavel;Anoitecer;Chuva;Motocicleta;Obito;1;4;5;4;2;1
Transitar na contramao;Saida de leito carrocavel;Anoitecer;Sol;Automovel;Ileso;1;4;5;4;3;1
Transitar na contramao;Saida de leito carrocavel;Anoitecer;Sol;Automovel;Lesoes Graves;1;4;5;4;3;1
Transitar na contramao;Saida de leito carrocavel;Anoitecer;Sol;Caminhao;Ileso;1;4;5;4;3;2
Transitar na contramao;Saida de leito carrocavel;Plena Noite;Ceu Claro;Automovel;Ileso;15;4;5;2;1;1
Transitar na contramao;Saida de leito carrocavel;Plena Noite;Ceu Claro;Automovel;Lesoes Graves;9;4;5;2;1;1
Transitar na contramao;Saida de leito carrocavel;Plena Noite;Ceu Claro;Automovel;Lesoes Leves;15;4;5;2;1;1
Transitar na contramao;Saida de leito carrocavel;Plena Noite;Ceu Claro;Automovel;Obito;15;4;5;2;1;1
Transitar na contramao;Saida de leito carrocavel;Plena Noite;Ceu Claro;Caminhao;Ileso;7;4;5;2;1;2
Transitar na contramao;Saida de leito carrocavel;Plena Noite;Ceu Claro;Caminhao;Lesoes Leves;3;4;5;2;1;2
Transitar na contramao;Saida de leito carrocavel;Plena Noite;Ceu Claro;Caminhao;Obito;4;4;5;2;1;2
Transitar na contramao;Saida de leito carrocavel;Plena Noite;Ceu Claro;Caminhao-trator;Ileso;7;4;5;2;1;2
Transitar na contramao;Saida de leito carrocavel;Plena Noite;Ceu Claro;Caminhao-trator;Lesoes Leves;3;4;5;2;1;2
Transitar na contramao;Saida de leito carrocavel;Plena Noite;Ceu Claro;Caminhao-trator;Obito;2;4;5;2;1;2
Transitar na contramao;Saida de leito carrocavel;Plena Noite;Ceu Claro;Caminhonete;Lesoes Graves;1;4;5;2;1;2
Transitar na contramao;Saida de leito carrocavel;Plena Noite;Ceu Claro;Caminhonete;Lesoes Leves;5;4;5;2;1;2
Transitar na contramao;Saida de leito carrocavel;Plena Noite;Ceu Claro;Caminhonete;Obito;1;4;5;2;1;2
Transitar na contramao;Saida de leito carrocavel;Plena Noite;Ceu Claro;Motocicleta;Ileso;1;4;5;2;1;1
Transitar na contramao;Saida de leito carrocavel;Plena Noite;Ceu Claro;Motocicleta;Lesoes Graves;1;4;5;2;1;1
Transitar na contramao;Saida de leito carrocavel;Plena Noite;Ceu Claro;Motocicleta;Obito;4;4;5;2;1;1
Transitar na contramao;Saida de leito carrocavel;Plena Noite;Ceu Claro;Nao Informado;Lesoes Graves;2;4;5;2;1;3
Transitar na contramao;Saida de leito carrocavel;Plena Noite;Ceu Claro;Nao Informado;Lesoes Leves;7;4;5;2;1;3
Transitar na contramao;Saida de leito carrocavel;Plena Noite;Ceu Claro;Nao Informado;Obito;1;4;5;2;1;3
Transitar na contramao;Saida de leito carrocavel;Plena Noite;Ceu Claro;Onibus;Ileso;68;4;5;2;1;3
Transitar na contramao;Saida de leito carrocavel;Plena Noite;Ceu Claro;Onibus;Lesoes Graves;9;4;5;2;1;3
Transitar na contramao;Saida de leito carrocavel;Plena Noite;Ceu Claro;Onibus;Obito;20;4;5;2;1;3
Transitar na contramao;Saida de leito carrocavel;Plena Noite;Chuva;Automovel;Ileso;2;4;5;2;2;1
Transitar na contramao;Saida de leito carrocavel;Plena Noite;Chuva;Automovel;Lesoes Graves;4;4;5;2;2;1
Transitar na contramao;Saida de leito carrocavel;Plena Noite;Chuva;Automovel;Obito;4;4;5;2;2;1
Transitar na contramao;Saida de leito carrocavel;Plena Noite;Chuva;Caminhao;Ileso;4;4;5;2;2;2
Transitar na contramao;Saida de leito carrocavel;Plena Noite;Chuva;Caminhao;Lesoes Leves;2;4;5;2;2;2
Transitar na contramao;Saida de leito carrocavel;Plena Noite;Chuva;Caminhonete;Ileso;3;4;5;2;2;2
Transitar na contramao;Saida de leito carrocavel;Plena Noite;Chuva;Motocicleta;Lesoes Leves;1;4;5;2;2;1
Transitar na contramao;Saida de leito carrocavel;Plena Noite;Chuva;Nao Informado;Lesoes Leves;3;4;5;2;2;3
Transitar na contramao;Saida de leito carrocavel;Plena Noite;Chuva;Onibus;Ileso;18;4;5;2;2;3
Transitar na contramao;Saida de leito carrocavel;Plena Noite;Garoa/Chuvisco;Automovel;Ileso;2;4;5;2;3;1
Transitar na contramao;Saida de leito carrocavel;Plena Noite;Garoa/Chuvisco;Automovel;Lesoes Graves;3;4;5;2;3;1
Transitar na contramao;Saida de leito carrocavel;Plena Noite;Garoa/Chuvisco;Automovel;Lesoes Leves;1;4;5;2;3;1
Transitar na contramao;Saida de leito carrocavel;Plena Noite;Garoa/Chuvisco;Automovel;Obito;1;4;5;2;3;1
Transitar na contramao;Saida de leito carrocavel;Plena Noite;Garoa/Chuvisco;Caminhao;Lesoes Graves;2;4;5;2;3;2
Transitar na contramao;Saida de leito carrocavel;Plena Noite;Garoa/Chuvisco;Caminhao;Lesoes Leves;1;4;5;2;3;2
Transitar na contramao;Saida de leito carrocavel;Plena Noite;Garoa/Chuvisco;Caminhao-trator;Ileso;2;4;5;2;3;2
Transitar na contramao;Saida de leito carrocavel;Plena Noite;Garoa/Chuvisco;Caminhao-trator;Lesoes Graves;3;4;5;2;3;2
Transitar na contramao;Saida de leito carrocavel;Plena Noite;Garoa/Chuvisco;Caminhao-trator;Lesoes Leves;1;4;5;2;3;2
Transitar na contramao;Saida de leito carrocavel;Plena Noite;Garoa/Chuvisco;Caminhao-trator;Obito;2;4;5;2;3;2
Transitar na contramao;Saida de leito carrocavel;Plena Noite;Garoa/Chuvisco;Caminhonete;Obito;1;4;5;2;3;2
Transitar na contramao;Saida de leito carrocavel;Plena Noite;Garoa/Chuvisco;Micro-onibus;Ileso;9;4;5;2;3;4
Transitar na contramao;Saida de leito carrocavel;Plena Noite;Garoa/Chuvisco;Micro-onibus;Lesoes Leves;1;4;5;2;3;4
Transitar na contramao;Saida de leito carrocavel;Plena Noite;Garoa/Chuvisco;Motocicleta;Lesoes Graves;1;4;5;2;3;1
Transitar na contramao;Saida de leito carrocavel;Plena Noite;Garoa/Chuvisco;Motocicleta;Obito;1;4;5;2;3;1
Transitar na contramao;Saida de leito carrocavel;Plena Noite;Ignorado;Automovel;Lesoes Graves;2;4;5;2;0;1
Transitar na contramao;Saida de leito carrocavel;Plena Noite;Ignorado;Automovel;Lesoes Leves;1;4;5;2;0;1
Transitar na contramao;Saida de leito carrocavel;Plena Noite;Ignorado;Automovel;Obito;3;4;5;2;0;1
Transitar na contramao;Saida de leito carrocavel;Plena Noite;Nublado;Automovel;Ileso;13;4;5;2;2;1
Transitar na contramao;Saida de leito carrocavel;Plena Noite;Nublado;Automovel;Lesoes Graves;6;4;5;2;2;1
Transitar na contramao;Saida de leito carrocavel;Plena Noite;Nublado;Automovel;Lesoes Leves;4;4;5;2;2;1
Transitar na contramao;Saida de leito carrocavel;Plena Noite;Nublado;Automovel;Obito;9;4;5;2;2;1
Transitar na contramao;Saida de leito carrocavel;Plena Noite;Nublado;Bicicleta;Lesoes Leves;1;4;5;2;2;3
Transitar na contramao;Saida de leito carrocavel;Plena Noite;Nublado;Caminhao-trator;Ileso;3;4;5;2;2;2
Transitar na contramao;Saida de leito carrocavel;Plena Noite;Nublado;Caminhao-trator;Lesoes Leves;2;4;5;2;2;2
Transitar na contramao;Saida de leito carrocavel;Plena Noite;Nublado;Caminhonete;Ileso;4;4;5;2;2;2
Transitar na contramao;Saida de leito carrocavel;Plena Noite;Nublado;Caminhonete;Lesoes Graves;2;4;5;2;2;2
Transitar na contramao;Saida de leito carrocavel;Plena Noite;Nublado;Caminhonete;Lesoes Leves;1;4;5;2;2;2
Transitar na contramao;Saida de leito carrocavel;Plena Noite;Nublado;Caminhonete;Obito;1;4;5;2;2;2
Transitar na contramao;Saida de leito carrocavel;Plena Noite;Nublado;Motocicleta;Lesoes Graves;2;4;5;2;2;1
Transitar na contramao;Saida de leito carrocavel;Plena Noite;Nublado;Motocicleta;Obito;2;4;5;2;2;1
Transitar na contramao;Saida de leito carrocavel;Plena Noite;Nublado;Nao Informado;Ileso;2;4;5;2;2;3
Transitar na contramao;Saida de leito carrocavel;Plena Noite;Nublado;Nao Informado;Lesoes Leves;4;4;5;2;2;3
Transitar na contramao;Saida de leito carrocavel;Plena Noite;Nublado;Onibus;Ileso;35;4;5;2;2;3
Transitar na contramao;Saida de leito carrocavel;Plena Noite;Nublado;Onibus;Lesoes Leves;2;4;5;2;2;3
Transitar na contramao;Saida de leito carrocavel;Plena Noite;Nublado;Utilitario;Ileso;1;4;5;2;2;3
Transitar na contramao;Saida de leito carrocavel;Plena Noite;Nublado;Utilitario;Obito;1;4;5;2;2;3
Transitar na contramao;Saida de leito carrocavel;Pleno dia;Ceu Claro;Automovel;Ileso;25;4;5;1;1;1
Transitar na contramao;Saida de leito carrocavel;Pleno dia;Ceu Claro;Automovel;Lesoes Graves;33;4;5;1;1;1
Transitar na contramao;Saida de leito carrocavel;Pleno dia;Ceu Claro;Automovel;Lesoes Leves;32;4;5;1;1;1
Transitar na contramao;Saida de leito carrocavel;Pleno dia;Ceu Claro;Automovel;Obito;21;4;5;1;1;1
Transitar na contramao;Saida de leito carrocavel;Pleno dia;Ceu Claro;Caminhao;Ileso;9;4;5;1;1;2
Transitar na contramao;Saida de leito carrocavel;Pleno dia;Ceu Claro;Caminhao;Lesoes Graves;1;4;5;1;1;2
Transitar na contramao;Saida de leito carrocavel;Pleno dia;Ceu Claro;Caminhao;Lesoes Leves;6;4;5;1;1;2
Transitar na contramao;Saida de leito carrocavel;Pleno dia;Ceu Claro;Caminhao;Obito;4;4;5;1;1;2
Transitar na contramao;Saida de leito carrocavel;Pleno dia;Ceu Claro;Caminhao-trator;Ileso;29;4;5;1;1;2
Transitar na contramao;Saida de leito carrocavel;Pleno dia;Ceu Claro;Caminhao-trator;Lesoes Graves;3;4;5;1;1;2
Transitar na contramao;Saida de leito carrocavel;Pleno dia;Ceu Claro;Caminhao-trator;Lesoes Leves;7;4;5;1;1;2
Transitar na contramao;Saida de leito carrocavel;Pleno dia;Ceu Claro;Caminhao-trator;Obito;1;4;5;1;1;2
Transitar na contramao;Saida de leito carrocavel;Pleno dia;Ceu Claro;Caminhonete;Ileso;10;4;5;1;1;2
Transitar na contramao;Saida de leito carrocavel;Pleno dia;Ceu Claro;Caminhonete;Lesoes Graves;5;4;5;1;1;2
Transitar na contramao;Saida de leito carrocavel;Pleno dia;Ceu Claro;Caminhonete;Lesoes Leves;6;4;5;1;1;2
Transitar na contramao;Saida de leito carrocavel;Pleno dia;Ceu Claro;Caminhonete;Obito;7;4;5;1;1;2
Transitar na contramao;Saida de leito carrocavel;Pleno dia;Ceu Claro;Micro-onibus;Lesoes Graves;1;4;5;1;1;4
Transitar na contramao;Saida de leito carrocavel;Pleno dia;Ceu Claro;Motocicleta;Lesoes Graves;4;4;5;1;1;1
Transitar na contramao;Saida de leito carrocavel;Pleno dia;Ceu Claro;Motocicleta;Lesoes Leves;3;4;5;1;1;1
Transitar na contramao;Saida de leito carrocavel;Pleno dia;Ceu Claro;Motocicleta;Obito;10;4;5;1;1;1
Transitar na contramao;Saida de leito carrocavel;Pleno dia;Ceu Claro;Motoneta;Lesoes Leves;1;4;5;1;1;3
Transitar na contramao;Saida de leito carrocavel;Pleno dia;Ceu Claro;Nao Informado;Ileso;11;4;5;1;1;3
Transitar na contramao;Saida de leito carrocavel;Pleno dia;Ceu Claro;Nao Informado;Lesoes Graves;1;4;5;1;1;3
Transitar na contramao;Saida de leito carrocavel;Pleno dia;Ceu Claro;Nao Informado;Lesoes Leves;4;4;5;1;1;3
Transitar na contramao;Saida de leito carrocavel;Pleno dia;Ceu Claro;Onibus;Ileso;11;4;5;1;1;3
Transitar na contramao;Saida de leito carrocavel;Pleno dia;Ceu Claro;Onibus;Lesoes Graves;1;4;5;1;1;3
Transitar na contramao;Saida de leito carrocavel;Pleno dia;Ceu Claro;Onibus;Lesoes Leves;5;4;5;1;1;3
Transitar na contramao;Saida de leito carrocavel;Pleno dia;Ceu Claro;Reboque;Ileso;1;4;5;1;1;5
Transitar na contramao;Saida de leito carrocavel;Pleno dia;Ceu Claro;Utilitario;Lesoes Leves;2;4;5;1;1;3
Transitar na contramao;Saida de leito carrocavel;Pleno dia;Chuva;Automovel;Ileso;6;4;5;1;2;1
Transitar na contramao;Saida de leito carrocavel;Pleno dia;Chuva;Automovel;Lesoes Graves;7;4;5;1;2;1
Transitar na contramao;Saida de leito carrocavel;Pleno dia;Chuva;Automovel;Lesoes Leves;11;4;5;1;2;1
Transitar na contramao;Saida de leito carrocavel;Pleno dia;Chuva;Automovel;Obito;8;4;5;1;2;1
Transitar na contramao;Saida de leito carrocavel;Pleno dia;Chuva;Caminhao;Ileso;1;4;5;1;2;2
Transitar na contramao;Saida de leito carrocavel;Pleno dia;Chuva;Caminhao;Lesoes Graves;1;4;5;1;2;2
Transitar na contramao;Saida de leito carrocavel;Pleno dia;Chuva;Caminhao-trator;Ileso;6;4;5;1;2;2
Transitar na contramao;Saida de leito carrocavel;Pleno dia;Chuva;Caminhao-trator;Lesoes Leves;1;4;5;1;2;2
Transitar na contramao;Saida de leito carrocavel;Pleno dia;Chuva;Caminhonete;Lesoes Graves;1;4;5;1;2;2
Transitar na contramao;Saida de leito carrocavel;Pleno dia;Chuva;Onibus;Ileso;10;4;5;1;2;3
Transitar na contramao;Saida de leito carrocavel;Pleno dia;Chuva;Onibus;Lesoes Graves;3;4;5;1;2;3
Transitar na contramao;Saida de leito carrocavel;Pleno dia;Chuva;Onibus;Lesoes Leves;10;4;5;1;2;3
Transitar na contramao;Saida de leito carrocavel;Pleno dia;Garoa/Chuvisco;Automovel;Ileso;2;4;5;1;3;1
Transitar na contramao;Saida de leito carrocavel;Pleno dia;Garoa/Chuvisco;Automovel;Lesoes Graves;2;4;5;1;3;1
Transitar na contramao;Saida de leito carrocavel;Pleno dia;Garoa/Chuvisco;Automovel;Lesoes Leves;3;4;5;1;3;1
Transitar na contramao;Saida de leito carrocavel;Pleno dia;Garoa/Chuvisco;Automovel;Obito;1;4;5;1;3;1
Transitar na contramao;Saida de leito carrocavel;Pleno dia;Garoa/Chuvisco;Caminhao-trator;Lesoes Graves;1;4;5;1;3;2
Transitar na contramao;Saida de leito carrocavel;Pleno dia;Garoa/Chuvisco;Caminhao-trator;Obito;1;4;5;1;3;2
Transitar na contramao;Saida de leito carrocavel;Pleno dia;Nublado;Automovel;Ileso;5;4;5;1;2;1
Transitar na contramao;Saida de leito carrocavel;Pleno dia;Nublado;Automovel;Lesoes Graves;1;4;5;1;2;1
Transitar na contramao;Saida de leito carrocavel;Pleno dia;Nublado;Automovel;Lesoes Leves;9;4;5;1;2;1
Transitar na contramao;Saida de leito carrocavel;Pleno dia;Nublado;Automovel;Obito;1;4;5;1;2;1
Transitar na contramao;Saida de leito carrocavel;Pleno dia;Nublado;Caminhao;Ileso;1;4;5;1;2;2
Transitar na contramao;Saida de leito carrocavel;Pleno dia;Nublado;Caminhao;Lesoes Leves;1;4;5;1;2;2
Transitar na contramao;Saida de leito carrocavel;Pleno dia;Nublado;Caminhao-trator;Ileso;4;4;5;1;2;2
Transitar na contramao;Saida de leito carrocavel;Pleno dia;Nublado;Caminhao-trator;Lesoes Graves;1;4;5;1;2;2
Transitar na contramao;Saida de leito carrocavel;Pleno dia;Nublado;Caminhao-trator;Lesoes Leves;2;4;5;1;2;2
Transitar na contramao;Saida de leito carrocavel;Pleno dia;Nublado;Caminhonete;Ileso;2;4;5;1;2;2
Transitar na contramao;Saida de leito carrocavel;Pleno dia;Nublado;Caminhonete;Lesoes Leves;3;4;5;1;2;2
Transitar na contramao;Saida de leito carrocavel;Pleno dia;Nublado;Motoneta;Obito;1;4;5;1;2;3
Transitar na contramao;Saida de leito carrocavel;Pleno dia;Sol;Automovel;Lesoes Graves;1;4;5;1;3;1
Transitar na contramao;Saida de leito carrocavel;Pleno dia;Sol;Automovel;Lesoes Leves;14;4;5;1;3;1
Transitar na contramao;Saida de leito carrocavel;Pleno dia;Sol;Caminhao;Ileso;1;4;5;1;3;2
Transitar na contramao;Saida de leito carrocavel;Pleno dia;Sol;Caminhao-trator;Ileso;1;4;5;1;3;2
Transitar na contramao;Saida de leito carrocavel;Pleno dia;Sol;Caminhao-trator;Lesoes Leves;1;4;5;1;3;2
Transitar na contramao;Saida de leito carrocavel;Pleno dia;Sol;Caminhonete;Lesoes Graves;1;4;5;1;3;2
Transitar na contramao;Saida de leito carrocavel;Pleno dia;Sol;Caminhonete;Lesoes Leves;1;4;5;1;3;2
Transitar na contramao;Saida de leito carrocavel;Pleno dia;Sol;Motocicleta;Lesoes Leves;1;4;5;1;3;1
Transitar na contramao;Saida de leito carrocavel;Pleno dia;Sol;Nao Informado;Lesoes Graves;3;4;5;1;3;3
Transitar na contramao;Saida de leito carrocavel;Pleno dia;Sol;Utilitario;Lesoes Graves;1;4;5;1;3;3
Transitar na contramao;Saida de leito carrocavel;Pleno dia;Sol;Utilitario;Lesoes Leves;3;4;5;1;3;3
Transitar na contramao;Tombamento;Amanhecer;Ceu Claro;Automovel;Ileso;7;4;5;4;1;1
Transitar na contramao;Tombamento;Amanhecer;Ceu Claro;Automovel;Obito;1;4;5;4;1;1
Transitar na contramao;Tombamento;Amanhecer;Ceu Claro;Caminhao;Ileso;3;4;5;4;1;2
Transitar na contramao;Tombamento;Amanhecer;Ceu Claro;Caminhao;Lesoes Graves;1;4;5;4;1;2
Transitar na contramao;Tombamento;Amanhecer;Ceu Claro;Caminhao-trator;Ileso;2;4;5;4;1;2
Transitar na contramao;Tombamento;Amanhecer;Ceu Claro;Caminhao-trator;Lesoes Graves;2;4;5;4;1;2
Transitar na contramao;Tombamento;Amanhecer;Ceu Claro;Caminhao-trator;Lesoes Leves;1;4;5;4;1;2
Transitar na contramao;Tombamento;Amanhecer;Ceu Claro;Caminhao-trator;Obito;2;4;5;4;1;2
Transitar na contramao;Tombamento;Amanhecer;Ceu Claro;Caminhonete;Ileso;2;4;5;4;1;2
Transitar na contramao;Tombamento;Amanhecer;Ceu Claro;Caminhonete;Lesoes Leves;2;4;5;4;1;2
Transitar na contramao;Tombamento;Amanhecer;Ceu Claro;Ciclomotor;Lesoes Leves;1;4;5;4;1;4
Transitar na contramao;Tombamento;Amanhecer;Ceu Claro;Motocicleta;Ileso;1;4;5;4;1;1
Transitar na contramao;Tombamento;Amanhecer;Ceu Claro;Motocicleta;Lesoes Leves;2;4;5;4;1;1
Transitar na contramao;Tombamento;Amanhecer;Ceu Claro;Motocicleta;Obito;3;4;5;4;1;1
Transitar na contramao;Tombamento;Amanhecer;Ceu Claro;Onibus;Ileso;1;4;5;4;1;3
Transitar na contramao;Tombamento;Amanhecer;Ceu Claro;Onibus;Lesoes Graves;18;4;5;4;1;3
Transitar na contramao;Tombamento;Amanhecer;Ceu Claro;Onibus;Lesoes Leves;22;4;5;4;1;3
Transitar na contramao;Tombamento;Amanhecer;Ceu Claro;Onibus;Obito;6;4;5;4;1;3
Transitar na contramao;Tombamento;Amanhecer;Garoa/Chuvisco;Motocicleta;Lesoes Leves;1;4;5;4;3;1
Transitar na contramao;Tombamento;Amanhecer;Garoa/Chuvisco;Motoneta;Lesoes Leves;1;4;5;4;3;3
Transitar na contramao;Tombamento;Amanhecer;Nevoeiro/Neblina;Automovel;Ileso;1;4;5;4;4;1
Transitar na contramao;Tombamento;Amanhecer;Nevoeiro/Neblina;Motocicleta;Lesoes Graves;1;4;5;4;4;1
Transitar na contramao;Tombamento;Amanhecer;Nublado;Automovel;Ileso;3;4;5;4;2;1
Transitar na contramao;Tombamento;Amanhecer;Nublado;Caminhao;Ileso;1;4;5;4;2;2
Transitar na contramao;Tombamento;Amanhecer;Nublado;Caminhao;Lesoes Leves;1;4;5;4;2;2
Transitar na contramao;Tombamento;Amanhecer;Nublado;Motocicleta;Obito;1;4;5;4;2;1
Transitar na contramao;Tombamento;Anoitecer;Ceu Claro;Automovel;Lesoes Graves;2;4;5;4;1;1
Transitar na contramao;Tombamento;Anoitecer;Ceu Claro;Automovel;Lesoes Leves;2;4;5;4;1;1
Transitar na contramao;Tombamento;Anoitecer;Ceu Claro;Caminhao-trator;Lesoes Leves;1;4;5;4;1;2
Transitar na contramao;Tombamento;Anoitecer;Ceu Claro;Caminhonete;Ileso;1;4;5;4;1;2
Transitar na contramao;Tombamento;Anoitecer;Ceu Claro;Motocicleta;Lesoes Graves;4;4;5;4;1;1
Transitar na contramao;Tombamento;Anoitecer;Ceu Claro;Motoneta;Obito;2;4;5;4;1;3
Transitar na contramao;Tombamento;Anoitecer;Chuva;Caminhao-trator;Lesoes Leves;1;4;5;4;2;2
Transitar na contramao;Tombamento;Anoitecer;Chuva;Caminhonete;Ileso;2;4;5;4;2;2
Transitar na contramao;Tombamento;Anoitecer;Chuva;Micro-onibus;Lesoes Graves;6;4;5;4;2;4
Transitar na contramao;Tombamento;Anoitecer;Chuva;Micro-onibus;Lesoes Leves;3;4;5;4;2;4
Transitar na contramao;Tombamento;Anoitecer;Chuva;Micro-onibus;Obito;3;4;5;4;2;4
Transitar na contramao;Tombamento;Anoitecer;Chuva;Motocicleta;Obito;1;4;5;4;2;1
Transitar na contramao;Tombamento;Anoitecer;Garoa/Chuvisco;Caminhao-trator;Ileso;1;4;5;4;3;2
Transitar na contramao;Tombamento;Anoitecer;Garoa/Chuvisco;Motocicleta;Obito;1;4;5;4;3;1
Transitar na contramao;Tombamento;Anoitecer;Nublado;Motocicleta;Obito;2;4;5;4;2;1
Transitar na contramao;Tombamento;Plena Noite;Ceu Claro;Automovel;Ileso;37;4;5;2;1;1