causa_acidente;tipo_acidente;fase_dia;condicao_metereologica;tipo_veiculo;estado_fisico;count;causa_acidente_criterios;tipo_acidente_criterios;fase_dia_criterios;condicao_metereologica_criterios;tipo_veiculo_criterios
Transitar na contramao;Tombamento;Plena Noite;Ceu Claro;Automovel;Lesoes Graves;5;4;5;2;1;1
Transitar na contramao;Tombamento;Plena Noite;Ceu Claro;Automovel;Lesoes Leves;4;4;5;2;1;1
Transitar na contramao;Tombamento;Plena Noite;Ceu Claro;Automovel;Obito;3;4;5;2;1;1
Transitar na contramao;Tombamento;Plena Noite;Ceu Claro;Bicicleta;Lesoes Graves;2;4;5;2;1;3
Transitar na contramao;Tombamento;Plena Noite;Ceu Claro;Bicicleta;Lesoes Leves;3;4;5;2;1;3
Transitar na contramao;Tombamento;Plena Noite;Ceu Claro;Bicicleta;Obito;2;4;5;2;1;3
Transitar na contramao;Tombamento;Plena Noite;Ceu Claro;Caminhao;Ileso;1;4;5;2;1;2
Transitar na contramao;Tombamento;Plena Noite;Ceu Claro;Caminhao;Obito;3;4;5;2;1;2
Transitar na contramao;Tombamento;Plena Noite;Ceu Claro;Caminhao-trator;Ileso;4;4;5;2;1;2
Transitar na contramao;Tombamento;Plena Noite;Ceu Claro;Caminhao-trator;Lesoes Leves;2;4;5;2;1;2
Transitar na contramao;Tombamento;Plena Noite;Ceu Claro;Caminhonete;Ileso;6;4;5;2;1;2
Transitar na contramao;Tombamento;Plena Noite;Ceu Claro;Caminhonete;Lesoes Graves;3;4;5;2;1;2
Transitar na contramao;Tombamento;Plena Noite;Ceu Claro;Caminhonete;Lesoes Leves;1;4;5;2;1;2
Transitar na contramao;Tombamento;Plena Noite;Ceu Claro;Caminhonete;Obito;6;4;5;2;1;2
Transitar na contramao;Tombamento;Plena Noite;Ceu Claro;Motocicleta;Ileso;1;4;5;2;1;1
Transitar na contramao;Tombamento;Plena Noite;Ceu Claro;Motocicleta;Lesoes Graves;25;4;5;2;1;1
Transitar na contramao;Tombamento;Plena Noite;Ceu Claro;Motocicleta;Lesoes Leves;17;4;5;2;1;1
Transitar na contramao;Tombamento;Plena Noite;Ceu Claro;Motocicleta;Obito;16;4;5;2;1;1
Transitar na contramao;Tombamento;Plena Noite;Ceu Claro;Motoneta;Lesoes Graves;1;4;5;2;1;3
Transitar na contramao;Tombamento;Plena Noite;Ceu Claro;Motoneta;Lesoes Leves;5;4;5;2;1;3
Transitar na contramao;Tombamento;Plena Noite;Ceu Claro;Motoneta;Obito;1;4;5;2;1;3
Transitar na contramao;Tombamento;Plena Noite;Ceu Claro;Nao Informado;Ileso;1;4;5;2;1;3
Transitar na contramao;Tombamento;Plena Noite;Ceu Claro;Nao Informado;Lesoes Graves;2;4;5;2;1;3
Transitar na contramao;Tombamento;Plena Noite;Ceu Claro;Nao Informado;Lesoes Leves;5;4;5;2;1;3
Transitar na contramao;Tombamento;Plena Noite;Ceu Claro;Onibus;Ileso;1;4;5;2;1;3
Transitar na contramao;Tombamento;Plena Noite;Ceu Claro;Onibus;Lesoes Graves;9;4;5;2;1;3
Transitar na contramao;Tombamento;Plena Noite;Ceu Claro;Onibus;Obito;20;4;5;2;1;3
Transitar na contramao;Tombamento;Plena Noite;Ceu Claro;Utilitario;Ileso;1;4;5;2;1;3
Transitar na contramao;Tombamento;Plena Noite;Chuva;Automovel;Ileso;1;4;5;2;2;1
Transitar na contramao;Tombamento;Plena Noite;Chuva;Automovel;Lesoes Graves;1;4;5;2;2;1
Transitar na contramao;Tombamento;Plena Noite;Chuva;Automovel;Lesoes Leves;1;4;5;2;2;1
Transitar na contramao;Tombamento;Plena Noite;Chuva;Motocicleta;Lesoes Leves;1;4;5;2;2;1
Transitar na contramao;Tombamento;Plena Noite;Chuva;Motocicleta;Obito;1;4;5;2;2;1
Transitar na contramao;Tombamento;Plena Noite;Chuva;Utilitario;Ileso;4;4;5;2;2;3
Transitar na contramao;Tombamento;Plena Noite;Chuva;Utilitario;Lesoes Leves;1;4;5;2;2;3
Transitar na contramao;Tombamento;Plena Noite;Garoa/Chuvisco;Caminhao;Lesoes Graves;2;4;5;2;3;2
Transitar na contramao;Tombamento;Plena Noite;Garoa/Chuvisco;Caminhao;Lesoes Leves;1;4;5;2;3;2
Transitar na contramao;Tombamento;Plena Noite;Garoa/Chuvisco;Caminhao-trator;Lesoes Leves;1;4;5;2;3;2
Transitar na contramao;Tombamento;Plena Noite;Garoa/Chuvisco;Caminhonete;Obito;1;4;5;2;3;2
Transitar na contramao;Tombamento;Plena Noite;Garoa/Chuvisco;Micro-onibus;Lesoes Leves;1;4;5;2;3;4
Transitar na contramao;Tombamento;Plena Noite;Garoa/Chuvisco;Motocicleta;Lesoes Graves;1;4;5;2;3;1
Transitar na contramao;Tombamento;Plena Noite;Garoa/Chuvisco;Motocicleta;Obito;1;4;5;2;3;1
Transitar na contramao;Tombamento;Plena Noite;Ignorado;Caminhao-trator;Ileso;1;4;5;2;0;2
Transitar na contramao;Tombamento;Plena Noite;Ignorado;Motocicleta;Lesoes Graves;2;4;5;2;0;1
Transitar na contramao;Tombamento;Plena Noite;Ignorado;Motocicleta;Obito;1;4;5;2;0;1
Transitar na contramao;Tombamento;Plena Noite;Nublado;Automovel;Ileso;7;4;5;2;2;1
Transitar na contramao;Tombamento;Plena Noite;Nublado;Automovel;Obito;1;4;5;2;2;1
Transitar na contramao;Tombamento;Plena Noite;Nublado;Bicicleta;Ileso;1;4;5;2;2;3
Transitar na contramao;Tombamento;Plena Noite;Nublado;Bicicleta;Lesoes Leves;2;4;5;2;2;3
Transitar na contramao;Tombamento;Plena Noite;Nublado;Caminhao;Lesoes Graves;1;4;5;2;2;2
Transitar na contramao;Tombamento;Plena Noite;Nublado;Caminhao;Lesoes Leves;2;4;5;2;2;2
Transitar na contramao;Tombamento;Plena Noite;Nublado;Caminhao-trator;Ileso;2;4;5;2;2;2
Transitar na contramao;Tombamento;Plena Noite;Nublado;Caminhao-trator;Lesoes Leves;1;4;5;2;2;2
Transitar na contramao;Tombamento;Plena Noite;Nublado;Caminhonete;Lesoes Graves;1;4;5;2;2;2
Transitar na contramao;Tombamento;Plena Noite;Nublado;Motocicleta;Lesoes Graves;4;4;5;2;2;1
Transitar na contramao;Tombamento;Plena Noite;Nublado;Motocicleta;Lesoes Leves;1;4;5;2;2;1
Transitar na contramao;Tombamento;Plena Noite;Nublado;Motocicleta;Obito;4;4;5;2;2;1
Transitar na contramao;Tombamento;Plena Noite;Nublado;Motoneta;Lesoes Graves;1;4;5;2;2;3
Transitar na contramao;Tombamento;Plena Noite;Nublado;Motoneta;Lesoes Leves;2;4;5;2;2;3
Transitar na contramao;Tombamento;Plena Noite;Nublado;Nao Informado;Ileso;2;4;5;2;2;3
Transitar na contramao;Tombamento;Plena Noite;Nublado;Utilitario;Ileso;1;4;5;2;2;3
Transitar na contramao;Tombamento;Plena Noite;Nublado;Utilitario;Obito;1;4;5;2;2;3
Transitar na contramao;Tombamento;Pleno dia;Ceu Claro;Automovel;Ileso;25;4;5;1;1;1
Transitar na contramao;Tombamento;Pleno dia;Ceu Claro;Automovel;Lesoes Graves;14;4;5;1;1;1
Transitar na contramao;Tombamento;Pleno dia;Ceu Claro;Automovel;Lesoes Leves;9;4;5;1;1;1
Transitar na contramao;Tombamento;Pleno dia;Ceu Claro;Automovel;Obito;8;4;5;1;1;1
Transitar na contramao;Tombamento;Pleno dia;Ceu Claro;Bicicleta;Lesoes Leves;2;4;5;1;1;3
Transitar na contramao;Tombamento;Pleno dia;Ceu Claro;Caminhao;Ileso;7;4;5;1;1;2
Transitar na contramao;Tombamento;Pleno dia;Ceu Claro;Caminhao;Lesoes Leves;2;4;5;1;1;2
Transitar na contramao;Tombamento;Pleno dia;Ceu Claro;Caminhao-trator;Ileso;12;4;5;1;1;2
Transitar na contramao;Tombamento;Pleno dia;Ceu Claro;Caminhao-trator;Lesoes Graves;1;4;5;1;1;2
Transitar na contramao;Tombamento;Pleno dia;Ceu Claro;Caminhao-trator;Lesoes Leves;6;4;5;1;1;2
Transitar na contramao;Tombamento;Pleno dia;Ceu Claro;Caminhonete;Ileso;8;4;5;1;1;2
Transitar na contramao;Tombamento;Pleno dia;Ceu Claro;Caminhonete;Lesoes Leves;1;4;5;1;1;2
Transitar na contramao;Tombamento;Pleno dia;Ceu Claro;Ciclomotor;Lesoes Leves;1;4;5;1;1;4
Transitar na contramao;Tombamento;Pleno dia;Ceu Claro;Motocicleta;Lesoes Graves;16;4;5;1;1;1
Transitar na contramao;Tombamento;Pleno dia;Ceu Claro;Motocicleta;Lesoes Leves;16;4;5;1;1;1
Transitar na contramao;Tombamento;Pleno dia;Ceu Claro;Motocicleta;Obito;12;4;5;1;1;1
Transitar na contramao;Tombamento;Pleno dia;Ceu Claro;Motoneta;Lesoes Leves;1;4;5;1;1;3
Transitar na contramao;Tombamento;Pleno dia;Ceu Claro;Nao se aplica;Lesoes Graves;1;4;5;1;1;3
Transitar na contramao;Tombamento;Pleno dia;Ceu Claro;Onibus;Ileso;3;4;5;1;1;3
Transitar na contramao;Tombamento;Pleno dia;Chuva;Caminhao;Ileso;3;4;5;1;2;2
Transitar na contramao;Tombamento;Pleno dia;Chuva;Caminhao;Lesoes Graves;2;4;5;1;2;2
Transitar na contramao;Tombamento;Pleno dia;Chuva;Caminhao;Lesoes Leves;1;4;5;1;2;2
Transitar na contramao;Tombamento;Pleno dia;Chuva;Caminhao-trator;Ileso;3;4;5;1;2;2
Transitar na contramao;Tombamento;Pleno dia;Chuva;Caminhonete;Lesoes Leves;2;4;5;1;2;2
Transitar na contramao;Tombamento;Pleno dia;Chuva;Motocicleta;Lesoes Leves;1;4;5;1;2;1
Transitar na contramao;Tombamento;Pleno dia;Chuva;Onibus;Ileso;9;4;5;1;2;3
Transitar na contramao;Tombamento;Pleno dia;Chuva;Onibus;Lesoes Graves;3;4;5;1;2;3
Transitar na contramao;Tombamento;Pleno dia;Chuva;Onibus;Lesoes Leves;8;4;5;1;2;3
Transitar na contramao;Tombamento;Pleno dia;Garoa/Chuvisco;Caminhao-trator;Lesoes Graves;1;4;5;1;3;2
Transitar na contramao;Tombamento;Pleno dia;Garoa/Chuvisco;Caminhao-trator;Obito;1;4;5;1;3;2
Transitar na contramao;Tombamento;Pleno dia;Nublado;Automovel;Ileso;6;4;5;1;2;1
Transitar na contramao;Tombamento;Pleno dia;Nublado;Automovel;Lesoes Leves;3;4;5;1;2;1
Transitar na contramao;Tombamento;Pleno dia;Nublado;Bicicleta;Lesoes Leves;1;4;5;1;2;3
Transitar na contramao;Tombamento;Pleno dia;Nublado;Caminhao;Ileso;1;4;5;1;2;2
Transitar na contramao;Tombamento;Pleno dia;Nublado;Caminhao;Lesoes Leves;1;4;5;1;2;2
Transitar na contramao;Tombamento;Pleno dia;Nublado;Caminhao-trator;Ileso;3;4;5;1;2;2
Transitar na contramao;Tombamento;Pleno dia;Nublado;Caminhao-trator;Lesoes Graves;1;4;5;1;2;2
Transitar na contramao;Tombamento;Pleno dia;Nublado;Caminhao-trator;Lesoes Leves;1;4;5;1;2;2
Transitar na contramao;Tombamento;Pleno dia;Nublado;Caminhonete;Ileso;2;4;5;1;2;2
Transitar na contramao;Tombamento;Pleno dia;Nublado;Caminhonete;Lesoes Leves;5;4;5;1;2;2
Transitar na contramao;Tombamento;Pleno dia;Nublado;Motocicleta;Ileso;1;4;5;1;2;1
Transitar na contramao;Tombamento;Pleno dia;Nublado;Motocicleta;Lesoes Graves;1;4;5;1;2;1
Transitar na contramao;Tombamento;Pleno dia;Nublado;Motocicleta;Lesoes Leves;7;4;5;1;2;1
Transitar na contramao;Tombamento;Pleno dia;Nublado;Motocicleta;Obito;2;4;5;1;2;1
Transitar na contramao;Tombamento;Pleno dia;Nublado;Motoneta;Lesoes Graves;1;4;5;1;2;3
Transitar na contramao;Tombamento;Pleno dia;Nublado;Motoneta;Lesoes Leves;1;4;5;1;2;3
Transitar na contramao;Tombamento;Pleno dia;Nublado;Motoneta;Obito;1;4;5;1;2;3
Transitar na contramao;Tombamento;Pleno dia;Nublado;Nao Informado;Ileso;3;4;5;1;2;3
Transitar na contramao;Tombamento;Pleno dia;Sol;Automovel;Ileso;4;4;5;1;3;1
Transitar na contramao;Tombamento;Pleno dia;Sol;Caminhao;Ileso;2;4;5;1;3;2
Transitar na contramao;Tombamento;Pleno dia;Sol;Caminhao-trator;Ileso;1;4;5;1;3;2
Transitar na contramao;Tombamento;Pleno dia;Sol;Caminhao-trator;Lesoes Leves;1;4;5;1;3;2
Transitar na contramao;Tombamento;Pleno dia;Sol;Caminhonete;Ileso;2;4;5;1;3;2
Transitar na contramao;Tombamento;Pleno dia;Sol;Caminhonete;Obito;2;4;5;1;3;2
Transitar na contramao;Tombamento;Pleno dia;Sol;Motocicleta;Lesoes Graves;2;4;5;1;3;1
Transitar na contramao;Tombamento;Pleno dia;Sol;Motocicleta;Lesoes Leves;2;4;5;1;3;1
Transitar na contramao;Tombamento;Pleno dia;Sol;Motocicleta;Obito;1;4;5;1;3;1
Transitar no Acostamento;Atropelamento de Pedestre;Amanhecer;Ceu Claro;Nao se aplica;Lesoes Graves;1;2;4;4;1;3
Transitar no Acostamento;Atropelamento de Pedestre;Amanhecer;Chuva;Caminhao-trator;Ileso;1;2;4;4;2;2
Transitar no Acostamento;Atropelamento de Pedestre;Amanhecer;Chuva;Nao se aplica;Obito;2;2;4;4;2;3
Transitar no Acostamento;Atropelamento de Pedestre;Amanhecer;Garoa/Chuvisco;Nao se aplica;Lesoes Leves;1;2;4;4;3;3
Transitar no Acostamento;Atropelamento de Pedestre;Amanhecer;Nublado;Caminhao;Ileso;2;2;4;4;2;2
Transitar no Acostamento;Atropelamento de Pedestre;Amanhecer;Nublado;Caminhao;Lesoes Leves;1;2;4;4;2;2
Transitar no Acostamento;Atropelamento de Pedestre;Amanhecer;Nublado;Nao se aplica;Lesoes Leves;1;2;4;4;2;3
Transitar no Acostamento;Atropelamento de Pedestre;Anoitecer;Ceu Claro;Automovel;Ileso;1;2;4;4;1;1
Transitar no Acostamento;Atropelamento de Pedestre;Anoitecer;Ceu Claro;Nao se aplica;Lesoes Leves;1;2;4;4;1;3
Transitar no Acostamento;Atropelamento de Pedestre;Anoitecer;Nublado;Motoneta;Obito;1;2;4;4;2;3
Transitar no Acostamento;Atropelamento de Pedestre;Plena Noite;Ceu Claro;Automovel;Ileso;3;2;4;2;1;1
Transitar no Acostamento;Atropelamento de Pedestre;Plena Noite;Ceu Claro;Bicicleta;Lesoes Leves;1;2;4;2;1;3
Transitar no Acostamento;Atropelamento de Pedestre;Plena Noite;Ceu Claro;Motocicleta;Lesoes Graves;1;2;4;2;1;1
Transitar no Acostamento;Atropelamento de Pedestre;Plena Noite;Ceu Claro;Motocicleta;Lesoes Leves;1;2;4;2;1;1
Transitar no Acostamento;Atropelamento de Pedestre;Plena Noite;Ceu Claro;Nao se aplica;Lesoes Graves;4;2;4;2;1;3
Transitar no Acostamento;Atropelamento de Pedestre;Plena Noite;Ceu Claro;Nao se aplica;Lesoes Leves;8;2;4;2;1;3
Transitar no Acostamento;Atropelamento de Pedestre;Plena Noite;Ceu Claro;Nao se aplica;Obito;1;2;4;2;1;3
Transitar no Acostamento;Atropelamento de Pedestre;Plena Noite;Chuva;Caminhao;Ileso;1;2;4;2;2;2
Transitar no Acostamento;Atropelamento de Pedestre;Plena Noite;Chuva;Motocicleta;Lesoes Leves;1;2;4;2;2;1
Transitar no Acostamento;Atropelamento de Pedestre;Plena Noite;Chuva;Nao se aplica;Lesoes Leves;1;2;4;2;2;3
Transitar no Acostamento;Atropelamento de Pedestre;Plena Noite;Chuva;Nao se aplica;Obito;1;2;4;2;2;3
Transitar no Acostamento;Atropelamento de Pedestre;Plena Noite;Ignorado;Nao se aplica;Obito;1;2;4;2;0;3
Transitar no Acostamento;Atropelamento de Pedestre;Plena Noite;Nublado;Nao se aplica;Lesoes Leves;1;2;4;2;2;3
Transitar no Acostamento;Atropelamento de Pedestre;Plena Noite;Nublado;Nao se aplica;Obito;1;2;4;2;2;3
Transitar no Acostamento;Atropelamento de Pedestre;Pleno dia;Ceu Claro;Automovel;Ileso;2;2;4;1;1;1
Transitar no Acostamento;Atropelamento de Pedestre;Pleno dia;Ceu Claro;Caminhao;Ileso;1;2;4;1;1;2
Transitar no Acostamento;Atropelamento de Pedestre;Pleno dia;Ceu Claro;Caminhao-trator;Ileso;2;2;4;1;1;2
Transitar no Acostamento;Atropelamento de Pedestre;Pleno dia;Ceu Claro;Motocicleta;Ileso;1;2;4;1;1;1
Transitar no Acostamento;Atropelamento de Pedestre;Pleno dia;Ceu Claro;Motocicleta;Lesoes Graves;1;2;4;1;1;1
Transitar no Acostamento;Atropelamento de Pedestre;Pleno dia;Ceu Claro;Motocicleta;Lesoes Leves;3;2;4;1;1;1
Transitar no Acostamento;Atropelamento de Pedestre;Pleno dia;Ceu Claro;Motocicleta;Obito;2;2;4;1;1;1
Transitar no Acostamento;Atropelamento de Pedestre;Pleno dia;Ceu Claro;Nao se aplica;Lesoes Graves;7;2;4;1;1;3
Transitar no Acostamento;Atropelamento de Pedestre;Pleno dia;Ceu Claro;Nao se aplica;Lesoes Leves;3;2;4;1;1;3
Transitar no Acostamento;Atropelamento de Pedestre;Pleno dia;Ceu Claro;Nao se aplica;Obito;2;2;4;1;1;3
Transitar no Acostamento;Atropelamento de Pedestre;Pleno dia;Chuva;Automovel;Ileso;1;2;4;1;2;1
Transitar no Acostamento;Atropelamento de Pedestre;Pleno dia;Chuva;Nao se aplica;Lesoes Graves;2;2;4;1;2;3
Transitar no Acostamento;Atropelamento de Pedestre;Pleno dia;Chuva;Nao se aplica;Lesoes Leves;1;2;4;1;2;3
Transitar no Acostamento;Capotamento;Amanhecer;Ceu Claro;Nao Informado;Ileso;1;2;5;4;1;3
Transitar no Acostamento;Capotamento;Amanhecer;Ceu Claro;Nao Informado;Lesoes Leves;5;2;5;4;1;3
Transitar no Acostamento;Capotamento;Plena Noite;Ceu Claro;Automovel;Ileso;2;2;5;2;1;1
Transitar no Acostamento;Capotamento;Plena Noite;Ceu Claro;Automovel;Lesoes Graves;1;2;5;2;1;1
Transitar no Acostamento;Capotamento;Plena Noite;Nublado;Automovel;Lesoes Leves;1;2;5;2;2;1
Transitar no Acostamento;Capotamento;Pleno dia;Ceu Claro;Automovel;Ileso;1;2;5;1;1;1
Transitar no Acostamento;Capotamento;Pleno dia;Ceu Claro;Automovel;Lesoes Leves;5;2;5;1;1;1
Transitar no Acostamento;Capotamento;Pleno dia;Ceu Claro;Caminhao;Ileso;1;2;5;1;1;2
Transitar no Acostamento;Capotamento;Pleno dia;Ceu Claro;Trator de rodas;Obito;1;2;5;1;1;5
Transitar no Acostamento;Capotamento;Pleno dia;Nublado;Automovel;Ileso;5;2;5;1;2;1
Transitar no Acostamento;Capotamento;Pleno dia;Nublado;Automovel;Lesoes Graves;2;2;5;1;2;1
Transitar no Acostamento;Capotamento;Pleno dia;Nublado;Automovel;Lesoes Leves;4;2;5;1;2;1
Transitar no Acostamento;Capotamento;Pleno dia;Nublado;Automovel;Obito;1;2;5;1;2;1
Transitar no Acostamento;Capotamento;Pleno dia;Nublado;Caminhonete;Ileso;3;2;5;1;2;2
Transitar no Acostamento;Colisao com objeto;Amanhecer;Ceu Claro;Nao Informado;Ileso;1;2;5;4;1;3
Transitar no Acostamento;Colisao com objeto;Amanhecer;Ceu Claro;Nao Informado;Lesoes Leves;5;2;5;4;1;3
Transitar no Acostamento;Colisao com objeto;Plena Noite;Ceu Claro;Automovel;Ileso;2;2;5;2;1;1
Transitar no Acostamento;Colisao com objeto;Plena Noite;Ceu Claro;Automovel;Lesoes Graves;1;2;5;2;1;1
Transitar no Acostamento;Colisao com objeto;Plena Noite;Ceu Claro;Motocicleta;Obito;1;2;5;2;1;1
Transitar no Acostamento;Colisao com objeto;Plena Noite;Nublado;Automovel;Lesoes Graves;1;2;5;2;2;1
Transitar no Acostamento;Colisao com objeto;Plena Noite;Nublado;Automovel;Lesoes Leves;4;2;5;2;2;1
Transitar no Acostamento;Colisao com objeto;Plena Noite;Nublado;Motocicleta;Lesoes Graves;1;2;5;2;2;1
Transitar no Acostamento;Colisao com objeto;Plena Noite;Nublado;Trator de rodas;Ileso;1;2;5;2;2;5
Transitar no Acostamento;Colisao com objeto;Pleno dia;Ceu Claro;Automovel;Ileso;1;2;5;1;1;1
Transitar no Acostamento;Colisao com objeto;Pleno dia;Ceu Claro;Automovel;Lesoes Graves;1;2;5;1;1;1
Transitar no Acostamento;Colisao com objeto;Pleno dia;Ceu Claro;Automovel;Lesoes Leves;4;2;5;1;1;1
Transitar no Acostamento;Colisao com objeto;Pleno dia;Ceu Claro;Caminhao-trator;Ileso;1;2;5;1;1;2
Transitar no Acostamento;Colisao com objeto;Pleno dia;Ceu Claro;Caminhao-trator;Lesoes Leves;1;2;5;1;1;2
Transitar no Acostamento;Colisao com objeto;Pleno dia;Ceu Claro;Caminhonete;Lesoes Leves;1;2;5;1;1;2
Transitar no Acostamento;Colisao com objeto;Pleno dia;Ceu Claro;Onibus;Ileso;1;2;5;1;1;3
Transitar no Acostamento;Colisao com objeto;Pleno dia;Chuva;Automovel;Ileso;1;2;5;1;2;1
Transitar no Acostamento;Colisao com objeto;Pleno dia;Chuva;Motocicleta;Lesoes Leves;1;2;5;1;2;1
Transitar no Acostamento;Colisao com objeto;Pleno dia;Nublado;Automovel;Lesoes Leves;1;2;5;1;2;1
Transitar no Acostamento;Colisao com objeto;Pleno dia;Nublado;Caminhao-trator;Ileso;1;2;5;1;2;2
Transitar no Acostamento;Colisao frontal;Amanhecer;Nevoeiro/Neblina;Automovel;Ileso;1;2;5;4;4;1
Transitar no Acostamento;Colisao frontal;Amanhecer;Nevoeiro/Neblina;Motocicleta;Lesoes Graves;1;2;5;4;4;1
Transitar no Acostamento;Colisao frontal;Anoitecer;Nublado;Caminhao;Ileso;1;2;5;4;2;2
Transitar no Acostamento;Colisao frontal;Anoitecer;Nublado;Nao Informado;Lesoes Graves;1;2;5;4;2;3
Transitar no Acostamento;Colisao frontal;Plena Noite;Ceu Claro;Automovel;Ileso;2;2;5;2;1;1
Transitar no Acostamento;Colisao frontal;Plena Noite;Ceu Claro;Automovel;Lesoes Leves;4;2;5;2;1;1
Transitar no Acostamento;Colisao frontal;Plena Noite;Ceu Claro;Bicicleta;Lesoes Graves;4;2;5;2;1;3
Transitar no Acostamento;Colisao frontal;Plena Noite;Ceu Claro;Bicicleta;Lesoes Leves;8;2;5;2;1;3
Transitar no Acostamento;Colisao frontal;Plena Noite;Ceu Claro;Bicicleta;Obito;2;2;5;2;1;3
Transitar no Acostamento;Colisao frontal;Plena Noite;Ceu Claro;Motocicleta;Lesoes Graves;3;2;5;2;1;1
Transitar no Acostamento;Colisao frontal;Plena Noite;Ceu Claro;Motocicleta;Lesoes Leves;3;2;5;2;1;1
Transitar no Acostamento;Colisao frontal;Plena Noite;Ceu Claro;Motocicleta;Obito;1;2;5;2;1;1
Transitar no Acostamento;Colisao frontal;Plena Noite;Ceu Claro;Motoneta;Ileso;1;2;5;2;1;3
Transitar no Acostamento;Colisao frontal;Plena Noite;Chuva;Automovel;Lesoes Leves;1;2;5;2;2;1
Transitar no Acostamento;Colisao frontal;Plena Noite;Chuva;Motocicleta;Obito;1;2;5;2;2;1
Transitar no Acostamento;Colisao frontal;Plena Noite;Garoa/Chuvisco;Automovel;Ileso;2;2;5;2;3;1
Transitar no Acostamento;Colisao frontal;Plena Noite;Garoa/Chuvisco;Motocicleta;Ileso;1;2;5;2;3;1
Transitar no Acostamento;Colisao frontal;Plena Noite;Nublado;Bicicleta;Lesoes Graves;1;2;5;2;2;3
Transitar no Acostamento;Colisao frontal;Plena Noite;Nublado;Bicicleta;Lesoes Leves;1;2;5;2;2;3
Transitar no Acostamento;Colisao frontal;Plena Noite;Nublado;Motocicleta;Lesoes Graves;2;2;5;2;2;1
Transitar no Acostamento;Colisao frontal;Pleno dia;Ceu Claro;Automovel;Ileso;1;2;5;1;1;1
Transitar no Acostamento;Colisao frontal;Pleno dia;Ceu Claro;Motocicleta;Lesoes Leves;1;2;5;1;1;1
Transitar no Acostamento;Colisao frontal;Pleno dia;Chuva;Bicicleta;Obito;1;2;5;1;2;3
Transitar no Acostamento;Colisao frontal;Pleno dia;Chuva;Caminhonete;Ileso;1;2;5;1;2;2
Transitar no Acostamento;Colisao frontal;Pleno dia;Nublado;Automovel;Ileso;5;2;5;1;2;1
Transitar no Acostamento;Colisao frontal;Pleno dia;Nublado;Automovel;Lesoes Leves;1;2;5;1;2;1
Transitar no Acostamento;Colisao frontal;Pleno dia;Nublado;Bicicleta;Lesoes Leves;1;2;5;1;2;3
Transitar no Acostamento;Colisao frontal;Pleno dia;Nublado;Caminhao-trator;Ileso;1;2;5;1;2;2
Transitar no Acostamento;Colisao frontal;Pleno dia;Nublado;Motocicleta;Lesoes Leves;2;2;5;1;2;1
Transitar no Acostamento;Colisao frontal;Pleno dia;Sol;Automovel;Lesoes Leves;2;2;5;1;3;1
Transitar no Acostamento;Colisao frontal;Pleno dia;Sol;Caminhao-trator;Ileso;1;2;5;1;3;2
Transitar no Acostamento;Colisao frontal;Pleno dia;Sol;Caminhonete;Ileso;1;2;5;1;3;2
Transitar no Acostamento;Colisao frontal;Pleno dia;Sol;Caminhonete;Obito;2;2;5;1;3;2
Transitar no Acostamento;Colisao lateral mesmo sentido;Anoitecer;Ceu Claro;Automovel;Ileso;1;2;5;4;1;1
Transitar no Acostamento;Colisao lateral mesmo sentido;Anoitecer;Ceu Claro;Bicicleta;Lesoes Graves;1;2;5;4;1;3
Transitar no Acostamento;Colisao lateral mesmo sentido;Anoitecer;Ceu Claro;Caminhao;Ileso;1;2;5;4;1;2
Transitar no Acostamento;Colisao lateral mesmo sentido;Anoitecer;Ceu Claro;Caminhao-trator;Ileso;1;2;5;4;1;2
Transitar no Acostamento;Colisao lateral mesmo sentido;Anoitecer;Ceu Claro;Motocicleta;Lesoes Graves;1;2;5;4;1;1
Transitar no Acostamento;Colisao lateral mesmo sentido;Anoitecer;Ceu Claro;Motocicleta;Lesoes Leves;2;2;5;4;1;1
Transitar no Acostamento;Colisao lateral mesmo sentido;Anoitecer;Ceu Claro;Nao se aplica;Lesoes Graves;1;2;5;4;1;3
Transitar no Acostamento;Colisao lateral mesmo sentido;Anoitecer;Ceu Claro;Onibus;Ileso;3;2;5;4;1;3
Transitar no Acostamento;Colisao lateral mesmo sentido;Plena Noite;Ceu Claro;Automovel;Ileso;4;2;5;2;1;1
Transitar no Acostamento;Colisao lateral mesmo sentido;Plena Noite;Ceu Claro;Automovel;Lesoes Graves;1;2;5;2;1;1
Transitar no Acostamento;Colisao lateral mesmo sentido;Plena Noite;Ceu Claro;Automovel;Lesoes Leves;2;2;5;2;1;1
Transitar no Acostamento;Colisao lateral mesmo sentido;Plena Noite;Ceu Claro;Bicicleta;Obito;1;2;5;2;1;3
Transitar no Acostamento;Colisao lateral mesmo sentido;Plena Noite;Ceu Claro;Caminhao;Ileso;2;2;5;2;1;2
Transitar no Acostamento;Colisao lateral mesmo sentido;Plena Noite;Ceu Claro;Caminhao-trator;Ileso;3;2;5;2;1;2
Transitar no Acostamento;Colisao lateral mesmo sentido;Plena Noite;Ceu Claro;Caminhonete;Ileso;1;2;5;2;1;2
Transitar no Acostamento;Colisao lateral mesmo sentido;Plena Noite;Ceu Claro;Caminhonete;Lesoes Graves;1;2;5;2;1;2
Transitar no Acostamento;Colisao lateral mesmo sentido;Plena Noite;Ceu Claro;Motocicleta;Ileso;1;2;5;2;1;1
Transitar no Acostamento;Colisao lateral mesmo sentido;Plena Noite;Ceu Claro;Motocicleta;Lesoes Graves;1;2;5;2;1;1
Transitar no Acostamento;Colisao lateral mesmo sentido;Plena Noite;Chuva;Motocicleta;Lesoes Leves;2;2;5;2;2;1
Transitar no Acostamento;Colisao lateral mesmo sentido;Plena Noite;Nublado;Automovel;Ileso;2;2;5;2;2;1
Transitar no Acostamento;Colisao lateral mesmo sentido;Plena Noite;Nublado;Caminhao-trator;Lesoes Leves;1;2;5;2;2;2
Transitar no Acostamento;Colisao lateral mesmo sentido;Plena Noite;Nublado;Motocicleta;Lesoes Graves;1;2;5;2;2;1