causa_acidente;tipo_acidente;fase_dia;condicao_metereologica;tipo_veiculo;estado_fisico;count;causa_acidente_criterios;tipo_acidente_criterios;fase_dia_criterios;condicao_metereologica_criterios;tipo_veiculo_criterios
Transitar no Acostamento;Colisao lateral mesmo sentido;Plena Noite;Nublado;Motocicleta;Lesoes Leves;1;2;5;2;2;1
Transitar no Acostamento;Colisao lateral mesmo sentido;Plena Noite;Nublado;Nao Informado;Lesoes Leves;1;2;5;2;2;3
Transitar no Acostamento;Colisao lateral mesmo sentido;Pleno dia;Ceu Claro;Automovel;Ileso;21;2;5;1;1;1
Transitar no Acostamento;Colisao lateral mesmo sentido;Pleno dia;Ceu Claro;Automovel;Lesoes Graves;1;2;5;1;1;1
Transitar no Acostamento;Colisao lateral mesmo sentido;Pleno dia;Ceu Claro;Automovel;Lesoes Leves;4;2;5;1;1;1
Transitar no Acostamento;Colisao lateral mesmo sentido;Pleno dia;Ceu Claro;Bicicleta;Lesoes Leves;2;2;5;1;1;3
Transitar no Acostamento;Colisao lateral mesmo sentido;Pleno dia;Ceu Claro;Caminhao;Ileso;5;2;5;1;1;2
Transitar no Acostamento;Colisao lateral mesmo sentido;Pleno dia;Ceu Claro;Caminhao-trator;Ileso;4;2;5;1;1;2
Transitar no Acostamento;Colisao lateral mesmo sentido;Pleno dia;Ceu Claro;Caminhonete;Ileso;4;2;5;1;1;2
Transitar no Acostamento;Colisao lateral mesmo sentido;Pleno dia;Ceu Claro;Motocicleta;Ileso;1;2;5;1;1;1
Transitar no Acostamento;Colisao lateral mesmo sentido;Pleno dia;Ceu Claro;Motocicleta;Lesoes Graves;5;2;5;1;1;1
Transitar no Acostamento;Colisao lateral mesmo sentido;Pleno dia;Ceu Claro;Motocicleta;Lesoes Leves;11;2;5;1;1;1
Transitar no Acostamento;Colisao lateral mesmo sentido;Pleno dia;Ceu Claro;Motocicleta;Obito;1;2;5;1;1;1
Transitar no Acostamento;Colisao lateral mesmo sentido;Pleno dia;Ceu Claro;Motoneta;Lesoes Leves;2;2;5;1;1;3
Transitar no Acostamento;Colisao lateral mesmo sentido;Pleno dia;Ceu Claro;Onibus;Ileso;1;2;5;1;1;3
Transitar no Acostamento;Colisao lateral mesmo sentido;Pleno dia;Chuva;Automovel;Ileso;2;2;5;1;2;1
Transitar no Acostamento;Colisao lateral mesmo sentido;Pleno dia;Chuva;Motocicleta;Lesoes Leves;3;2;5;1;2;1
Transitar no Acostamento;Colisao lateral mesmo sentido;Pleno dia;Garoa/Chuvisco;Automovel;Ileso;1;2;5;1;3;1
Transitar no Acostamento;Colisao lateral mesmo sentido;Pleno dia;Garoa/Chuvisco;Motoneta;Lesoes Leves;1;2;5;1;3;3
Transitar no Acostamento;Colisao lateral mesmo sentido;Pleno dia;Nublado;Automovel;Ileso;9;2;5;1;2;1
Transitar no Acostamento;Colisao lateral mesmo sentido;Pleno dia;Nublado;Automovel;Lesoes Graves;2;2;5;1;2;1
Transitar no Acostamento;Colisao lateral mesmo sentido;Pleno dia;Nublado;Automovel;Lesoes Leves;8;2;5;1;2;1
Transitar no Acostamento;Colisao lateral mesmo sentido;Pleno dia;Nublado;Automovel;Obito;1;2;5;1;2;1
Transitar no Acostamento;Colisao lateral mesmo sentido;Pleno dia;Nublado;Caminhao;Ileso;1;2;5;1;2;2
Transitar no Acostamento;Colisao lateral mesmo sentido;Pleno dia;Nublado;Caminhao-trator;Ileso;3;2;5;1;2;2
Transitar no Acostamento;Colisao lateral mesmo sentido;Pleno dia;Nublado;Caminhonete;Ileso;4;2;5;1;2;2
Transitar no Acostamento;Colisao lateral mesmo sentido;Pleno dia;Nublado;Motocicleta;Ileso;1;2;5;1;2;1
Transitar no Acostamento;Colisao lateral mesmo sentido;Pleno dia;Nublado;Motocicleta;Lesoes Graves;1;2;5;1;2;1
Transitar no Acostamento;Colisao lateral mesmo sentido;Pleno dia;Nublado;Motocicleta;Lesoes Leves;2;2;5;1;2;1
Transitar no Acostamento;Colisao lateral mesmo sentido;Pleno dia;Nublado;Motoneta;Lesoes Graves;1;2;5;1;2;3
Transitar no Acostamento;Colisao lateral mesmo sentido;Pleno dia;Nublado;Nao Informado;Ileso;2;2;5;1;2;3
Transitar no Acostamento;Colisao lateral mesmo sentido;Pleno dia;Nublado;Utilitario;Ileso;2;2;5;1;2;3
Transitar no Acostamento;Colisao lateral mesmo sentido;Pleno dia;Sol;Automovel;Ileso;2;2;5;1;3;1
Transitar no Acostamento;Colisao lateral mesmo sentido;Pleno dia;Sol;Bicicleta;Lesoes Leves;1;2;5;1;3;3
Transitar no Acostamento;Colisao lateral mesmo sentido;Pleno dia;Sol;Motocicleta;Lesoes Leves;3;2;5;1;3;1
Transitar no Acostamento;Colisao lateral mesmo sentido;Pleno dia;Sol;Onibus;Ileso;1;2;5;1;3;3
Transitar no Acostamento;Colisao lateral mesmo sentido;Pleno dia;Sol;Utilitario;Ileso;1;2;5;1;3;3
Transitar no Acostamento;Colisao lateral sentido oposto;Amanhecer;Ceu Claro;Automovel;Ileso;1;2;4;4;1;1
Transitar no Acostamento;Colisao lateral sentido oposto;Amanhecer;Ceu Claro;Bicicleta;Lesoes Leves;1;2;4;4;1;3
Transitar no Acostamento;Colisao lateral sentido oposto;Plena Noite;Ceu Claro;Bicicleta;Lesoes Leves;2;2;4;2;1;3
Transitar no Acostamento;Colisao lateral sentido oposto;Plena Noite;Ceu Claro;Caminhao-trator;Ileso;1;2;4;2;1;2
Transitar no Acostamento;Colisao lateral sentido oposto;Plena Noite;Ceu Claro;Motocicleta;Lesoes Leves;2;2;4;2;1;1
Transitar no Acostamento;Colisao lateral sentido oposto;Pleno dia;Ceu Claro;Caminhonete;Ileso;1;2;4;1;1;2
Transitar no Acostamento;Colisao lateral sentido oposto;Pleno dia;Ceu Claro;Motocicleta;Lesoes Graves;1;2;4;1;1;1
Transitar no Acostamento;Colisao transversal;Anoitecer;Ceu Claro;Automovel;Ileso;1;2;5;4;1;1
Transitar no Acostamento;Colisao transversal;Anoitecer;Ceu Claro;Motocicleta;Lesoes Leves;2;2;5;4;1;1
Transitar no Acostamento;Colisao transversal;Anoitecer;Ignorado;Caminhonete;Ileso;1;2;5;4;0;2
Transitar no Acostamento;Colisao transversal;Anoitecer;Ignorado;Motocicleta;Lesoes Graves;1;2;5;4;0;1
Transitar no Acostamento;Colisao transversal;Plena Noite;Ceu Claro;Automovel;Ileso;1;2;5;2;1;1
Transitar no Acostamento;Colisao transversal;Plena Noite;Ceu Claro;Motocicleta;Lesoes Leves;3;2;5;2;1;1
Transitar no Acostamento;Colisao transversal;Plena Noite;Ceu Claro;Motoneta;Lesoes Leves;1;2;5;2;1;3
Transitar no Acostamento;Colisao transversal;Plena Noite;Garoa/Chuvisco;Caminhao-trator;Ileso;1;2;5;2;3;2
Transitar no Acostamento;Colisao transversal;Plena Noite;Garoa/Chuvisco;Motoneta;Lesoes Leves;1;2;5;2;3;3
Transitar no Acostamento;Colisao transversal;Plena Noite;Nublado;Caminhonete;Ileso;1;2;5;2;2;2
Transitar no Acostamento;Colisao transversal;Plena Noite;Nublado;Motocicleta;Lesoes Leves;1;2;5;2;2;1
Transitar no Acostamento;Colisao transversal;Pleno dia;Ceu Claro;Automovel;Ileso;6;2;5;1;1;1
Transitar no Acostamento;Colisao transversal;Pleno dia;Ceu Claro;Caminhao;Ileso;3;2;5;1;1;2
Transitar no Acostamento;Colisao transversal;Pleno dia;Ceu Claro;Caminhao-trator;Ileso;2;2;5;1;1;2
Transitar no Acostamento;Colisao transversal;Pleno dia;Ceu Claro;Caminhonete;Ileso;5;2;5;1;1;2
Transitar no Acostamento;Colisao transversal;Pleno dia;Ceu Claro;Motocicleta;Ileso;1;2;5;1;1;1
Transitar no Acostamento;Colisao transversal;Pleno dia;Ceu Claro;Motocicleta;Lesoes Graves;5;2;5;1;1;1
Transitar no Acostamento;Colisao transversal;Pleno dia;Ceu Claro;Motocicleta;Lesoes Leves;12;2;5;1;1;1
Transitar no Acostamento;Colisao transversal;Pleno dia;Nublado;Automovel;Ileso;8;2;5;1;2;1
Transitar no Acostamento;Colisao transversal;Pleno dia;Nublado;Automovel;Lesoes Graves;2;2;5;1;2;1
Transitar no Acostamento;Colisao transversal;Pleno dia;Nublado;Automovel;Lesoes Leves;4;2;5;1;2;1
Transitar no Acostamento;Colisao transversal;Pleno dia;Nublado;Automovel;Obito;1;2;5;1;2;1
Transitar no Acostamento;Colisao transversal;Pleno dia;Nublado;Caminhonete;Ileso;4;2;5;1;2;2
Transitar no Acostamento;Colisao transversal;Pleno dia;Nublado;Motocicleta;Lesoes Graves;1;2;5;1;2;1
Transitar no Acostamento;Colisao transversal;Pleno dia;Nublado;Motocicleta;Lesoes Leves;4;2;5;1;2;1
Transitar no Acostamento;Colisao transversal;Pleno dia;Nublado;Motoneta;Lesoes Leves;1;2;5;1;2;3
Transitar no Acostamento;Colisao transversal;Pleno dia;Sol;Automovel;Ileso;1;2;5;1;3;1
Transitar no Acostamento;Colisao transversal;Pleno dia;Sol;Motocicleta;Lesoes Leves;1;2;5;1;3;1
Transitar no Acostamento;Colisao traseira;Amanhecer;Ceu Claro;Automovel;Ileso;1;2;5;4;1;1
Transitar no Acostamento;Colisao traseira;Amanhecer;Ceu Claro;Motocicleta;Lesoes Leves;1;2;5;4;1;1
Transitar no Acostamento;Colisao traseira;Plena Noite;Ceu Claro;Automovel;Ileso;4;2;5;2;1;1
Transitar no Acostamento;Colisao traseira;Plena Noite;Ceu Claro;Automovel;Lesoes Leves;2;2;5;2;1;1
Transitar no Acostamento;Colisao traseira;Plena Noite;Ceu Claro;Bicicleta;Lesoes Leves;1;2;5;2;1;3
Transitar no Acostamento;Colisao traseira;Plena Noite;Ceu Claro;Caminhao;Ileso;2;2;5;2;1;2
Transitar no Acostamento;Colisao traseira;Plena Noite;Ceu Claro;Motocicleta;Ileso;1;2;5;2;1;1
Transitar no Acostamento;Colisao traseira;Plena Noite;Ceu Claro;Motocicleta;Lesoes Leves;5;2;5;2;1;1
Transitar no Acostamento;Colisao traseira;Plena Noite;Ceu Claro;Motoneta;Lesoes Graves;1;2;5;2;1;3
Transitar no Acostamento;Colisao traseira;Plena Noite;Chuva;Automovel;Ileso;2;2;5;2;2;1
Transitar no Acostamento;Colisao traseira;Plena Noite;Chuva;Caminhao;Ileso;1;2;5;2;2;2
Transitar no Acostamento;Colisao traseira;Plena Noite;Chuva;Nao se aplica;Obito;1;2;5;2;2;3
Transitar no Acostamento;Colisao traseira;Plena Noite;Garoa/Chuvisco;Motocicleta;Lesoes Graves;1;2;5;2;3;1
Transitar no Acostamento;Colisao traseira;Plena Noite;Garoa/Chuvisco;Onibus;Ileso;1;2;5;2;3;3
Transitar no Acostamento;Colisao traseira;Plena Noite;Nublado;Automovel;Lesoes Graves;1;2;5;2;2;1
Transitar no Acostamento;Colisao traseira;Plena Noite;Nublado;Automovel;Lesoes Leves;3;2;5;2;2;1
Transitar no Acostamento;Colisao traseira;Plena Noite;Nublado;Trator de rodas;Ileso;1;2;5;2;2;5
Transitar no Acostamento;Colisao traseira;Pleno dia;Ceu Claro;Automovel;Ileso;12;2;5;1;1;1
Transitar no Acostamento;Colisao traseira;Pleno dia;Ceu Claro;Automovel;Lesoes Graves;2;2;5;1;1;1
Transitar no Acostamento;Colisao traseira;Pleno dia;Ceu Claro;Automovel;Lesoes Leves;2;2;5;1;1;1
Transitar no Acostamento;Colisao traseira;Pleno dia;Ceu Claro;Bicicleta;Lesoes Graves;4;2;5;1;1;3
Transitar no Acostamento;Colisao traseira;Pleno dia;Ceu Claro;Bicicleta;Lesoes Leves;5;2;5;1;1;3
Transitar no Acostamento;Colisao traseira;Pleno dia;Ceu Claro;Bicicleta;Obito;1;2;5;1;1;3
Transitar no Acostamento;Colisao traseira;Pleno dia;Ceu Claro;Caminhao;Ileso;2;2;5;1;1;2
Transitar no Acostamento;Colisao traseira;Pleno dia;Ceu Claro;Caminhao-trator;Ileso;4;2;5;1;1;2
Transitar no Acostamento;Colisao traseira;Pleno dia;Ceu Claro;Caminhao-trator;Lesoes Leves;2;2;5;1;1;2
Transitar no Acostamento;Colisao traseira;Pleno dia;Ceu Claro;Caminhonete;Ileso;3;2;5;1;1;2
Transitar no Acostamento;Colisao traseira;Pleno dia;Ceu Claro;Caminhonete;Lesoes Graves;1;2;5;1;1;2
Transitar no Acostamento;Colisao traseira;Pleno dia;Ceu Claro;Caminhonete;Lesoes Leves;1;2;5;1;1;2
Transitar no Acostamento;Colisao traseira;Pleno dia;Ceu Claro;Carroca-charrete;Lesoes Graves;1;2;5;1;1;5
Transitar no Acostamento;Colisao traseira;Pleno dia;Ceu Claro;Motocicleta;Lesoes Graves;3;2;5;1;1;1
Transitar no Acostamento;Colisao traseira;Pleno dia;Ceu Claro;Motocicleta;Lesoes Leves;4;2;5;1;1;1
Transitar no Acostamento;Colisao traseira;Pleno dia;Ceu Claro;Trator de rodas;Lesoes Graves;2;2;5;1;1;5
Transitar no Acostamento;Colisao traseira;Pleno dia;Ceu Claro;Trator de rodas;Obito;1;2;5;1;1;5
Transitar no Acostamento;Colisao traseira;Pleno dia;Ceu Claro;Utilitario;Ileso;1;2;5;1;1;3
Transitar no Acostamento;Colisao traseira;Pleno dia;Chuva;Automovel;Ileso;1;2;5;1;2;1
Transitar no Acostamento;Colisao traseira;Pleno dia;Chuva;Motocicleta;Lesoes Leves;1;2;5;1;2;1
Transitar no Acostamento;Colisao traseira;Pleno dia;Nublado;Automovel;Ileso;6;2;5;1;2;1
Transitar no Acostamento;Colisao traseira;Pleno dia;Nublado;Automovel;Lesoes Graves;2;2;5;1;2;1
Transitar no Acostamento;Colisao traseira;Pleno dia;Nublado;Automovel;Lesoes Leves;4;2;5;1;2;1
Transitar no Acostamento;Colisao traseira;Pleno dia;Nublado;Automovel;Obito;1;2;5;1;2;1
Transitar no Acostamento;Colisao traseira;Pleno dia;Nublado;Caminhonete;Ileso;3;2;5;1;2;2
Transitar no Acostamento;Colisao traseira;Pleno dia;Nublado;Motocicleta;Lesoes Leves;1;2;5;1;2;1
Transitar no Acostamento;Eventos atipicos;Plena Noite;Garoa/Chuvisco;Bicicleta;Obito;1;2;2;2;3;3
Transitar no Acostamento;Queda de ocupante de veiculo;Amanhecer;Ceu Claro;Automovel;Ileso;2;2;5;4;1;1
Transitar no Acostamento;Queda de ocupante de veiculo;Amanhecer;Ceu Claro;Bicicleta;Lesoes Leves;1;2;5;4;1;3
Transitar no Acostamento;Queda de ocupante de veiculo;Amanhecer;Ceu Claro;Motocicleta;Lesoes Leves;1;2;5;4;1;1
Transitar no Acostamento;Queda de ocupante de veiculo;Amanhecer;Garoa/Chuvisco;Nao se aplica;Lesoes Leves;1;2;5;4;3;3
Transitar no Acostamento;Queda de ocupante de veiculo;Amanhecer;Nevoeiro/Neblina;Automovel;Ileso;1;2;5;4;4;1
Transitar no Acostamento;Queda de ocupante de veiculo;Amanhecer;Nevoeiro/Neblina;Motocicleta;Lesoes Graves;1;2;5;4;4;1
Transitar no Acostamento;Queda de ocupante de veiculo;Anoitecer;Ceu Claro;Automovel;Ileso;2;2;5;4;1;1
Transitar no Acostamento;Queda de ocupante de veiculo;Anoitecer;Ceu Claro;Bicicleta;Lesoes Graves;1;2;5;4;1;3
Transitar no Acostamento;Queda de ocupante de veiculo;Anoitecer;Ceu Claro;Bicicleta;Lesoes Leves;1;2;5;4;1;3
Transitar no Acostamento;Queda de ocupante de veiculo;Anoitecer;Ceu Claro;Caminhao;Ileso;1;2;5;4;1;2
Transitar no Acostamento;Queda de ocupante de veiculo;Anoitecer;Ceu Claro;Motocicleta;Lesoes Graves;1;2;5;4;1;1
Transitar no Acostamento;Queda de ocupante de veiculo;Anoitecer;Ceu Claro;Motocicleta;Lesoes Leves;3;2;5;4;1;1
Transitar no Acostamento;Queda de ocupante de veiculo;Anoitecer;Ignorado;Caminhonete;Ileso;1;2;5;4;0;2
Transitar no Acostamento;Queda de ocupante de veiculo;Anoitecer;Ignorado;Motocicleta;Lesoes Graves;1;2;5;4;0;1
Transitar no Acostamento;Queda de ocupante de veiculo;Anoitecer;Nublado;Motoneta;Obito;1;2;5;4;2;3
Transitar no Acostamento;Queda de ocupante de veiculo;Plena Noite;Ceu Claro;Automovel;Ileso;4;2;5;2;1;1
Transitar no Acostamento;Queda de ocupante de veiculo;Plena Noite;Ceu Claro;Bicicleta;Lesoes Graves;2;2;5;2;1;3
Transitar no Acostamento;Queda de ocupante de veiculo;Plena Noite;Ceu Claro;Bicicleta;Lesoes Leves;9;2;5;2;1;3
Transitar no Acostamento;Queda de ocupante de veiculo;Plena Noite;Ceu Claro;Bicicleta;Obito;3;2;5;2;1;3
Transitar no Acostamento;Queda de ocupante de veiculo;Plena Noite;Ceu Claro;Caminhao-trator;Ileso;1;2;5;2;1;2
Transitar no Acostamento;Queda de ocupante de veiculo;Plena Noite;Ceu Claro;Motocicleta;Ileso;2;2;5;2;1;1
Transitar no Acostamento;Queda de ocupante de veiculo;Plena Noite;Ceu Claro;Motocicleta;Lesoes Graves;4;2;5;2;1;1
Transitar no Acostamento;Queda de ocupante de veiculo;Plena Noite;Ceu Claro;Motocicleta;Lesoes Leves;14;2;5;2;1;1
Transitar no Acostamento;Queda de ocupante de veiculo;Plena Noite;Ceu Claro;Motocicleta;Obito;2;2;5;2;1;1
Transitar no Acostamento;Queda de ocupante de veiculo;Plena Noite;Ceu Claro;Motoneta;Ileso;1;2;5;2;1;3
Transitar no Acostamento;Queda de ocupante de veiculo;Plena Noite;Ceu Claro;Motoneta;Lesoes Graves;1;2;5;2;1;3
Transitar no Acostamento;Queda de ocupante de veiculo;Plena Noite;Ceu Claro;Motoneta;Lesoes Leves;1;2;5;2;1;3
Transitar no Acostamento;Queda de ocupante de veiculo;Plena Noite;Chuva;Automovel;Lesoes Leves;1;2;5;2;2;1
Transitar no Acostamento;Queda de ocupante de veiculo;Plena Noite;Chuva;Motocicleta;Obito;1;2;5;2;2;1
Transitar no Acostamento;Queda de ocupante de veiculo;Plena Noite;Garoa/Chuvisco;Bicicleta;Obito;1;2;5;2;3;3
Transitar no Acostamento;Queda de ocupante de veiculo;Plena Noite;Garoa/Chuvisco;Caminhao-trator;Ileso;1;2;5;2;3;2
Transitar no Acostamento;Queda de ocupante de veiculo;Plena Noite;Garoa/Chuvisco;Motocicleta;Lesoes Graves;1;2;5;2;3;1
Transitar no Acostamento;Queda de ocupante de veiculo;Plena Noite;Garoa/Chuvisco;Motocicleta;Lesoes Leves;2;2;5;2;3;1
Transitar no Acostamento;Queda de ocupante de veiculo;Plena Noite;Garoa/Chuvisco;Motoneta;Lesoes Leves;1;2;5;2;3;3
Transitar no Acostamento;Queda de ocupante de veiculo;Plena Noite;Garoa/Chuvisco;Onibus;Ileso;1;2;5;2;3;3
Transitar no Acostamento;Queda de ocupante de veiculo;Plena Noite;Nublado;Bicicleta;Lesoes Leves;1;2;5;2;2;3
Transitar no Acostamento;Queda de ocupante de veiculo;Plena Noite;Nublado;Caminhao-trator;Lesoes Leves;1;2;5;2;2;2
Transitar no Acostamento;Queda de ocupante de veiculo;Plena Noite;Nublado;Caminhonete;Ileso;1;2;5;2;2;2
Transitar no Acostamento;Queda de ocupante de veiculo;Plena Noite;Nublado;Motocicleta;Lesoes Graves;2;2;5;2;2;1
Transitar no Acostamento;Queda de ocupante de veiculo;Plena Noite;Nublado;Motocicleta;Lesoes Leves;3;2;5;2;2;1
Transitar no Acostamento;Queda de ocupante de veiculo;Pleno dia;Ceu Claro;Automovel;Ileso;10;2;5;1;1;1
Transitar no Acostamento;Queda de ocupante de veiculo;Pleno dia;Ceu Claro;Bicicleta;Lesoes Graves;1;2;5;1;1;3
Transitar no Acostamento;Queda de ocupante de veiculo;Pleno dia;Ceu Claro;Bicicleta;Lesoes Leves;1;2;5;1;1;3
Transitar no Acostamento;Queda de ocupante de veiculo;Pleno dia;Ceu Claro;Bicicleta;Obito;1;2;5;1;1;3
Transitar no Acostamento;Queda de ocupante de veiculo;Pleno dia;Ceu Claro;Caminhao;Ileso;4;2;5;1;1;2
Transitar no Acostamento;Queda de ocupante de veiculo;Pleno dia;Ceu Claro;Caminhao-trator;Ileso;4;2;5;1;1;2
Transitar no Acostamento;Queda de ocupante de veiculo;Pleno dia;Ceu Claro;Caminhao-trator;Lesoes Leves;1;2;5;1;1;2
Transitar no Acostamento;Queda de ocupante de veiculo;Pleno dia;Ceu Claro;Caminhonete;Ileso;4;2;5;1;1;2
Transitar no Acostamento;Queda de ocupante de veiculo;Pleno dia;Ceu Claro;Motocicleta;Ileso;2;2;5;1;1;1
Transitar no Acostamento;Queda de ocupante de veiculo;Pleno dia;Ceu Claro;Motocicleta;Lesoes Graves;10;2;5;1;1;1
Transitar no Acostamento;Queda de ocupante de veiculo;Pleno dia;Ceu Claro;Motocicleta;Lesoes Leves;19;2;5;1;1;1
Transitar no Acostamento;Queda de ocupante de veiculo;Pleno dia;Ceu Claro;Motocicleta;Obito;2;2;5;1;1;1
Transitar no Acostamento;Queda de ocupante de veiculo;Pleno dia;Ceu Claro;Motoneta;Lesoes Leves;2;2;5;1;1;3
Transitar no Acostamento;Queda de ocupante de veiculo;Pleno dia;Ceu Claro;Nao se aplica;Lesoes Graves;2;2;5;1;1;3
Transitar no Acostamento;Queda de ocupante de veiculo;Pleno dia;Ceu Claro;Nao se aplica;Lesoes Leves;1;2;5;1;1;3
Transitar no Acostamento;Queda de ocupante de veiculo;Pleno dia;Ceu Claro;Nao se aplica;Obito;1;2;5;1;1;3
Transitar no Acostamento;Queda de ocupante de veiculo;Pleno dia;Ceu Claro;Trator de rodas;Lesoes Graves;2;2;5;1;1;5
Transitar no Acostamento;Queda de ocupante de veiculo;Pleno dia;Ceu Claro;Trator de rodas;Obito;1;2;5;1;1;5
Transitar no Acostamento;Queda de ocupante de veiculo;Pleno dia;Chuva;Automovel;Ileso;2;2;5;1;2;1
Transitar no Acostamento;Queda de ocupante de veiculo;Pleno dia;Chuva;Motocicleta;Ileso;1;2;5;1;2;1
Transitar no Acostamento;Queda de ocupante de veiculo;Pleno dia;Chuva;Motocicleta;Lesoes Leves;3;2;5;1;2;1
Transitar no Acostamento;Queda de ocupante de veiculo;Pleno dia;Garoa/Chuvisco;Automovel;Ileso;1;2;5;1;3;1
Transitar no Acostamento;Queda de ocupante de veiculo;Pleno dia;Garoa/Chuvisco;Motoneta;Lesoes Leves;1;2;5;1;3;3
Transitar no Acostamento;Queda de ocupante de veiculo;Pleno dia;Nublado;Automovel;Ileso;4;2;5;1;2;1
Transitar no Acostamento;Queda de ocupante de veiculo;Pleno dia;Nublado;Caminhonete;Ileso;1;2;5;1;2;2
Transitar no Acostamento;Queda de ocupante de veiculo;Pleno dia;Nublado;Motocicleta;Ileso;1;2;5;1;2;1
Transitar no Acostamento;Queda de ocupante de veiculo;Pleno dia;Nublado;Motocicleta;Lesoes Graves;1;2;5;1;2;1
Transitar no Acostamento;Queda de ocupante de veiculo;Pleno dia;Nublado;Motocicleta;Lesoes Leves;4;2;5;1;2;1
Transitar no Acostamento;Queda de ocupante de veiculo;Pleno dia;Nublado;Motoneta;Lesoes Graves;1;2;5;1;2;3
Transitar no Acostamento;Queda de ocupante de veiculo;Pleno dia;Nublado;Motoneta;Lesoes Leves;1;2;5;1;2;3
Transitar no Acostamento;Queda de ocupante de veiculo;Pleno dia;Sol;Automovel;Ileso;1;2;5;1;3;1
Transitar no Acostamento;Queda de ocupante de veiculo;Pleno dia;Sol;Motocicleta;Lesoes Leves;3;2;5;1;3;1
Transitar no Acostamento;Saida de leito carrocavel;Amanhecer;Ceu Claro;Nao Informado;Ileso;1;2;5;4;1;3
Transitar no Acostamento;Saida de leito carrocavel;Amanhecer;Ceu Claro;Nao Informado;Lesoes Leves;5;2;5;4;1;3
Transitar no Acostamento;Saida de leito carrocavel;Plena Noite;Ceu Claro;Automovel;Ileso;5;2;5;2;1;1
Transitar no Acostamento;Saida de leito carrocavel;Plena Noite;Ceu Claro;Automovel;Lesoes Graves;1;2;5;2;1;1
Transitar no Acostamento;Saida de leito carrocavel;Plena Noite;Ceu Claro;Automovel;Lesoes Leves;7;2;5;2;1;1
Transitar no Acostamento;Saida de leito carrocavel;Plena Noite;Ceu Claro;Bicicleta;Lesoes Leves;1;2;5;2;1;3
Transitar no Acostamento;Saida de leito carrocavel;Plena Noite;Ceu Claro;Caminhao;Ileso;1;2;5;2;1;2
Transitar no Acostamento;Saida de leito carrocavel;Plena Noite;Ceu Claro;Caminhao-trator;Ileso;1;2;5;2;1;2
Transitar no Acostamento;Saida de leito carrocavel;Plena Noite;Ceu Claro;Motocicleta;Lesoes Leves;1;2;5;2;1;1
Transitar no Acostamento;Saida de leito carrocavel;Plena Noite;Chuva;Automovel;Ileso;1;2;5;2;2;1
Transitar no Acostamento;Saida de leito carrocavel;Plena Noite;Chuva;Caminhao;Ileso;1;2;5;2;2;2
Transitar no Acostamento;Saida de leito carrocavel;Plena Noite;Chuva;Nao se aplica;Obito;1;2;5;2;2;3
Transitar no Acostamento;Saida de leito carrocavel;Plena Noite;Nublado;Bicicleta;Lesoes Leves;1;2;5;2;2;3
Transitar no Acostamento;Saida de leito carrocavel;Pleno dia;Ceu Claro;Automovel;Lesoes Leves;1;2;5;1;1;1
Transitar no Acostamento;Saida de leito carrocavel;Pleno dia;Ceu Claro;Bicicleta;Obito;1;2;5;1;1;3
Transitar no Acostamento;Saida de leito carrocavel;Pleno dia;Ceu Claro;Caminhao;Ileso;1;2;5;1;1;2
Transitar no Acostamento;Saida de leito carrocavel;Pleno dia;Ceu Claro;Caminhao-trator;Lesoes Leves;3;2;5;1;1;2
Transitar no Acostamento;Saida de leito carrocavel;Pleno dia;Ceu Claro;Trator de rodas;Lesoes Graves;2;2;5;1;1;5
Transitar no Acostamento;Saida de leito carrocavel;Pleno dia;Ceu Claro;Trator de rodas;Obito;1;2;5;1;1;5
Transitar no Acostamento;Tombamento;Amanhecer;Ceu Claro;Automovel;Ileso;2;2;5;4;1;1
Transitar no Acostamento;Tombamento;Amanhecer;Ceu Claro;Bicicleta;Lesoes Leves;1;2;5;4;1;3
Transitar no Acostamento;Tombamento;Amanhecer;Ceu Claro;Motocicleta;Lesoes Leves;1;2;5;4;1;1
Transitar no Acostamento;Tombamento;Amanhecer;Garoa/Chuvisco;Nao se aplica;Lesoes Leves;1;2;5;4;3;3
Transitar no Acostamento;Tombamento;Amanhecer;Nevoeiro/Neblina;Automovel;Ileso;1;2;5;4;4;1
Transitar no Acostamento;Tombamento;Amanhecer;Nevoeiro/Neblina;Motocicleta;Lesoes Graves;1;2;5;4;4;1
Transitar no Acostamento;Tombamento;Anoitecer;Ceu Claro;Automovel;Ileso;2;2;5;4;1;1
Transitar no Acostamento;Tombamento;Anoitecer;Ceu Claro;Bicicleta;Lesoes Graves;1;2;5;4;1;3
Transitar no Acostamento;Tombamento;Anoitecer;Ceu Claro;Caminhao;Ileso;1;2;5;4;1;2
Transitar no Acostamento;Tombamento;Anoitecer;Ceu Claro;Caminhao-trator;Ileso;1;2;5;4;1;2
Transitar no Acostamento;Tombamento;Anoitecer;Ceu Claro;Motocicleta;Lesoes Graves;1;2;5;4;1;1
Transitar no Acostamento;Tombamento;Anoitecer;Ceu Claro;Motocicleta;Lesoes Leves;3;2;5;4;1;1
Transitar no Acostamento;Tombamento;Anoitecer;Ceu Claro;Nao se aplica;Lesoes Graves;1;2;5;4;1;3
Transitar no Acostamento;Tombamento;Anoitecer;Ignorado;Caminhonete;Ileso;1;2;5;4;0;2
Transitar no Acostamento;Tombamento;Anoitecer;Ignorado;Motocicleta;Lesoes Graves;1;2;5;4;0;1
Transitar no Acostamento;Tombamento;Anoitecer;Nublado;Motoneta;Obito;1;2;5;4;2;3