causa_acidente;tipo_acidente;fase_dia;condicao_metereologica;tipo_veiculo;estado_fisico;count;causa_acidente_criterios;tipo_acidente_criterios;fase_dia_criterios;condicao_metereologica_criterios;tipo_veiculo_criterios
Transitar no Acostamento;Tombamento;Plena Noite;Ceu Claro;Automovel;Ileso;3;2;5;2;1;1
Transitar no Acostamento;Tombamento;Plena Noite;Ceu Claro;Bicicleta;Lesoes Graves;2;2;5;2;1;3
Transitar no Acostamento;Tombamento;Plena Noite;Ceu Claro;Bicicleta;Lesoes Leves;5;2;5;2;1;3
Transitar no Acostamento;Tombamento;Plena Noite;Ceu Claro;Bicicleta;Obito;3;2;5;2;1;3
Transitar no Acostamento;Tombamento;Plena Noite;Ceu Claro;Motocicleta;Ileso;1;2;5;2;1;1
Transitar no Acostamento;Tombamento;Plena Noite;Ceu Claro;Motocicleta;Lesoes Graves;4;2;5;2;1;1
Transitar no Acostamento;Tombamento;Plena Noite;Ceu Claro;Motocicleta;Lesoes Leves;11;2;5;2;1;1
Transitar no Acostamento;Tombamento;Plena Noite;Ceu Claro;Motocicleta;Obito;2;2;5;2;1;1
Transitar no Acostamento;Tombamento;Plena Noite;Ceu Claro;Motoneta;Ileso;1;2;5;2;1;3
Transitar no Acostamento;Tombamento;Plena Noite;Ceu Claro;Motoneta;Lesoes Leves;1;2;5;2;1;3
Transitar no Acostamento;Tombamento;Plena Noite;Chuva;Automovel;Lesoes Leves;1;2;5;2;2;1
Transitar no Acostamento;Tombamento;Plena Noite;Chuva;Motocicleta;Lesoes Leves;2;2;5;2;2;1
Transitar no Acostamento;Tombamento;Plena Noite;Chuva;Motocicleta;Obito;1;2;5;2;2;1
Transitar no Acostamento;Tombamento;Plena Noite;Garoa/Chuvisco;Caminhao-trator;Ileso;1;2;5;2;3;2
Transitar no Acostamento;Tombamento;Plena Noite;Garoa/Chuvisco;Motocicleta;Lesoes Graves;1;2;5;2;3;1
Transitar no Acostamento;Tombamento;Plena Noite;Garoa/Chuvisco;Motocicleta;Lesoes Leves;2;2;5;2;3;1
Transitar no Acostamento;Tombamento;Plena Noite;Garoa/Chuvisco;Motoneta;Lesoes Leves;1;2;5;2;3;3
Transitar no Acostamento;Tombamento;Plena Noite;Garoa/Chuvisco;Onibus;Ileso;1;2;5;2;3;3
Transitar no Acostamento;Tombamento;Plena Noite;Nublado;Bicicleta;Lesoes Leves;1;2;5;2;2;3
Transitar no Acostamento;Tombamento;Plena Noite;Nublado;Motocicleta;Lesoes Leves;1;2;5;2;2;1
Transitar no Acostamento;Tombamento;Pleno dia;Ceu Claro;Automovel;Ileso;7;2;5;1;1;1
Transitar no Acostamento;Tombamento;Pleno dia;Ceu Claro;Bicicleta;Lesoes Graves;1;2;5;1;1;3
Transitar no Acostamento;Tombamento;Pleno dia;Ceu Claro;Bicicleta;Lesoes Leves;2;2;5;1;1;3
Transitar no Acostamento;Tombamento;Pleno dia;Ceu Claro;Bicicleta;Obito;1;2;5;1;1;3
Transitar no Acostamento;Tombamento;Pleno dia;Ceu Claro;Caminhao;Ileso;1;2;5;1;1;2
Transitar no Acostamento;Tombamento;Pleno dia;Ceu Claro;Caminhao-trator;Ileso;5;2;5;1;1;2
Transitar no Acostamento;Tombamento;Pleno dia;Ceu Claro;Caminhao-trator;Lesoes Leves;4;2;5;1;1;2
Transitar no Acostamento;Tombamento;Pleno dia;Ceu Claro;Caminhonete;Ileso;4;2;5;1;1;2
Transitar no Acostamento;Tombamento;Pleno dia;Ceu Claro;Caminhonete;Lesoes Leves;1;2;5;1;1;2
Transitar no Acostamento;Tombamento;Pleno dia;Ceu Claro;Motocicleta;Ileso;1;2;5;1;1;1
Transitar no Acostamento;Tombamento;Pleno dia;Ceu Claro;Motocicleta;Lesoes Graves;9;2;5;1;1;1
Transitar no Acostamento;Tombamento;Pleno dia;Ceu Claro;Motocicleta;Lesoes Leves;15;2;5;1;1;1
Transitar no Acostamento;Tombamento;Pleno dia;Ceu Claro;Motocicleta;Obito;2;2;5;1;1;1
Transitar no Acostamento;Tombamento;Pleno dia;Ceu Claro;Motoneta;Lesoes Leves;2;2;5;1;1;3
Transitar no Acostamento;Tombamento;Pleno dia;Ceu Claro;Nao se aplica;Lesoes Graves;2;2;5;1;1;3
Transitar no Acostamento;Tombamento;Pleno dia;Ceu Claro;Nao se aplica;Lesoes Leves;1;2;5;1;1;3
Transitar no Acostamento;Tombamento;Pleno dia;Ceu Claro;Nao se aplica;Obito;1;2;5;1;1;3
Transitar no Acostamento;Tombamento;Pleno dia;Ceu Claro;Trator de rodas;Lesoes Graves;2;2;5;1;1;5
Transitar no Acostamento;Tombamento;Pleno dia;Chuva;Automovel;Ileso;1;2;5;1;2;1
Transitar no Acostamento;Tombamento;Pleno dia;Chuva;Motocicleta;Ileso;1;2;5;1;2;1
Transitar no Acostamento;Tombamento;Pleno dia;Chuva;Motocicleta;Lesoes Leves;2;2;5;1;2;1
Transitar no Acostamento;Tombamento;Pleno dia;Garoa/Chuvisco;Automovel;Ileso;1;2;5;1;3;1
Transitar no Acostamento;Tombamento;Pleno dia;Garoa/Chuvisco;Motoneta;Lesoes Leves;1;2;5;1;3;3
Transitar no Acostamento;Tombamento;Pleno dia;Nublado;Automovel;Ileso;7;2;5;1;2;1
Transitar no Acostamento;Tombamento;Pleno dia;Nublado;Automovel;Lesoes Leves;1;2;5;1;2;1
Transitar no Acostamento;Tombamento;Pleno dia;Nublado;Caminhao-trator;Ileso;1;2;5;1;2;2
Transitar no Acostamento;Tombamento;Pleno dia;Nublado;Motocicleta;Ileso;1;2;5;1;2;1
Transitar no Acostamento;Tombamento;Pleno dia;Nublado;Motocicleta;Lesoes Leves;2;2;5;1;2;1
Transitar no Acostamento;Tombamento;Pleno dia;Nublado;Motoneta;Lesoes Graves;1;2;5;1;2;3
Transitar no Acostamento;Tombamento;Pleno dia;Nublado;Motoneta;Lesoes Leves;1;2;5;1;2;3
Transitar no Acostamento;Tombamento;Pleno dia;Sol;Automovel;Ileso;1;2;5;1;3;1
Transitar no Acostamento;Tombamento;Pleno dia;Sol;Caminhao;Ileso;2;2;5;1;3;2
Transitar no Acostamento;Tombamento;Pleno dia;Sol;Motocicleta;Lesoes Leves;3;2;5;1;3;1
Transtornos Mentais (exceto suicidio);Atropelamento de Pedestre;Anoitecer;Ceu Claro;Automovel;Ileso;1;1;4;4;1;1
Transtornos Mentais (exceto suicidio);Atropelamento de Pedestre;Anoitecer;Ceu Claro;Nao se aplica;Lesoes Graves;1;1;4;4;1;3
Transtornos Mentais (exceto suicidio);Atropelamento de Pedestre;Plena Noite;Ceu Claro;Automovel;Ileso;3;1;4;2;1;1
Transtornos Mentais (exceto suicidio);Atropelamento de Pedestre;Plena Noite;Ceu Claro;Nao se aplica;Lesoes Graves;1;1;4;2;1;3
Transtornos Mentais (exceto suicidio);Atropelamento de Pedestre;Plena Noite;Ignorado;Automovel;Ileso;1;1;4;2;0;1
Transtornos Mentais (exceto suicidio);Atropelamento de Pedestre;Plena Noite;Ignorado;Caminhao;Ileso;1;1;4;2;0;2
Transtornos Mentais (exceto suicidio);Atropelamento de Pedestre;Plena Noite;Ignorado;Nao se aplica;Obito;2;1;4;2;0;3
Transtornos Mentais (exceto suicidio);Atropelamento de Pedestre;Plena Noite;Nublado;Automovel;Ileso;1;1;4;2;2;1
Transtornos Mentais (exceto suicidio);Atropelamento de Pedestre;Plena Noite;Nublado;Caminhao;Ileso;1;1;4;2;2;2
Transtornos Mentais (exceto suicidio);Atropelamento de Pedestre;Plena Noite;Nublado;Caminhao-trator;Ileso;1;1;4;2;2;2
Transtornos Mentais (exceto suicidio);Atropelamento de Pedestre;Plena Noite;Nublado;Caminhao-trator;Obito;1;1;4;2;2;2
Transtornos Mentais (exceto suicidio);Atropelamento de Pedestre;Plena Noite;Nublado;Nao Informado;Ileso;1;1;4;2;2;3
Transtornos Mentais (exceto suicidio);Atropelamento de Pedestre;Plena Noite;Nublado;Nao se aplica;Lesoes Graves;2;1;4;2;2;3
Transtornos Mentais (exceto suicidio);Atropelamento de Pedestre;Plena Noite;Nublado;Nao se aplica;Lesoes Leves;1;1;4;2;2;3
Transtornos Mentais (exceto suicidio);Atropelamento de Pedestre;Plena Noite;Nublado;Nao se aplica;Obito;2;1;4;2;2;3
Transtornos Mentais (exceto suicidio);Atropelamento de Pedestre;Plena Noite;Nublado;Onibus;Ileso;1;1;4;2;2;3
Transtornos Mentais (exceto suicidio);Atropelamento de Pedestre;Pleno dia;Ceu Claro;Caminhao-trator;Ileso;3;1;4;1;1;2
Transtornos Mentais (exceto suicidio);Atropelamento de Pedestre;Pleno dia;Ceu Claro;Nao Informado;Ileso;2;1;4;1;1;3
Transtornos Mentais (exceto suicidio);Atropelamento de Pedestre;Pleno dia;Ceu Claro;Nao se aplica;Lesoes Graves;4;1;4;1;1;3
Transtornos Mentais (exceto suicidio);Atropelamento de Pedestre;Pleno dia;Ceu Claro;Nao se aplica;Lesoes Leves;1;1;4;1;1;3
Transtornos Mentais (exceto suicidio);Atropelamento de Pedestre;Pleno dia;Ceu Claro;Nao se aplica;Obito;1;1;4;1;1;3
Transtornos Mentais (exceto suicidio);Atropelamento de Pedestre;Pleno dia;Ceu Claro;Onibus;Ileso;2;1;4;1;1;3
Transtornos Mentais (exceto suicidio);Capotamento;Pleno dia;Ceu Claro;Automovel;Lesoes Leves;1;1;5;1;1;1
Transtornos Mentais (exceto suicidio);Colisao com objeto;Amanhecer;Nublado;Automovel;Lesoes Leves;1;1;5;4;2;1
Transtornos Mentais (exceto suicidio);Colisao com objeto;Plena Noite;Chuva;Caminhonete;Lesoes Leves;1;1;5;2;2;2
Transtornos Mentais (exceto suicidio);Colisao com objeto;Plena Noite;Nublado;Caminhao-trator;Obito;1;1;5;2;2;2
Transtornos Mentais (exceto suicidio);Colisao com objeto;Pleno dia;Ceu Claro;Automovel;Ileso;4;1;5;1;1;1
Transtornos Mentais (exceto suicidio);Colisao com objeto;Pleno dia;Ceu Claro;Automovel;Lesoes Leves;1;1;5;1;1;1
Transtornos Mentais (exceto suicidio);Colisao com objeto;Pleno dia;Ceu Claro;Caminhonete;Lesoes Leves;1;1;5;1;1;2
Transtornos Mentais (exceto suicidio);Colisao com objeto;Pleno dia;Chuva;Utilitario;Lesoes Leves;1;1;5;1;2;3
Transtornos Mentais (exceto suicidio);Colisao frontal;Plena Noite;Ceu Claro;Motocicleta;Lesoes Leves;2;1;5;2;1;1
Transtornos Mentais (exceto suicidio);Colisao lateral mesmo sentido;Pleno dia;Ceu Claro;Automovel;Ileso;2;1;5;1;1;1
Transtornos Mentais (exceto suicidio);Colisao lateral mesmo sentido;Pleno dia;Ceu Claro;Utilitario;Ileso;3;1;5;1;1;3
Transtornos Mentais (exceto suicidio);Colisao lateral sentido oposto;Pleno dia;Ceu Claro;Automovel;Lesoes Graves;1;1;4;1;1;1
Transtornos Mentais (exceto suicidio);Colisao lateral sentido oposto;Pleno dia;Ceu Claro;Caminhao-trator;Ileso;1;1;4;1;1;2
Transtornos Mentais (exceto suicidio);Colisao transversal;Pleno dia;Ceu Claro;Caminhao;Ileso;2;1;5;1;1;2
Transtornos Mentais (exceto suicidio);Colisao transversal;Pleno dia;Ceu Claro;Motocicleta;Lesoes Leves;1;1;5;1;1;1
Transtornos Mentais (exceto suicidio);Colisao traseira;Pleno dia;Ceu Claro;Automovel;Lesoes Graves;1;1;5;1;1;1
Transtornos Mentais (exceto suicidio);Colisao traseira;Pleno dia;Ceu Claro;Caminhao;Ileso;1;1;5;1;1;2
Transtornos Mentais (exceto suicidio);Colisao traseira;Pleno dia;Garoa/Chuvisco;Automovel;Ileso;1;1;5;1;3;1
Transtornos Mentais (exceto suicidio);Colisao traseira;Pleno dia;Garoa/Chuvisco;Nao Informado;Ileso;1;1;5;1;3;3
Transtornos Mentais (exceto suicidio);Engavetamento;Pleno dia;Ceu Claro;Caminhao;Ileso;1;1;3;1;1;2
Transtornos Mentais (exceto suicidio);Engavetamento;Pleno dia;Ceu Claro;Caminhonete;Ileso;1;1;3;1;1;2
Transtornos Mentais (exceto suicidio);Engavetamento;Pleno dia;Ceu Claro;Micro-onibus;Obito;1;1;3;1;1;4
Transtornos Mentais (exceto suicidio);Engavetamento;Pleno dia;Ceu Claro;Motocicleta;Ileso;1;1;3;1;1;1
Transtornos Mentais (exceto suicidio);Eventos atipicos;Plena Noite;Ceu Claro;Caminhao;Lesoes Graves;1;1;2;2;1;2
Transtornos Mentais (exceto suicidio);Eventos atipicos;Plena Noite;Ceu Claro;Caminhao;Lesoes Leves;1;1;2;2;1;2
Transtornos Mentais (exceto suicidio);Queda de ocupante de veiculo;Plena Noite;Ceu Claro;Caminhao;Ileso;1;1;5;2;1;2
Transtornos Mentais (exceto suicidio);Queda de ocupante de veiculo;Plena Noite;Ceu Claro;Caminhao;Lesoes Graves;2;1;5;2;1;2
Transtornos Mentais (exceto suicidio);Queda de ocupante de veiculo;Plena Noite;Ceu Claro;Caminhao;Lesoes Leves;1;1;5;2;1;2
Transtornos Mentais (exceto suicidio);Queda de ocupante de veiculo;Plena Noite;Ceu Claro;Motocicleta;Lesoes Leves;2;1;5;2;1;1
Transtornos Mentais (exceto suicidio);Queda de ocupante de veiculo;Pleno dia;Ceu Claro;Caminhao;Ileso;3;1;5;1;1;2
Transtornos Mentais (exceto suicidio);Queda de ocupante de veiculo;Pleno dia;Ceu Claro;Caminhonete;Ileso;1;1;5;1;1;2
Transtornos Mentais (exceto suicidio);Queda de ocupante de veiculo;Pleno dia;Ceu Claro;Micro-onibus;Obito;1;1;5;1;1;4
Transtornos Mentais (exceto suicidio);Queda de ocupante de veiculo;Pleno dia;Ceu Claro;Motocicleta;Ileso;2;1;5;1;1;1
Transtornos Mentais (exceto suicidio);Queda de ocupante de veiculo;Pleno dia;Ceu Claro;Motocicleta;Lesoes Leves;2;1;5;1;1;1
Transtornos Mentais (exceto suicidio);Queda de ocupante de veiculo;Pleno dia;Nublado;Caminhonete;Ileso;4;1;5;1;2;2
Transtornos Mentais (exceto suicidio);Queda de ocupante de veiculo;Pleno dia;Nublado;Caminhonete;Lesoes Graves;1;1;5;1;2;2
Transtornos Mentais (exceto suicidio);Saida de leito carrocavel;Amanhecer;Nublado;Automovel;Lesoes Leves;1;1;5;4;2;1
Transtornos Mentais (exceto suicidio);Saida de leito carrocavel;Plena Noite;Ceu Claro;Automovel;Ileso;1;1;5;2;1;1
Transtornos Mentais (exceto suicidio);Saida de leito carrocavel;Plena Noite;Ceu Claro;Automovel;Lesoes Leves;1;1;5;2;1;1
Transtornos Mentais (exceto suicidio);Saida de leito carrocavel;Plena Noite;Chuva;Caminhonete;Lesoes Leves;1;1;5;2;2;2
Transtornos Mentais (exceto suicidio);Saida de leito carrocavel;Pleno dia;Ceu Claro;Automovel;Lesoes Graves;1;1;5;1;1;1
Transtornos Mentais (exceto suicidio);Saida de leito carrocavel;Pleno dia;Ceu Claro;Automovel;Lesoes Leves;1;1;5;1;1;1
Transtornos Mentais (exceto suicidio);Tombamento;Pleno dia;Ceu Claro;Caminhao;Ileso;3;1;5;1;1;2
Transtornos Mentais (exceto suicidio);Tombamento;Pleno dia;Ceu Claro;Caminhonete;Ileso;1;1;5;1;1;2
Transtornos Mentais (exceto suicidio);Tombamento;Pleno dia;Ceu Claro;Micro-onibus;Obito;1;1;5;1;1;4
Transtornos Mentais (exceto suicidio);Tombamento;Pleno dia;Ceu Claro;Motocicleta;Ileso;1;1;5;1;1;1
Transtornos Mentais (exceto suicidio);Tombamento;Pleno dia;Ceu Claro;Motocicleta;Lesoes Leves;1;1;5;1;1;1
Transtornos Mentais (exceto suicidio);Tombamento;Pleno dia;Chuva;Utilitario;Lesoes Leves;1;1;5;1;2;3
Ultrapassagem Indevida;Atropelamento de Pedestre;Amanhecer;Ceu Claro;Motocicleta;Ileso;1;4;4;4;1;1
Ultrapassagem Indevida;Atropelamento de Pedestre;Amanhecer;Ceu Claro;Motocicleta;Obito;1;4;4;4;1;1
Ultrapassagem Indevida;Atropelamento de Pedestre;Amanhecer;Ceu Claro;Onibus;Ileso;1;4;4;4;1;3
Ultrapassagem Indevida;Atropelamento de Pedestre;Plena Noite;Ceu Claro;Caminhao-trator;Ileso;1;4;4;2;1;2
Ultrapassagem Indevida;Atropelamento de Pedestre;Plena Noite;Ceu Claro;Motoneta;Obito;2;4;4;2;1;3
Ultrapassagem Indevida;Atropelamento de Pedestre;Plena Noite;Ceu Claro;Nao se aplica;Lesoes Graves;1;4;4;2;1;3
Ultrapassagem Indevida;Atropelamento de Pedestre;Pleno dia;Ceu Claro;Automovel;Ileso;1;4;4;1;1;1
Ultrapassagem Indevida;Atropelamento de Pedestre;Pleno dia;Ceu Claro;Caminhao;Ileso;1;4;4;1;1;2
Ultrapassagem Indevida;Atropelamento de Pedestre;Pleno dia;Ceu Claro;Caminhao-trator;Ileso;2;4;4;1;1;2
Ultrapassagem Indevida;Atropelamento de Pedestre;Pleno dia;Ceu Claro;Motocicleta;Ileso;1;4;4;1;1;1
Ultrapassagem Indevida;Atropelamento de Pedestre;Pleno dia;Ceu Claro;Motocicleta;Lesoes Leves;2;4;4;1;1;1
Ultrapassagem Indevida;Atropelamento de Pedestre;Pleno dia;Ceu Claro;Nao se aplica;Lesoes Graves;2;4;4;1;1;3
Ultrapassagem Indevida;Atropelamento de Pedestre;Pleno dia;Ceu Claro;Nao se aplica;Lesoes Leves;1;4;4;1;1;3
Ultrapassagem Indevida;Atropelamento de Pedestre;Pleno dia;Ceu Claro;Nao se aplica;Obito;1;4;4;1;1;3
Ultrapassagem Indevida;Atropelamento de Pedestre;Pleno dia;Nublado;Motocicleta;Lesoes Leves;1;4;4;1;2;1
Ultrapassagem Indevida;Atropelamento de Pedestre;Pleno dia;Nublado;Nao se aplica;Lesoes Leves;1;4;4;1;2;3
Ultrapassagem Indevida;Atropelamento de Pedestre;Pleno dia;Sol;Caminhao;Ileso;1;4;4;1;3;2
Ultrapassagem Indevida;Atropelamento de Pedestre;Pleno dia;Sol;Motocicleta;Lesoes Graves;1;4;4;1;3;1
Ultrapassagem Indevida;Atropelamento de Pedestre;Pleno dia;Sol;Motocicleta;Lesoes Leves;1;4;4;1;3;1
Ultrapassagem Indevida;Atropelamento de Pedestre;Pleno dia;Sol;Motocicleta;Obito;1;4;4;1;3;1
Ultrapassagem Indevida;Atropelamento de Pedestre;Pleno dia;Sol;Nao Informado;Ileso;1;4;4;1;3;3
Ultrapassagem Indevida;Capotamento;Amanhecer;Ceu Claro;Automovel;Lesoes Leves;1;4;5;4;1;1
Ultrapassagem Indevida;Capotamento;Amanhecer;Ceu Claro;Caminhonete;Lesoes Graves;1;4;5;4;1;2
Ultrapassagem Indevida;Capotamento;Amanhecer;Ceu Claro;Caminhonete;Lesoes Leves;2;4;5;4;1;2
Ultrapassagem Indevida;Capotamento;Amanhecer;Nublado;Automovel;Lesoes Graves;2;4;5;4;2;1
Ultrapassagem Indevida;Capotamento;Amanhecer;Nublado;Automovel;Lesoes Leves;1;4;5;4;2;1
Ultrapassagem Indevida;Capotamento;Anoitecer;Ceu Claro;Automovel;Ileso;3;4;5;4;1;1
Ultrapassagem Indevida;Capotamento;Anoitecer;Ceu Claro;Automovel;Lesoes Graves;3;4;5;4;1;1
Ultrapassagem Indevida;Capotamento;Anoitecer;Ceu Claro;Automovel;Lesoes Leves;1;4;5;4;1;1
Ultrapassagem Indevida;Capotamento;Anoitecer;Ceu Claro;Caminhao;Ileso;1;4;5;4;1;2
Ultrapassagem Indevida;Capotamento;Anoitecer;Ceu Claro;Caminhao-trator;Ileso;3;4;5;4;1;2
Ultrapassagem Indevida;Capotamento;Anoitecer;Ceu Claro;Caminhonete;Ileso;1;4;5;4;1;2
Ultrapassagem Indevida;Capotamento;Anoitecer;Ceu Claro;Motocicleta;Obito;2;4;5;4;1;1
Ultrapassagem Indevida;Capotamento;Anoitecer;Nublado;Automovel;Lesoes Leves;1;4;5;4;2;1
Ultrapassagem Indevida;Capotamento;Plena Noite;Ceu Claro;Automovel;Ileso;9;4;5;2;1;1
Ultrapassagem Indevida;Capotamento;Plena Noite;Ceu Claro;Automovel;Lesoes Graves;3;4;5;2;1;1
Ultrapassagem Indevida;Capotamento;Plena Noite;Ceu Claro;Automovel;Lesoes Leves;7;4;5;2;1;1
Ultrapassagem Indevida;Capotamento;Plena Noite;Ceu Claro;Automovel;Obito;1;4;5;2;1;1
Ultrapassagem Indevida;Capotamento;Plena Noite;Ceu Claro;Caminhao;Ileso;1;4;5;2;1;2
Ultrapassagem Indevida;Capotamento;Plena Noite;Ceu Claro;Caminhao-trator;Ileso;1;4;5;2;1;2
Ultrapassagem Indevida;Capotamento;Plena Noite;Ceu Claro;Caminhonete;Lesoes Leves;2;4;5;2;1;2
Ultrapassagem Indevida;Capotamento;Plena Noite;Ceu Claro;Motocicleta;Lesoes Graves;2;4;5;2;1;1
Ultrapassagem Indevida;Capotamento;Plena Noite;Chuva;Automovel;Ileso;4;4;5;2;2;1
Ultrapassagem Indevida;Capotamento;Plena Noite;Chuva;Automovel;Lesoes Graves;2;4;5;2;2;1
Ultrapassagem Indevida;Capotamento;Plena Noite;Chuva;Automovel;Lesoes Leves;4;4;5;2;2;1
Ultrapassagem Indevida;Capotamento;Plena Noite;Chuva;Automovel;Obito;2;4;5;2;2;1
Ultrapassagem Indevida;Capotamento;Plena Noite;Chuva;Caminhonete;Lesoes Leves;4;4;5;2;2;2
Ultrapassagem Indevida;Capotamento;Plena Noite;Garoa/Chuvisco;Caminhao-trator;Lesoes Leves;1;4;5;2;3;2
Ultrapassagem Indevida;Capotamento;Plena Noite;Garoa/Chuvisco;Motocicleta;Lesoes Graves;1;4;5;2;3;1
Ultrapassagem Indevida;Capotamento;Plena Noite;Garoa/Chuvisco;Motocicleta;Obito;1;4;5;2;3;1
Ultrapassagem Indevida;Capotamento;Plena Noite;Ignorado;Caminhonete;Lesoes Leves;1;4;5;2;0;2
Ultrapassagem Indevida;Capotamento;Plena Noite;Nublado;Automovel;Ileso;9;4;5;2;2;1
Ultrapassagem Indevida;Capotamento;Plena Noite;Nublado;Automovel;Lesoes Graves;2;4;5;2;2;1
Ultrapassagem Indevida;Capotamento;Plena Noite;Nublado;Automovel;Lesoes Leves;5;4;5;2;2;1
Ultrapassagem Indevida;Capotamento;Plena Noite;Nublado;Caminhonete;Ileso;3;4;5;2;2;2
Ultrapassagem Indevida;Capotamento;Plena Noite;Nublado;Caminhonete;Lesoes Graves;1;4;5;2;2;2
Ultrapassagem Indevida;Capotamento;Plena Noite;Nublado;Caminhonete;Lesoes Leves;3;4;5;2;2;2
Ultrapassagem Indevida;Capotamento;Plena Noite;Nublado;Motocicleta;Obito;2;4;5;2;2;1
Ultrapassagem Indevida;Capotamento;Pleno dia;Ceu Claro;Automovel;Ileso;20;4;5;1;1;1
Ultrapassagem Indevida;Capotamento;Pleno dia;Ceu Claro;Automovel;Lesoes Graves;6;4;5;1;1;1
Ultrapassagem Indevida;Capotamento;Pleno dia;Ceu Claro;Automovel;Lesoes Leves;36;4;5;1;1;1
Ultrapassagem Indevida;Capotamento;Pleno dia;Ceu Claro;Automovel;Obito;4;4;5;1;1;1
Ultrapassagem Indevida;Capotamento;Pleno dia;Ceu Claro;Caminhao;Ileso;3;4;5;1;1;2
Ultrapassagem Indevida;Capotamento;Pleno dia;Ceu Claro;Caminhao;Obito;1;4;5;1;1;2
Ultrapassagem Indevida;Capotamento;Pleno dia;Ceu Claro;Caminhao-trator;Ileso;8;4;5;1;1;2
Ultrapassagem Indevida;Capotamento;Pleno dia;Ceu Claro;Caminhonete;Ileso;2;4;5;1;1;2
Ultrapassagem Indevida;Capotamento;Pleno dia;Ceu Claro;Caminhonete;Lesoes Leves;6;4;5;1;1;2
Ultrapassagem Indevida;Capotamento;Pleno dia;Ceu Claro;Caminhonete;Obito;1;4;5;1;1;2
Ultrapassagem Indevida;Capotamento;Pleno dia;Ceu Claro;Motocicleta;Lesoes Graves;1;4;5;1;1;1
Ultrapassagem Indevida;Capotamento;Pleno dia;Ceu Claro;Motocicleta;Obito;1;4;5;1;1;1
Ultrapassagem Indevida;Capotamento;Pleno dia;Ceu Claro;Nao Informado;Ileso;1;4;5;1;1;3
Ultrapassagem Indevida;Capotamento;Pleno dia;Ceu Claro;Nao Informado;Lesoes Graves;6;4;5;1;1;3
Ultrapassagem Indevida;Capotamento;Pleno dia;Ceu Claro;Nao Informado;Lesoes Leves;2;4;5;1;1;3
Ultrapassagem Indevida;Capotamento;Pleno dia;Ceu Claro;Utilitario;Ileso;2;4;5;1;1;3
Ultrapassagem Indevida;Capotamento;Pleno dia;Ceu Claro;Utilitario;Lesoes Leves;1;4;5;1;1;3
Ultrapassagem Indevida;Capotamento;Pleno dia;Chuva;Automovel;Ileso;1;4;5;1;2;1
Ultrapassagem Indevida;Capotamento;Pleno dia;Chuva;Automovel;Lesoes Leves;1;4;5;1;2;1
Ultrapassagem Indevida;Capotamento;Pleno dia;Nevoeiro/Neblina;Caminhonete;Lesoes Leves;1;4;5;1;4;2
Ultrapassagem Indevida;Capotamento;Pleno dia;Nublado;Automovel;Ileso;8;4;5;1;2;1
Ultrapassagem Indevida;Capotamento;Pleno dia;Nublado;Automovel;Lesoes Graves;1;4;5;1;2;1
Ultrapassagem Indevida;Capotamento;Pleno dia;Nublado;Automovel;Lesoes Leves;8;4;5;1;2;1
Ultrapassagem Indevida;Capotamento;Pleno dia;Nublado;Caminhao;Lesoes Leves;1;4;5;1;2;2
Ultrapassagem Indevida;Capotamento;Pleno dia;Nublado;Caminhao-trator;Ileso;4;4;5;1;2;2
Ultrapassagem Indevida;Capotamento;Pleno dia;Sol;Automovel;Ileso;5;4;5;1;3;1
Ultrapassagem Indevida;Capotamento;Pleno dia;Sol;Automovel;Lesoes Graves;4;4;5;1;3;1
Ultrapassagem Indevida;Capotamento;Pleno dia;Sol;Automovel;Lesoes Leves;11;4;5;1;3;1
Ultrapassagem Indevida;Capotamento;Pleno dia;Sol;Automovel;Obito;1;4;5;1;3;1
Ultrapassagem Indevida;Capotamento;Pleno dia;Sol;Caminhao;Ileso;1;4;5;1;3;2
Ultrapassagem Indevida;Capotamento;Pleno dia;Sol;Caminhao-trator;Ileso;2;4;5;1;3;2
Ultrapassagem Indevida;Capotamento;Pleno dia;Sol;Caminhonete;Ileso;1;4;5;1;3;2
Ultrapassagem Indevida;Capotamento;Pleno dia;Sol;Utilitario;Lesoes Graves;1;4;5;1;3;3
Ultrapassagem Indevida;Capotamento;Pleno dia;Sol;Utilitario;Lesoes Leves;1;4;5;1;3;3
Ultrapassagem Indevida;Colisao com objeto;Amanhecer;Nublado;Caminhao;Ileso;1;4;5;4;2;2
Ultrapassagem Indevida;Colisao com objeto;Amanhecer;Nublado;Caminhao;Lesoes Leves;1;4;5;4;2;2
Ultrapassagem Indevida;Colisao com objeto;Anoitecer;Ceu Claro;Automovel;Lesoes Graves;1;4;5;4;1;1
Ultrapassagem Indevida;Colisao com objeto;Anoitecer;Ceu Claro;Caminhonete;Ileso;1;4;5;4;1;2
Ultrapassagem Indevida;Colisao com objeto;Anoitecer;Chuva;Automovel;Ileso;1;4;5;4;2;1
Ultrapassagem Indevida;Colisao com objeto;Anoitecer;Chuva;Automovel;Lesoes Leves;1;4;5;4;2;1
Ultrapassagem Indevida;Colisao com objeto;Anoitecer;Chuva;Caminhao-trator;Ileso;1;4;5;4;2;2
Ultrapassagem Indevida;Colisao com objeto;Anoitecer;Chuva;Micro-onibus;Lesoes Leves;1;4;5;4;2;4
Ultrapassagem Indevida;Colisao com objeto;Plena Noite;Ceu Claro;Automovel;Lesoes Graves;1;4;5;2;1;1
Ultrapassagem Indevida;Colisao com objeto;Plena Noite;Ceu Claro;Automovel;Lesoes Leves;1;4;5;2;1;1
Ultrapassagem Indevida;Colisao com objeto;Plena Noite;Ceu Claro;Caminhao;Lesoes Leves;1;4;5;2;1;2
Ultrapassagem Indevida;Colisao com objeto;Plena Noite;Ceu Claro;Caminhao-trator;Ileso;1;4;5;2;1;2
Ultrapassagem Indevida;Colisao com objeto;Plena Noite;Ceu Claro;Caminhao-trator;Lesoes Leves;3;4;5;2;1;2
Ultrapassagem Indevida;Colisao com objeto;Plena Noite;Chuva;Automovel;Ileso;7;4;5;2;2;1
Ultrapassagem Indevida;Colisao com objeto;Plena Noite;Chuva;Automovel;Lesoes Graves;2;4;5;2;2;1
Ultrapassagem Indevida;Colisao com objeto;Plena Noite;Chuva;Automovel;Lesoes Leves;1;4;5;2;2;1
Ultrapassagem Indevida;Colisao com objeto;Plena Noite;Garoa/Chuvisco;Automovel;Ileso;1;4;5;2;3;1
Ultrapassagem Indevida;Colisao com objeto;Plena Noite;Garoa/Chuvisco;Motocicleta;Lesoes Leves;1;4;5;2;3;1
Ultrapassagem Indevida;Colisao com objeto;Plena Noite;Ignorado;Automovel;Ileso;1;4;5;2;0;1
Ultrapassagem Indevida;Colisao com objeto;Plena Noite;Ignorado;Motocicleta;Lesoes Graves;1;4;5;2;0;1