causa_acidente;tipo_acidente;fase_dia;condicao_metereologica;tipo_veiculo;estado_fisico;count;causa_acidente_criterios;tipo_acidente_criterios;fase_dia_criterios;condicao_metereologica_criterios;tipo_veiculo_criterios
Ultrapassagem Indevida;Colisao com objeto;Plena Noite;Nublado;Automovel;Ileso;5;4;5;2;2;1
Ultrapassagem Indevida;Colisao com objeto;Plena Noite;Nublado;Automovel;Lesoes Leves;1;4;5;2;2;1
Ultrapassagem Indevida;Colisao com objeto;Pleno dia;Ceu Claro;Automovel;Ileso;2;4;5;1;1;1
Ultrapassagem Indevida;Colisao com objeto;Pleno dia;Ceu Claro;Automovel;Lesoes Graves;5;4;5;1;1;1
Ultrapassagem Indevida;Colisao com objeto;Pleno dia;Ceu Claro;Automovel;Lesoes Leves;16;4;5;1;1;1
Ultrapassagem Indevida;Colisao com objeto;Pleno dia;Ceu Claro;Automovel;Obito;3;4;5;1;1;1
Ultrapassagem Indevida;Colisao com objeto;Pleno dia;Ceu Claro;Caminhao-trator;Ileso;5;4;5;1;1;2
Ultrapassagem Indevida;Colisao com objeto;Pleno dia;Ceu Claro;Caminhao-trator;Lesoes Graves;1;4;5;1;1;2
Ultrapassagem Indevida;Colisao com objeto;Pleno dia;Ceu Claro;Caminhao-trator;Lesoes Leves;1;4;5;1;1;2
Ultrapassagem Indevida;Colisao com objeto;Pleno dia;Ceu Claro;Caminhonete;Ileso;1;4;5;1;1;2
Ultrapassagem Indevida;Colisao com objeto;Pleno dia;Ceu Claro;Caminhonete;Lesoes Graves;1;4;5;1;1;2
Ultrapassagem Indevida;Colisao com objeto;Pleno dia;Ceu Claro;Caminhonete;Lesoes Leves;1;4;5;1;1;2
Ultrapassagem Indevida;Colisao com objeto;Pleno dia;Ceu Claro;Motocicleta;Lesoes Graves;2;4;5;1;1;1
Ultrapassagem Indevida;Colisao com objeto;Pleno dia;Ceu Claro;Motocicleta;Lesoes Leves;3;4;5;1;1;1
Ultrapassagem Indevida;Colisao com objeto;Pleno dia;Ceu Claro;Motocicleta;Obito;2;4;5;1;1;1
Ultrapassagem Indevida;Colisao com objeto;Pleno dia;Ceu Claro;Nao Informado;Ileso;4;4;5;1;1;3
Ultrapassagem Indevida;Colisao com objeto;Pleno dia;Ceu Claro;Nao Informado;Lesoes Graves;1;4;5;1;1;3
Ultrapassagem Indevida;Colisao com objeto;Pleno dia;Ceu Claro;Nao Informado;Lesoes Leves;4;4;5;1;1;3
Ultrapassagem Indevida;Colisao com objeto;Pleno dia;Ceu Claro;Nao Informado;Obito;1;4;5;1;1;3
Ultrapassagem Indevida;Colisao com objeto;Pleno dia;Ceu Claro;Utilitario;Ileso;2;4;5;1;1;3
Ultrapassagem Indevida;Colisao com objeto;Pleno dia;Chuva;Automovel;Ileso;1;4;5;1;2;1
Ultrapassagem Indevida;Colisao com objeto;Pleno dia;Chuva;Automovel;Lesoes Leves;1;4;5;1;2;1
Ultrapassagem Indevida;Colisao com objeto;Pleno dia;Garoa/Chuvisco;Automovel;Ileso;3;4;5;1;3;1
Ultrapassagem Indevida;Colisao com objeto;Pleno dia;Garoa/Chuvisco;Automovel;Lesoes Leves;1;4;5;1;3;1
Ultrapassagem Indevida;Colisao com objeto;Pleno dia;Garoa/Chuvisco;Caminhao;Ileso;1;4;5;1;3;2
Ultrapassagem Indevida;Colisao com objeto;Pleno dia;Nevoeiro/Neblina;Caminhao;Ileso;1;4;5;1;4;2
Ultrapassagem Indevida;Colisao com objeto;Pleno dia;Nevoeiro/Neblina;Caminhao-trator;Ileso;1;4;5;1;4;2
Ultrapassagem Indevida;Colisao com objeto;Pleno dia;Nevoeiro/Neblina;Caminhonete;Lesoes Leves;2;4;5;1;4;2
Ultrapassagem Indevida;Colisao com objeto;Pleno dia;Nublado;Automovel;Ileso;1;4;5;1;2;1
Ultrapassagem Indevida;Colisao com objeto;Pleno dia;Nublado;Automovel;Lesoes Graves;1;4;5;1;2;1
Ultrapassagem Indevida;Colisao com objeto;Pleno dia;Nublado;Automovel;Lesoes Leves;8;4;5;1;2;1
Ultrapassagem Indevida;Colisao com objeto;Pleno dia;Nublado;Caminhao;Ileso;4;4;5;1;2;2
Ultrapassagem Indevida;Colisao com objeto;Pleno dia;Nublado;Caminhao;Lesoes Graves;1;4;5;1;2;2
Ultrapassagem Indevida;Colisao com objeto;Pleno dia;Nublado;Caminhao;Lesoes Leves;2;4;5;1;2;2
Ultrapassagem Indevida;Colisao com objeto;Pleno dia;Nublado;Caminhao-trator;Ileso;5;4;5;1;2;2
Ultrapassagem Indevida;Colisao com objeto;Pleno dia;Sol;Automovel;Ileso;3;4;5;1;3;1
Ultrapassagem Indevida;Colisao com objeto;Pleno dia;Sol;Automovel;Lesoes Graves;2;4;5;1;3;1
Ultrapassagem Indevida;Colisao com objeto;Pleno dia;Sol;Automovel;Lesoes Leves;4;4;5;1;3;1
Ultrapassagem Indevida;Colisao com objeto;Pleno dia;Sol;Caminhao;Ileso;1;4;5;1;3;2
Ultrapassagem Indevida;Colisao com objeto;Pleno dia;Sol;Caminhonete;Ileso;2;4;5;1;3;2
Ultrapassagem Indevida;Colisao com objeto;Pleno dia;Sol;Motocicleta;Lesoes Graves;1;4;5;1;3;1
Ultrapassagem Indevida;Colisao com objeto;Pleno dia;Sol;Motocicleta;Lesoes Leves;3;4;5;1;3;1
Ultrapassagem Indevida;Colisao com objeto;Pleno dia;Sol;Motocicleta;Obito;1;4;5;1;3;1
Ultrapassagem Indevida;Colisao com objeto;Pleno dia;Sol;Nao Informado;Ileso;1;4;5;1;3;3
Ultrapassagem Indevida;Colisao frontal;Amanhecer;Ceu Claro;Automovel;Ileso;2;4;5;4;1;1
Ultrapassagem Indevida;Colisao frontal;Amanhecer;Ceu Claro;Automovel;Lesoes Graves;11;4;5;4;1;1
Ultrapassagem Indevida;Colisao frontal;Amanhecer;Ceu Claro;Automovel;Lesoes Leves;5;4;5;4;1;1
Ultrapassagem Indevida;Colisao frontal;Amanhecer;Ceu Claro;Automovel;Obito;5;4;5;4;1;1
Ultrapassagem Indevida;Colisao frontal;Amanhecer;Ceu Claro;Caminhao;Ileso;1;4;5;4;1;2
Ultrapassagem Indevida;Colisao frontal;Amanhecer;Ceu Claro;Caminhao;Lesoes Graves;1;4;5;4;1;2
Ultrapassagem Indevida;Colisao frontal;Amanhecer;Ceu Claro;Caminhao-trator;Ileso;3;4;5;4;1;2
Ultrapassagem Indevida;Colisao frontal;Amanhecer;Ceu Claro;Caminhao-trator;Lesoes Graves;1;4;5;4;1;2
Ultrapassagem Indevida;Colisao frontal;Amanhecer;Ceu Claro;Caminhao-trator;Obito;2;4;5;4;1;2
Ultrapassagem Indevida;Colisao frontal;Amanhecer;Ceu Claro;Caminhonete;Ileso;4;4;5;4;1;2
Ultrapassagem Indevida;Colisao frontal;Amanhecer;Ceu Claro;Motocicleta;Ileso;1;4;5;4;1;1
Ultrapassagem Indevida;Colisao frontal;Amanhecer;Ceu Claro;Motocicleta;Lesoes Graves;1;4;5;4;1;1
Ultrapassagem Indevida;Colisao frontal;Amanhecer;Ceu Claro;Motocicleta;Obito;6;4;5;4;1;1
Ultrapassagem Indevida;Colisao frontal;Amanhecer;Ceu Claro;Nao Informado;Ileso;1;4;5;4;1;3
Ultrapassagem Indevida;Colisao frontal;Amanhecer;Ceu Claro;Nao Informado;Lesoes Graves;2;4;5;4;1;3
Ultrapassagem Indevida;Colisao frontal;Amanhecer;Ceu Claro;Onibus;Ileso;3;4;5;4;1;3
Ultrapassagem Indevida;Colisao frontal;Amanhecer;Ceu Claro;Utilitario;Lesoes Leves;3;4;5;4;1;3
Ultrapassagem Indevida;Colisao frontal;Amanhecer;Chuva;Caminhao-trator;Lesoes Graves;1;4;5;4;2;2
Ultrapassagem Indevida;Colisao frontal;Amanhecer;Chuva;Caminhao-trator;Lesoes Leves;2;4;5;4;2;2
Ultrapassagem Indevida;Colisao frontal;Amanhecer;Nublado;Automovel;Lesoes Graves;1;4;5;4;2;1
Ultrapassagem Indevida;Colisao frontal;Amanhecer;Nublado;Automovel;Lesoes Leves;2;4;5;4;2;1
Ultrapassagem Indevida;Colisao frontal;Amanhecer;Nublado;Caminhonete;Lesoes Graves;1;4;5;4;2;2
Ultrapassagem Indevida;Colisao frontal;Amanhecer;Nublado;Caminhonete;Lesoes Leves;2;4;5;4;2;2
Ultrapassagem Indevida;Colisao frontal;Amanhecer;Nublado;Motocicleta;Lesoes Graves;2;4;5;4;2;1
Ultrapassagem Indevida;Colisao frontal;Amanhecer;Nublado;Motocicleta;Obito;1;4;5;4;2;1
Ultrapassagem Indevida;Colisao frontal;Anoitecer;Ceu Claro;Automovel;Ileso;3;4;5;4;1;1
Ultrapassagem Indevida;Colisao frontal;Anoitecer;Ceu Claro;Automovel;Lesoes Graves;6;4;5;4;1;1
Ultrapassagem Indevida;Colisao frontal;Anoitecer;Ceu Claro;Automovel;Lesoes Leves;1;4;5;4;1;1
Ultrapassagem Indevida;Colisao frontal;Anoitecer;Ceu Claro;Automovel;Obito;1;4;5;4;1;1
Ultrapassagem Indevida;Colisao frontal;Anoitecer;Ceu Claro;Caminhao;Ileso;3;4;5;4;1;2
Ultrapassagem Indevida;Colisao frontal;Anoitecer;Ceu Claro;Caminhao-trator;Ileso;4;4;5;4;1;2
Ultrapassagem Indevida;Colisao frontal;Anoitecer;Ceu Claro;Caminhonete;Ileso;3;4;5;4;1;2
Ultrapassagem Indevida;Colisao frontal;Anoitecer;Ceu Claro;Motocicleta;Obito;6;4;5;4;1;1
Ultrapassagem Indevida;Colisao frontal;Anoitecer;Ceu Claro;Nao Informado;Ileso;2;4;5;4;1;3
Ultrapassagem Indevida;Colisao frontal;Anoitecer;Chuva;Automovel;Ileso;1;4;5;4;2;1
Ultrapassagem Indevida;Colisao frontal;Anoitecer;Chuva;Automovel;Lesoes Leves;2;4;5;4;2;1
Ultrapassagem Indevida;Colisao frontal;Anoitecer;Chuva;Caminhao-trator;Ileso;1;4;5;4;2;2
Ultrapassagem Indevida;Colisao frontal;Anoitecer;Chuva;Caminhonete;Ileso;1;4;5;4;2;2
Ultrapassagem Indevida;Colisao frontal;Anoitecer;Nublado;Automovel;Ileso;2;4;5;4;2;1
Ultrapassagem Indevida;Colisao frontal;Anoitecer;Nublado;Automovel;Obito;4;4;5;4;2;1
Ultrapassagem Indevida;Colisao frontal;Anoitecer;Nublado;Caminhao;Ileso;1;4;5;4;2;2
Ultrapassagem Indevida;Colisao frontal;Anoitecer;Nublado;Caminhao-trator;Obito;2;4;5;4;2;2
Ultrapassagem Indevida;Colisao frontal;Anoitecer;Nublado;Motocicleta;Lesoes Leves;1;4;5;4;2;1
Ultrapassagem Indevida;Colisao frontal;Anoitecer;Nublado;Nao Informado;Lesoes Graves;1;4;5;4;2;3
Ultrapassagem Indevida;Colisao frontal;Plena Noite;Ceu Claro;Automovel;Ileso;16;4;5;2;1;1
Ultrapassagem Indevida;Colisao frontal;Plena Noite;Ceu Claro;Automovel;Lesoes Graves;36;4;5;2;1;1
Ultrapassagem Indevida;Colisao frontal;Plena Noite;Ceu Claro;Automovel;Lesoes Leves;44;4;5;2;1;1
Ultrapassagem Indevida;Colisao frontal;Plena Noite;Ceu Claro;Automovel;Obito;26;4;5;2;1;1
Ultrapassagem Indevida;Colisao frontal;Plena Noite;Ceu Claro;Bicicleta;Lesoes Leves;1;4;5;2;1;3
Ultrapassagem Indevida;Colisao frontal;Plena Noite;Ceu Claro;Caminhao;Ileso;7;4;5;2;1;2
Ultrapassagem Indevida;Colisao frontal;Plena Noite;Ceu Claro;Caminhao-trator;Ileso;12;4;5;2;1;2
Ultrapassagem Indevida;Colisao frontal;Plena Noite;Ceu Claro;Caminhao-trator;Lesoes Leves;1;4;5;2;1;2
Ultrapassagem Indevida;Colisao frontal;Plena Noite;Ceu Claro;Caminhonete;Ileso;11;4;5;2;1;2
Ultrapassagem Indevida;Colisao frontal;Plena Noite;Ceu Claro;Caminhonete;Lesoes Graves;3;4;5;2;1;2
Ultrapassagem Indevida;Colisao frontal;Plena Noite;Ceu Claro;Caminhonete;Lesoes Leves;12;4;5;2;1;2
Ultrapassagem Indevida;Colisao frontal;Plena Noite;Ceu Claro;Caminhonete;Obito;5;4;5;2;1;2
Ultrapassagem Indevida;Colisao frontal;Plena Noite;Ceu Claro;Motocicleta;Lesoes Graves;6;4;5;2;1;1
Ultrapassagem Indevida;Colisao frontal;Plena Noite;Ceu Claro;Motocicleta;Lesoes Leves;11;4;5;2;1;1
Ultrapassagem Indevida;Colisao frontal;Plena Noite;Ceu Claro;Motocicleta;Obito;11;4;5;2;1;1
Ultrapassagem Indevida;Colisao frontal;Plena Noite;Ceu Claro;Motoneta;Obito;2;4;5;2;1;3
Ultrapassagem Indevida;Colisao frontal;Plena Noite;Ceu Claro;Nao Informado;Ileso;2;4;5;2;1;3
Ultrapassagem Indevida;Colisao frontal;Plena Noite;Ceu Claro;Onibus;Ileso;7;4;5;2;1;3
Ultrapassagem Indevida;Colisao frontal;Plena Noite;Ceu Claro;Onibus;Lesoes Leves;1;4;5;2;1;3
Ultrapassagem Indevida;Colisao frontal;Plena Noite;Chuva;Automovel;Ileso;1;4;5;2;2;1
Ultrapassagem Indevida;Colisao frontal;Plena Noite;Chuva;Automovel;Lesoes Graves;9;4;5;2;2;1
Ultrapassagem Indevida;Colisao frontal;Plena Noite;Chuva;Automovel;Lesoes Leves;5;4;5;2;2;1
Ultrapassagem Indevida;Colisao frontal;Plena Noite;Chuva;Automovel;Obito;7;4;5;2;2;1
Ultrapassagem Indevida;Colisao frontal;Plena Noite;Chuva;Caminhao;Ileso;1;4;5;2;2;2
Ultrapassagem Indevida;Colisao frontal;Plena Noite;Chuva;Caminhao-trator;Ileso;1;4;5;2;2;2
Ultrapassagem Indevida;Colisao frontal;Plena Noite;Chuva;Caminhao-trator;Obito;1;4;5;2;2;2
Ultrapassagem Indevida;Colisao frontal;Plena Noite;Chuva;Caminhonete;Lesoes Graves;1;4;5;2;2;2
Ultrapassagem Indevida;Colisao frontal;Plena Noite;Chuva;Caminhonete;Lesoes Leves;4;4;5;2;2;2
Ultrapassagem Indevida;Colisao frontal;Plena Noite;Chuva;Nao Informado;Ileso;1;4;5;2;2;3
Ultrapassagem Indevida;Colisao frontal;Plena Noite;Chuva;Nao Informado;Lesoes Graves;1;4;5;2;2;3
Ultrapassagem Indevida;Colisao frontal;Plena Noite;Chuva;Nao Informado;Obito;3;4;5;2;2;3
Ultrapassagem Indevida;Colisao frontal;Plena Noite;Chuva;Utilitario;Ileso;1;4;5;2;2;3
Ultrapassagem Indevida;Colisao frontal;Plena Noite;Garoa/Chuvisco;Automovel;Lesoes Graves;2;4;5;2;3;1
Ultrapassagem Indevida;Colisao frontal;Plena Noite;Garoa/Chuvisco;Automovel;Lesoes Leves;4;4;5;2;3;1
Ultrapassagem Indevida;Colisao frontal;Plena Noite;Garoa/Chuvisco;Caminhao;Ileso;1;4;5;2;3;2
Ultrapassagem Indevida;Colisao frontal;Plena Noite;Garoa/Chuvisco;Caminhao-trator;Lesoes Leves;1;4;5;2;3;2
Ultrapassagem Indevida;Colisao frontal;Plena Noite;Garoa/Chuvisco;Motocicleta;Ileso;1;4;5;2;3;1
Ultrapassagem Indevida;Colisao frontal;Plena Noite;Garoa/Chuvisco;Motocicleta;Lesoes Graves;2;4;5;2;3;1
Ultrapassagem Indevida;Colisao frontal;Plena Noite;Garoa/Chuvisco;Motocicleta;Obito;1;4;5;2;3;1
Ultrapassagem Indevida;Colisao frontal;Plena Noite;Ignorado;Caminhao;Ileso;1;4;5;2;0;2
Ultrapassagem Indevida;Colisao frontal;Plena Noite;Ignorado;Motocicleta;Ileso;1;4;5;2;0;1
Ultrapassagem Indevida;Colisao frontal;Plena Noite;Ignorado;Motocicleta;Lesoes Graves;1;4;5;2;0;1
Ultrapassagem Indevida;Colisao frontal;Plena Noite;Ignorado;Motocicleta;Obito;1;4;5;2;0;1
Ultrapassagem Indevida;Colisao frontal;Plena Noite;Ignorado;Motoneta;Lesoes Graves;1;4;5;2;0;3
Ultrapassagem Indevida;Colisao frontal;Plena Noite;Nublado;Automovel;Ileso;6;4;5;2;2;1
Ultrapassagem Indevida;Colisao frontal;Plena Noite;Nublado;Automovel;Lesoes Graves;11;4;5;2;2;1
Ultrapassagem Indevida;Colisao frontal;Plena Noite;Nublado;Automovel;Lesoes Leves;4;4;5;2;2;1
Ultrapassagem Indevida;Colisao frontal;Plena Noite;Nublado;Automovel;Obito;6;4;5;2;2;1
Ultrapassagem Indevida;Colisao frontal;Plena Noite;Nublado;Caminhao;Ileso;1;4;5;2;2;2
Ultrapassagem Indevida;Colisao frontal;Plena Noite;Nublado;Caminhao-trator;Ileso;2;4;5;2;2;2
Ultrapassagem Indevida;Colisao frontal;Plena Noite;Nublado;Caminhao-trator;Lesoes Leves;2;4;5;2;2;2
Ultrapassagem Indevida;Colisao frontal;Plena Noite;Nublado;Caminhonete;Ileso;3;4;5;2;2;2
Ultrapassagem Indevida;Colisao frontal;Plena Noite;Nublado;Caminhonete;Lesoes Graves;1;4;5;2;2;2
Ultrapassagem Indevida;Colisao frontal;Plena Noite;Nublado;Caminhonete;Lesoes Leves;1;4;5;2;2;2
Ultrapassagem Indevida;Colisao frontal;Plena Noite;Nublado;Motocicleta;Ileso;1;4;5;2;2;1
Ultrapassagem Indevida;Colisao frontal;Plena Noite;Nublado;Motocicleta;Lesoes Graves;9;4;5;2;2;1
Ultrapassagem Indevida;Colisao frontal;Plena Noite;Nublado;Motocicleta;Obito;2;4;5;2;2;1
Ultrapassagem Indevida;Colisao frontal;Plena Noite;Nublado;Nao Informado;Ileso;4;4;5;2;2;3
Ultrapassagem Indevida;Colisao frontal;Plena Noite;Nublado;Onibus;Ileso;2;4;5;2;2;3
Ultrapassagem Indevida;Colisao frontal;Plena Noite;Nublado;Onibus;Obito;1;4;5;2;2;3
Ultrapassagem Indevida;Colisao frontal;Pleno dia;Ceu Claro;Automovel;Ileso;41;4;5;1;1;1
Ultrapassagem Indevida;Colisao frontal;Pleno dia;Ceu Claro;Automovel;Lesoes Graves;45;4;5;1;1;1
Ultrapassagem Indevida;Colisao frontal;Pleno dia;Ceu Claro;Automovel;Lesoes Leves;45;4;5;1;1;1
Ultrapassagem Indevida;Colisao frontal;Pleno dia;Ceu Claro;Automovel;Obito;30;4;5;1;1;1
Ultrapassagem Indevida;Colisao frontal;Pleno dia;Ceu Claro;Caminhao;Ileso;10;4;5;1;1;2
Ultrapassagem Indevida;Colisao frontal;Pleno dia;Ceu Claro;Caminhao;Lesoes Leves;4;4;5;1;1;2
Ultrapassagem Indevida;Colisao frontal;Pleno dia;Ceu Claro;Caminhao-trator;Ileso;32;4;5;1;1;2
Ultrapassagem Indevida;Colisao frontal;Pleno dia;Ceu Claro;Caminhao-trator;Lesoes Graves;2;4;5;1;1;2
Ultrapassagem Indevida;Colisao frontal;Pleno dia;Ceu Claro;Caminhao-trator;Lesoes Leves;6;4;5;1;1;2
Ultrapassagem Indevida;Colisao frontal;Pleno dia;Ceu Claro;Caminhonete;Ileso;19;4;5;1;1;2
Ultrapassagem Indevida;Colisao frontal;Pleno dia;Ceu Claro;Caminhonete;Lesoes Graves;8;4;5;1;1;2
Ultrapassagem Indevida;Colisao frontal;Pleno dia;Ceu Claro;Caminhonete;Lesoes Leves;7;4;5;1;1;2
Ultrapassagem Indevida;Colisao frontal;Pleno dia;Ceu Claro;Caminhonete;Obito;6;4;5;1;1;2
Ultrapassagem Indevida;Colisao frontal;Pleno dia;Ceu Claro;Motocicleta;Ileso;1;4;5;1;1;1
Ultrapassagem Indevida;Colisao frontal;Pleno dia;Ceu Claro;Motocicleta;Lesoes Graves;9;4;5;1;1;1
Ultrapassagem Indevida;Colisao frontal;Pleno dia;Ceu Claro;Motocicleta;Lesoes Leves;6;4;5;1;1;1
Ultrapassagem Indevida;Colisao frontal;Pleno dia;Ceu Claro;Motocicleta;Obito;9;4;5;1;1;1
Ultrapassagem Indevida;Colisao frontal;Pleno dia;Ceu Claro;Motoneta;Lesoes Graves;1;4;5;1;1;3
Ultrapassagem Indevida;Colisao frontal;Pleno dia;Ceu Claro;Motoneta;Lesoes Leves;1;4;5;1;1;3
Ultrapassagem Indevida;Colisao frontal;Pleno dia;Ceu Claro;Nao Informado;Ileso;3;4;5;1;1;3
Ultrapassagem Indevida;Colisao frontal;Pleno dia;Ceu Claro;Nao Informado;Lesoes Graves;9;4;5;1;1;3
Ultrapassagem Indevida;Colisao frontal;Pleno dia;Ceu Claro;Nao Informado;Lesoes Leves;4;4;5;1;1;3
Ultrapassagem Indevida;Colisao frontal;Pleno dia;Ceu Claro;Nao Informado;Obito;2;4;5;1;1;3
Ultrapassagem Indevida;Colisao frontal;Pleno dia;Ceu Claro;Onibus;Ileso;15;4;5;1;1;3
Ultrapassagem Indevida;Colisao frontal;Pleno dia;Ceu Claro;Onibus;Lesoes Graves;1;4;5;1;1;3
Ultrapassagem Indevida;Colisao frontal;Pleno dia;Ceu Claro;Onibus;Lesoes Leves;9;4;5;1;1;3
Ultrapassagem Indevida;Colisao frontal;Pleno dia;Ceu Claro;Utilitario;Ileso;1;4;5;1;1;3
Ultrapassagem Indevida;Colisao frontal;Pleno dia;Ceu Claro;Utilitario;Lesoes Graves;1;4;5;1;1;3
Ultrapassagem Indevida;Colisao frontal;Pleno dia;Ceu Claro;Utilitario;Lesoes Leves;3;4;5;1;1;3
Ultrapassagem Indevida;Colisao frontal;Pleno dia;Ceu Claro;Utilitario;Obito;2;4;5;1;1;3
Ultrapassagem Indevida;Colisao frontal;Pleno dia;Chuva;Automovel;Ileso;5;4;5;1;2;1
Ultrapassagem Indevida;Colisao frontal;Pleno dia;Chuva;Automovel;Lesoes Leves;6;4;5;1;2;1
Ultrapassagem Indevida;Colisao frontal;Pleno dia;Chuva;Caminhao;Lesoes Leves;1;4;5;1;2;2
Ultrapassagem Indevida;Colisao frontal;Pleno dia;Chuva;Caminhao;Obito;4;4;5;1;2;2
Ultrapassagem Indevida;Colisao frontal;Pleno dia;Chuva;Caminhao-trator;Ileso;1;4;5;1;2;2
Ultrapassagem Indevida;Colisao frontal;Pleno dia;Chuva;Caminhonete;Lesoes Graves;1;4;5;1;2;2
Ultrapassagem Indevida;Colisao frontal;Pleno dia;Chuva;Caminhonete;Lesoes Leves;1;4;5;1;2;2
Ultrapassagem Indevida;Colisao frontal;Pleno dia;Chuva;Motocicleta;Lesoes Leves;4;4;5;1;2;1
Ultrapassagem Indevida;Colisao frontal;Pleno dia;Chuva;Utilitario;Lesoes Leves;1;4;5;1;2;3
Ultrapassagem Indevida;Colisao frontal;Pleno dia;Garoa/Chuvisco;Automovel;Lesoes Leves;3;4;5;1;3;1
Ultrapassagem Indevida;Colisao frontal;Pleno dia;Garoa/Chuvisco;Caminhonete;Lesoes Leves;2;4;5;1;3;2
Ultrapassagem Indevida;Colisao frontal;Pleno dia;Nevoeiro/Neblina;Caminhao;Ileso;1;4;5;1;4;2
Ultrapassagem Indevida;Colisao frontal;Pleno dia;Nevoeiro/Neblina;Caminhao-trator;Ileso;1;4;5;1;4;2
Ultrapassagem Indevida;Colisao frontal;Pleno dia;Nevoeiro/Neblina;Caminhonete;Lesoes Leves;1;4;5;1;4;2
Ultrapassagem Indevida;Colisao frontal;Pleno dia;Nublado;Automovel;Ileso;5;4;5;1;2;1
Ultrapassagem Indevida;Colisao frontal;Pleno dia;Nublado;Automovel;Lesoes Graves;1;4;5;1;2;1
Ultrapassagem Indevida;Colisao frontal;Pleno dia;Nublado;Automovel;Lesoes Leves;8;4;5;1;2;1
Ultrapassagem Indevida;Colisao frontal;Pleno dia;Nublado;Automovel;Obito;3;4;5;1;2;1
Ultrapassagem Indevida;Colisao frontal;Pleno dia;Nublado;Caminhao;Ileso;2;4;5;1;2;2
Ultrapassagem Indevida;Colisao frontal;Pleno dia;Nublado;Caminhao-trator;Ileso;6;4;5;1;2;2
Ultrapassagem Indevida;Colisao frontal;Pleno dia;Nublado;Caminhao-trator;Lesoes Leves;1;4;5;1;2;2
Ultrapassagem Indevida;Colisao frontal;Pleno dia;Nublado;Motocicleta;Lesoes Graves;3;4;5;1;2;1
Ultrapassagem Indevida;Colisao frontal;Pleno dia;Nublado;Motoneta;Lesoes Graves;2;4;5;1;2;3
Ultrapassagem Indevida;Colisao frontal;Pleno dia;Nublado;Nao Informado;Lesoes Graves;1;4;5;1;2;3
Ultrapassagem Indevida;Colisao frontal;Pleno dia;Nublado;Nao Informado;Lesoes Leves;3;4;5;1;2;3
Ultrapassagem Indevida;Colisao frontal;Pleno dia;Nublado;Onibus;Ileso;16;4;5;1;2;3
Ultrapassagem Indevida;Colisao frontal;Pleno dia;Sol;Automovel;Ileso;3;4;5;1;3;1
Ultrapassagem Indevida;Colisao frontal;Pleno dia;Sol;Automovel;Lesoes Graves;3;4;5;1;3;1
Ultrapassagem Indevida;Colisao frontal;Pleno dia;Sol;Automovel;Lesoes Leves;4;4;5;1;3;1
Ultrapassagem Indevida;Colisao frontal;Pleno dia;Sol;Automovel;Obito;3;4;5;1;3;1
Ultrapassagem Indevida;Colisao frontal;Pleno dia;Sol;Caminhao-trator;Ileso;3;4;5;1;3;2
Ultrapassagem Indevida;Colisao frontal;Pleno dia;Sol;Caminhonete;Lesoes Graves;1;4;5;1;3;2
Ultrapassagem Indevida;Colisao frontal;Pleno dia;Sol;Motocicleta;Lesoes Graves;3;4;5;1;3;1
Ultrapassagem Indevida;Colisao frontal;Pleno dia;Sol;Motocicleta;Lesoes Leves;1;4;5;1;3;1
Ultrapassagem Indevida;Colisao frontal;Pleno dia;Sol;Motocicleta;Obito;2;4;5;1;3;1
Ultrapassagem Indevida;Colisao frontal;Pleno dia;Sol;Utilitario;Lesoes Graves;1;4;5;1;3;3
Ultrapassagem Indevida;Colisao frontal;Pleno dia;Sol;Utilitario;Lesoes Leves;1;4;5;1;3;3
Ultrapassagem Indevida;Colisao lateral mesmo sentido;Amanhecer;Ceu Claro;Automovel;Ileso;4;4;5;4;1;1
Ultrapassagem Indevida;Colisao lateral mesmo sentido;Amanhecer;Ceu Claro;Automovel;Lesoes Graves;4;4;5;4;1;1
Ultrapassagem Indevida;Colisao lateral mesmo sentido;Amanhecer;Ceu Claro;Automovel;Lesoes Leves;1;4;5;4;1;1
Ultrapassagem Indevida;Colisao lateral mesmo sentido;Amanhecer;Ceu Claro;Automovel;Obito;1;4;5;4;1;1
Ultrapassagem Indevida;Colisao lateral mesmo sentido;Amanhecer;Ceu Claro;Caminhao;Ileso;3;4;5;4;1;2
Ultrapassagem Indevida;Colisao lateral mesmo sentido;Amanhecer;Ceu Claro;Caminhao;Lesoes Graves;1;4;5;4;1;2
Ultrapassagem Indevida;Colisao lateral mesmo sentido;Amanhecer;Ceu Claro;Caminhao-trator;Ileso;3;4;5;4;1;2
Ultrapassagem Indevida;Colisao lateral mesmo sentido;Amanhecer;Ceu Claro;Caminhao-trator;Lesoes Graves;2;4;5;4;1;2
Ultrapassagem Indevida;Colisao lateral mesmo sentido;Amanhecer;Ceu Claro;Motocicleta;Obito;1;4;5;4;1;1
Ultrapassagem Indevida;Colisao lateral mesmo sentido;Amanhecer;Ceu Claro;Onibus;Ileso;1;4;5;4;1;3
Ultrapassagem Indevida;Colisao lateral mesmo sentido;Amanhecer;Ceu Claro;Onibus;Lesoes Graves;9;4;5;4;1;3
Ultrapassagem Indevida;Colisao lateral mesmo sentido;Amanhecer;Ceu Claro;Onibus;Lesoes Leves;11;4;5;4;1;3
Ultrapassagem Indevida;Colisao lateral mesmo sentido;Amanhecer;Ceu Claro;Onibus;Obito;3;4;5;4;1;3
Ultrapassagem Indevida;Colisao lateral mesmo sentido;Amanhecer;Ceu Claro;Utilitario;Lesoes Leves;3;4;5;4;1;3
Ultrapassagem Indevida;Colisao lateral mesmo sentido;Amanhecer;Chuva;Caminhao;Ileso;4;4;5;4;2;2
Ultrapassagem Indevida;Colisao lateral mesmo sentido;Amanhecer;Chuva;Caminhao-trator;Ileso;2;4;5;4;2;2
Ultrapassagem Indevida;Colisao lateral mesmo sentido;Amanhecer;Chuva;Caminhonete;Ileso;2;4;5;4;2;2
Ultrapassagem Indevida;Colisao lateral mesmo sentido;Amanhecer;Nublado;Motoneta;Lesoes Leves;1;4;5;4;2;3
Ultrapassagem Indevida;Colisao lateral mesmo sentido;Anoitecer;Ceu Claro;Automovel;Ileso;3;4;5;4;1;1
Ultrapassagem Indevida;Colisao lateral mesmo sentido;Anoitecer;Ceu Claro;Automovel;Lesoes Graves;4;4;5;4;1;1
Ultrapassagem Indevida;Colisao lateral mesmo sentido;Anoitecer;Ceu Claro;Automovel;Lesoes Leves;1;4;5;4;1;1
Ultrapassagem Indevida;Colisao lateral mesmo sentido;Anoitecer;Ceu Claro;Caminhao-trator;Ileso;3;4;5;4;1;2
Ultrapassagem Indevida;Colisao lateral mesmo sentido;Anoitecer;Ceu Claro;Caminhao-trator;Lesoes Leves;1;4;5;4;1;2
Ultrapassagem Indevida;Colisao lateral mesmo sentido;Anoitecer;Ceu Claro;Motocicleta;Ileso;1;4;5;4;1;1
Ultrapassagem Indevida;Colisao lateral mesmo sentido;Anoitecer;Ceu Claro;Motocicleta;Lesoes Graves;2;4;5;4;1;1
Ultrapassagem Indevida;Colisao lateral mesmo sentido;Anoitecer;Ceu Claro;Motocicleta;Lesoes Leves;4;4;5;4;1;1
Ultrapassagem Indevida;Colisao lateral mesmo sentido;Anoitecer;Ceu Claro;Nao Informado;Ileso;1;4;5;4;1;3
Ultrapassagem Indevida;Colisao lateral mesmo sentido;Anoitecer;Chuva;Automovel;Ileso;1;4;5;4;2;1
Ultrapassagem Indevida;Colisao lateral mesmo sentido;Anoitecer;Chuva;Motoneta;Ileso;1;4;5;4;2;3