causa_acidente;tipo_acidente;fase_dia;condicao_metereologica;tipo_veiculo;estado_fisico;count;causa_acidente_criterios;tipo_acidente_criterios;fase_dia_criterios;condicao_metereologica_criterios;tipo_veiculo_criterios
Ultrapassagem Indevida;Colisao transversal;Anoitecer;Ceu Claro;Automovel;Ileso;1;4;5;4;1;1
Ultrapassagem Indevida;Colisao transversal;Anoitecer;Ceu Claro;Automovel;Lesoes Leves;1;4;5;4;1;1
Ultrapassagem Indevida;Colisao transversal;Anoitecer;Ceu Claro;Motocicleta;Lesoes Leves;1;4;5;4;1;1
Ultrapassagem Indevida;Colisao transversal;Anoitecer;Ceu Claro;Onibus;Ileso;7;4;5;4;1;3
Ultrapassagem Indevida;Colisao transversal;Anoitecer;Garoa/Chuvisco;Caminhonete;Ileso;1;4;5;4;3;2
Ultrapassagem Indevida;Colisao transversal;Anoitecer;Garoa/Chuvisco;Motocicleta;Lesoes Leves;1;4;5;4;3;1
Ultrapassagem Indevida;Colisao transversal;Anoitecer;Nublado;Automovel;Ileso;2;4;5;4;2;1
Ultrapassagem Indevida;Colisao transversal;Anoitecer;Nublado;Motocicleta;Lesoes Graves;1;4;5;4;2;1
Ultrapassagem Indevida;Colisao transversal;Anoitecer;Nublado;Motocicleta;Lesoes Leves;1;4;5;4;2;1
Ultrapassagem Indevida;Colisao transversal;Plena Noite;Ceu Claro;Automovel;Ileso;2;4;5;2;1;1
Ultrapassagem Indevida;Colisao transversal;Plena Noite;Ceu Claro;Caminhonete;Ileso;3;4;5;2;1;2
Ultrapassagem Indevida;Colisao transversal;Plena Noite;Ceu Claro;Motocicleta;Lesoes Leves;3;4;5;2;1;1
Ultrapassagem Indevida;Colisao transversal;Plena Noite;Ceu Claro;Motocicleta;Obito;1;4;5;2;1;1
Ultrapassagem Indevida;Colisao transversal;Plena Noite;Ceu Claro;Motoneta;Lesoes Graves;1;4;5;2;1;3
Ultrapassagem Indevida;Colisao transversal;Plena Noite;Ceu Claro;Motoneta;Lesoes Leves;1;4;5;2;1;3
Ultrapassagem Indevida;Colisao transversal;Plena Noite;Ceu Claro;Nao Informado;Ileso;1;4;5;2;1;3
Ultrapassagem Indevida;Colisao transversal;Plena Noite;Chuva;Automovel;Ileso;1;4;5;2;2;1
Ultrapassagem Indevida;Colisao transversal;Plena Noite;Chuva;Automovel;Lesoes Graves;1;4;5;2;2;1
Ultrapassagem Indevida;Colisao transversal;Plena Noite;Chuva;Caminhao-trator;Ileso;2;4;5;2;2;2
Ultrapassagem Indevida;Colisao transversal;Plena Noite;Chuva;Caminhao-trator;Lesoes Leves;1;4;5;2;2;2
Ultrapassagem Indevida;Colisao transversal;Plena Noite;Chuva;Caminhonete;Lesoes Leves;1;4;5;2;2;2
Ultrapassagem Indevida;Colisao transversal;Plena Noite;Chuva;Motocicleta;Lesoes Leves;1;4;5;2;2;1
Ultrapassagem Indevida;Colisao transversal;Plena Noite;Chuva;Onibus;Ileso;1;4;5;2;2;3
Ultrapassagem Indevida;Colisao transversal;Plena Noite;Garoa/Chuvisco;Automovel;Ileso;1;4;5;2;3;1
Ultrapassagem Indevida;Colisao transversal;Plena Noite;Garoa/Chuvisco;Motocicleta;Lesoes Leves;1;4;5;2;3;1
Ultrapassagem Indevida;Colisao transversal;Plena Noite;Ignorado;Automovel;Ileso;1;4;5;2;0;1
Ultrapassagem Indevida;Colisao transversal;Plena Noite;Ignorado;Automovel;Lesoes Graves;1;4;5;2;0;1
Ultrapassagem Indevida;Colisao transversal;Plena Noite;Ignorado;Automovel;Lesoes Leves;1;4;5;2;0;1
Ultrapassagem Indevida;Colisao transversal;Plena Noite;Ignorado;Motocicleta;Lesoes Graves;1;4;5;2;0;1
Ultrapassagem Indevida;Colisao transversal;Plena Noite;Nublado;Automovel;Ileso;2;4;5;2;2;1
Ultrapassagem Indevida;Colisao transversal;Plena Noite;Nublado;Automovel;Lesoes Leves;1;4;5;2;2;1
Ultrapassagem Indevida;Colisao transversal;Plena Noite;Nublado;Motocicleta;Lesoes Graves;1;4;5;2;2;1
Ultrapassagem Indevida;Colisao transversal;Plena Noite;Nublado;Nao Informado;Ileso;2;4;5;2;2;3
Ultrapassagem Indevida;Colisao transversal;Pleno dia;Ceu Claro;Automovel;Ileso;17;4;5;1;1;1
Ultrapassagem Indevida;Colisao transversal;Pleno dia;Ceu Claro;Automovel;Lesoes Graves;2;4;5;1;1;1
Ultrapassagem Indevida;Colisao transversal;Pleno dia;Ceu Claro;Automovel;Lesoes Leves;7;4;5;1;1;1
Ultrapassagem Indevida;Colisao transversal;Pleno dia;Ceu Claro;Caminhao;Ileso;2;4;5;1;1;2
Ultrapassagem Indevida;Colisao transversal;Pleno dia;Ceu Claro;Caminhao-trator;Ileso;4;4;5;1;1;2
Ultrapassagem Indevida;Colisao transversal;Pleno dia;Ceu Claro;Caminhonete;Ileso;12;4;5;1;1;2
Ultrapassagem Indevida;Colisao transversal;Pleno dia;Ceu Claro;Ciclomotor;Lesoes Leves;1;4;5;1;1;4
Ultrapassagem Indevida;Colisao transversal;Pleno dia;Ceu Claro;Micro-onibus;Ileso;1;4;5;1;1;4
Ultrapassagem Indevida;Colisao transversal;Pleno dia;Ceu Claro;Motocicleta;Ileso;2;4;5;1;1;1
Ultrapassagem Indevida;Colisao transversal;Pleno dia;Ceu Claro;Motocicleta;Lesoes Graves;8;4;5;1;1;1
Ultrapassagem Indevida;Colisao transversal;Pleno dia;Ceu Claro;Motocicleta;Lesoes Leves;21;4;5;1;1;1
Ultrapassagem Indevida;Colisao transversal;Pleno dia;Ceu Claro;Onibus;Ileso;2;4;5;1;1;3
Ultrapassagem Indevida;Colisao transversal;Pleno dia;Ceu Claro;Onibus;Lesoes Leves;1;4;5;1;1;3
Ultrapassagem Indevida;Colisao transversal;Pleno dia;Ceu Claro;Utilitario;Ileso;2;4;5;1;1;3
Ultrapassagem Indevida;Colisao transversal;Pleno dia;Chuva;Automovel;Ileso;7;4;5;1;2;1
Ultrapassagem Indevida;Colisao transversal;Pleno dia;Chuva;Automovel;Lesoes Leves;2;4;5;1;2;1
Ultrapassagem Indevida;Colisao transversal;Pleno dia;Chuva;Caminhao;Ileso;1;4;5;1;2;2
Ultrapassagem Indevida;Colisao transversal;Pleno dia;Chuva;Motocicleta;Ileso;1;4;5;1;2;1
Ultrapassagem Indevida;Colisao transversal;Pleno dia;Chuva;Motocicleta;Lesoes Graves;1;4;5;1;2;1
Ultrapassagem Indevida;Colisao transversal;Pleno dia;Chuva;Motocicleta;Lesoes Leves;2;4;5;1;2;1
Ultrapassagem Indevida;Colisao transversal;Pleno dia;Garoa/Chuvisco;Automovel;Ileso;4;4;5;1;3;1
Ultrapassagem Indevida;Colisao transversal;Pleno dia;Garoa/Chuvisco;Automovel;Lesoes Leves;1;4;5;1;3;1
Ultrapassagem Indevida;Colisao transversal;Pleno dia;Garoa/Chuvisco;Caminhao;Ileso;2;4;5;1;3;2
Ultrapassagem Indevida;Colisao transversal;Pleno dia;Garoa/Chuvisco;Caminhao-trator;Lesoes Leves;1;4;5;1;3;2
Ultrapassagem Indevida;Colisao transversal;Pleno dia;Garoa/Chuvisco;Caminhonete;Lesoes Graves;3;4;5;1;3;2
Ultrapassagem Indevida;Colisao transversal;Pleno dia;Garoa/Chuvisco;Caminhonete;Lesoes Leves;2;4;5;1;3;2
Ultrapassagem Indevida;Colisao transversal;Pleno dia;Garoa/Chuvisco;Motocicleta;Lesoes Graves;1;4;5;1;3;1
Ultrapassagem Indevida;Colisao transversal;Pleno dia;Nublado;Automovel;Ileso;10;4;5;1;2;1
Ultrapassagem Indevida;Colisao transversal;Pleno dia;Nublado;Automovel;Lesoes Graves;1;4;5;1;2;1
Ultrapassagem Indevida;Colisao transversal;Pleno dia;Nublado;Automovel;Lesoes Leves;2;4;5;1;2;1
Ultrapassagem Indevida;Colisao transversal;Pleno dia;Nublado;Caminhao;Lesoes Leves;1;4;5;1;2;2
Ultrapassagem Indevida;Colisao transversal;Pleno dia;Nublado;Caminhao-trator;Ileso;4;4;5;1;2;2
Ultrapassagem Indevida;Colisao transversal;Pleno dia;Nublado;Caminhonete;Ileso;2;4;5;1;2;2
Ultrapassagem Indevida;Colisao transversal;Pleno dia;Nublado;Motocicleta;Lesoes Graves;5;4;5;1;2;1
Ultrapassagem Indevida;Colisao transversal;Pleno dia;Nublado;Motocicleta;Lesoes Leves;7;4;5;1;2;1
Ultrapassagem Indevida;Colisao transversal;Pleno dia;Nublado;Motoneta;Lesoes Graves;2;4;5;1;2;3
Ultrapassagem Indevida;Colisao transversal;Pleno dia;Nublado;Nao Informado;Ileso;1;4;5;1;2;3
Ultrapassagem Indevida;Colisao transversal;Pleno dia;Nublado;Onibus;Ileso;1;4;5;1;2;3
Ultrapassagem Indevida;Colisao transversal;Pleno dia;Sol;Automovel;Ileso;4;4;5;1;3;1
Ultrapassagem Indevida;Colisao transversal;Pleno dia;Sol;Motocicleta;Lesoes Graves;2;4;5;1;3;1
Ultrapassagem Indevida;Colisao transversal;Pleno dia;Sol;Motocicleta;Lesoes Leves;3;4;5;1;3;1
Ultrapassagem Indevida;Colisao transversal;Pleno dia;Sol;Motocicleta;Obito;1;4;5;1;3;1
Ultrapassagem Indevida;Colisao traseira;Amanhecer;Ceu Claro;Automovel;Ileso;1;4;5;4;1;1
Ultrapassagem Indevida;Colisao traseira;Amanhecer;Ceu Claro;Automovel;Lesoes Graves;2;4;5;4;1;1
Ultrapassagem Indevida;Colisao traseira;Amanhecer;Ceu Claro;Automovel;Lesoes Leves;4;4;5;4;1;1
Ultrapassagem Indevida;Colisao traseira;Amanhecer;Ceu Claro;Caminhao-trator;Ileso;1;4;5;4;1;2
Ultrapassagem Indevida;Colisao traseira;Amanhecer;Ceu Claro;Caminhonete;Ileso;2;4;5;4;1;2
Ultrapassagem Indevida;Colisao traseira;Amanhecer;Ceu Claro;Nao Informado;Ileso;1;4;5;4;1;3
Ultrapassagem Indevida;Colisao traseira;Amanhecer;Ceu Claro;Nao Informado;Lesoes Graves;2;4;5;4;1;3
Ultrapassagem Indevida;Colisao traseira;Amanhecer;Ceu Claro;Onibus;Ileso;56;4;5;4;1;3
Ultrapassagem Indevida;Colisao traseira;Amanhecer;Chuva;Caminhao;Ileso;2;4;5;4;2;2
Ultrapassagem Indevida;Colisao traseira;Amanhecer;Chuva;Caminhao-trator;Ileso;1;4;5;4;2;2
Ultrapassagem Indevida;Colisao traseira;Amanhecer;Chuva;Caminhonete;Ileso;1;4;5;4;2;2
Ultrapassagem Indevida;Colisao traseira;Anoitecer;Ceu Claro;Automovel;Ileso;2;4;5;4;1;1
Ultrapassagem Indevida;Colisao traseira;Anoitecer;Ceu Claro;Automovel;Lesoes Graves;1;4;5;4;1;1
Ultrapassagem Indevida;Colisao traseira;Anoitecer;Ceu Claro;Automovel;Lesoes Leves;1;4;5;4;1;1
Ultrapassagem Indevida;Colisao traseira;Anoitecer;Ceu Claro;Caminhao;Ileso;1;4;5;4;1;2
Ultrapassagem Indevida;Colisao traseira;Anoitecer;Ceu Claro;Caminhao-trator;Ileso;2;4;5;4;1;2
Ultrapassagem Indevida;Colisao traseira;Anoitecer;Ceu Claro;Caminhonete;Lesoes Leves;2;4;5;4;1;2
Ultrapassagem Indevida;Colisao traseira;Anoitecer;Ceu Claro;Motocicleta;Lesoes Graves;1;4;5;4;1;1
Ultrapassagem Indevida;Colisao traseira;Anoitecer;Ceu Claro;Motocicleta;Lesoes Leves;1;4;5;4;1;1
Ultrapassagem Indevida;Colisao traseira;Anoitecer;Chuva;Automovel;Ileso;1;4;5;4;2;1
Ultrapassagem Indevida;Colisao traseira;Anoitecer;Chuva;Automovel;Lesoes Leves;1;4;5;4;2;1
Ultrapassagem Indevida;Colisao traseira;Anoitecer;Chuva;Caminhonete;Ileso;1;4;5;4;2;2
Ultrapassagem Indevida;Colisao traseira;Anoitecer;Garoa/Chuvisco;Automovel;Ileso;1;4;5;4;3;1
Ultrapassagem Indevida;Colisao traseira;Anoitecer;Garoa/Chuvisco;Motocicleta;Lesoes Leves;1;4;5;4;3;1
Ultrapassagem Indevida;Colisao traseira;Plena Noite;Ceu Claro;Automovel;Ileso;1;4;5;2;1;1
Ultrapassagem Indevida;Colisao traseira;Plena Noite;Ceu Claro;Automovel;Lesoes Leves;4;4;5;2;1;1
Ultrapassagem Indevida;Colisao traseira;Plena Noite;Ceu Claro;Caminhao;Ileso;3;4;5;2;1;2
Ultrapassagem Indevida;Colisao traseira;Plena Noite;Ceu Claro;Caminhao-trator;Ileso;1;4;5;2;1;2
Ultrapassagem Indevida;Colisao traseira;Plena Noite;Ceu Claro;Caminhonete;Ileso;3;4;5;2;1;2
Ultrapassagem Indevida;Colisao traseira;Plena Noite;Ceu Claro;Micro-onibus;Ileso;1;4;5;2;1;4
Ultrapassagem Indevida;Colisao traseira;Plena Noite;Ceu Claro;Micro-onibus;Lesoes Leves;4;4;5;2;1;4
Ultrapassagem Indevida;Colisao traseira;Plena Noite;Ceu Claro;Motocicleta;Lesoes Graves;1;4;5;2;1;1
Ultrapassagem Indevida;Colisao traseira;Plena Noite;Ceu Claro;Motocicleta;Lesoes Leves;2;4;5;2;1;1
Ultrapassagem Indevida;Colisao traseira;Plena Noite;Ceu Claro;Motocicleta;Obito;2;4;5;2;1;1
Ultrapassagem Indevida;Colisao traseira;Plena Noite;Ceu Claro;Motoneta;Obito;2;4;5;2;1;3
Ultrapassagem Indevida;Colisao traseira;Plena Noite;Ceu Claro;Onibus;Ileso;2;4;5;2;1;3
Ultrapassagem Indevida;Colisao traseira;Plena Noite;Ceu Claro;Utilitario;Ileso;1;4;5;2;1;3
Ultrapassagem Indevida;Colisao traseira;Plena Noite;Chuva;Automovel;Ileso;6;4;5;2;2;1
Ultrapassagem Indevida;Colisao traseira;Plena Noite;Chuva;Caminhao-trator;Ileso;1;4;5;2;2;2
Ultrapassagem Indevida;Colisao traseira;Plena Noite;Chuva;Caminhao-trator;Lesoes Leves;1;4;5;2;2;2
Ultrapassagem Indevida;Colisao traseira;Plena Noite;Chuva;Caminhonete;Lesoes Leves;1;4;5;2;2;2
Ultrapassagem Indevida;Colisao traseira;Plena Noite;Chuva;Onibus;Ileso;1;4;5;2;2;3
Ultrapassagem Indevida;Colisao traseira;Plena Noite;Nublado;Bicicleta;Ileso;1;4;5;2;2;3
Ultrapassagem Indevida;Colisao traseira;Plena Noite;Nublado;Motocicleta;Lesoes Graves;2;4;5;2;2;1
Ultrapassagem Indevida;Colisao traseira;Plena Noite;Nublado;Motocicleta;Lesoes Leves;2;4;5;2;2;1
Ultrapassagem Indevida;Colisao traseira;Pleno dia;Ceu Claro;Automovel;Ileso;26;4;5;1;1;1
Ultrapassagem Indevida;Colisao traseira;Pleno dia;Ceu Claro;Automovel;Lesoes Graves;8;4;5;1;1;1
Ultrapassagem Indevida;Colisao traseira;Pleno dia;Ceu Claro;Automovel;Lesoes Leves;21;4;5;1;1;1
Ultrapassagem Indevida;Colisao traseira;Pleno dia;Ceu Claro;Bicicleta;Lesoes Graves;1;4;5;1;1;3
Ultrapassagem Indevida;Colisao traseira;Pleno dia;Ceu Claro;Bicicleta;Lesoes Leves;1;4;5;1;1;3
Ultrapassagem Indevida;Colisao traseira;Pleno dia;Ceu Claro;Caminhao;Ileso;10;4;5;1;1;2
Ultrapassagem Indevida;Colisao traseira;Pleno dia;Ceu Claro;Caminhao-trator;Ileso;8;4;5;1;1;2
Ultrapassagem Indevida;Colisao traseira;Pleno dia;Ceu Claro;Caminhao-trator;Lesoes Leves;1;4;5;1;1;2
Ultrapassagem Indevida;Colisao traseira;Pleno dia;Ceu Claro;Caminhonete;Ileso;9;4;5;1;1;2
Ultrapassagem Indevida;Colisao traseira;Pleno dia;Ceu Claro;Caminhonete;Lesoes Graves;1;4;5;1;1;2
Ultrapassagem Indevida;Colisao traseira;Pleno dia;Ceu Claro;Caminhonete;Lesoes Leves;1;4;5;1;1;2
Ultrapassagem Indevida;Colisao traseira;Pleno dia;Ceu Claro;Caminhonete;Obito;1;4;5;1;1;2
Ultrapassagem Indevida;Colisao traseira;Pleno dia;Ceu Claro;Motocicleta;Lesoes Graves;4;4;5;1;1;1
Ultrapassagem Indevida;Colisao traseira;Pleno dia;Ceu Claro;Motocicleta;Lesoes Leves;5;4;5;1;1;1
Ultrapassagem Indevida;Colisao traseira;Pleno dia;Ceu Claro;Motocicleta;Obito;3;4;5;1;1;1
Ultrapassagem Indevida;Colisao traseira;Pleno dia;Ceu Claro;Nao Informado;Ileso;1;4;5;1;1;3
Ultrapassagem Indevida;Colisao traseira;Pleno dia;Ceu Claro;Nao Informado;Lesoes Leves;1;4;5;1;1;3
Ultrapassagem Indevida;Colisao traseira;Pleno dia;Ceu Claro;Onibus;Ileso;10;4;5;1;1;3
Ultrapassagem Indevida;Colisao traseira;Pleno dia;Ceu Claro;Onibus;Lesoes Graves;1;4;5;1;1;3
Ultrapassagem Indevida;Colisao traseira;Pleno dia;Ceu Claro;Onibus;Lesoes Leves;5;4;5;1;1;3
Ultrapassagem Indevida;Colisao traseira;Pleno dia;Ceu Claro;Utilitario;Ileso;2;4;5;1;1;3
Ultrapassagem Indevida;Colisao traseira;Pleno dia;Ceu Claro;Utilitario;Lesoes Leves;1;4;5;1;1;3
Ultrapassagem Indevida;Colisao traseira;Pleno dia;Chuva;Automovel;Ileso;2;4;5;1;2;1
Ultrapassagem Indevida;Colisao traseira;Pleno dia;Chuva;Automovel;Lesoes Leves;1;4;5;1;2;1
Ultrapassagem Indevida;Colisao traseira;Pleno dia;Chuva;Caminhao-trator;Ileso;2;4;5;1;2;2
Ultrapassagem Indevida;Colisao traseira;Pleno dia;Chuva;Caminhonete;Ileso;2;4;5;1;2;2
Ultrapassagem Indevida;Colisao traseira;Pleno dia;Chuva;Nao Informado;Ileso;1;4;5;1;2;3
Ultrapassagem Indevida;Colisao traseira;Pleno dia;Chuva;Utilitario;Ileso;4;4;5;1;2;3
Ultrapassagem Indevida;Colisao traseira;Pleno dia;Chuva;Utilitario;Lesoes Leves;1;4;5;1;2;3
Ultrapassagem Indevida;Colisao traseira;Pleno dia;Garoa/Chuvisco;Caminhao;Ileso;1;4;5;1;3;2
Ultrapassagem Indevida;Colisao traseira;Pleno dia;Garoa/Chuvisco;Caminhao-trator;Lesoes Leves;1;4;5;1;3;2
Ultrapassagem Indevida;Colisao traseira;Pleno dia;Garoa/Chuvisco;Caminhonete;Lesoes Graves;3;4;5;1;3;2
Ultrapassagem Indevida;Colisao traseira;Pleno dia;Garoa/Chuvisco;Caminhonete;Lesoes Leves;2;4;5;1;3;2
Ultrapassagem Indevida;Colisao traseira;Pleno dia;Nevoeiro/Neblina;Automovel;Ileso;1;4;5;1;4;1
Ultrapassagem Indevida;Colisao traseira;Pleno dia;Nevoeiro/Neblina;Caminhao;Ileso;1;4;5;1;4;2
Ultrapassagem Indevida;Colisao traseira;Pleno dia;Nublado;Automovel;Ileso;4;4;5;1;2;1
Ultrapassagem Indevida;Colisao traseira;Pleno dia;Nublado;Automovel;Lesoes Graves;1;4;5;1;2;1
Ultrapassagem Indevida;Colisao traseira;Pleno dia;Nublado;Automovel;Lesoes Leves;2;4;5;1;2;1
Ultrapassagem Indevida;Colisao traseira;Pleno dia;Nublado;Caminhao;Ileso;1;4;5;1;2;2
Ultrapassagem Indevida;Colisao traseira;Pleno dia;Nublado;Caminhao;Lesoes Graves;1;4;5;1;2;2
Ultrapassagem Indevida;Colisao traseira;Pleno dia;Nublado;Caminhao;Lesoes Leves;1;4;5;1;2;2
Ultrapassagem Indevida;Colisao traseira;Pleno dia;Nublado;Caminhao-trator;Ileso;3;4;5;1;2;2
Ultrapassagem Indevida;Colisao traseira;Pleno dia;Nublado;Caminhonete;Ileso;1;4;5;1;2;2
Ultrapassagem Indevida;Colisao traseira;Pleno dia;Nublado;Motocicleta;Lesoes Graves;2;4;5;1;2;1
Ultrapassagem Indevida;Colisao traseira;Pleno dia;Nublado;Motocicleta;Lesoes Leves;5;4;5;1;2;1
Ultrapassagem Indevida;Colisao traseira;Pleno dia;Nublado;Utilitario;Ileso;1;4;5;1;2;3
Ultrapassagem Indevida;Colisao traseira;Pleno dia;Sol;Automovel;Ileso;1;4;5;1;3;1
Ultrapassagem Indevida;Colisao traseira;Pleno dia;Sol;Motocicleta;Lesoes Leves;3;4;5;1;3;1
Ultrapassagem Indevida;Colisao traseira;Pleno dia;Sol;Nao Informado;Ileso;1;4;5;1;3;3
Ultrapassagem Indevida;Derramamento de carga;Amanhecer;Ceu Claro;Caminhao-trator;Lesoes Graves;1;4;3;4;1;2
Ultrapassagem Indevida;Derramamento de carga;Amanhecer;Ceu Claro;Caminhao-trator;Obito;2;4;3;4;1;2
Ultrapassagem Indevida;Derramamento de carga;Amanhecer;Ceu Claro;Onibus;Lesoes Graves;9;4;3;4;1;3
Ultrapassagem Indevida;Derramamento de carga;Amanhecer;Ceu Claro;Onibus;Lesoes Leves;11;4;3;4;1;3
Ultrapassagem Indevida;Derramamento de carga;Amanhecer;Ceu Claro;Onibus;Obito;3;4;3;4;1;3
Ultrapassagem Indevida;Derramamento de carga;Anoitecer;Chuva;Caminhao-trator;Ileso;1;4;3;4;2;2
Ultrapassagem Indevida;Derramamento de carga;Plena Noite;Ceu Claro;Caminhao-trator;Lesoes Leves;1;4;3;2;1;2
Ultrapassagem Indevida;Derramamento de carga;Plena Noite;Chuva;Caminhao-trator;Ileso;2;4;3;2;2;2
Ultrapassagem Indevida;Derramamento de carga;Plena Noite;Garoa/Chuvisco;Caminhao-trator;Lesoes Leves;1;4;3;2;3;2
Ultrapassagem Indevida;Derramamento de carga;Plena Noite;Garoa/Chuvisco;Motocicleta;Lesoes Graves;1;4;3;2;3;1
Ultrapassagem Indevida;Derramamento de carga;Plena Noite;Garoa/Chuvisco;Motocicleta;Obito;1;4;3;2;3;1
Ultrapassagem Indevida;Derramamento de carga;Pleno dia;Ceu Claro;Automovel;Ileso;2;4;3;1;1;1
Ultrapassagem Indevida;Derramamento de carga;Pleno dia;Ceu Claro;Automovel;Lesoes Graves;1;4;3;1;1;1
Ultrapassagem Indevida;Derramamento de carga;Pleno dia;Ceu Claro;Caminhao-trator;Ileso;2;4;3;1;1;2
Ultrapassagem Indevida;Derramamento de carga;Pleno dia;Ceu Claro;Caminhao-trator;Lesoes Leves;1;4;3;1;1;2
Ultrapassagem Indevida;Derramamento de carga;Pleno dia;Chuva;Caminhao;Obito;4;4;3;1;2;2
Ultrapassagem Indevida;Derramamento de carga;Pleno dia;Nublado;Caminhao-trator;Lesoes Leves;1;4;3;1;2;2
Ultrapassagem Indevida;Engavetamento;Plena Noite;Ceu Claro;Caminhao;Ileso;2;4;3;2;1;2
Ultrapassagem Indevida;Engavetamento;Plena Noite;Ceu Claro;Caminhao;Lesoes Leves;1;4;3;2;1;2
Ultrapassagem Indevida;Engavetamento;Plena Noite;Ceu Claro;Caminhao-trator;Ileso;1;4;3;2;1;2
Ultrapassagem Indevida;Engavetamento;Plena Noite;Ceu Claro;Caminhao-trator;Lesoes Leves;1;4;3;2;1;2
Ultrapassagem Indevida;Eventos atipicos;Plena Noite;Chuva;Caminhao-trator;Ileso;2;4;2;2;2;2
Ultrapassagem Indevida;Eventos atipicos;Pleno dia;Ceu Claro;Automovel;Ileso;2;4;2;1;1;1
Ultrapassagem Indevida;Eventos atipicos;Pleno dia;Sol;Caminhonete;Ileso;1;4;2;1;3;2
Ultrapassagem Indevida;Eventos atipicos;Pleno dia;Sol;Motocicleta;Lesoes Leves;1;4;2;1;3;1
Ultrapassagem Indevida;Incendio;Amanhecer;Ceu Claro;Caminhao-trator;Obito;2;4;2;4;1;2
Ultrapassagem Indevida;Incendio;Plena Noite;Ceu Claro;Automovel;Ileso;1;4;2;2;1;1
Ultrapassagem Indevida;Incendio;Plena Noite;Ceu Claro;Caminhao-trator;Ileso;1;4;2;2;1;2
Ultrapassagem Indevida;Incendio;Plena Noite;Ceu Claro;Motocicleta;Obito;1;4;2;2;1;1
Ultrapassagem Indevida;Incendio;Plena Noite;Ceu Claro;Nao Informado;Ileso;1;4;2;2;1;3
Ultrapassagem Indevida;Incendio;Pleno dia;Ceu Claro;Automovel;Lesoes Graves;1;4;2;1;1;1
Ultrapassagem Indevida;Incendio;Pleno dia;Ceu Claro;Automovel;Lesoes Leves;4;4;2;1;1;1
Ultrapassagem Indevida;Incendio;Pleno dia;Ceu Claro;Automovel;Obito;1;4;2;1;1;1
Ultrapassagem Indevida;Queda de ocupante de veiculo;Amanhecer;Ceu Claro;Automovel;Lesoes Graves;3;4;5;4;1;1
Ultrapassagem Indevida;Queda de ocupante de veiculo;Amanhecer;Ceu Claro;Automovel;Obito;1;4;5;4;1;1
Ultrapassagem Indevida;Queda de ocupante de veiculo;Amanhecer;Ceu Claro;Motocicleta;Ileso;1;4;5;4;1;1
Ultrapassagem Indevida;Queda de ocupante de veiculo;Amanhecer;Ceu Claro;Motocicleta;Lesoes Leves;2;4;5;4;1;1
Ultrapassagem Indevida;Queda de ocupante de veiculo;Amanhecer;Ceu Claro;Motocicleta;Obito;2;4;5;4;1;1
Ultrapassagem Indevida;Queda de ocupante de veiculo;Amanhecer;Ceu Claro;Onibus;Ileso;1;4;5;4;1;3
Ultrapassagem Indevida;Queda de ocupante de veiculo;Amanhecer;Nublado;Motoneta;Lesoes Leves;1;4;5;4;2;3
Ultrapassagem Indevida;Queda de ocupante de veiculo;Anoitecer;Ceu Claro;Automovel;Ileso;1;4;5;4;1;1
Ultrapassagem Indevida;Queda de ocupante de veiculo;Anoitecer;Ceu Claro;Automovel;Lesoes Graves;1;4;5;4;1;1
Ultrapassagem Indevida;Queda de ocupante de veiculo;Anoitecer;Ceu Claro;Automovel;Lesoes Leves;1;4;5;4;1;1
Ultrapassagem Indevida;Queda de ocupante de veiculo;Anoitecer;Ceu Claro;Motocicleta;Ileso;1;4;5;4;1;1
Ultrapassagem Indevida;Queda de ocupante de veiculo;Anoitecer;Ceu Claro;Motocicleta;Lesoes Graves;4;4;5;4;1;1
Ultrapassagem Indevida;Queda de ocupante de veiculo;Anoitecer;Ceu Claro;Motocicleta;Lesoes Leves;4;4;5;4;1;1
Ultrapassagem Indevida;Queda de ocupante de veiculo;Anoitecer;Ceu Claro;Motocicleta;Obito;2;4;5;4;1;1
Ultrapassagem Indevida;Queda de ocupante de veiculo;Anoitecer;Ceu Claro;Nao Informado;Ileso;3;4;5;4;1;3
Ultrapassagem Indevida;Queda de ocupante de veiculo;Anoitecer;Garoa/Chuvisco;Automovel;Ileso;1;4;5;4;3;1
Ultrapassagem Indevida;Queda de ocupante de veiculo;Anoitecer;Garoa/Chuvisco;Caminhonete;Ileso;1;4;5;4;3;2
Ultrapassagem Indevida;Queda de ocupante de veiculo;Anoitecer;Garoa/Chuvisco;Motocicleta;Lesoes Leves;2;4;5;4;3;1
Ultrapassagem Indevida;Queda de ocupante de veiculo;Anoitecer;Nublado;Automovel;Ileso;3;4;5;4;2;1
Ultrapassagem Indevida;Queda de ocupante de veiculo;Anoitecer;Nublado;Motocicleta;Lesoes Leves;3;4;5;4;2;1
Ultrapassagem Indevida;Queda de ocupante de veiculo;Anoitecer;Sol;Motocicleta;Lesoes Leves;1;4;5;4;3;1
Ultrapassagem Indevida;Queda de ocupante de veiculo;Plena Noite;Ceu Claro;Automovel;Ileso;7;4;5;2;1;1
Ultrapassagem Indevida;Queda de ocupante de veiculo;Plena Noite;Ceu Claro;Automovel;Lesoes Leves;2;4;5;2;1;1
Ultrapassagem Indevida;Queda de ocupante de veiculo;Plena Noite;Ceu Claro;Bicicleta;Lesoes Leves;1;4;5;2;1;3
Ultrapassagem Indevida;Queda de ocupante de veiculo;Plena Noite;Ceu Claro;Caminhao;Ileso;1;4;5;2;1;2
Ultrapassagem Indevida;Queda de ocupante de veiculo;Plena Noite;Ceu Claro;Caminhao-trator;Ileso;2;4;5;2;1;2
Ultrapassagem Indevida;Queda de ocupante de veiculo;Plena Noite;Ceu Claro;Caminhonete;Ileso;9;4;5;2;1;2
Ultrapassagem Indevida;Queda de ocupante de veiculo;Plena Noite;Ceu Claro;Motocicleta;Lesoes Graves;11;4;5;2;1;1
Ultrapassagem Indevida;Queda de ocupante de veiculo;Plena Noite;Ceu Claro;Motocicleta;Lesoes Leves;16;4;5;2;1;1
Ultrapassagem Indevida;Queda de ocupante de veiculo;Plena Noite;Ceu Claro;Motocicleta;Obito;7;4;5;2;1;1
Ultrapassagem Indevida;Queda de ocupante de veiculo;Plena Noite;Ceu Claro;Motoneta;Obito;2;4;5;2;1;3
Ultrapassagem Indevida;Queda de ocupante de veiculo;Plena Noite;Ceu Claro;Nao Informado;Ileso;2;4;5;2;1;3
Ultrapassagem Indevida;Queda de ocupante de veiculo;Plena Noite;Ceu Claro;Onibus;Ileso;1;4;5;2;1;3
Ultrapassagem Indevida;Queda de ocupante de veiculo;Plena Noite;Ceu Claro;Onibus;Lesoes Leves;1;4;5;2;1;3
Ultrapassagem Indevida;Queda de ocupante de veiculo;Plena Noite;Ceu Claro;Utilitario;Ileso;1;4;5;2;1;3
Ultrapassagem Indevida;Queda de ocupante de veiculo;Plena Noite;Chuva;Automovel;Ileso;3;4;5;2;2;1
Ultrapassagem Indevida;Queda de ocupante de veiculo;Plena Noite;Chuva;Motocicleta;Lesoes Leves;3;4;5;2;2;1