causa_acidente;tipo_acidente;fase_dia;condicao_metereologica;tipo_veiculo;estado_fisico;count;causa_acidente_criterios;tipo_acidente_criterios;fase_dia_criterios;condicao_metereologica_criterios;tipo_veiculo_criterios
Velocidade Incompativel;Colisao com objeto;Anoitecer;Ceu Claro;Motocicleta;Lesoes Graves;1;5;5;4;1;1
Velocidade Incompativel;Colisao com objeto;Anoitecer;Ceu Claro;Motocicleta;Obito;2;5;5;4;1;1
Velocidade Incompativel;Colisao com objeto;Anoitecer;Chuva;Automovel;Ileso;8;5;5;4;2;1
Velocidade Incompativel;Colisao com objeto;Anoitecer;Chuva;Automovel;Lesoes Graves;1;5;5;4;2;1
Velocidade Incompativel;Colisao com objeto;Anoitecer;Chuva;Automovel;Lesoes Leves;10;5;5;4;2;1
Velocidade Incompativel;Colisao com objeto;Anoitecer;Chuva;Automovel;Obito;2;5;5;4;2;1
Velocidade Incompativel;Colisao com objeto;Anoitecer;Chuva;Caminhao-trator;Ileso;1;5;5;4;2;2
Velocidade Incompativel;Colisao com objeto;Anoitecer;Chuva;Caminhao-trator;Lesoes Leves;1;5;5;4;2;2
Velocidade Incompativel;Colisao com objeto;Anoitecer;Chuva;Micro-onibus;Lesoes Leves;1;5;5;4;2;4
Velocidade Incompativel;Colisao com objeto;Anoitecer;Chuva;Motocicleta;Lesoes Leves;1;5;5;4;2;1
Velocidade Incompativel;Colisao com objeto;Anoitecer;Garoa/Chuvisco;Automovel;Ileso;2;5;5;4;3;1
Velocidade Incompativel;Colisao com objeto;Anoitecer;Garoa/Chuvisco;Automovel;Lesoes Leves;1;5;5;4;3;1
Velocidade Incompativel;Colisao com objeto;Anoitecer;Garoa/Chuvisco;Caminhao-trator;Lesoes Leves;1;5;5;4;3;2
Velocidade Incompativel;Colisao com objeto;Anoitecer;Nublado;Automovel;Ileso;9;5;5;4;2;1
Velocidade Incompativel;Colisao com objeto;Anoitecer;Nublado;Automovel;Lesoes Leves;3;5;5;4;2;1
Velocidade Incompativel;Colisao com objeto;Anoitecer;Nublado;Automovel;Obito;1;5;5;4;2;1
Velocidade Incompativel;Colisao com objeto;Anoitecer;Nublado;Caminhao-trator;Lesoes Leves;2;5;5;4;2;2
Velocidade Incompativel;Colisao com objeto;Plena Noite;Ceu Claro;Automovel;Ileso;38;5;5;2;1;1
Velocidade Incompativel;Colisao com objeto;Plena Noite;Ceu Claro;Automovel;Lesoes Graves;18;5;5;2;1;1
Velocidade Incompativel;Colisao com objeto;Plena Noite;Ceu Claro;Automovel;Lesoes Leves;45;5;5;2;1;1
Velocidade Incompativel;Colisao com objeto;Plena Noite;Ceu Claro;Automovel;Obito;5;5;5;2;1;1
Velocidade Incompativel;Colisao com objeto;Plena Noite;Ceu Claro;Bicicleta;Ileso;1;5;5;2;1;3
Velocidade Incompativel;Colisao com objeto;Plena Noite;Ceu Claro;Caminhao;Ileso;5;5;5;2;1;2
Velocidade Incompativel;Colisao com objeto;Plena Noite;Ceu Claro;Caminhao;Lesoes Graves;2;5;5;2;1;2
Velocidade Incompativel;Colisao com objeto;Plena Noite;Ceu Claro;Caminhao;Lesoes Leves;11;5;5;2;1;2
Velocidade Incompativel;Colisao com objeto;Plena Noite;Ceu Claro;Caminhao;Obito;4;5;5;2;1;2
Velocidade Incompativel;Colisao com objeto;Plena Noite;Ceu Claro;Caminhao-trator;Ileso;6;5;5;2;1;2
Velocidade Incompativel;Colisao com objeto;Plena Noite;Ceu Claro;Caminhao-trator;Lesoes Graves;6;5;5;2;1;2
Velocidade Incompativel;Colisao com objeto;Plena Noite;Ceu Claro;Caminhao-trator;Lesoes Leves;7;5;5;2;1;2
Velocidade Incompativel;Colisao com objeto;Plena Noite;Ceu Claro;Caminhao-trator;Obito;3;5;5;2;1;2
Velocidade Incompativel;Colisao com objeto;Plena Noite;Ceu Claro;Caminhonete;Ileso;6;5;5;2;1;2
Velocidade Incompativel;Colisao com objeto;Plena Noite;Ceu Claro;Caminhonete;Lesoes Graves;7;5;5;2;1;2
Velocidade Incompativel;Colisao com objeto;Plena Noite;Ceu Claro;Caminhonete;Lesoes Leves;12;5;5;2;1;2
Velocidade Incompativel;Colisao com objeto;Plena Noite;Ceu Claro;Micro-onibus;Lesoes Leves;9;5;5;2;1;4
Velocidade Incompativel;Colisao com objeto;Plena Noite;Ceu Claro;Motocicleta;Ileso;1;5;5;2;1;1
Velocidade Incompativel;Colisao com objeto;Plena Noite;Ceu Claro;Motocicleta;Lesoes Graves;9;5;5;2;1;1
Velocidade Incompativel;Colisao com objeto;Plena Noite;Ceu Claro;Motocicleta;Lesoes Leves;5;5;5;2;1;1
Velocidade Incompativel;Colisao com objeto;Plena Noite;Ceu Claro;Motocicleta;Obito;8;5;5;2;1;1
Velocidade Incompativel;Colisao com objeto;Plena Noite;Ceu Claro;Motoneta;Obito;1;5;5;2;1;3
Velocidade Incompativel;Colisao com objeto;Plena Noite;Ceu Claro;Nao Informado;Ileso;5;5;5;2;1;3
Velocidade Incompativel;Colisao com objeto;Plena Noite;Ceu Claro;Nao Informado;Lesoes Leves;8;5;5;2;1;3
Velocidade Incompativel;Colisao com objeto;Plena Noite;Ceu Claro;Utilitario;Ileso;2;5;5;2;1;3
Velocidade Incompativel;Colisao com objeto;Plena Noite;Ceu Claro;Utilitario;Lesoes Leves;4;5;5;2;1;3
Velocidade Incompativel;Colisao com objeto;Plena Noite;Chuva;Automovel;Ileso;25;5;5;2;2;1
Velocidade Incompativel;Colisao com objeto;Plena Noite;Chuva;Automovel;Lesoes Graves;9;5;5;2;2;1
Velocidade Incompativel;Colisao com objeto;Plena Noite;Chuva;Automovel;Lesoes Leves;25;5;5;2;2;1
Velocidade Incompativel;Colisao com objeto;Plena Noite;Chuva;Automovel;Obito;1;5;5;2;2;1
Velocidade Incompativel;Colisao com objeto;Plena Noite;Chuva;Caminhao;Lesoes Leves;4;5;5;2;2;2
Velocidade Incompativel;Colisao com objeto;Plena Noite;Chuva;Caminhao-trator;Ileso;4;5;5;2;2;2
Velocidade Incompativel;Colisao com objeto;Plena Noite;Chuva;Caminhao-trator;Lesoes Graves;2;5;5;2;2;2
Velocidade Incompativel;Colisao com objeto;Plena Noite;Chuva;Caminhao-trator;Lesoes Leves;3;5;5;2;2;2
Velocidade Incompativel;Colisao com objeto;Plena Noite;Chuva;Caminhonete;Ileso;3;5;5;2;2;2
Velocidade Incompativel;Colisao com objeto;Plena Noite;Chuva;Caminhonete;Lesoes Graves;2;5;5;2;2;2
Velocidade Incompativel;Colisao com objeto;Plena Noite;Chuva;Caminhonete;Lesoes Leves;4;5;5;2;2;2
Velocidade Incompativel;Colisao com objeto;Plena Noite;Chuva;Micro-onibus;Ileso;1;5;5;2;2;4
Velocidade Incompativel;Colisao com objeto;Plena Noite;Chuva;Motocicleta;Ileso;1;5;5;2;2;1
Velocidade Incompativel;Colisao com objeto;Plena Noite;Chuva;Motocicleta;Obito;2;5;5;2;2;1
Velocidade Incompativel;Colisao com objeto;Plena Noite;Chuva;Nao Informado;Ileso;2;5;5;2;2;3
Velocidade Incompativel;Colisao com objeto;Plena Noite;Chuva;Nao Informado;Lesoes Graves;3;5;5;2;2;3
Velocidade Incompativel;Colisao com objeto;Plena Noite;Chuva;Nao Informado;Lesoes Leves;1;5;5;2;2;3
Velocidade Incompativel;Colisao com objeto;Plena Noite;Chuva;Nao Informado;Obito;3;5;5;2;2;3
Velocidade Incompativel;Colisao com objeto;Plena Noite;Chuva;Onibus;Ileso;15;5;5;2;2;3
Velocidade Incompativel;Colisao com objeto;Plena Noite;Chuva;Onibus;Lesoes Graves;20;5;5;2;2;3
Velocidade Incompativel;Colisao com objeto;Plena Noite;Chuva;Onibus;Obito;1;5;5;2;2;3
Velocidade Incompativel;Colisao com objeto;Plena Noite;Chuva;Utilitario;Ileso;3;5;5;2;2;3
Velocidade Incompativel;Colisao com objeto;Plena Noite;Garoa/Chuvisco;Automovel;Ileso;19;5;5;2;3;1
Velocidade Incompativel;Colisao com objeto;Plena Noite;Garoa/Chuvisco;Automovel;Lesoes Graves;4;5;5;2;3;1
Velocidade Incompativel;Colisao com objeto;Plena Noite;Garoa/Chuvisco;Automovel;Lesoes Leves;13;5;5;2;3;1
Velocidade Incompativel;Colisao com objeto;Plena Noite;Garoa/Chuvisco;Automovel;Obito;1;5;5;2;3;1
Velocidade Incompativel;Colisao com objeto;Plena Noite;Garoa/Chuvisco;Caminhao;Ileso;2;5;5;2;3;2
Velocidade Incompativel;Colisao com objeto;Plena Noite;Garoa/Chuvisco;Caminhao;Lesoes Leves;2;5;5;2;3;2
Velocidade Incompativel;Colisao com objeto;Plena Noite;Garoa/Chuvisco;Caminhao-trator;Ileso;1;5;5;2;3;2
Velocidade Incompativel;Colisao com objeto;Plena Noite;Garoa/Chuvisco;Caminhao-trator;Lesoes Leves;1;5;5;2;3;2
Velocidade Incompativel;Colisao com objeto;Plena Noite;Garoa/Chuvisco;Caminhonete;Ileso;6;5;5;2;3;2
Velocidade Incompativel;Colisao com objeto;Plena Noite;Garoa/Chuvisco;Caminhonete;Lesoes Leves;2;5;5;2;3;2
Velocidade Incompativel;Colisao com objeto;Plena Noite;Garoa/Chuvisco;Motocicleta;Lesoes Leves;2;5;5;2;3;1
Velocidade Incompativel;Colisao com objeto;Plena Noite;Garoa/Chuvisco;Motoneta;Lesoes Leves;1;5;5;2;3;3
Velocidade Incompativel;Colisao com objeto;Plena Noite;Garoa/Chuvisco;Onibus;Ileso;4;5;5;2;3;3
Velocidade Incompativel;Colisao com objeto;Plena Noite;Ignorado;Automovel;Ileso;1;5;5;2;0;1
Velocidade Incompativel;Colisao com objeto;Plena Noite;Ignorado;Automovel;Lesoes Leves;1;5;5;2;0;1
Velocidade Incompativel;Colisao com objeto;Plena Noite;Ignorado;Automovel;Obito;1;5;5;2;0;1
Velocidade Incompativel;Colisao com objeto;Plena Noite;Ignorado;Caminhonete;Ileso;1;5;5;2;0;2
Velocidade Incompativel;Colisao com objeto;Plena Noite;Ignorado;Motocicleta;Lesoes Graves;1;5;5;2;0;1
Velocidade Incompativel;Colisao com objeto;Plena Noite;Ignorado;Utilitario;Ileso;3;5;5;2;0;3
Velocidade Incompativel;Colisao com objeto;Plena Noite;Nevoeiro/Neblina;Automovel;Ileso;4;5;5;2;4;1
Velocidade Incompativel;Colisao com objeto;Plena Noite;Nevoeiro/Neblina;Automovel;Lesoes Leves;7;5;5;2;4;1
Velocidade Incompativel;Colisao com objeto;Plena Noite;Nevoeiro/Neblina;Caminhao;Lesoes Leves;1;5;5;2;4;2
Velocidade Incompativel;Colisao com objeto;Plena Noite;Nevoeiro/Neblina;Caminhao-trator;Ileso;1;5;5;2;4;2
Velocidade Incompativel;Colisao com objeto;Plena Noite;Nevoeiro/Neblina;Utilitario;Ileso;2;5;5;2;4;3
Velocidade Incompativel;Colisao com objeto;Plena Noite;Nublado;Automovel;Ileso;22;5;5;2;2;1
Velocidade Incompativel;Colisao com objeto;Plena Noite;Nublado;Automovel;Lesoes Graves;8;5;5;2;2;1
Velocidade Incompativel;Colisao com objeto;Plena Noite;Nublado;Automovel;Lesoes Leves;26;5;5;2;2;1
Velocidade Incompativel;Colisao com objeto;Plena Noite;Nublado;Caminhao;Ileso;1;5;5;2;2;2
Velocidade Incompativel;Colisao com objeto;Plena Noite;Nublado;Caminhao;Lesoes Graves;1;5;5;2;2;2
Velocidade Incompativel;Colisao com objeto;Plena Noite;Nublado;Caminhao;Lesoes Leves;1;5;5;2;2;2
Velocidade Incompativel;Colisao com objeto;Plena Noite;Nublado;Caminhao-trator;Ileso;5;5;5;2;2;2
Velocidade Incompativel;Colisao com objeto;Plena Noite;Nublado;Caminhao-trator;Lesoes Leves;4;5;5;2;2;2
Velocidade Incompativel;Colisao com objeto;Plena Noite;Nublado;Caminhonete;Ileso;3;5;5;2;2;2
Velocidade Incompativel;Colisao com objeto;Plena Noite;Nublado;Caminhonete;Lesoes Graves;2;5;5;2;2;2
Velocidade Incompativel;Colisao com objeto;Plena Noite;Nublado;Motocicleta;Lesoes Graves;6;5;5;2;2;1
Velocidade Incompativel;Colisao com objeto;Plena Noite;Nublado;Motocicleta;Obito;2;5;5;2;2;1
Velocidade Incompativel;Colisao com objeto;Plena Noite;Nublado;Nao se aplica;Lesoes Leves;2;5;5;2;2;3
Velocidade Incompativel;Colisao com objeto;Plena Noite;Nublado;Nao se aplica;Obito;1;5;5;2;2;3
Velocidade Incompativel;Colisao com objeto;Plena Noite;Nublado;Onibus;Ileso;18;5;5;2;2;3
Velocidade Incompativel;Colisao com objeto;Plena Noite;Nublado;Onibus;Lesoes Graves;1;5;5;2;2;3
Velocidade Incompativel;Colisao com objeto;Plena Noite;Nublado;Onibus;Lesoes Leves;35;5;5;2;2;3
Velocidade Incompativel;Colisao com objeto;Plena Noite;Nublado;Onibus;Obito;4;5;5;2;2;3
Velocidade Incompativel;Colisao com objeto;Plena Noite;Nublado;Utilitario;Lesoes Leves;1;5;5;2;2;3
Velocidade Incompativel;Colisao com objeto;Pleno dia;Ceu Claro;Automovel;Ileso;51;5;5;1;1;1
Velocidade Incompativel;Colisao com objeto;Pleno dia;Ceu Claro;Automovel;Lesoes Graves;40;5;5;1;1;1
Velocidade Incompativel;Colisao com objeto;Pleno dia;Ceu Claro;Automovel;Lesoes Leves;100;5;5;1;1;1
Velocidade Incompativel;Colisao com objeto;Pleno dia;Ceu Claro;Automovel;Obito;12;5;5;1;1;1
Velocidade Incompativel;Colisao com objeto;Pleno dia;Ceu Claro;Caminhao;Ileso;8;5;5;1;1;2
Velocidade Incompativel;Colisao com objeto;Pleno dia;Ceu Claro;Caminhao;Lesoes Graves;4;5;5;1;1;2
Velocidade Incompativel;Colisao com objeto;Pleno dia;Ceu Claro;Caminhao;Lesoes Leves;8;5;5;1;1;2
Velocidade Incompativel;Colisao com objeto;Pleno dia;Ceu Claro;Caminhao-trator;Ileso;24;5;5;1;1;2
Velocidade Incompativel;Colisao com objeto;Pleno dia;Ceu Claro;Caminhao-trator;Lesoes Graves;7;5;5;1;1;2
Velocidade Incompativel;Colisao com objeto;Pleno dia;Ceu Claro;Caminhao-trator;Lesoes Leves;32;5;5;1;1;2
Velocidade Incompativel;Colisao com objeto;Pleno dia;Ceu Claro;Caminhao-trator;Obito;7;5;5;1;1;2
Velocidade Incompativel;Colisao com objeto;Pleno dia;Ceu Claro;Caminhonete;Ileso;18;5;5;1;1;2
Velocidade Incompativel;Colisao com objeto;Pleno dia;Ceu Claro;Caminhonete;Lesoes Graves;8;5;5;1;1;2
Velocidade Incompativel;Colisao com objeto;Pleno dia;Ceu Claro;Caminhonete;Lesoes Leves;23;5;5;1;1;2
Velocidade Incompativel;Colisao com objeto;Pleno dia;Ceu Claro;Caminhonete;Obito;4;5;5;1;1;2
Velocidade Incompativel;Colisao com objeto;Pleno dia;Ceu Claro;Micro-onibus;Ileso;6;5;5;1;1;4
Velocidade Incompativel;Colisao com objeto;Pleno dia;Ceu Claro;Motocicleta;Ileso;1;5;5;1;1;1
Velocidade Incompativel;Colisao com objeto;Pleno dia;Ceu Claro;Motocicleta;Lesoes Graves;19;5;5;1;1;1
Velocidade Incompativel;Colisao com objeto;Pleno dia;Ceu Claro;Motocicleta;Lesoes Leves;18;5;5;1;1;1
Velocidade Incompativel;Colisao com objeto;Pleno dia;Ceu Claro;Motocicleta;Obito;7;5;5;1;1;1
Velocidade Incompativel;Colisao com objeto;Pleno dia;Ceu Claro;Motoneta;Lesoes Leves;1;5;5;1;1;3
Velocidade Incompativel;Colisao com objeto;Pleno dia;Ceu Claro;Nao Informado;Ileso;12;5;5;1;1;3
Velocidade Incompativel;Colisao com objeto;Pleno dia;Ceu Claro;Nao Informado;Lesoes Graves;1;5;5;1;1;3
Velocidade Incompativel;Colisao com objeto;Pleno dia;Ceu Claro;Nao Informado;Lesoes Leves;9;5;5;1;1;3
Velocidade Incompativel;Colisao com objeto;Pleno dia;Ceu Claro;Nao Informado;Obito;1;5;5;1;1;3
Velocidade Incompativel;Colisao com objeto;Pleno dia;Ceu Claro;Nao se aplica;Lesoes Leves;1;5;5;1;1;3
Velocidade Incompativel;Colisao com objeto;Pleno dia;Ceu Claro;Onibus;Ileso;29;5;5;1;1;3
Velocidade Incompativel;Colisao com objeto;Pleno dia;Ceu Claro;Onibus;Lesoes Leves;24;5;5;1;1;3
Velocidade Incompativel;Colisao com objeto;Pleno dia;Ceu Claro;Utilitario;Ileso;8;5;5;1;1;3
Velocidade Incompativel;Colisao com objeto;Pleno dia;Ceu Claro;Utilitario;Lesoes Graves;6;5;5;1;1;3
Velocidade Incompativel;Colisao com objeto;Pleno dia;Ceu Claro;Utilitario;Obito;3;5;5;1;1;3
Velocidade Incompativel;Colisao com objeto;Pleno dia;Chuva;Automovel;Ileso;82;5;5;1;2;1
Velocidade Incompativel;Colisao com objeto;Pleno dia;Chuva;Automovel;Lesoes Graves;22;5;5;1;2;1
Velocidade Incompativel;Colisao com objeto;Pleno dia;Chuva;Automovel;Lesoes Leves;118;5;5;1;2;1
Velocidade Incompativel;Colisao com objeto;Pleno dia;Chuva;Automovel;Obito;7;5;5;1;2;1
Velocidade Incompativel;Colisao com objeto;Pleno dia;Chuva;Caminhao;Ileso;4;5;5;1;2;2
Velocidade Incompativel;Colisao com objeto;Pleno dia;Chuva;Caminhao;Lesoes Graves;2;5;5;1;2;2
Velocidade Incompativel;Colisao com objeto;Pleno dia;Chuva;Caminhao;Lesoes Leves;10;5;5;1;2;2
Velocidade Incompativel;Colisao com objeto;Pleno dia;Chuva;Caminhao-trator;Ileso;8;5;5;1;2;2
Velocidade Incompativel;Colisao com objeto;Pleno dia;Chuva;Caminhao-trator;Lesoes Graves;1;5;5;1;2;2
Velocidade Incompativel;Colisao com objeto;Pleno dia;Chuva;Caminhao-trator;Lesoes Leves;13;5;5;1;2;2
Velocidade Incompativel;Colisao com objeto;Pleno dia;Chuva;Caminhonete;Ileso;17;5;5;1;2;2
Velocidade Incompativel;Colisao com objeto;Pleno dia;Chuva;Caminhonete;Lesoes Graves;10;5;5;1;2;2
Velocidade Incompativel;Colisao com objeto;Pleno dia;Chuva;Caminhonete;Lesoes Leves;25;5;5;1;2;2
Velocidade Incompativel;Colisao com objeto;Pleno dia;Chuva;Caminhonete;Obito;4;5;5;1;2;2
Velocidade Incompativel;Colisao com objeto;Pleno dia;Chuva;Micro-onibus;Ileso;1;5;5;1;2;4
Velocidade Incompativel;Colisao com objeto;Pleno dia;Chuva;Micro-onibus;Lesoes Leves;1;5;5;1;2;4
Velocidade Incompativel;Colisao com objeto;Pleno dia;Chuva;Motocicleta;Ileso;1;5;5;1;2;1
Velocidade Incompativel;Colisao com objeto;Pleno dia;Chuva;Motocicleta;Lesoes Graves;1;5;5;1;2;1
Velocidade Incompativel;Colisao com objeto;Pleno dia;Chuva;Motocicleta;Lesoes Leves;4;5;5;1;2;1
Velocidade Incompativel;Colisao com objeto;Pleno dia;Chuva;Motocicleta;Obito;1;5;5;1;2;1
Velocidade Incompativel;Colisao com objeto;Pleno dia;Chuva;Nao Informado;Ileso;7;5;5;1;2;3
Velocidade Incompativel;Colisao com objeto;Pleno dia;Chuva;Nao Informado;Lesoes Leves;9;5;5;1;2;3
Velocidade Incompativel;Colisao com objeto;Pleno dia;Chuva;Onibus;Ileso;4;5;5;1;2;3
Velocidade Incompativel;Colisao com objeto;Pleno dia;Chuva;Onibus;Lesoes Graves;3;5;5;1;2;3
Velocidade Incompativel;Colisao com objeto;Pleno dia;Chuva;Onibus;Lesoes Leves;33;5;5;1;2;3
Velocidade Incompativel;Colisao com objeto;Pleno dia;Chuva;Utilitario;Lesoes Leves;1;5;5;1;2;3
Velocidade Incompativel;Colisao com objeto;Pleno dia;Garoa/Chuvisco;Automovel;Ileso;21;5;5;1;3;1
Velocidade Incompativel;Colisao com objeto;Pleno dia;Garoa/Chuvisco;Automovel;Lesoes Graves;6;5;5;1;3;1
Velocidade Incompativel;Colisao com objeto;Pleno dia;Garoa/Chuvisco;Automovel;Lesoes Leves;24;5;5;1;3;1
Velocidade Incompativel;Colisao com objeto;Pleno dia;Garoa/Chuvisco;Automovel;Obito;2;5;5;1;3;1
Velocidade Incompativel;Colisao com objeto;Pleno dia;Garoa/Chuvisco;Caminhao-trator;Ileso;2;5;5;1;3;2
Velocidade Incompativel;Colisao com objeto;Pleno dia;Garoa/Chuvisco;Caminhao-trator;Lesoes Graves;1;5;5;1;3;2
Velocidade Incompativel;Colisao com objeto;Pleno dia;Garoa/Chuvisco;Caminhao-trator;Obito;1;5;5;1;3;2
Velocidade Incompativel;Colisao com objeto;Pleno dia;Garoa/Chuvisco;Caminhonete;Lesoes Leves;5;5;5;1;3;2
Velocidade Incompativel;Colisao com objeto;Pleno dia;Garoa/Chuvisco;Nao Informado;Lesoes Graves;1;5;5;1;3;3
Velocidade Incompativel;Colisao com objeto;Pleno dia;Garoa/Chuvisco;Nao Informado;Lesoes Leves;2;5;5;1;3;3
Velocidade Incompativel;Colisao com objeto;Pleno dia;Garoa/Chuvisco;Utilitario;Ileso;4;5;5;1;3;3
Velocidade Incompativel;Colisao com objeto;Pleno dia;Ignorado;Automovel;Ileso;1;5;5;1;0;1
Velocidade Incompativel;Colisao com objeto;Pleno dia;Ignorado;Automovel;Lesoes Graves;1;5;5;1;0;1
Velocidade Incompativel;Colisao com objeto;Pleno dia;Nublado;Automovel;Ileso;29;5;5;1;2;1
Velocidade Incompativel;Colisao com objeto;Pleno dia;Nublado;Automovel;Lesoes Graves;8;5;5;1;2;1
Velocidade Incompativel;Colisao com objeto;Pleno dia;Nublado;Automovel;Lesoes Leves;40;5;5;1;2;1
Velocidade Incompativel;Colisao com objeto;Pleno dia;Nublado;Automovel;Obito;2;5;5;1;2;1
Velocidade Incompativel;Colisao com objeto;Pleno dia;Nublado;Caminhao;Ileso;8;5;5;1;2;2
Velocidade Incompativel;Colisao com objeto;Pleno dia;Nublado;Caminhao;Lesoes Graves;1;5;5;1;2;2
Velocidade Incompativel;Colisao com objeto;Pleno dia;Nublado;Caminhao;Lesoes Leves;3;5;5;1;2;2
Velocidade Incompativel;Colisao com objeto;Pleno dia;Nublado;Caminhao;Obito;2;5;5;1;2;2
Velocidade Incompativel;Colisao com objeto;Pleno dia;Nublado;Caminhao-trator;Ileso;16;5;5;1;2;2
Velocidade Incompativel;Colisao com objeto;Pleno dia;Nublado;Caminhao-trator;Lesoes Graves;2;5;5;1;2;2
Velocidade Incompativel;Colisao com objeto;Pleno dia;Nublado;Caminhao-trator;Lesoes Leves;8;5;5;1;2;2
Velocidade Incompativel;Colisao com objeto;Pleno dia;Nublado;Caminhonete;Ileso;1;5;5;1;2;2
Velocidade Incompativel;Colisao com objeto;Pleno dia;Nublado;Caminhonete;Lesoes Graves;1;5;5;1;2;2
Velocidade Incompativel;Colisao com objeto;Pleno dia;Nublado;Caminhonete;Lesoes Leves;6;5;5;1;2;2
Velocidade Incompativel;Colisao com objeto;Pleno dia;Nublado;Caminhonete;Obito;1;5;5;1;2;2
Velocidade Incompativel;Colisao com objeto;Pleno dia;Nublado;Motocicleta;Lesoes Graves;3;5;5;1;2;1
Velocidade Incompativel;Colisao com objeto;Pleno dia;Nublado;Motocicleta;Lesoes Leves;4;5;5;1;2;1
Velocidade Incompativel;Colisao com objeto;Pleno dia;Nublado;Motoneta;Obito;1;5;5;1;2;3
Velocidade Incompativel;Colisao com objeto;Pleno dia;Nublado;Nao Informado;Ileso;2;5;5;1;2;3
Velocidade Incompativel;Colisao com objeto;Pleno dia;Nublado;Nao Informado;Lesoes Leves;3;5;5;1;2;3
Velocidade Incompativel;Colisao com objeto;Pleno dia;Nublado;Nao se aplica;Obito;1;5;5;1;2;3
Velocidade Incompativel;Colisao com objeto;Pleno dia;Nublado;Utilitario;Ileso;1;5;5;1;2;3
Velocidade Incompativel;Colisao com objeto;Pleno dia;Nublado;Utilitario;Lesoes Leves;1;5;5;1;2;3
Velocidade Incompativel;Colisao com objeto;Pleno dia;Sol;Automovel;Ileso;12;5;5;1;3;1
Velocidade Incompativel;Colisao com objeto;Pleno dia;Sol;Automovel;Lesoes Graves;5;5;5;1;3;1
Velocidade Incompativel;Colisao com objeto;Pleno dia;Sol;Automovel;Lesoes Leves;13;5;5;1;3;1
Velocidade Incompativel;Colisao com objeto;Pleno dia;Sol;Automovel;Obito;1;5;5;1;3;1
Velocidade Incompativel;Colisao com objeto;Pleno dia;Sol;Bicicleta;Lesoes Leves;4;5;5;1;3;3
Velocidade Incompativel;Colisao com objeto;Pleno dia;Sol;Caminhao;Lesoes Graves;3;5;5;1;3;2
Velocidade Incompativel;Colisao com objeto;Pleno dia;Sol;Caminhao;Lesoes Leves;2;5;5;1;3;2
Velocidade Incompativel;Colisao com objeto;Pleno dia;Sol;Caminhao;Obito;2;5;5;1;3;2
Velocidade Incompativel;Colisao com objeto;Pleno dia;Sol;Caminhao-trator;Ileso;5;5;5;1;3;2
Velocidade Incompativel;Colisao com objeto;Pleno dia;Sol;Caminhao-trator;Lesoes Graves;1;5;5;1;3;2
Velocidade Incompativel;Colisao com objeto;Pleno dia;Sol;Caminhao-trator;Lesoes Leves;4;5;5;1;3;2
Velocidade Incompativel;Colisao com objeto;Pleno dia;Sol;Caminhao-trator;Obito;2;5;5;1;3;2
Velocidade Incompativel;Colisao com objeto;Pleno dia;Sol;Caminhonete;Ileso;5;5;5;1;3;2
Velocidade Incompativel;Colisao com objeto;Pleno dia;Sol;Caminhonete;Lesoes Leves;5;5;5;1;3;2
Velocidade Incompativel;Colisao com objeto;Pleno dia;Sol;Motocicleta;Lesoes Graves;2;5;5;1;3;1
Velocidade Incompativel;Colisao com objeto;Pleno dia;Sol;Motocicleta;Lesoes Leves;5;5;5;1;3;1
Velocidade Incompativel;Colisao com objeto;Pleno dia;Sol;Motocicleta;Obito;1;5;5;1;3;1
Velocidade Incompativel;Colisao com objeto;Pleno dia;Vento;Motocicleta;Lesoes Leves;1;5;5;1;5;1
Velocidade Incompativel;Colisao frontal;Amanhecer;Ceu Claro;Automovel;Ileso;7;5;5;4;1;1
Velocidade Incompativel;Colisao frontal;Amanhecer;Ceu Claro;Automovel;Lesoes Graves;1;5;5;4;1;1
Velocidade Incompativel;Colisao frontal;Amanhecer;Ceu Claro;Automovel;Lesoes Leves;1;5;5;4;1;1
Velocidade Incompativel;Colisao frontal;Amanhecer;Ceu Claro;Caminhao;Ileso;2;5;5;4;1;2
Velocidade Incompativel;Colisao frontal;Amanhecer;Ceu Claro;Motocicleta;Obito;1;5;5;4;1;1
Velocidade Incompativel;Colisao frontal;Amanhecer;Ceu Claro;Motoneta;Obito;1;5;5;4;1;3
Velocidade Incompativel;Colisao frontal;Amanhecer;Chuva;Caminhao-trator;Ileso;1;5;5;4;2;2
Velocidade Incompativel;Colisao frontal;Amanhecer;Chuva;Caminhao-trator;Obito;1;5;5;4;2;2
Velocidade Incompativel;Colisao frontal;Amanhecer;Nevoeiro/Neblina;Automovel;Ileso;1;5;5;4;4;1
Velocidade Incompativel;Colisao frontal;Amanhecer;Nevoeiro/Neblina;Automovel;Lesoes Graves;5;5;5;4;4;1
Velocidade Incompativel;Colisao frontal;Amanhecer;Nevoeiro/Neblina;Automovel;Lesoes Leves;1;5;5;4;4;1
Velocidade Incompativel;Colisao frontal;Amanhecer;Nublado;Automovel;Ileso;4;5;5;4;2;1
Velocidade Incompativel;Colisao frontal;Amanhecer;Nublado;Automovel;Lesoes Graves;3;5;5;4;2;1
Velocidade Incompativel;Colisao frontal;Amanhecer;Nublado;Automovel;Lesoes Leves;6;5;5;4;2;1
Velocidade Incompativel;Colisao frontal;Amanhecer;Nublado;Caminhao-trator;Lesoes Leves;1;5;5;4;2;2
Velocidade Incompativel;Colisao frontal;Amanhecer;Nublado;Motocicleta;Lesoes Leves;1;5;5;4;2;1
Velocidade Incompativel;Colisao frontal;Anoitecer;Ceu Claro;Automovel;Ileso;1;5;5;4;1;1
Velocidade Incompativel;Colisao frontal;Anoitecer;Ceu Claro;Automovel;Lesoes Graves;3;5;5;4;1;1
Velocidade Incompativel;Colisao frontal;Anoitecer;Ceu Claro;Automovel;Lesoes Leves;3;5;5;4;1;1