causa_acidente;tipo_acidente;fase_dia;condicao_metereologica;tipo_veiculo;estado_fisico;count;causa_acidente_criterios;tipo_acidente_criterios;fase_dia_criterios;condicao_metereologica_criterios;tipo_veiculo_criterios
Velocidade Incompativel;Colisao frontal;Anoitecer;Ceu Claro;Automovel;Obito;5;5;5;4;1;1
Velocidade Incompativel;Colisao frontal;Anoitecer;Ceu Claro;Caminhao;Ileso;1;5;5;4;1;2
Velocidade Incompativel;Colisao frontal;Anoitecer;Ceu Claro;Caminhao-trator;Ileso;1;5;5;4;1;2
Velocidade Incompativel;Colisao frontal;Anoitecer;Ceu Claro;Caminhonete;Ileso;2;5;5;4;1;2
Velocidade Incompativel;Colisao frontal;Anoitecer;Ceu Claro;Caminhonete;Lesoes Graves;2;5;5;4;1;2
Velocidade Incompativel;Colisao frontal;Anoitecer;Ceu Claro;Motocicleta;Lesoes Graves;1;5;5;4;1;1
Velocidade Incompativel;Colisao frontal;Anoitecer;Ceu Claro;Motocicleta;Lesoes Leves;1;5;5;4;1;1
Velocidade Incompativel;Colisao frontal;Anoitecer;Ceu Claro;Onibus;Ileso;13;5;5;4;1;3
Velocidade Incompativel;Colisao frontal;Anoitecer;Chuva;Caminhao;Ileso;1;5;5;4;2;2
Velocidade Incompativel;Colisao frontal;Anoitecer;Chuva;Caminhao-trator;Lesoes Leves;1;5;5;4;2;2
Velocidade Incompativel;Colisao frontal;Anoitecer;Chuva;Caminhonete;Ileso;1;5;5;4;2;2
Velocidade Incompativel;Colisao frontal;Anoitecer;Chuva;Caminhonete;Lesoes Leves;1;5;5;4;2;2
Velocidade Incompativel;Colisao frontal;Anoitecer;Chuva;Micro-onibus;Ileso;1;5;5;4;2;4
Velocidade Incompativel;Colisao frontal;Anoitecer;Chuva;Micro-onibus;Lesoes Graves;11;5;5;4;2;4
Velocidade Incompativel;Colisao frontal;Anoitecer;Chuva;Micro-onibus;Lesoes Leves;5;5;5;4;2;4
Velocidade Incompativel;Colisao frontal;Anoitecer;Chuva;Micro-onibus;Obito;7;5;5;4;2;4
Velocidade Incompativel;Colisao frontal;Anoitecer;Chuva;Utilitario;Ileso;3;5;5;4;2;3
Velocidade Incompativel;Colisao frontal;Anoitecer;Chuva;Utilitario;Lesoes Leves;1;5;5;4;2;3
Velocidade Incompativel;Colisao frontal;Anoitecer;Nublado;Automovel;Ileso;1;5;5;4;2;1
Velocidade Incompativel;Colisao frontal;Plena Noite;Ceu Claro;Automovel;Ileso;13;5;5;2;1;1
Velocidade Incompativel;Colisao frontal;Plena Noite;Ceu Claro;Automovel;Lesoes Graves;21;5;5;2;1;1
Velocidade Incompativel;Colisao frontal;Plena Noite;Ceu Claro;Automovel;Lesoes Leves;27;5;5;2;1;1
Velocidade Incompativel;Colisao frontal;Plena Noite;Ceu Claro;Automovel;Obito;15;5;5;2;1;1
Velocidade Incompativel;Colisao frontal;Plena Noite;Ceu Claro;Caminhao;Ileso;10;5;5;2;1;2
Velocidade Incompativel;Colisao frontal;Plena Noite;Ceu Claro;Caminhao-trator;Ileso;6;5;5;2;1;2
Velocidade Incompativel;Colisao frontal;Plena Noite;Ceu Claro;Caminhao-trator;Lesoes Leves;1;5;5;2;1;2
Velocidade Incompativel;Colisao frontal;Plena Noite;Ceu Claro;Caminhonete;Ileso;9;5;5;2;1;2
Velocidade Incompativel;Colisao frontal;Plena Noite;Ceu Claro;Caminhonete;Lesoes Graves;4;5;5;2;1;2
Velocidade Incompativel;Colisao frontal;Plena Noite;Ceu Claro;Caminhonete;Lesoes Leves;6;5;5;2;1;2
Velocidade Incompativel;Colisao frontal;Plena Noite;Ceu Claro;Caminhonete;Obito;6;5;5;2;1;2
Velocidade Incompativel;Colisao frontal;Plena Noite;Ceu Claro;Motocicleta;Lesoes Graves;13;5;5;2;1;1
Velocidade Incompativel;Colisao frontal;Plena Noite;Ceu Claro;Motocicleta;Lesoes Leves;5;5;5;2;1;1
Velocidade Incompativel;Colisao frontal;Plena Noite;Ceu Claro;Motocicleta;Obito;9;5;5;2;1;1
Velocidade Incompativel;Colisao frontal;Plena Noite;Ceu Claro;Motoneta;Obito;1;5;5;2;1;3
Velocidade Incompativel;Colisao frontal;Plena Noite;Ceu Claro;Nao Informado;Ileso;1;5;5;2;1;3
Velocidade Incompativel;Colisao frontal;Plena Noite;Ceu Claro;Nao Informado;Lesoes Leves;2;5;5;2;1;3
Velocidade Incompativel;Colisao frontal;Plena Noite;Ceu Claro;Onibus;Lesoes Leves;1;5;5;2;1;3
Velocidade Incompativel;Colisao frontal;Plena Noite;Ceu Claro;Utilitario;Lesoes Graves;1;5;5;2;1;3
Velocidade Incompativel;Colisao frontal;Plena Noite;Ceu Claro;Utilitario;Lesoes Leves;9;5;5;2;1;3
Velocidade Incompativel;Colisao frontal;Plena Noite;Chuva;Automovel;Ileso;6;5;5;2;2;1
Velocidade Incompativel;Colisao frontal;Plena Noite;Chuva;Automovel;Lesoes Graves;7;5;5;2;2;1
Velocidade Incompativel;Colisao frontal;Plena Noite;Chuva;Automovel;Lesoes Leves;5;5;5;2;2;1
Velocidade Incompativel;Colisao frontal;Plena Noite;Chuva;Automovel;Obito;2;5;5;2;2;1
Velocidade Incompativel;Colisao frontal;Plena Noite;Chuva;Caminhao;Ileso;6;5;5;2;2;2
Velocidade Incompativel;Colisao frontal;Plena Noite;Chuva;Caminhao;Lesoes Graves;1;5;5;2;2;2
Velocidade Incompativel;Colisao frontal;Plena Noite;Chuva;Caminhao;Lesoes Leves;1;5;5;2;2;2
Velocidade Incompativel;Colisao frontal;Plena Noite;Chuva;Caminhao-trator;Ileso;3;5;5;2;2;2
Velocidade Incompativel;Colisao frontal;Plena Noite;Chuva;Caminhao-trator;Lesoes Graves;2;5;5;2;2;2
Velocidade Incompativel;Colisao frontal;Plena Noite;Chuva;Caminhao-trator;Lesoes Leves;1;5;5;2;2;2
Velocidade Incompativel;Colisao frontal;Plena Noite;Chuva;Caminhonete;Lesoes Graves;2;5;5;2;2;2
Velocidade Incompativel;Colisao frontal;Plena Noite;Chuva;Nao Informado;Ileso;1;5;5;2;2;3
Velocidade Incompativel;Colisao frontal;Plena Noite;Chuva;Nao Informado;Lesoes Graves;1;5;5;2;2;3
Velocidade Incompativel;Colisao frontal;Plena Noite;Chuva;Nao Informado;Obito;3;5;5;2;2;3
Velocidade Incompativel;Colisao frontal;Plena Noite;Garoa/Chuvisco;Automovel;Ileso;1;5;5;2;3;1
Velocidade Incompativel;Colisao frontal;Plena Noite;Garoa/Chuvisco;Automovel;Lesoes Graves;5;5;5;2;3;1
Velocidade Incompativel;Colisao frontal;Plena Noite;Garoa/Chuvisco;Automovel;Lesoes Leves;3;5;5;2;3;1
Velocidade Incompativel;Colisao frontal;Plena Noite;Garoa/Chuvisco;Automovel;Obito;1;5;5;2;3;1
Velocidade Incompativel;Colisao frontal;Plena Noite;Garoa/Chuvisco;Caminhao;Ileso;1;5;5;2;3;2
Velocidade Incompativel;Colisao frontal;Plena Noite;Garoa/Chuvisco;Micro-onibus;Ileso;9;5;5;2;3;4
Velocidade Incompativel;Colisao frontal;Plena Noite;Garoa/Chuvisco;Micro-onibus;Lesoes Graves;1;5;5;2;3;4
Velocidade Incompativel;Colisao frontal;Plena Noite;Garoa/Chuvisco;Micro-onibus;Lesoes Leves;1;5;5;2;3;4
Velocidade Incompativel;Colisao frontal;Plena Noite;Garoa/Chuvisco;Motocicleta;Lesoes Leves;1;5;5;2;3;1
Velocidade Incompativel;Colisao frontal;Plena Noite;Ignorado;Automovel;Lesoes Graves;2;5;5;2;0;1
Velocidade Incompativel;Colisao frontal;Plena Noite;Ignorado;Automovel;Lesoes Leves;1;5;5;2;0;1
Velocidade Incompativel;Colisao frontal;Plena Noite;Ignorado;Automovel;Obito;3;5;5;2;0;1
Velocidade Incompativel;Colisao frontal;Plena Noite;Ignorado;Caminhao;Ileso;1;5;5;2;0;2
Velocidade Incompativel;Colisao frontal;Plena Noite;Nublado;Automovel;Ileso;10;5;5;2;2;1
Velocidade Incompativel;Colisao frontal;Plena Noite;Nublado;Automovel;Lesoes Graves;3;5;5;2;2;1
Velocidade Incompativel;Colisao frontal;Plena Noite;Nublado;Automovel;Lesoes Leves;3;5;5;2;2;1
Velocidade Incompativel;Colisao frontal;Plena Noite;Nublado;Automovel;Obito;1;5;5;2;2;1
Velocidade Incompativel;Colisao frontal;Plena Noite;Nublado;Bicicleta;Lesoes Graves;1;5;5;2;2;3
Velocidade Incompativel;Colisao frontal;Plena Noite;Nublado;Caminhao-trator;Ileso;3;5;5;2;2;2
Velocidade Incompativel;Colisao frontal;Plena Noite;Nublado;Caminhao-trator;Lesoes Leves;1;5;5;2;2;2
Velocidade Incompativel;Colisao frontal;Plena Noite;Nublado;Micro-onibus;Ileso;2;5;5;2;2;4
Velocidade Incompativel;Colisao frontal;Plena Noite;Nublado;Motocicleta;Lesoes Graves;3;5;5;2;2;1
Velocidade Incompativel;Colisao frontal;Plena Noite;Nublado;Motocicleta;Lesoes Leves;2;5;5;2;2;1
Velocidade Incompativel;Colisao frontal;Plena Noite;Nublado;Motocicleta;Obito;2;5;5;2;2;1
Velocidade Incompativel;Colisao frontal;Plena Noite;Nublado;Motoneta;Lesoes Leves;1;5;5;2;2;3
Velocidade Incompativel;Colisao frontal;Plena Noite;Nublado;Nao Informado;Ileso;2;5;5;2;2;3
Velocidade Incompativel;Colisao frontal;Plena Noite;Nublado;Nao Informado;Lesoes Leves;4;5;5;2;2;3
Velocidade Incompativel;Colisao frontal;Plena Noite;Nublado;Utilitario;Obito;1;5;5;2;2;3
Velocidade Incompativel;Colisao frontal;Pleno dia;Ceu Claro;Automovel;Ileso;25;5;5;1;1;1
Velocidade Incompativel;Colisao frontal;Pleno dia;Ceu Claro;Automovel;Lesoes Graves;23;5;5;1;1;1
Velocidade Incompativel;Colisao frontal;Pleno dia;Ceu Claro;Automovel;Lesoes Leves;15;5;5;1;1;1
Velocidade Incompativel;Colisao frontal;Pleno dia;Ceu Claro;Automovel;Obito;6;5;5;1;1;1
Velocidade Incompativel;Colisao frontal;Pleno dia;Ceu Claro;Bicicleta;Obito;1;5;5;1;1;3
Velocidade Incompativel;Colisao frontal;Pleno dia;Ceu Claro;Caminhao;Ileso;12;5;5;1;1;2
Velocidade Incompativel;Colisao frontal;Pleno dia;Ceu Claro;Caminhao;Lesoes Graves;3;5;5;1;1;2
Velocidade Incompativel;Colisao frontal;Pleno dia;Ceu Claro;Caminhao;Lesoes Leves;3;5;5;1;1;2
Velocidade Incompativel;Colisao frontal;Pleno dia;Ceu Claro;Caminhao-trator;Ileso;8;5;5;1;1;2
Velocidade Incompativel;Colisao frontal;Pleno dia;Ceu Claro;Caminhao-trator;Lesoes Graves;1;5;5;1;1;2
Velocidade Incompativel;Colisao frontal;Pleno dia;Ceu Claro;Caminhao-trator;Lesoes Leves;4;5;5;1;1;2
Velocidade Incompativel;Colisao frontal;Pleno dia;Ceu Claro;Caminhonete;Ileso;11;5;5;1;1;2
Velocidade Incompativel;Colisao frontal;Pleno dia;Ceu Claro;Caminhonete;Lesoes Graves;8;5;5;1;1;2
Velocidade Incompativel;Colisao frontal;Pleno dia;Ceu Claro;Caminhonete;Lesoes Leves;4;5;5;1;1;2
Velocidade Incompativel;Colisao frontal;Pleno dia;Ceu Claro;Caminhonete;Obito;1;5;5;1;1;2
Velocidade Incompativel;Colisao frontal;Pleno dia;Ceu Claro;Micro-onibus;Lesoes Graves;1;5;5;1;1;4
Velocidade Incompativel;Colisao frontal;Pleno dia;Ceu Claro;Micro-onibus;Lesoes Leves;1;5;5;1;1;4
Velocidade Incompativel;Colisao frontal;Pleno dia;Ceu Claro;Motocicleta;Ileso;1;5;5;1;1;1
Velocidade Incompativel;Colisao frontal;Pleno dia;Ceu Claro;Motocicleta;Lesoes Graves;4;5;5;1;1;1
Velocidade Incompativel;Colisao frontal;Pleno dia;Ceu Claro;Motocicleta;Lesoes Leves;3;5;5;1;1;1
Velocidade Incompativel;Colisao frontal;Pleno dia;Ceu Claro;Motocicleta;Obito;8;5;5;1;1;1
Velocidade Incompativel;Colisao frontal;Pleno dia;Ceu Claro;Nao Informado;Ileso;10;5;5;1;1;3
Velocidade Incompativel;Colisao frontal;Pleno dia;Ceu Claro;Nao Informado;Lesoes Graves;1;5;5;1;1;3
Velocidade Incompativel;Colisao frontal;Pleno dia;Ceu Claro;Nao Informado;Lesoes Leves;8;5;5;1;1;3
Velocidade Incompativel;Colisao frontal;Pleno dia;Ceu Claro;Nao Informado;Obito;1;5;5;1;1;3
Velocidade Incompativel;Colisao frontal;Pleno dia;Ceu Claro;Onibus;Ileso;29;5;5;1;1;3
Velocidade Incompativel;Colisao frontal;Pleno dia;Ceu Claro;Onibus;Lesoes Graves;1;5;5;1;1;3
Velocidade Incompativel;Colisao frontal;Pleno dia;Ceu Claro;Onibus;Lesoes Leves;5;5;5;1;1;3
Velocidade Incompativel;Colisao frontal;Pleno dia;Ceu Claro;Utilitario;Ileso;1;5;5;1;1;3
Velocidade Incompativel;Colisao frontal;Pleno dia;Ceu Claro;Utilitario;Lesoes Leves;1;5;5;1;1;3
Velocidade Incompativel;Colisao frontal;Pleno dia;Ceu Claro;Utilitario;Obito;1;5;5;1;1;3
Velocidade Incompativel;Colisao frontal;Pleno dia;Chuva;Automovel;Ileso;18;5;5;1;2;1
Velocidade Incompativel;Colisao frontal;Pleno dia;Chuva;Automovel;Lesoes Graves;31;5;5;1;2;1
Velocidade Incompativel;Colisao frontal;Pleno dia;Chuva;Automovel;Lesoes Leves;21;5;5;1;2;1
Velocidade Incompativel;Colisao frontal;Pleno dia;Chuva;Automovel;Obito;24;5;5;1;2;1
Velocidade Incompativel;Colisao frontal;Pleno dia;Chuva;Caminhao;Ileso;8;5;5;1;2;2
Velocidade Incompativel;Colisao frontal;Pleno dia;Chuva;Caminhao;Lesoes Graves;7;5;5;1;2;2
Velocidade Incompativel;Colisao frontal;Pleno dia;Chuva;Caminhao;Lesoes Leves;6;5;5;1;2;2
Velocidade Incompativel;Colisao frontal;Pleno dia;Chuva;Caminhao;Obito;1;5;5;1;2;2
Velocidade Incompativel;Colisao frontal;Pleno dia;Chuva;Caminhao-trator;Ileso;17;5;5;1;2;2
Velocidade Incompativel;Colisao frontal;Pleno dia;Chuva;Caminhao-trator;Lesoes Graves;1;5;5;1;2;2
Velocidade Incompativel;Colisao frontal;Pleno dia;Chuva;Caminhao-trator;Lesoes Leves;3;5;5;1;2;2
Velocidade Incompativel;Colisao frontal;Pleno dia;Chuva;Caminhao-trator;Obito;2;5;5;1;2;2
Velocidade Incompativel;Colisao frontal;Pleno dia;Chuva;Caminhonete;Ileso;3;5;5;1;2;2
Velocidade Incompativel;Colisao frontal;Pleno dia;Chuva;Caminhonete;Lesoes Graves;4;5;5;1;2;2
Velocidade Incompativel;Colisao frontal;Pleno dia;Chuva;Caminhonete;Lesoes Leves;6;5;5;1;2;2
Velocidade Incompativel;Colisao frontal;Pleno dia;Chuva;Caminhonete;Obito;4;5;5;1;2;2
Velocidade Incompativel;Colisao frontal;Pleno dia;Chuva;Micro-onibus;Ileso;1;5;5;1;2;4
Velocidade Incompativel;Colisao frontal;Pleno dia;Chuva;Micro-onibus;Lesoes Graves;1;5;5;1;2;4
Velocidade Incompativel;Colisao frontal;Pleno dia;Chuva;Motocicleta;Lesoes Graves;2;5;5;1;2;1
Velocidade Incompativel;Colisao frontal;Pleno dia;Chuva;Motocicleta;Obito;2;5;5;1;2;1
Velocidade Incompativel;Colisao frontal;Pleno dia;Chuva;Motoneta;Lesoes Graves;1;5;5;1;2;3
Velocidade Incompativel;Colisao frontal;Pleno dia;Chuva;Nao Informado;Ileso;3;5;5;1;2;3
Velocidade Incompativel;Colisao frontal;Pleno dia;Chuva;Nao Informado;Lesoes Graves;2;5;5;1;2;3
Velocidade Incompativel;Colisao frontal;Pleno dia;Chuva;Nao Informado;Lesoes Leves;8;5;5;1;2;3
Velocidade Incompativel;Colisao frontal;Pleno dia;Chuva;Utilitario;Ileso;3;5;5;1;2;3
Velocidade Incompativel;Colisao frontal;Pleno dia;Garoa/Chuvisco;Automovel;Ileso;3;5;5;1;3;1
Velocidade Incompativel;Colisao frontal;Pleno dia;Garoa/Chuvisco;Automovel;Lesoes Graves;14;5;5;1;3;1
Velocidade Incompativel;Colisao frontal;Pleno dia;Garoa/Chuvisco;Automovel;Lesoes Leves;7;5;5;1;3;1
Velocidade Incompativel;Colisao frontal;Pleno dia;Garoa/Chuvisco;Automovel;Obito;2;5;5;1;3;1
Velocidade Incompativel;Colisao frontal;Pleno dia;Garoa/Chuvisco;Caminhao-trator;Ileso;4;5;5;1;3;2
Velocidade Incompativel;Colisao frontal;Pleno dia;Garoa/Chuvisco;Caminhao-trator;Lesoes Graves;2;5;5;1;3;2
Velocidade Incompativel;Colisao frontal;Pleno dia;Garoa/Chuvisco;Caminhao-trator;Lesoes Leves;1;5;5;1;3;2
Velocidade Incompativel;Colisao frontal;Pleno dia;Garoa/Chuvisco;Caminhao-trator;Obito;1;5;5;1;3;2
Velocidade Incompativel;Colisao frontal;Pleno dia;Garoa/Chuvisco;Caminhonete;Lesoes Leves;1;5;5;1;3;2
Velocidade Incompativel;Colisao frontal;Pleno dia;Nublado;Automovel;Ileso;3;5;5;1;2;1
Velocidade Incompativel;Colisao frontal;Pleno dia;Nublado;Automovel;Lesoes Graves;9;5;5;1;2;1
Velocidade Incompativel;Colisao frontal;Pleno dia;Nublado;Automovel;Lesoes Leves;11;5;5;1;2;1
Velocidade Incompativel;Colisao frontal;Pleno dia;Nublado;Automovel;Obito;5;5;5;1;2;1
Velocidade Incompativel;Colisao frontal;Pleno dia;Nublado;Caminhao;Ileso;3;5;5;1;2;2
Velocidade Incompativel;Colisao frontal;Pleno dia;Nublado;Caminhao;Obito;2;5;5;1;2;2
Velocidade Incompativel;Colisao frontal;Pleno dia;Nublado;Caminhao-trator;Ileso;6;5;5;1;2;2
Velocidade Incompativel;Colisao frontal;Pleno dia;Nublado;Caminhao-trator;Lesoes Leves;1;5;5;1;2;2
Velocidade Incompativel;Colisao frontal;Pleno dia;Nublado;Caminhonete;Ileso;2;5;5;1;2;2
Velocidade Incompativel;Colisao frontal;Pleno dia;Nublado;Caminhonete;Lesoes Graves;3;5;5;1;2;2
Velocidade Incompativel;Colisao frontal;Pleno dia;Nublado;Caminhonete;Lesoes Leves;3;5;5;1;2;2
Velocidade Incompativel;Colisao frontal;Pleno dia;Nublado;Motocicleta;Lesoes Leves;2;5;5;1;2;1
Velocidade Incompativel;Colisao frontal;Pleno dia;Nublado;Motoneta;Obito;1;5;5;1;2;3
Velocidade Incompativel;Colisao frontal;Pleno dia;Nublado;Nao se aplica;Lesoes Graves;3;5;5;1;2;3
Velocidade Incompativel;Colisao frontal;Pleno dia;Nublado;Nao se aplica;Obito;2;5;5;1;2;3
Velocidade Incompativel;Colisao frontal;Pleno dia;Nublado;Utilitario;Lesoes Graves;1;5;5;1;2;3
Velocidade Incompativel;Colisao frontal;Pleno dia;Nublado;Utilitario;Lesoes Leves;1;5;5;1;2;3
Velocidade Incompativel;Colisao frontal;Pleno dia;Sol;Automovel;Ileso;2;5;5;1;3;1
Velocidade Incompativel;Colisao frontal;Pleno dia;Sol;Automovel;Lesoes Graves;1;5;5;1;3;1
Velocidade Incompativel;Colisao frontal;Pleno dia;Sol;Automovel;Lesoes Leves;3;5;5;1;3;1
Velocidade Incompativel;Colisao frontal;Pleno dia;Sol;Bicicleta;Lesoes Leves;1;5;5;1;3;3
Velocidade Incompativel;Colisao frontal;Pleno dia;Sol;Caminhao;Ileso;1;5;5;1;3;2
Velocidade Incompativel;Colisao frontal;Pleno dia;Sol;Caminhao;Lesoes Graves;1;5;5;1;3;2
Velocidade Incompativel;Colisao frontal;Pleno dia;Sol;Caminhao;Lesoes Leves;2;5;5;1;3;2
Velocidade Incompativel;Colisao frontal;Pleno dia;Sol;Caminhao;Obito;1;5;5;1;3;2
Velocidade Incompativel;Colisao frontal;Pleno dia;Sol;Caminhao-trator;Ileso;2;5;5;1;3;2
Velocidade Incompativel;Colisao frontal;Pleno dia;Sol;Caminhao-trator;Lesoes Leves;4;5;5;1;3;2
Velocidade Incompativel;Colisao frontal;Pleno dia;Sol;Caminhonete;Ileso;1;5;5;1;3;2
Velocidade Incompativel;Colisao frontal;Pleno dia;Sol;Motocicleta;Lesoes Leves;3;5;5;1;3;1
Velocidade Incompativel;Colisao frontal;Pleno dia;Sol;Motocicleta;Obito;2;5;5;1;3;1
Velocidade Incompativel;Colisao frontal;Pleno dia;Sol;Nao Informado;Ileso;1;5;5;1;3;3
Velocidade Incompativel;Colisao frontal;Pleno dia;Sol;Onibus;Lesoes Leves;1;5;5;1;3;3
Velocidade Incompativel;Colisao lateral mesmo sentido;Amanhecer;Ceu Claro;Automovel;Ileso;4;5;5;4;1;1
Velocidade Incompativel;Colisao lateral mesmo sentido;Amanhecer;Ceu Claro;Automovel;Lesoes Leves;1;5;5;4;1;1
Velocidade Incompativel;Colisao lateral mesmo sentido;Amanhecer;Ceu Claro;Caminhao;Ileso;5;5;5;4;1;2
Velocidade Incompativel;Colisao lateral mesmo sentido;Amanhecer;Ceu Claro;Caminhao-trator;Ileso;1;5;5;4;1;2
Velocidade Incompativel;Colisao lateral mesmo sentido;Amanhecer;Ceu Claro;Caminhao-trator;Lesoes Graves;1;5;5;4;1;2
Velocidade Incompativel;Colisao lateral mesmo sentido;Amanhecer;Ceu Claro;Caminhao-trator;Lesoes Leves;1;5;5;4;1;2
Velocidade Incompativel;Colisao lateral mesmo sentido;Amanhecer;Ceu Claro;Caminhonete;Ileso;1;5;5;4;1;2
Velocidade Incompativel;Colisao lateral mesmo sentido;Amanhecer;Ceu Claro;Motocicleta;Lesoes Leves;3;5;5;4;1;1
Velocidade Incompativel;Colisao lateral mesmo sentido;Amanhecer;Ceu Claro;Motocicleta;Obito;1;5;5;4;1;1
Velocidade Incompativel;Colisao lateral mesmo sentido;Amanhecer;Ceu Claro;Onibus;Lesoes Graves;9;5;5;4;1;3
Velocidade Incompativel;Colisao lateral mesmo sentido;Amanhecer;Ceu Claro;Onibus;Lesoes Leves;11;5;5;4;1;3
Velocidade Incompativel;Colisao lateral mesmo sentido;Amanhecer;Ceu Claro;Onibus;Obito;3;5;5;4;1;3
Velocidade Incompativel;Colisao lateral mesmo sentido;Anoitecer;Ceu Claro;Automovel;Ileso;5;5;5;4;1;1
Velocidade Incompativel;Colisao lateral mesmo sentido;Anoitecer;Ceu Claro;Automovel;Lesoes Graves;3;5;5;4;1;1
Velocidade Incompativel;Colisao lateral mesmo sentido;Anoitecer;Ceu Claro;Automovel;Lesoes Leves;2;5;5;4;1;1
Velocidade Incompativel;Colisao lateral mesmo sentido;Anoitecer;Ceu Claro;Automovel;Obito;1;5;5;4;1;1
Velocidade Incompativel;Colisao lateral mesmo sentido;Anoitecer;Ceu Claro;Caminhao-trator;Ileso;2;5;5;4;1;2
Velocidade Incompativel;Colisao lateral mesmo sentido;Anoitecer;Ceu Claro;Motocicleta;Ileso;1;5;5;4;1;1
Velocidade Incompativel;Colisao lateral mesmo sentido;Anoitecer;Ceu Claro;Motocicleta;Lesoes Leves;4;5;5;4;1;1
Velocidade Incompativel;Colisao lateral mesmo sentido;Anoitecer;Ceu Claro;Motoneta;Lesoes Leves;1;5;5;4;1;3
Velocidade Incompativel;Colisao lateral mesmo sentido;Anoitecer;Ceu Claro;Utilitario;Lesoes Leves;2;5;5;4;1;3
Velocidade Incompativel;Colisao lateral mesmo sentido;Anoitecer;Nublado;Automovel;Ileso;6;5;5;4;2;1
Velocidade Incompativel;Colisao lateral mesmo sentido;Anoitecer;Nublado;Automovel;Lesoes Leves;1;5;5;4;2;1
Velocidade Incompativel;Colisao lateral mesmo sentido;Anoitecer;Nublado;Caminhao-trator;Lesoes Leves;1;5;5;4;2;2
Velocidade Incompativel;Colisao lateral mesmo sentido;Anoitecer;Nublado;Motocicleta;Lesoes Leves;1;5;5;4;2;1
Velocidade Incompativel;Colisao lateral mesmo sentido;Anoitecer;Nublado;Nao Informado;Ileso;1;5;5;4;2;3
Velocidade Incompativel;Colisao lateral mesmo sentido;Plena Noite;Ceu Claro;Automovel;Ileso;18;5;5;2;1;1
Velocidade Incompativel;Colisao lateral mesmo sentido;Plena Noite;Ceu Claro;Automovel;Lesoes Leves;8;5;5;2;1;1
Velocidade Incompativel;Colisao lateral mesmo sentido;Plena Noite;Ceu Claro;Caminhao-trator;Ileso;7;5;5;2;1;2
Velocidade Incompativel;Colisao lateral mesmo sentido;Plena Noite;Ceu Claro;Caminhao-trator;Lesoes Graves;1;5;5;2;1;2
Velocidade Incompativel;Colisao lateral mesmo sentido;Plena Noite;Ceu Claro;Caminhao-trator;Lesoes Leves;3;5;5;2;1;2
Velocidade Incompativel;Colisao lateral mesmo sentido;Plena Noite;Ceu Claro;Caminhao-trator;Obito;1;5;5;2;1;2
Velocidade Incompativel;Colisao lateral mesmo sentido;Plena Noite;Ceu Claro;Caminhonete;Ileso;8;5;5;2;1;2
Velocidade Incompativel;Colisao lateral mesmo sentido;Plena Noite;Ceu Claro;Caminhonete;Lesoes Leves;2;5;5;2;1;2
Velocidade Incompativel;Colisao lateral mesmo sentido;Plena Noite;Ceu Claro;Motocicleta;Ileso;1;5;5;2;1;1
Velocidade Incompativel;Colisao lateral mesmo sentido;Plena Noite;Ceu Claro;Motocicleta;Lesoes Graves;5;5;5;2;1;1
Velocidade Incompativel;Colisao lateral mesmo sentido;Plena Noite;Ceu Claro;Motocicleta;Lesoes Leves;8;5;5;2;1;1
Velocidade Incompativel;Colisao lateral mesmo sentido;Plena Noite;Ceu Claro;Motocicleta;Obito;1;5;5;2;1;1
Velocidade Incompativel;Colisao lateral mesmo sentido;Plena Noite;Ceu Claro;Motoneta;Lesoes Leves;1;5;5;2;1;3
Velocidade Incompativel;Colisao lateral mesmo sentido;Plena Noite;Ceu Claro;Nao Informado;Ileso;6;5;5;2;1;3
Velocidade Incompativel;Colisao lateral mesmo sentido;Plena Noite;Ceu Claro;Nao Informado;Lesoes Graves;1;5;5;2;1;3
Velocidade Incompativel;Colisao lateral mesmo sentido;Plena Noite;Ceu Claro;Nao Informado;Lesoes Leves;4;5;5;2;1;3
Velocidade Incompativel;Colisao lateral mesmo sentido;Plena Noite;Ceu Claro;Onibus;Ileso;1;5;5;2;1;3
Velocidade Incompativel;Colisao lateral mesmo sentido;Plena Noite;Ceu Claro;Utilitario;Ileso;1;5;5;2;1;3
Velocidade Incompativel;Colisao lateral mesmo sentido;Plena Noite;Chuva;Automovel;Ileso;4;5;5;2;2;1
Velocidade Incompativel;Colisao lateral mesmo sentido;Plena Noite;Chuva;Automovel;Lesoes Leves;2;5;5;2;2;1
Velocidade Incompativel;Colisao lateral mesmo sentido;Plena Noite;Chuva;Caminhonete;Ileso;2;5;5;2;2;2
Velocidade Incompativel;Colisao lateral mesmo sentido;Plena Noite;Chuva;Caminhonete;Lesoes Leves;2;5;5;2;2;2
Velocidade Incompativel;Colisao lateral mesmo sentido;Plena Noite;Chuva;Motocicleta;Lesoes Leves;2;5;5;2;2;1
Velocidade Incompativel;Colisao lateral mesmo sentido;Plena Noite;Chuva;Nao Informado;Ileso;1;5;5;2;2;3
Velocidade Incompativel;Colisao lateral mesmo sentido;Plena Noite;Chuva;Nao Informado;Lesoes Leves;1;5;5;2;2;3
Velocidade Incompativel;Colisao lateral mesmo sentido;Plena Noite;Chuva;Utilitario;Ileso;3;5;5;2;2;3
Velocidade Incompativel;Colisao lateral mesmo sentido;Plena Noite;Garoa/Chuvisco;Automovel;Ileso;6;5;5;2;3;1
Velocidade Incompativel;Colisao lateral mesmo sentido;Plena Noite;Garoa/Chuvisco;Automovel;Lesoes Leves;2;5;5;2;3;1
Velocidade Incompativel;Colisao lateral mesmo sentido;Plena Noite;Garoa/Chuvisco;Motocicleta;Lesoes Leves;3;5;5;2;3;1
Velocidade Incompativel;Colisao lateral mesmo sentido;Plena Noite;Garoa/Chuvisco;Utilitario;Ileso;1;5;5;2;3;3
Velocidade Incompativel;Colisao lateral mesmo sentido;Plena Noite;Garoa/Chuvisco;Utilitario;Lesoes Leves;1;5;5;2;3;3
Velocidade Incompativel;Colisao lateral mesmo sentido;Plena Noite;Ignorado;Automovel;Ileso;1;5;5;2;0;1
Velocidade Incompativel;Colisao lateral mesmo sentido;Plena Noite;Ignorado;Caminhao-trator;Ileso;1;5;5;2;0;2