causa_acidente;tipo_acidente;fase_dia;condicao_metereologica;tipo_veiculo;estado_fisico;count;causa_acidente_criterios;tipo_acidente_criterios;fase_dia_criterios;condicao_metereologica_criterios;tipo_veiculo_criterios
Velocidade Incompativel;Colisao lateral mesmo sentido;Plena Noite;Ignorado;Caminhonete;Ileso;1;5;5;2;0;2
Velocidade Incompativel;Colisao lateral mesmo sentido;Plena Noite;Ignorado;Motocicleta;Lesoes Graves;1;5;5;2;0;1
Velocidade Incompativel;Colisao lateral mesmo sentido;Plena Noite;Ignorado;Motocicleta;Lesoes Leves;2;5;5;2;0;1
Velocidade Incompativel;Colisao lateral mesmo sentido;Plena Noite;Ignorado;Utilitario;Ileso;3;5;5;2;0;3
Velocidade Incompativel;Colisao lateral mesmo sentido;Plena Noite;Nevoeiro/Neblina;Caminhao;Lesoes Leves;1;5;5;2;4;2
Velocidade Incompativel;Colisao lateral mesmo sentido;Plena Noite;Nevoeiro/Neblina;Caminhao-trator;Ileso;1;5;5;2;4;2
Velocidade Incompativel;Colisao lateral mesmo sentido;Plena Noite;Nublado;Automovel;Ileso;16;5;5;2;2;1
Velocidade Incompativel;Colisao lateral mesmo sentido;Plena Noite;Nublado;Automovel;Lesoes Graves;1;5;5;2;2;1
Velocidade Incompativel;Colisao lateral mesmo sentido;Plena Noite;Nublado;Automovel;Lesoes Leves;5;5;5;2;2;1
Velocidade Incompativel;Colisao lateral mesmo sentido;Plena Noite;Nublado;Caminhao;Ileso;1;5;5;2;2;2
Velocidade Incompativel;Colisao lateral mesmo sentido;Plena Noite;Nublado;Caminhao;Lesoes Leves;1;5;5;2;2;2
Velocidade Incompativel;Colisao lateral mesmo sentido;Plena Noite;Nublado;Caminhao-trator;Lesoes Leves;1;5;5;2;2;2
Velocidade Incompativel;Colisao lateral mesmo sentido;Plena Noite;Nublado;Caminhonete;Ileso;2;5;5;2;2;2
Velocidade Incompativel;Colisao lateral mesmo sentido;Plena Noite;Nublado;Caminhonete;Lesoes Leves;1;5;5;2;2;2
Velocidade Incompativel;Colisao lateral mesmo sentido;Plena Noite;Nublado;Motocicleta;Lesoes Graves;1;5;5;2;2;1
Velocidade Incompativel;Colisao lateral mesmo sentido;Plena Noite;Nublado;Motocicleta;Lesoes Leves;7;5;5;2;2;1
Velocidade Incompativel;Colisao lateral mesmo sentido;Plena Noite;Nublado;Motocicleta;Obito;1;5;5;2;2;1
Velocidade Incompativel;Colisao lateral mesmo sentido;Plena Noite;Vento;Automovel;Ileso;2;5;5;2;5;1
Velocidade Incompativel;Colisao lateral mesmo sentido;Plena Noite;Vento;Motocicleta;Lesoes Leves;1;5;5;2;5;1
Velocidade Incompativel;Colisao lateral mesmo sentido;Plena Noite;Vento;Motoneta;Lesoes Leves;1;5;5;2;5;3
Velocidade Incompativel;Colisao lateral mesmo sentido;Pleno dia;Ceu Claro;Automovel;Ileso;61;5;5;1;1;1
Velocidade Incompativel;Colisao lateral mesmo sentido;Pleno dia;Ceu Claro;Automovel;Lesoes Graves;10;5;5;1;1;1
Velocidade Incompativel;Colisao lateral mesmo sentido;Pleno dia;Ceu Claro;Automovel;Lesoes Leves;15;5;5;1;1;1
Velocidade Incompativel;Colisao lateral mesmo sentido;Pleno dia;Ceu Claro;Caminhao;Ileso;17;5;5;1;1;2
Velocidade Incompativel;Colisao lateral mesmo sentido;Pleno dia;Ceu Claro;Caminhao;Lesoes Leves;4;5;5;1;1;2
Velocidade Incompativel;Colisao lateral mesmo sentido;Pleno dia;Ceu Claro;Caminhao-trator;Ileso;22;5;5;1;1;2
Velocidade Incompativel;Colisao lateral mesmo sentido;Pleno dia;Ceu Claro;Caminhao-trator;Lesoes Graves;1;5;5;1;1;2
Velocidade Incompativel;Colisao lateral mesmo sentido;Pleno dia;Ceu Claro;Caminhao-trator;Lesoes Leves;1;5;5;1;1;2
Velocidade Incompativel;Colisao lateral mesmo sentido;Pleno dia;Ceu Claro;Caminhonete;Ileso;22;5;5;1;1;2
Velocidade Incompativel;Colisao lateral mesmo sentido;Pleno dia;Ceu Claro;Caminhonete;Lesoes Graves;1;5;5;1;1;2
Velocidade Incompativel;Colisao lateral mesmo sentido;Pleno dia;Ceu Claro;Caminhonete;Lesoes Leves;6;5;5;1;1;2
Velocidade Incompativel;Colisao lateral mesmo sentido;Pleno dia;Ceu Claro;Micro-onibus;Ileso;6;5;5;1;1;4
Velocidade Incompativel;Colisao lateral mesmo sentido;Pleno dia;Ceu Claro;Motocicleta;Ileso;8;5;5;1;1;1
Velocidade Incompativel;Colisao lateral mesmo sentido;Pleno dia;Ceu Claro;Motocicleta;Lesoes Graves;19;5;5;1;1;1
Velocidade Incompativel;Colisao lateral mesmo sentido;Pleno dia;Ceu Claro;Motocicleta;Lesoes Leves;45;5;5;1;1;1
Velocidade Incompativel;Colisao lateral mesmo sentido;Pleno dia;Ceu Claro;Motocicleta;Obito;6;5;5;1;1;1
Velocidade Incompativel;Colisao lateral mesmo sentido;Pleno dia;Ceu Claro;Motoneta;Lesoes Leves;4;5;5;1;1;3
Velocidade Incompativel;Colisao lateral mesmo sentido;Pleno dia;Ceu Claro;Nao Informado;Ileso;6;5;5;1;1;3
Velocidade Incompativel;Colisao lateral mesmo sentido;Pleno dia;Ceu Claro;Nao se aplica;Lesoes Leves;3;5;5;1;1;3
Velocidade Incompativel;Colisao lateral mesmo sentido;Pleno dia;Ceu Claro;Onibus;Ileso;2;5;5;1;1;3
Velocidade Incompativel;Colisao lateral mesmo sentido;Pleno dia;Ceu Claro;Utilitario;Ileso;5;5;5;1;1;3
Velocidade Incompativel;Colisao lateral mesmo sentido;Pleno dia;Chuva;Automovel;Ileso;6;5;5;1;2;1
Velocidade Incompativel;Colisao lateral mesmo sentido;Pleno dia;Chuva;Automovel;Lesoes Graves;1;5;5;1;2;1
Velocidade Incompativel;Colisao lateral mesmo sentido;Pleno dia;Chuva;Automovel;Lesoes Leves;2;5;5;1;2;1
Velocidade Incompativel;Colisao lateral mesmo sentido;Pleno dia;Chuva;Caminhao;Ileso;2;5;5;1;2;2
Velocidade Incompativel;Colisao lateral mesmo sentido;Pleno dia;Chuva;Caminhao;Lesoes Leves;1;5;5;1;2;2
Velocidade Incompativel;Colisao lateral mesmo sentido;Pleno dia;Chuva;Caminhao-trator;Ileso;6;5;5;1;2;2
Velocidade Incompativel;Colisao lateral mesmo sentido;Pleno dia;Chuva;Caminhao-trator;Lesoes Graves;1;5;5;1;2;2
Velocidade Incompativel;Colisao lateral mesmo sentido;Pleno dia;Chuva;Caminhao-trator;Lesoes Leves;2;5;5;1;2;2
Velocidade Incompativel;Colisao lateral mesmo sentido;Pleno dia;Chuva;Caminhonete;Ileso;1;5;5;1;2;2
Velocidade Incompativel;Colisao lateral mesmo sentido;Pleno dia;Chuva;Caminhonete;Lesoes Graves;1;5;5;1;2;2
Velocidade Incompativel;Colisao lateral mesmo sentido;Pleno dia;Chuva;Caminhonete;Lesoes Leves;3;5;5;1;2;2
Velocidade Incompativel;Colisao lateral mesmo sentido;Pleno dia;Chuva;Motocicleta;Lesoes Leves;1;5;5;1;2;1
Velocidade Incompativel;Colisao lateral mesmo sentido;Pleno dia;Chuva;Nao Informado;Lesoes Leves;2;5;5;1;2;3
Velocidade Incompativel;Colisao lateral mesmo sentido;Pleno dia;Chuva;Onibus;Ileso;1;5;5;1;2;3
Velocidade Incompativel;Colisao lateral mesmo sentido;Pleno dia;Chuva;Utilitario;Ileso;3;5;5;1;2;3
Velocidade Incompativel;Colisao lateral mesmo sentido;Pleno dia;Chuva;Utilitario;Lesoes Leves;2;5;5;1;2;3
Velocidade Incompativel;Colisao lateral mesmo sentido;Pleno dia;Garoa/Chuvisco;Automovel;Ileso;5;5;5;1;3;1
Velocidade Incompativel;Colisao lateral mesmo sentido;Pleno dia;Garoa/Chuvisco;Caminhao-trator;Ileso;1;5;5;1;3;2
Velocidade Incompativel;Colisao lateral mesmo sentido;Pleno dia;Garoa/Chuvisco;Caminhonete;Ileso;2;5;5;1;3;2
Velocidade Incompativel;Colisao lateral mesmo sentido;Pleno dia;Garoa/Chuvisco;Motocicleta;Ileso;3;5;5;1;3;1
Velocidade Incompativel;Colisao lateral mesmo sentido;Pleno dia;Garoa/Chuvisco;Motocicleta;Lesoes Graves;1;5;5;1;3;1
Velocidade Incompativel;Colisao lateral mesmo sentido;Pleno dia;Garoa/Chuvisco;Utilitario;Ileso;4;5;5;1;3;3
Velocidade Incompativel;Colisao lateral mesmo sentido;Pleno dia;Ignorado;Caminhao;Ileso;2;5;5;1;0;2
Velocidade Incompativel;Colisao lateral mesmo sentido;Pleno dia;Ignorado;Caminhao;Lesoes Leves;1;5;5;1;0;2
Velocidade Incompativel;Colisao lateral mesmo sentido;Pleno dia;Ignorado;Caminhao-trator;Ileso;1;5;5;1;0;2
Velocidade Incompativel;Colisao lateral mesmo sentido;Pleno dia;Ignorado;Caminhao-trator;Lesoes Leves;1;5;5;1;0;2
Velocidade Incompativel;Colisao lateral mesmo sentido;Pleno dia;Ignorado;Caminhao-trator;Obito;1;5;5;1;0;2
Velocidade Incompativel;Colisao lateral mesmo sentido;Pleno dia;Nublado;Automovel;Ileso;14;5;5;1;2;1
Velocidade Incompativel;Colisao lateral mesmo sentido;Pleno dia;Nublado;Automovel;Lesoes Leves;4;5;5;1;2;1
Velocidade Incompativel;Colisao lateral mesmo sentido;Pleno dia;Nublado;Bicicleta;Lesoes Leves;1;5;5;1;2;3
Velocidade Incompativel;Colisao lateral mesmo sentido;Pleno dia;Nublado;Caminhao;Ileso;5;5;5;1;2;2
Velocidade Incompativel;Colisao lateral mesmo sentido;Pleno dia;Nublado;Caminhao;Lesoes Graves;1;5;5;1;2;2
Velocidade Incompativel;Colisao lateral mesmo sentido;Pleno dia;Nublado;Caminhao;Lesoes Leves;5;5;5;1;2;2
Velocidade Incompativel;Colisao lateral mesmo sentido;Pleno dia;Nublado;Caminhao-trator;Ileso;7;5;5;1;2;2
Velocidade Incompativel;Colisao lateral mesmo sentido;Pleno dia;Nublado;Caminhao-trator;Lesoes Graves;1;5;5;1;2;2
Velocidade Incompativel;Colisao lateral mesmo sentido;Pleno dia;Nublado;Caminhao-trator;Lesoes Leves;1;5;5;1;2;2
Velocidade Incompativel;Colisao lateral mesmo sentido;Pleno dia;Nublado;Caminhonete;Ileso;12;5;5;1;2;2
Velocidade Incompativel;Colisao lateral mesmo sentido;Pleno dia;Nublado;Caminhonete;Lesoes Leves;1;5;5;1;2;2
Velocidade Incompativel;Colisao lateral mesmo sentido;Pleno dia;Nublado;Micro-onibus;Ileso;3;5;5;1;2;4
Velocidade Incompativel;Colisao lateral mesmo sentido;Pleno dia;Nublado;Motocicleta;Lesoes Graves;2;5;5;1;2;1
Velocidade Incompativel;Colisao lateral mesmo sentido;Pleno dia;Nublado;Motocicleta;Lesoes Leves;14;5;5;1;2;1
Velocidade Incompativel;Colisao lateral mesmo sentido;Pleno dia;Nublado;Motoneta;Ileso;4;5;5;1;2;3
Velocidade Incompativel;Colisao lateral mesmo sentido;Pleno dia;Nublado;Nao Informado;Ileso;1;5;5;1;2;3
Velocidade Incompativel;Colisao lateral mesmo sentido;Pleno dia;Nublado;Onibus;Ileso;1;5;5;1;2;3
Velocidade Incompativel;Colisao lateral mesmo sentido;Pleno dia;Sol;Automovel;Ileso;10;5;5;1;3;1
Velocidade Incompativel;Colisao lateral mesmo sentido;Pleno dia;Sol;Automovel;Lesoes Leves;5;5;5;1;3;1
Velocidade Incompativel;Colisao lateral mesmo sentido;Pleno dia;Sol;Caminhao;Ileso;2;5;5;1;3;2
Velocidade Incompativel;Colisao lateral mesmo sentido;Pleno dia;Sol;Caminhao;Lesoes Graves;1;5;5;1;3;2
Velocidade Incompativel;Colisao lateral mesmo sentido;Pleno dia;Sol;Caminhao;Obito;1;5;5;1;3;2
Velocidade Incompativel;Colisao lateral mesmo sentido;Pleno dia;Sol;Caminhao-trator;Ileso;3;5;5;1;3;2
Velocidade Incompativel;Colisao lateral mesmo sentido;Pleno dia;Sol;Caminhonete;Ileso;5;5;5;1;3;2
Velocidade Incompativel;Colisao lateral mesmo sentido;Pleno dia;Sol;Motocicleta;Lesoes Graves;1;5;5;1;3;1
Velocidade Incompativel;Colisao lateral mesmo sentido;Pleno dia;Sol;Motocicleta;Lesoes Leves;8;5;5;1;3;1
Velocidade Incompativel;Colisao lateral mesmo sentido;Pleno dia;Sol;Nao Informado;Ileso;1;5;5;1;3;3
Velocidade Incompativel;Colisao lateral mesmo sentido;Pleno dia;Sol;Utilitario;Ileso;2;5;5;1;3;3
Velocidade Incompativel;Colisao lateral sentido oposto;Amanhecer;Ceu Claro;Automovel;Ileso;3;5;4;4;1;1
Velocidade Incompativel;Colisao lateral sentido oposto;Amanhecer;Ceu Claro;Automovel;Lesoes Leves;2;5;4;4;1;1
Velocidade Incompativel;Colisao lateral sentido oposto;Amanhecer;Ceu Claro;Caminhao;Ileso;2;5;4;4;1;2
Velocidade Incompativel;Colisao lateral sentido oposto;Amanhecer;Ceu Claro;Caminhao-trator;Ileso;1;5;4;4;1;2
Velocidade Incompativel;Colisao lateral sentido oposto;Amanhecer;Ceu Claro;Caminhonete;Lesoes Leves;2;5;4;4;1;2
Velocidade Incompativel;Colisao lateral sentido oposto;Amanhecer;Chuva;Caminhao-trator;Ileso;2;5;4;4;2;2
Velocidade Incompativel;Colisao lateral sentido oposto;Amanhecer;Chuva;Caminhao-trator;Lesoes Leves;1;5;4;4;2;2
Velocidade Incompativel;Colisao lateral sentido oposto;Amanhecer;Chuva;Caminhonete;Ileso;1;5;4;4;2;2
Velocidade Incompativel;Colisao lateral sentido oposto;Amanhecer;Chuva;Caminhonete;Lesoes Leves;2;5;4;4;2;2
Velocidade Incompativel;Colisao lateral sentido oposto;Amanhecer;Nublado;Automovel;Ileso;4;5;4;4;2;1
Velocidade Incompativel;Colisao lateral sentido oposto;Amanhecer;Nublado;Automovel;Lesoes Graves;2;5;4;4;2;1
Velocidade Incompativel;Colisao lateral sentido oposto;Amanhecer;Nublado;Automovel;Lesoes Leves;4;5;4;4;2;1
Velocidade Incompativel;Colisao lateral sentido oposto;Amanhecer;Nublado;Caminhao;Ileso;1;5;4;4;2;2
Velocidade Incompativel;Colisao lateral sentido oposto;Amanhecer;Nublado;Caminhao;Lesoes Leves;1;5;4;4;2;2
Velocidade Incompativel;Colisao lateral sentido oposto;Anoitecer;Ceu Claro;Caminhonete;Ileso;1;5;4;4;1;2
Velocidade Incompativel;Colisao lateral sentido oposto;Anoitecer;Ceu Claro;Caminhonete;Lesoes Graves;1;5;4;4;1;2
Velocidade Incompativel;Colisao lateral sentido oposto;Anoitecer;Chuva;Automovel;Ileso;1;5;4;4;2;1
Velocidade Incompativel;Colisao lateral sentido oposto;Anoitecer;Chuva;Automovel;Lesoes Leves;2;5;4;4;2;1
Velocidade Incompativel;Colisao lateral sentido oposto;Anoitecer;Chuva;Micro-onibus;Lesoes Leves;1;5;4;4;2;4
Velocidade Incompativel;Colisao lateral sentido oposto;Anoitecer;Chuva;Onibus;Ileso;1;5;4;4;2;3
Velocidade Incompativel;Colisao lateral sentido oposto;Plena Noite;Ceu Claro;Automovel;Ileso;12;5;4;2;1;1
Velocidade Incompativel;Colisao lateral sentido oposto;Plena Noite;Ceu Claro;Automovel;Lesoes Graves;5;5;4;2;1;1
Velocidade Incompativel;Colisao lateral sentido oposto;Plena Noite;Ceu Claro;Automovel;Lesoes Leves;6;5;4;2;1;1
Velocidade Incompativel;Colisao lateral sentido oposto;Plena Noite;Ceu Claro;Automovel;Obito;1;5;4;2;1;1
Velocidade Incompativel;Colisao lateral sentido oposto;Plena Noite;Ceu Claro;Caminhao;Lesoes Leves;1;5;4;2;1;2
Velocidade Incompativel;Colisao lateral sentido oposto;Plena Noite;Ceu Claro;Caminhao-trator;Ileso;2;5;4;2;1;2
Velocidade Incompativel;Colisao lateral sentido oposto;Plena Noite;Ceu Claro;Caminhonete;Ileso;8;5;4;2;1;2
Velocidade Incompativel;Colisao lateral sentido oposto;Plena Noite;Ceu Claro;Caminhonete;Lesoes Graves;2;5;4;2;1;2
Velocidade Incompativel;Colisao lateral sentido oposto;Plena Noite;Ceu Claro;Caminhonete;Lesoes Leves;4;5;4;2;1;2
Velocidade Incompativel;Colisao lateral sentido oposto;Plena Noite;Ceu Claro;Motocicleta;Obito;1;5;4;2;1;1
Velocidade Incompativel;Colisao lateral sentido oposto;Plena Noite;Ceu Claro;Utilitario;Lesoes Leves;3;5;4;2;1;3
Velocidade Incompativel;Colisao lateral sentido oposto;Plena Noite;Chuva;Automovel;Ileso;7;5;4;2;2;1
Velocidade Incompativel;Colisao lateral sentido oposto;Plena Noite;Chuva;Automovel;Lesoes Graves;3;5;4;2;2;1
Velocidade Incompativel;Colisao lateral sentido oposto;Plena Noite;Chuva;Automovel;Lesoes Leves;3;5;4;2;2;1
Velocidade Incompativel;Colisao lateral sentido oposto;Plena Noite;Chuva;Automovel;Obito;1;5;4;2;2;1
Velocidade Incompativel;Colisao lateral sentido oposto;Plena Noite;Chuva;Caminhao;Ileso;3;5;4;2;2;2
Velocidade Incompativel;Colisao lateral sentido oposto;Plena Noite;Chuva;Micro-onibus;Ileso;1;5;4;2;2;4
Velocidade Incompativel;Colisao lateral sentido oposto;Plena Noite;Nublado;Caminhao;Ileso;2;5;4;2;2;2
Velocidade Incompativel;Colisao lateral sentido oposto;Plena Noite;Nublado;Motocicleta;Obito;1;5;4;2;2;1
Velocidade Incompativel;Colisao lateral sentido oposto;Pleno dia;Ceu Claro;Automovel;Ileso;6;5;4;1;1;1
Velocidade Incompativel;Colisao lateral sentido oposto;Pleno dia;Ceu Claro;Automovel;Lesoes Graves;4;5;4;1;1;1
Velocidade Incompativel;Colisao lateral sentido oposto;Pleno dia;Ceu Claro;Automovel;Lesoes Leves;5;5;4;1;1;1
Velocidade Incompativel;Colisao lateral sentido oposto;Pleno dia;Ceu Claro;Automovel;Obito;2;5;4;1;1;1
Velocidade Incompativel;Colisao lateral sentido oposto;Pleno dia;Ceu Claro;Caminhao;Ileso;2;5;4;1;1;2
Velocidade Incompativel;Colisao lateral sentido oposto;Pleno dia;Ceu Claro;Caminhao-trator;Ileso;18;5;4;1;1;2
Velocidade Incompativel;Colisao lateral sentido oposto;Pleno dia;Ceu Claro;Caminhao-trator;Lesoes Graves;1;5;4;1;1;2
Velocidade Incompativel;Colisao lateral sentido oposto;Pleno dia;Ceu Claro;Caminhao-trator;Lesoes Leves;5;5;4;1;1;2
Velocidade Incompativel;Colisao lateral sentido oposto;Pleno dia;Ceu Claro;Caminhao-trator;Obito;1;5;4;1;1;2
Velocidade Incompativel;Colisao lateral sentido oposto;Pleno dia;Ceu Claro;Caminhonete;Ileso;3;5;4;1;1;2
Velocidade Incompativel;Colisao lateral sentido oposto;Pleno dia;Ceu Claro;Caminhonete;Lesoes Graves;3;5;4;1;1;2
Velocidade Incompativel;Colisao lateral sentido oposto;Pleno dia;Ceu Claro;Caminhonete;Lesoes Leves;2;5;4;1;1;2
Velocidade Incompativel;Colisao lateral sentido oposto;Pleno dia;Ceu Claro;Caminhonete;Obito;1;5;4;1;1;2
Velocidade Incompativel;Colisao lateral sentido oposto;Pleno dia;Ceu Claro;Motocicleta;Lesoes Graves;2;5;4;1;1;1
Velocidade Incompativel;Colisao lateral sentido oposto;Pleno dia;Ceu Claro;Motocicleta;Lesoes Leves;3;5;4;1;1;1
Velocidade Incompativel;Colisao lateral sentido oposto;Pleno dia;Ceu Claro;Motocicleta;Obito;3;5;4;1;1;1
Velocidade Incompativel;Colisao lateral sentido oposto;Pleno dia;Ceu Claro;Nao Informado;Ileso;1;5;4;1;1;3
Velocidade Incompativel;Colisao lateral sentido oposto;Pleno dia;Ceu Claro;Nao Informado;Lesoes Leves;2;5;4;1;1;3
Velocidade Incompativel;Colisao lateral sentido oposto;Pleno dia;Ceu Claro;Nao se aplica;Lesoes Graves;1;5;4;1;1;3
Velocidade Incompativel;Colisao lateral sentido oposto;Pleno dia;Ceu Claro;Onibus;Ileso;20;5;4;1;1;3
Velocidade Incompativel;Colisao lateral sentido oposto;Pleno dia;Ceu Claro;Utilitario;Ileso;1;5;4;1;1;3
Velocidade Incompativel;Colisao lateral sentido oposto;Pleno dia;Ceu Claro;Utilitario;Lesoes Graves;2;5;4;1;1;3
Velocidade Incompativel;Colisao lateral sentido oposto;Pleno dia;Ceu Claro;Utilitario;Obito;1;5;4;1;1;3
Velocidade Incompativel;Colisao lateral sentido oposto;Pleno dia;Chuva;Automovel;Ileso;11;5;4;1;2;1
Velocidade Incompativel;Colisao lateral sentido oposto;Pleno dia;Chuva;Automovel;Lesoes Graves;2;5;4;1;2;1
Velocidade Incompativel;Colisao lateral sentido oposto;Pleno dia;Chuva;Automovel;Lesoes Leves;16;5;4;1;2;1
Velocidade Incompativel;Colisao lateral sentido oposto;Pleno dia;Chuva;Caminhao;Ileso;3;5;4;1;2;2
Velocidade Incompativel;Colisao lateral sentido oposto;Pleno dia;Chuva;Caminhao;Lesoes Leves;1;5;4;1;2;2
Velocidade Incompativel;Colisao lateral sentido oposto;Pleno dia;Chuva;Caminhao-trator;Ileso;5;5;4;1;2;2
Velocidade Incompativel;Colisao lateral sentido oposto;Pleno dia;Chuva;Caminhao-trator;Lesoes Leves;1;5;4;1;2;2
Velocidade Incompativel;Colisao lateral sentido oposto;Pleno dia;Chuva;Caminhonete;Obito;1;5;4;1;2;2
Velocidade Incompativel;Colisao lateral sentido oposto;Pleno dia;Chuva;Nao Informado;Lesoes Leves;2;5;4;1;2;3
Velocidade Incompativel;Colisao lateral sentido oposto;Pleno dia;Chuva;Utilitario;Ileso;4;5;4;1;2;3
Velocidade Incompativel;Colisao lateral sentido oposto;Pleno dia;Garoa/Chuvisco;Automovel;Ileso;1;5;4;1;3;1
Velocidade Incompativel;Colisao lateral sentido oposto;Pleno dia;Garoa/Chuvisco;Automovel;Lesoes Graves;1;5;4;1;3;1
Velocidade Incompativel;Colisao lateral sentido oposto;Pleno dia;Garoa/Chuvisco;Automovel;Lesoes Leves;1;5;4;1;3;1
Velocidade Incompativel;Colisao lateral sentido oposto;Pleno dia;Garoa/Chuvisco;Automovel;Obito;1;5;4;1;3;1
Velocidade Incompativel;Colisao lateral sentido oposto;Pleno dia;Garoa/Chuvisco;Caminhao;Ileso;1;5;4;1;3;2
Velocidade Incompativel;Colisao lateral sentido oposto;Pleno dia;Garoa/Chuvisco;Caminhao-trator;Ileso;2;5;4;1;3;2
Velocidade Incompativel;Colisao lateral sentido oposto;Pleno dia;Nublado;Automovel;Ileso;1;5;4;1;2;1
Velocidade Incompativel;Colisao lateral sentido oposto;Pleno dia;Nublado;Automovel;Lesoes Leves;2;5;4;1;2;1
Velocidade Incompativel;Colisao lateral sentido oposto;Pleno dia;Nublado;Caminhao;Ileso;2;5;4;1;2;2
Velocidade Incompativel;Colisao lateral sentido oposto;Pleno dia;Nublado;Caminhao;Lesoes Leves;3;5;4;1;2;2
Velocidade Incompativel;Colisao lateral sentido oposto;Pleno dia;Nublado;Caminhao-trator;Ileso;4;5;4;1;2;2
Velocidade Incompativel;Colisao lateral sentido oposto;Pleno dia;Nublado;Caminhao-trator;Lesoes Leves;1;5;4;1;2;2
Velocidade Incompativel;Colisao lateral sentido oposto;Pleno dia;Nublado;Caminhonete;Ileso;3;5;4;1;2;2
Velocidade Incompativel;Colisao lateral sentido oposto;Pleno dia;Nublado;Caminhonete;Lesoes Leves;1;5;4;1;2;2
Velocidade Incompativel;Colisao lateral sentido oposto;Pleno dia;Nublado;Micro-onibus;Ileso;3;5;4;1;2;4
Velocidade Incompativel;Colisao lateral sentido oposto;Pleno dia;Sol;Automovel;Ileso;3;5;4;1;3;1
Velocidade Incompativel;Colisao lateral sentido oposto;Pleno dia;Sol;Automovel;Lesoes Leves;1;5;4;1;3;1
Velocidade Incompativel;Colisao lateral sentido oposto;Pleno dia;Sol;Caminhao;Ileso;1;5;4;1;3;2
Velocidade Incompativel;Colisao lateral sentido oposto;Pleno dia;Sol;Caminhao;Lesoes Leves;4;5;4;1;3;2
Velocidade Incompativel;Colisao lateral sentido oposto;Pleno dia;Sol;Caminhao-trator;Ileso;2;5;4;1;3;2
Velocidade Incompativel;Colisao lateral sentido oposto;Pleno dia;Sol;Caminhonete;Ileso;6;5;4;1;3;2
Velocidade Incompativel;Colisao lateral sentido oposto;Pleno dia;Sol;Caminhonete;Lesoes Leves;2;5;4;1;3;2
Velocidade Incompativel;Colisao lateral sentido oposto;Pleno dia;Sol;Motocicleta;Lesoes Graves;1;5;4;1;3;1
Velocidade Incompativel;Colisao lateral sentido oposto;Pleno dia;Sol;Motocicleta;Lesoes Leves;2;5;4;1;3;1
Velocidade Incompativel;Colisao lateral sentido oposto;Pleno dia;Sol;Nao Informado;Ileso;1;5;4;1;3;3
Velocidade Incompativel;Colisao transversal;Amanhecer;Ceu Claro;Automovel;Lesoes Graves;1;5;5;4;1;1
Velocidade Incompativel;Colisao transversal;Amanhecer;Ceu Claro;Automovel;Obito;1;5;5;4;1;1
Velocidade Incompativel;Colisao transversal;Amanhecer;Ceu Claro;Caminhao;Ileso;2;5;5;4;1;2
Velocidade Incompativel;Colisao transversal;Amanhecer;Ceu Claro;Caminhao-trator;Ileso;2;5;5;4;1;2
Velocidade Incompativel;Colisao transversal;Amanhecer;Ceu Claro;Caminhonete;Lesoes Leves;4;5;5;4;1;2
Velocidade Incompativel;Colisao transversal;Amanhecer;Ceu Claro;Motocicleta;Lesoes Graves;1;5;5;4;1;1
Velocidade Incompativel;Colisao transversal;Amanhecer;Ceu Claro;Motocicleta;Lesoes Leves;1;5;5;4;1;1
Velocidade Incompativel;Colisao transversal;Amanhecer;Ceu Claro;Motocicleta;Obito;1;5;5;4;1;1
Velocidade Incompativel;Colisao transversal;Amanhecer;Chuva;Automovel;Ileso;1;5;5;4;2;1
Velocidade Incompativel;Colisao transversal;Amanhecer;Chuva;Automovel;Lesoes Leves;2;5;5;4;2;1
Velocidade Incompativel;Colisao transversal;Amanhecer;Nublado;Automovel;Ileso;1;5;5;4;2;1
Velocidade Incompativel;Colisao transversal;Amanhecer;Nublado;Automovel;Lesoes Leves;3;5;5;4;2;1
Velocidade Incompativel;Colisao transversal;Amanhecer;Nublado;Caminhao-trator;Lesoes Leves;2;5;5;4;2;2
Velocidade Incompativel;Colisao transversal;Anoitecer;Ceu Claro;Automovel;Ileso;3;5;5;4;1;1
Velocidade Incompativel;Colisao transversal;Anoitecer;Ceu Claro;Automovel;Lesoes Leves;1;5;5;4;1;1
Velocidade Incompativel;Colisao transversal;Anoitecer;Ceu Claro;Bicicleta;Lesoes Leves;1;5;5;4;1;3
Velocidade Incompativel;Colisao transversal;Anoitecer;Ceu Claro;Caminhonete;Ileso;1;5;5;4;1;2
Velocidade Incompativel;Colisao transversal;Anoitecer;Ceu Claro;Motocicleta;Ileso;1;5;5;4;1;1
Velocidade Incompativel;Colisao transversal;Anoitecer;Ceu Claro;Motocicleta;Lesoes Graves;3;5;5;4;1;1
Velocidade Incompativel;Colisao transversal;Anoitecer;Ceu Claro;Motocicleta;Lesoes Leves;1;5;5;4;1;1
Velocidade Incompativel;Colisao transversal;Anoitecer;Ceu Claro;Motocicleta;Obito;1;5;5;4;1;1
Velocidade Incompativel;Colisao transversal;Anoitecer;Ceu Claro;Motoneta;Lesoes Leves;1;5;5;4;1;3
Velocidade Incompativel;Colisao transversal;Anoitecer;Chuva;Automovel;Ileso;3;5;5;4;2;1
Velocidade Incompativel;Colisao transversal;Anoitecer;Chuva;Automovel;Lesoes Graves;2;5;5;4;2;1