causa_acidente;tipo_acidente;fase_dia;condicao_metereologica;tipo_veiculo;estado_fisico;count;causa_acidente_criterios;tipo_acidente_criterios;fase_dia_criterios;condicao_metereologica_criterios;tipo_veiculo_criterios
Velocidade Incompativel;Derramamento de carga;Pleno dia;Sol;Automovel;Lesoes Leves;3;5;3;1;3;1
Velocidade Incompativel;Derramamento de carga;Pleno dia;Sol;Caminhao;Lesoes Graves;2;5;3;1;3;2
Velocidade Incompativel;Derramamento de carga;Pleno dia;Sol;Caminhao;Lesoes Leves;1;5;3;1;3;2
Velocidade Incompativel;Derramamento de carga;Pleno dia;Sol;Caminhao;Obito;1;5;3;1;3;2
Velocidade Incompativel;Derramamento de carga;Pleno dia;Sol;Caminhao-trator;Ileso;2;5;3;1;3;2
Velocidade Incompativel;Derramamento de carga;Pleno dia;Sol;Caminhao-trator;Lesoes Graves;1;5;3;1;3;2
Velocidade Incompativel;Derramamento de carga;Pleno dia;Sol;Caminhao-trator;Lesoes Leves;8;5;3;1;3;2
Velocidade Incompativel;Engavetamento;Anoitecer;Ceu Claro;Automovel;Ileso;2;5;3;4;1;1
Velocidade Incompativel;Engavetamento;Anoitecer;Garoa/Chuvisco;Automovel;Ileso;5;5;3;4;3;1
Velocidade Incompativel;Engavetamento;Anoitecer;Garoa/Chuvisco;Automovel;Lesoes Leves;3;5;3;4;3;1
Velocidade Incompativel;Engavetamento;Anoitecer;Nublado;Automovel;Lesoes Graves;3;5;3;4;2;1
Velocidade Incompativel;Engavetamento;Anoitecer;Nublado;Automovel;Lesoes Leves;1;5;3;4;2;1
Velocidade Incompativel;Engavetamento;Anoitecer;Nublado;Caminhao;Ileso;1;5;3;4;2;2
Velocidade Incompativel;Engavetamento;Anoitecer;Nublado;Caminhao-trator;Ileso;1;5;3;4;2;2
Velocidade Incompativel;Engavetamento;Anoitecer;Nublado;Nao Informado;Ileso;1;5;3;4;2;3
Velocidade Incompativel;Engavetamento;Anoitecer;Nublado;Nao Informado;Lesoes Leves;1;5;3;4;2;3
Velocidade Incompativel;Engavetamento;Anoitecer;Nublado;Onibus;Ileso;1;5;3;4;2;3
Velocidade Incompativel;Engavetamento;Plena Noite;Ceu Claro;Automovel;Ileso;2;5;3;2;1;1
Velocidade Incompativel;Engavetamento;Plena Noite;Ceu Claro;Motocicleta;Ileso;1;5;3;2;1;1
Velocidade Incompativel;Engavetamento;Plena Noite;Garoa/Chuvisco;Automovel;Ileso;5;5;3;2;3;1
Velocidade Incompativel;Engavetamento;Plena Noite;Garoa/Chuvisco;Automovel;Lesoes Leves;1;5;3;2;3;1
Velocidade Incompativel;Engavetamento;Plena Noite;Garoa/Chuvisco;Caminhao;Lesoes Leves;1;5;3;2;3;2
Velocidade Incompativel;Engavetamento;Plena Noite;Garoa/Chuvisco;Caminhao-trator;Ileso;2;5;3;2;3;2
Velocidade Incompativel;Engavetamento;Plena Noite;Garoa/Chuvisco;Caminhao-trator;Lesoes Leves;1;5;3;2;3;2
Velocidade Incompativel;Engavetamento;Plena Noite;Garoa/Chuvisco;Micro-onibus;Ileso;2;5;3;2;3;4
Velocidade Incompativel;Engavetamento;Plena Noite;Garoa/Chuvisco;Nao Informado;Lesoes Leves;1;5;3;2;3;3
Velocidade Incompativel;Engavetamento;Plena Noite;Nublado;Automovel;Ileso;5;5;3;2;2;1
Velocidade Incompativel;Engavetamento;Plena Noite;Nublado;Automovel;Lesoes Leves;2;5;3;2;2;1
Velocidade Incompativel;Engavetamento;Plena Noite;Nublado;Caminhao;Obito;1;5;3;2;2;2
Velocidade Incompativel;Engavetamento;Plena Noite;Nublado;Caminhao-trator;Ileso;4;5;3;2;2;2
Velocidade Incompativel;Engavetamento;Plena Noite;Nublado;Caminhonete;Obito;1;5;3;2;2;2
Velocidade Incompativel;Engavetamento;Plena Noite;Nublado;Utilitario;Ileso;2;5;3;2;2;3
Velocidade Incompativel;Engavetamento;Pleno dia;Ceu Claro;Automovel;Ileso;39;5;3;1;1;1
Velocidade Incompativel;Engavetamento;Pleno dia;Ceu Claro;Automovel;Lesoes Graves;9;5;3;1;1;1
Velocidade Incompativel;Engavetamento;Pleno dia;Ceu Claro;Automovel;Lesoes Leves;18;5;3;1;1;1
Velocidade Incompativel;Engavetamento;Pleno dia;Ceu Claro;Automovel;Obito;7;5;3;1;1;1
Velocidade Incompativel;Engavetamento;Pleno dia;Ceu Claro;Caminhao;Ileso;11;5;3;1;1;2
Velocidade Incompativel;Engavetamento;Pleno dia;Ceu Claro;Caminhao;Lesoes Leves;4;5;3;1;1;2
Velocidade Incompativel;Engavetamento;Pleno dia;Ceu Claro;Caminhao-trator;Ileso;14;5;3;1;1;2
Velocidade Incompativel;Engavetamento;Pleno dia;Ceu Claro;Caminhao-trator;Lesoes Graves;1;5;3;1;1;2
Velocidade Incompativel;Engavetamento;Pleno dia;Ceu Claro;Caminhao-trator;Lesoes Leves;3;5;3;1;1;2
Velocidade Incompativel;Engavetamento;Pleno dia;Ceu Claro;Caminhao-trator;Obito;2;5;3;1;1;2
Velocidade Incompativel;Engavetamento;Pleno dia;Ceu Claro;Caminhonete;Ileso;27;5;3;1;1;2
Velocidade Incompativel;Engavetamento;Pleno dia;Ceu Claro;Caminhonete;Lesoes Leves;4;5;3;1;1;2
Velocidade Incompativel;Engavetamento;Pleno dia;Ceu Claro;Caminhonete;Obito;1;5;3;1;1;2
Velocidade Incompativel;Engavetamento;Pleno dia;Ceu Claro;Micro-onibus;Obito;1;5;3;1;1;4
Velocidade Incompativel;Engavetamento;Pleno dia;Ceu Claro;Motocicleta;Ileso;1;5;3;1;1;1
Velocidade Incompativel;Engavetamento;Pleno dia;Ceu Claro;Motocicleta;Lesoes Graves;1;5;3;1;1;1
Velocidade Incompativel;Engavetamento;Pleno dia;Ceu Claro;Motocicleta;Lesoes Leves;2;5;3;1;1;1
Velocidade Incompativel;Engavetamento;Pleno dia;Ceu Claro;Nao Informado;Ileso;4;5;3;1;1;3
Velocidade Incompativel;Engavetamento;Pleno dia;Ceu Claro;Nao Informado;Lesoes Leves;1;5;3;1;1;3
Velocidade Incompativel;Engavetamento;Pleno dia;Ceu Claro;Utilitario;Ileso;2;5;3;1;1;3
Velocidade Incompativel;Engavetamento;Pleno dia;Ceu Claro;Utilitario;Lesoes Leves;1;5;3;1;1;3
Velocidade Incompativel;Engavetamento;Pleno dia;Chuva;Automovel;Ileso;25;5;3;1;2;1
Velocidade Incompativel;Engavetamento;Pleno dia;Chuva;Automovel;Lesoes Graves;3;5;3;1;2;1
Velocidade Incompativel;Engavetamento;Pleno dia;Chuva;Automovel;Lesoes Leves;3;5;3;1;2;1
Velocidade Incompativel;Engavetamento;Pleno dia;Chuva;Caminhao;Ileso;3;5;3;1;2;2
Velocidade Incompativel;Engavetamento;Pleno dia;Chuva;Caminhao;Lesoes Graves;1;5;3;1;2;2
Velocidade Incompativel;Engavetamento;Pleno dia;Chuva;Caminhao-trator;Ileso;3;5;3;1;2;2
Velocidade Incompativel;Engavetamento;Pleno dia;Chuva;Caminhonete;Ileso;5;5;3;1;2;2
Velocidade Incompativel;Engavetamento;Pleno dia;Chuva;Caminhonete;Lesoes Leves;2;5;3;1;2;2
Velocidade Incompativel;Engavetamento;Pleno dia;Chuva;Chassi-plataforma;Ileso;1;5;3;1;2;5
Velocidade Incompativel;Engavetamento;Pleno dia;Chuva;Chassi-plataforma;Lesoes Graves;1;5;3;1;2;5
Velocidade Incompativel;Engavetamento;Pleno dia;Chuva;Nao Informado;Ileso;1;5;3;1;2;3
Velocidade Incompativel;Engavetamento;Pleno dia;Chuva;Utilitario;Ileso;1;5;3;1;2;3
Velocidade Incompativel;Engavetamento;Pleno dia;Chuva;Utilitario;Lesoes Leves;1;5;3;1;2;3
Velocidade Incompativel;Engavetamento;Pleno dia;Ignorado;Caminhao;Ileso;2;5;3;1;0;2
Velocidade Incompativel;Engavetamento;Pleno dia;Ignorado;Caminhao;Lesoes Leves;1;5;3;1;0;2
Velocidade Incompativel;Engavetamento;Pleno dia;Ignorado;Caminhao-trator;Ileso;1;5;3;1;0;2
Velocidade Incompativel;Engavetamento;Pleno dia;Ignorado;Caminhao-trator;Lesoes Leves;1;5;3;1;0;2
Velocidade Incompativel;Engavetamento;Pleno dia;Ignorado;Caminhao-trator;Obito;1;5;3;1;0;2
Velocidade Incompativel;Engavetamento;Pleno dia;Nublado;Automovel;Ileso;2;5;3;1;2;1
Velocidade Incompativel;Engavetamento;Pleno dia;Nublado;Automovel;Lesoes Leves;2;5;3;1;2;1
Velocidade Incompativel;Engavetamento;Pleno dia;Nublado;Caminhao;Ileso;1;5;3;1;2;2
Velocidade Incompativel;Engavetamento;Pleno dia;Nublado;Caminhao;Lesoes Graves;1;5;3;1;2;2
Velocidade Incompativel;Engavetamento;Pleno dia;Nublado;Caminhao;Lesoes Leves;1;5;3;1;2;2
Velocidade Incompativel;Engavetamento;Pleno dia;Nublado;Caminhonete;Ileso;1;5;3;1;2;2
Velocidade Incompativel;Engavetamento;Pleno dia;Nublado;Utilitario;Ileso;1;5;3;1;2;3
Velocidade Incompativel;Engavetamento;Pleno dia;Sol;Automovel;Lesoes Leves;8;5;3;1;3;1
Velocidade Incompativel;Engavetamento;Pleno dia;Sol;Caminhao;Ileso;2;5;3;1;3;2
Velocidade Incompativel;Engavetamento;Pleno dia;Sol;Caminhao;Lesoes Graves;1;5;3;1;3;2
Velocidade Incompativel;Engavetamento;Pleno dia;Sol;Caminhao;Obito;1;5;3;1;3;2
Velocidade Incompativel;Engavetamento;Pleno dia;Sol;Caminhao-trator;Lesoes Graves;1;5;3;1;3;2
Velocidade Incompativel;Engavetamento;Pleno dia;Sol;Caminhao-trator;Lesoes Leves;2;5;3;1;3;2
Velocidade Incompativel;Engavetamento;Pleno dia;Sol;Caminhonete;Ileso;3;5;3;1;3;2
Velocidade Incompativel;Engavetamento;Pleno dia;Sol;Caminhonete;Lesoes Graves;1;5;3;1;3;2
Velocidade Incompativel;Engavetamento;Pleno dia;Sol;Micro-onibus;Ileso;1;5;3;1;3;4
Velocidade Incompativel;Eventos atipicos;Amanhecer;Chuva;Automovel;Ileso;4;5;2;4;2;1
Velocidade Incompativel;Eventos atipicos;Amanhecer;Chuva;Caminhonete;Ileso;4;5;2;4;2;2
Velocidade Incompativel;Eventos atipicos;Amanhecer;Chuva;Motocicleta;Lesoes Graves;6;5;2;4;2;1
Velocidade Incompativel;Eventos atipicos;Amanhecer;Chuva;Motocicleta;Lesoes Leves;4;5;2;4;2;1
Velocidade Incompativel;Eventos atipicos;Amanhecer;Chuva;Motocicleta;Obito;2;5;2;4;2;1
Velocidade Incompativel;Eventos atipicos;Plena Noite;Garoa/Chuvisco;Bicicleta;Obito;1;5;2;2;3;3
Velocidade Incompativel;Eventos atipicos;Pleno dia;Ceu Claro;Automovel;Ileso;3;5;2;1;1;1
Velocidade Incompativel;Eventos atipicos;Pleno dia;Ceu Claro;Automovel;Lesoes Graves;1;5;2;1;1;1
Velocidade Incompativel;Eventos atipicos;Pleno dia;Ceu Claro;Automovel;Lesoes Leves;1;5;2;1;1;1
Velocidade Incompativel;Eventos atipicos;Pleno dia;Ceu Claro;Automovel;Obito;1;5;2;1;1;1
Velocidade Incompativel;Eventos atipicos;Pleno dia;Ceu Claro;Caminhao-trator;Ileso;2;5;2;1;1;2
Velocidade Incompativel;Eventos atipicos;Pleno dia;Ceu Claro;Caminhonete;Lesoes Graves;2;5;2;1;1;2
Velocidade Incompativel;Eventos atipicos;Pleno dia;Chuva;Automovel;Ileso;1;5;2;1;2;1
Velocidade Incompativel;Eventos atipicos;Pleno dia;Nublado;Automovel;Lesoes Leves;2;5;2;1;2;1
Velocidade Incompativel;Eventos atipicos;Pleno dia;Nublado;Caminhao;Obito;2;5;2;1;2;2
Velocidade Incompativel;Eventos atipicos;Pleno dia;Nublado;Caminhao-trator;Lesoes Leves;2;5;2;1;2;2
Velocidade Incompativel;Incendio;Amanhecer;Ceu Claro;Caminhonete;Obito;1;5;2;4;1;2
Velocidade Incompativel;Incendio;Amanhecer;Garoa/Chuvisco;Caminhao-trator;Ileso;1;5;2;4;3;2
Velocidade Incompativel;Incendio;Amanhecer;Nublado;Caminhao-trator;Lesoes Leves;1;5;2;4;2;2
Velocidade Incompativel;Incendio;Plena Noite;Ceu Claro;Automovel;Ileso;1;5;2;2;1;1
Velocidade Incompativel;Incendio;Plena Noite;Ceu Claro;Automovel;Lesoes Graves;1;5;2;2;1;1
Velocidade Incompativel;Incendio;Plena Noite;Ceu Claro;Automovel;Obito;1;5;2;2;1;1
Velocidade Incompativel;Incendio;Plena Noite;Ceu Claro;Caminhao-trator;Lesoes Graves;2;5;2;2;1;2
Velocidade Incompativel;Incendio;Plena Noite;Ceu Claro;Nao Informado;Ileso;1;5;2;2;1;3
Velocidade Incompativel;Incendio;Plena Noite;Garoa/Chuvisco;Automovel;Lesoes Leves;2;5;2;2;3;1
Velocidade Incompativel;Incendio;Plena Noite;Nublado;Automovel;Ileso;2;5;2;2;2;1
Velocidade Incompativel;Incendio;Plena Noite;Nublado;Caminhao-trator;Ileso;2;5;2;2;2;2
Velocidade Incompativel;Incendio;Plena Noite;Nublado;Caminhao-trator;Lesoes Graves;1;5;2;2;2;2
Velocidade Incompativel;Incendio;Plena Noite;Nublado;Motocicleta;Obito;1;5;2;2;2;1
Velocidade Incompativel;Incendio;Pleno dia;Ceu Claro;Automovel;Ileso;1;5;2;1;1;1
Velocidade Incompativel;Incendio;Pleno dia;Ceu Claro;Automovel;Lesoes Graves;2;5;2;1;1;1
Velocidade Incompativel;Incendio;Pleno dia;Ceu Claro;Automovel;Lesoes Leves;3;5;2;1;1;1
Velocidade Incompativel;Incendio;Pleno dia;Ceu Claro;Caminhao;Ileso;1;5;2;1;1;2
Velocidade Incompativel;Incendio;Pleno dia;Ceu Claro;Caminhao-trator;Ileso;2;5;2;1;1;2
Velocidade Incompativel;Incendio;Pleno dia;Ceu Claro;Caminhao-trator;Lesoes Graves;2;5;2;1;1;2
Velocidade Incompativel;Incendio;Pleno dia;Ceu Claro;Caminhao-trator;Lesoes Leves;2;5;2;1;1;2
Velocidade Incompativel;Incendio;Pleno dia;Ceu Claro;Caminhao-trator;Obito;3;5;2;1;1;2
Velocidade Incompativel;Incendio;Pleno dia;Ceu Claro;Caminhonete;Ileso;1;5;2;1;1;2
Velocidade Incompativel;Incendio;Pleno dia;Chuva;Automovel;Obito;1;5;2;1;2;1
Velocidade Incompativel;Incendio;Pleno dia;Chuva;Caminhao;Lesoes Leves;1;5;2;1;2;2
Velocidade Incompativel;Incendio;Pleno dia;Nublado;Motocicleta;Lesoes Graves;1;5;2;1;2;1
Velocidade Incompativel;Incendio;Pleno dia;Nublado;Nao Informado;Ileso;1;5;2;1;2;3
Velocidade Incompativel;Incendio;Pleno dia;Sol;Automovel;Lesoes Leves;2;5;2;1;3;1
Velocidade Incompativel;Incendio;Pleno dia;Sol;Caminhao-trator;Ileso;2;5;2;1;3;2
Velocidade Incompativel;Incendio;Pleno dia;Sol;Motocicleta;Obito;2;5;2;1;3;1
Velocidade Incompativel;Incendio;Pleno dia;Sol;Nao Informado;Ileso;1;5;2;1;3;3
Velocidade Incompativel;Queda de ocupante de veiculo;Amanhecer;Ceu Claro;Automovel;Ileso;8;5;5;4;1;1
Velocidade Incompativel;Queda de ocupante de veiculo;Amanhecer;Ceu Claro;Automovel;Lesoes Leves;1;5;5;4;1;1
Velocidade Incompativel;Queda de ocupante de veiculo;Amanhecer;Ceu Claro;Caminhao;Ileso;3;5;5;4;1;2
Velocidade Incompativel;Queda de ocupante de veiculo;Amanhecer;Ceu Claro;Caminhao-trator;Ileso;1;5;5;4;1;2
Velocidade Incompativel;Queda de ocupante de veiculo;Amanhecer;Ceu Claro;Caminhonete;Ileso;1;5;5;4;1;2
Velocidade Incompativel;Queda de ocupante de veiculo;Amanhecer;Ceu Claro;Caminhonete;Lesoes Leves;1;5;5;4;1;2
Velocidade Incompativel;Queda de ocupante de veiculo;Amanhecer;Ceu Claro;Motocicleta;Ileso;1;5;5;4;1;1
Velocidade Incompativel;Queda de ocupante de veiculo;Amanhecer;Ceu Claro;Motocicleta;Lesoes Graves;5;5;5;4;1;1
Velocidade Incompativel;Queda de ocupante de veiculo;Amanhecer;Ceu Claro;Motocicleta;Lesoes Leves;9;5;5;4;1;1
Velocidade Incompativel;Queda de ocupante de veiculo;Amanhecer;Ceu Claro;Motocicleta;Obito;4;5;5;4;1;1
Velocidade Incompativel;Queda de ocupante de veiculo;Amanhecer;Ceu Claro;Motoneta;Lesoes Graves;1;5;5;4;1;3
Velocidade Incompativel;Queda de ocupante de veiculo;Amanhecer;Ceu Claro;Motoneta;Lesoes Leves;1;5;5;4;1;3
Velocidade Incompativel;Queda de ocupante de veiculo;Amanhecer;Ceu Claro;Motoneta;Obito;1;5;5;4;1;3
Velocidade Incompativel;Queda de ocupante de veiculo;Amanhecer;Ceu Claro;Nao se aplica;Ileso;1;5;5;4;1;3
Velocidade Incompativel;Queda de ocupante de veiculo;Amanhecer;Ceu Claro;Outros;Lesoes Graves;1;5;5;4;1;5
Velocidade Incompativel;Queda de ocupante de veiculo;Amanhecer;Ceu Claro;Outros;Obito;1;5;5;4;1;5
Velocidade Incompativel;Queda de ocupante de veiculo;Amanhecer;Chuva;Automovel;Ileso;6;5;5;4;2;1
Velocidade Incompativel;Queda de ocupante de veiculo;Amanhecer;Chuva;Caminhonete;Ileso;6;5;5;4;2;2
Velocidade Incompativel;Queda de ocupante de veiculo;Amanhecer;Chuva;Motocicleta;Lesoes Graves;9;5;5;4;2;1
Velocidade Incompativel;Queda de ocupante de veiculo;Amanhecer;Chuva;Motocicleta;Lesoes Leves;6;5;5;4;2;1
Velocidade Incompativel;Queda de ocupante de veiculo;Amanhecer;Chuva;Motocicleta;Obito;3;5;5;4;2;1
Velocidade Incompativel;Queda de ocupante de veiculo;Amanhecer;Garoa/Chuvisco;Motocicleta;Lesoes Graves;1;5;5;4;3;1
Velocidade Incompativel;Queda de ocupante de veiculo;Amanhecer;Garoa/Chuvisco;Motocicleta;Lesoes Leves;1;5;5;4;3;1
Velocidade Incompativel;Queda de ocupante de veiculo;Amanhecer;Ignorado;Motocicleta;Lesoes Leves;2;5;5;4;0;1
Velocidade Incompativel;Queda de ocupante de veiculo;Amanhecer;Nublado;Automovel;Lesoes Leves;1;5;5;4;2;1
Velocidade Incompativel;Queda de ocupante de veiculo;Amanhecer;Nublado;Caminhao;Ileso;2;5;5;4;2;2
Velocidade Incompativel;Queda de ocupante de veiculo;Amanhecer;Nublado;Caminhao-trator;Ileso;1;5;5;4;2;2
Velocidade Incompativel;Queda de ocupante de veiculo;Amanhecer;Nublado;Caminhonete;Lesoes Leves;1;5;5;4;2;2
Velocidade Incompativel;Queda de ocupante de veiculo;Amanhecer;Nublado;Motocicleta;Ileso;1;5;5;4;2;1
Velocidade Incompativel;Queda de ocupante de veiculo;Amanhecer;Nublado;Motocicleta;Lesoes Graves;2;5;5;4;2;1
Velocidade Incompativel;Queda de ocupante de veiculo;Amanhecer;Nublado;Motocicleta;Lesoes Leves;8;5;5;4;2;1
Velocidade Incompativel;Queda de ocupante de veiculo;Amanhecer;Nublado;Motocicleta;Obito;1;5;5;4;2;1
Velocidade Incompativel;Queda de ocupante de veiculo;Amanhecer;Nublado;Motoneta;Lesoes Graves;1;5;5;4;2;3
Velocidade Incompativel;Queda de ocupante de veiculo;Amanhecer;Nublado;Motoneta;Obito;2;5;5;4;2;3
Velocidade Incompativel;Queda de ocupante de veiculo;Amanhecer;Nublado;Onibus;Ileso;1;5;5;4;2;3
Velocidade Incompativel;Queda de ocupante de veiculo;Amanhecer;Sol;Motocicleta;Obito;1;5;5;4;3;1
Velocidade Incompativel;Queda de ocupante de veiculo;Anoitecer;Ceu Claro;Automovel;Ileso;9;5;5;4;1;1
Velocidade Incompativel;Queda de ocupante de veiculo;Anoitecer;Ceu Claro;Automovel;Lesoes Graves;3;5;5;4;1;1
Velocidade Incompativel;Queda de ocupante de veiculo;Anoitecer;Ceu Claro;Automovel;Lesoes Leves;3;5;5;4;1;1
Velocidade Incompativel;Queda de ocupante de veiculo;Anoitecer;Ceu Claro;Caminhonete;Ileso;1;5;5;4;1;2
Velocidade Incompativel;Queda de ocupante de veiculo;Anoitecer;Ceu Claro;Motocicleta;Ileso;3;5;5;4;1;1
Velocidade Incompativel;Queda de ocupante de veiculo;Anoitecer;Ceu Claro;Motocicleta;Lesoes Graves;6;5;5;4;1;1
Velocidade Incompativel;Queda de ocupante de veiculo;Anoitecer;Ceu Claro;Motocicleta;Lesoes Leves;8;5;5;4;1;1
Velocidade Incompativel;Queda de ocupante de veiculo;Anoitecer;Ceu Claro;Motocicleta;Obito;3;5;5;4;1;1
Velocidade Incompativel;Queda de ocupante de veiculo;Anoitecer;Ceu Claro;Motoneta;Lesoes Leves;2;5;5;4;1;3
Velocidade Incompativel;Queda de ocupante de veiculo;Anoitecer;Chuva;Motocicleta;Lesoes Graves;1;5;5;4;2;1
Velocidade Incompativel;Queda de ocupante de veiculo;Anoitecer;Chuva;Motocicleta;Lesoes Leves;1;5;5;4;2;1
Velocidade Incompativel;Queda de ocupante de veiculo;Anoitecer;Garoa/Chuvisco;Caminhonete;Ileso;1;5;5;4;3;2
Velocidade Incompativel;Queda de ocupante de veiculo;Anoitecer;Garoa/Chuvisco;Motocicleta;Lesoes Leves;1;5;5;4;3;1
Velocidade Incompativel;Queda de ocupante de veiculo;Anoitecer;Nublado;Automovel;Ileso;4;5;5;4;2;1
Velocidade Incompativel;Queda de ocupante de veiculo;Anoitecer;Nublado;Automovel;Obito;1;5;5;4;2;1
Velocidade Incompativel;Queda de ocupante de veiculo;Anoitecer;Nublado;Caminhao;Ileso;1;5;5;4;2;2
Velocidade Incompativel;Queda de ocupante de veiculo;Anoitecer;Nublado;Caminhonete;Ileso;1;5;5;4;2;2
Velocidade Incompativel;Queda de ocupante de veiculo;Anoitecer;Nublado;Motocicleta;Lesoes Graves;3;5;5;4;2;1
Velocidade Incompativel;Queda de ocupante de veiculo;Anoitecer;Nublado;Motocicleta;Lesoes Leves;9;5;5;4;2;1
Velocidade Incompativel;Queda de ocupante de veiculo;Anoitecer;Nublado;Nao Informado;Ileso;1;5;5;4;2;3
Velocidade Incompativel;Queda de ocupante de veiculo;Anoitecer;Nublado;Utilitario;Ileso;1;5;5;4;2;3
Velocidade Incompativel;Queda de ocupante de veiculo;Plena Noite;Ceu Claro;Automovel;Ileso;45;5;5;2;1;1
Velocidade Incompativel;Queda de ocupante de veiculo;Plena Noite;Ceu Claro;Automovel;Lesoes Graves;2;5;5;2;1;1
Velocidade Incompativel;Queda de ocupante de veiculo;Plena Noite;Ceu Claro;Automovel;Lesoes Leves;5;5;5;2;1;1
Velocidade Incompativel;Queda de ocupante de veiculo;Plena Noite;Ceu Claro;Automovel;Obito;2;5;5;2;1;1
Velocidade Incompativel;Queda de ocupante de veiculo;Plena Noite;Ceu Claro;Bicicleta;Ileso;2;5;5;2;1;3
Velocidade Incompativel;Queda de ocupante de veiculo;Plena Noite;Ceu Claro;Bicicleta;Lesoes Graves;2;5;5;2;1;3
Velocidade Incompativel;Queda de ocupante de veiculo;Plena Noite;Ceu Claro;Bicicleta;Obito;2;5;5;2;1;3
Velocidade Incompativel;Queda de ocupante de veiculo;Plena Noite;Ceu Claro;Caminhao;Ileso;7;5;5;2;1;2
Velocidade Incompativel;Queda de ocupante de veiculo;Plena Noite;Ceu Claro;Caminhao;Obito;1;5;5;2;1;2
Velocidade Incompativel;Queda de ocupante de veiculo;Plena Noite;Ceu Claro;Caminhao-trator;Ileso;6;5;5;2;1;2
Velocidade Incompativel;Queda de ocupante de veiculo;Plena Noite;Ceu Claro;Caminhao-trator;Lesoes Graves;1;5;5;2;1;2
Velocidade Incompativel;Queda de ocupante de veiculo;Plena Noite;Ceu Claro;Caminhao-trator;Lesoes Leves;1;5;5;2;1;2
Velocidade Incompativel;Queda de ocupante de veiculo;Plena Noite;Ceu Claro;Caminhao-trator;Obito;1;5;5;2;1;2
Velocidade Incompativel;Queda de ocupante de veiculo;Plena Noite;Ceu Claro;Caminhonete;Ileso;22;5;5;2;1;2
Velocidade Incompativel;Queda de ocupante de veiculo;Plena Noite;Ceu Claro;Caminhonete;Lesoes Graves;4;5;5;2;1;2
Velocidade Incompativel;Queda de ocupante de veiculo;Plena Noite;Ceu Claro;Caminhonete;Lesoes Leves;3;5;5;2;1;2
Velocidade Incompativel;Queda de ocupante de veiculo;Plena Noite;Ceu Claro;Caminhonete;Obito;1;5;5;2;1;2
Velocidade Incompativel;Queda de ocupante de veiculo;Plena Noite;Ceu Claro;Ciclomotor;Lesoes Graves;1;5;5;2;1;4
Velocidade Incompativel;Queda de ocupante de veiculo;Plena Noite;Ceu Claro;Ciclomotor;Obito;1;5;5;2;1;4
Velocidade Incompativel;Queda de ocupante de veiculo;Plena Noite;Ceu Claro;Motocicleta;Ileso;4;5;5;2;1;1
Velocidade Incompativel;Queda de ocupante de veiculo;Plena Noite;Ceu Claro;Motocicleta;Lesoes Graves;52;5;5;2;1;1
Velocidade Incompativel;Queda de ocupante de veiculo;Plena Noite;Ceu Claro;Motocicleta;Lesoes Leves;67;5;5;2;1;1
Velocidade Incompativel;Queda de ocupante de veiculo;Plena Noite;Ceu Claro;Motocicleta;Obito;22;5;5;2;1;1
Velocidade Incompativel;Queda de ocupante de veiculo;Plena Noite;Ceu Claro;Motoneta;Lesoes Graves;1;5;5;2;1;3
Velocidade Incompativel;Queda de ocupante de veiculo;Plena Noite;Ceu Claro;Motoneta;Lesoes Leves;4;5;5;2;1;3
Velocidade Incompativel;Queda de ocupante de veiculo;Plena Noite;Ceu Claro;Motoneta;Obito;1;5;5;2;1;3
Velocidade Incompativel;Queda de ocupante de veiculo;Plena Noite;Ceu Claro;Nao Informado;Ileso;2;5;5;2;1;3
Velocidade Incompativel;Queda de ocupante de veiculo;Plena Noite;Ceu Claro;Nao Informado;Lesoes Leves;2;5;5;2;1;3
Velocidade Incompativel;Queda de ocupante de veiculo;Plena Noite;Ceu Claro;Nao se aplica;Lesoes Graves;1;5;5;2;1;3
Velocidade Incompativel;Queda de ocupante de veiculo;Plena Noite;Ceu Claro;Onibus;Ileso;2;5;5;2;1;3
Velocidade Incompativel;Queda de ocupante de veiculo;Plena Noite;Ceu Claro;Onibus;Lesoes Leves;1;5;5;2;1;3
Velocidade Incompativel;Queda de ocupante de veiculo;Plena Noite;Ceu Claro;Utilitario;Ileso;1;5;5;2;1;3
Velocidade Incompativel;Queda de ocupante de veiculo;Plena Noite;Chuva;Automovel;Ileso;6;5;5;2;2;1
Velocidade Incompativel;Queda de ocupante de veiculo;Plena Noite;Chuva;Bicicleta;Lesoes Graves;1;5;5;2;2;3
Velocidade Incompativel;Queda de ocupante de veiculo;Plena Noite;Chuva;Caminhonete;Ileso;1;5;5;2;2;2
Velocidade Incompativel;Queda de ocupante de veiculo;Plena Noite;Chuva;Motocicleta;Ileso;1;5;5;2;2;1
Velocidade Incompativel;Queda de ocupante de veiculo;Plena Noite;Chuva;Motocicleta;Lesoes Graves;5;5;5;2;2;1
Velocidade Incompativel;Queda de ocupante de veiculo;Plena Noite;Chuva;Motocicleta;Lesoes Leves;12;5;5;2;2;1
Velocidade Incompativel;Queda de ocupante de veiculo;Plena Noite;Chuva;Motocicleta;Obito;3;5;5;2;2;1
Velocidade Incompativel;Queda de ocupante de veiculo;Plena Noite;Chuva;Motoneta;Lesoes Graves;1;5;5;2;2;3
Velocidade Incompativel;Queda de ocupante de veiculo;Plena Noite;Chuva;Motoneta;Lesoes Leves;1;5;5;2;2;3
Velocidade Incompativel;Queda de ocupante de veiculo;Plena Noite;Garoa/Chuvisco;Automovel;Ileso;2;5;5;2;3;1
Velocidade Incompativel;Queda de ocupante de veiculo;Plena Noite;Garoa/Chuvisco;Automovel;Lesoes Leves;1;5;5;2;3;1
Velocidade Incompativel;Queda de ocupante de veiculo;Plena Noite;Garoa/Chuvisco;Bicicleta;Obito;1;5;5;2;3;3
Velocidade Incompativel;Queda de ocupante de veiculo;Plena Noite;Garoa/Chuvisco;Motocicleta;Ileso;1;5;5;2;3;1
Velocidade Incompativel;Queda de ocupante de veiculo;Plena Noite;Garoa/Chuvisco;Motocicleta;Lesoes Graves;2;5;5;2;3;1