causa_acidente;tipo_acidente;fase_dia;condicao_metereologica;tipo_veiculo;estado_fisico;count;causa_acidente_criterios;tipo_acidente_criterios;fase_dia_criterios;condicao_metereologica_criterios;tipo_veiculo_criterios
Velocidade Incompativel;Queda de ocupante de veiculo;Plena Noite;Garoa/Chuvisco;Motocicleta;Lesoes Leves;6;5;5;2;3;1
Velocidade Incompativel;Queda de ocupante de veiculo;Plena Noite;Garoa/Chuvisco;Motoneta;Lesoes Leves;2;5;5;2;3;3
Velocidade Incompativel;Queda de ocupante de veiculo;Plena Noite;Garoa/Chuvisco;Nao se aplica;Lesoes Leves;1;5;5;2;3;3
Velocidade Incompativel;Queda de ocupante de veiculo;Plena Noite;Garoa/Chuvisco;Onibus;Ileso;1;5;5;2;3;3
Velocidade Incompativel;Queda de ocupante de veiculo;Plena Noite;Ignorado;Automovel;Ileso;1;5;5;2;0;1
Velocidade Incompativel;Queda de ocupante de veiculo;Plena Noite;Ignorado;Automovel;Lesoes Graves;1;5;5;2;0;1
Velocidade Incompativel;Queda de ocupante de veiculo;Plena Noite;Ignorado;Automovel;Lesoes Leves;1;5;5;2;0;1
Velocidade Incompativel;Queda de ocupante de veiculo;Plena Noite;Ignorado;Caminhonete;Ileso;1;5;5;2;0;2
Velocidade Incompativel;Queda de ocupante de veiculo;Plena Noite;Ignorado;Motocicleta;Lesoes Graves;1;5;5;2;0;1
Velocidade Incompativel;Queda de ocupante de veiculo;Plena Noite;Ignorado;Motocicleta;Lesoes Leves;5;5;5;2;0;1
Velocidade Incompativel;Queda de ocupante de veiculo;Plena Noite;Nublado;Automovel;Ileso;15;5;5;2;2;1
Velocidade Incompativel;Queda de ocupante de veiculo;Plena Noite;Nublado;Bicicleta;Lesoes Graves;2;5;5;2;2;3
Velocidade Incompativel;Queda de ocupante de veiculo;Plena Noite;Nublado;Caminhao;Ileso;3;5;5;2;2;2
Velocidade Incompativel;Queda de ocupante de veiculo;Plena Noite;Nublado;Caminhao-trator;Ileso;2;5;5;2;2;2
Velocidade Incompativel;Queda de ocupante de veiculo;Plena Noite;Nublado;Caminhonete;Ileso;4;5;5;2;2;2
Velocidade Incompativel;Queda de ocupante de veiculo;Plena Noite;Nublado;Caminhonete;Lesoes Graves;1;5;5;2;2;2
Velocidade Incompativel;Queda de ocupante de veiculo;Plena Noite;Nublado;Motocicleta;Lesoes Graves;15;5;5;2;2;1
Velocidade Incompativel;Queda de ocupante de veiculo;Plena Noite;Nublado;Motocicleta;Lesoes Leves;21;5;5;2;2;1
Velocidade Incompativel;Queda de ocupante de veiculo;Plena Noite;Nublado;Motocicleta;Obito;6;5;5;2;2;1
Velocidade Incompativel;Queda de ocupante de veiculo;Plena Noite;Nublado;Motoneta;Lesoes Leves;1;5;5;2;2;3
Velocidade Incompativel;Queda de ocupante de veiculo;Plena Noite;Nublado;Nao se aplica;Lesoes Graves;1;5;5;2;2;3
Velocidade Incompativel;Queda de ocupante de veiculo;Plena Noite;Nublado;Nao se aplica;Lesoes Leves;1;5;5;2;2;3
Velocidade Incompativel;Queda de ocupante de veiculo;Plena Noite;Nublado;Onibus;Ileso;18;5;5;2;2;3
Velocidade Incompativel;Queda de ocupante de veiculo;Plena Noite;Nublado;Onibus;Lesoes Graves;1;5;5;2;2;3
Velocidade Incompativel;Queda de ocupante de veiculo;Plena Noite;Nublado;Onibus;Lesoes Leves;35;5;5;2;2;3
Velocidade Incompativel;Queda de ocupante de veiculo;Plena Noite;Nublado;Onibus;Obito;4;5;5;2;2;3
Velocidade Incompativel;Queda de ocupante de veiculo;Plena Noite;Vento;Automovel;Ileso;2;5;5;2;5;1
Velocidade Incompativel;Queda de ocupante de veiculo;Plena Noite;Vento;Motocicleta;Lesoes Leves;1;5;5;2;5;1
Velocidade Incompativel;Queda de ocupante de veiculo;Plena Noite;Vento;Motoneta;Lesoes Leves;1;5;5;2;5;3
Velocidade Incompativel;Queda de ocupante de veiculo;Pleno dia;Ceu Claro;Automovel;Ileso;110;5;5;1;1;1
Velocidade Incompativel;Queda de ocupante de veiculo;Pleno dia;Ceu Claro;Automovel;Lesoes Graves;10;5;5;1;1;1
Velocidade Incompativel;Queda de ocupante de veiculo;Pleno dia;Ceu Claro;Automovel;Lesoes Leves;8;5;5;1;1;1
Velocidade Incompativel;Queda de ocupante de veiculo;Pleno dia;Ceu Claro;Automovel;Obito;2;5;5;1;1;1
Velocidade Incompativel;Queda de ocupante de veiculo;Pleno dia;Ceu Claro;Bicicleta;Lesoes Graves;1;5;5;1;1;3
Velocidade Incompativel;Queda de ocupante de veiculo;Pleno dia;Ceu Claro;Bicicleta;Lesoes Leves;1;5;5;1;1;3
Velocidade Incompativel;Queda de ocupante de veiculo;Pleno dia;Ceu Claro;Bicicleta;Obito;3;5;5;1;1;3
Velocidade Incompativel;Queda de ocupante de veiculo;Pleno dia;Ceu Claro;Caminhao;Ileso;17;5;5;1;1;2
Velocidade Incompativel;Queda de ocupante de veiculo;Pleno dia;Ceu Claro;Caminhao-trator;Ileso;12;5;5;1;1;2
Velocidade Incompativel;Queda de ocupante de veiculo;Pleno dia;Ceu Claro;Caminhonete;Ileso;26;5;5;1;1;2
Velocidade Incompativel;Queda de ocupante de veiculo;Pleno dia;Ceu Claro;Caminhonete;Lesoes Graves;4;5;5;1;1;2
Velocidade Incompativel;Queda de ocupante de veiculo;Pleno dia;Ceu Claro;Caminhonete;Lesoes Leves;1;5;5;1;1;2
Velocidade Incompativel;Queda de ocupante de veiculo;Pleno dia;Ceu Claro;Caminhonete;Obito;2;5;5;1;1;2
Velocidade Incompativel;Queda de ocupante de veiculo;Pleno dia;Ceu Claro;Micro-onibus;Ileso;6;5;5;1;1;4
Velocidade Incompativel;Queda de ocupante de veiculo;Pleno dia;Ceu Claro;Micro-onibus;Obito;1;5;5;1;1;4
Velocidade Incompativel;Queda de ocupante de veiculo;Pleno dia;Ceu Claro;Motocicleta;Ileso;14;5;5;1;1;1
Velocidade Incompativel;Queda de ocupante de veiculo;Pleno dia;Ceu Claro;Motocicleta;Lesoes Graves;89;5;5;1;1;1
Velocidade Incompativel;Queda de ocupante de veiculo;Pleno dia;Ceu Claro;Motocicleta;Lesoes Leves;151;5;5;1;1;1
Velocidade Incompativel;Queda de ocupante de veiculo;Pleno dia;Ceu Claro;Motocicleta;Obito;23;5;5;1;1;1
Velocidade Incompativel;Queda de ocupante de veiculo;Pleno dia;Ceu Claro;Motoneta;Ileso;2;5;5;1;1;3
Velocidade Incompativel;Queda de ocupante de veiculo;Pleno dia;Ceu Claro;Motoneta;Lesoes Graves;3;5;5;1;1;3
Velocidade Incompativel;Queda de ocupante de veiculo;Pleno dia;Ceu Claro;Motoneta;Lesoes Leves;11;5;5;1;1;3
Velocidade Incompativel;Queda de ocupante de veiculo;Pleno dia;Ceu Claro;Nao Informado;Ileso;6;5;5;1;1;3
Velocidade Incompativel;Queda de ocupante de veiculo;Pleno dia;Ceu Claro;Nao se aplica;Lesoes Graves;2;5;5;1;1;3
Velocidade Incompativel;Queda de ocupante de veiculo;Pleno dia;Ceu Claro;Nao se aplica;Lesoes Leves;1;5;5;1;1;3
Velocidade Incompativel;Queda de ocupante de veiculo;Pleno dia;Ceu Claro;Onibus;Ileso;3;5;5;1;1;3
Velocidade Incompativel;Queda de ocupante de veiculo;Pleno dia;Ceu Claro;Utilitario;Ileso;4;5;5;1;1;3
Velocidade Incompativel;Queda de ocupante de veiculo;Pleno dia;Ceu Claro;Utilitario;Obito;1;5;5;1;1;3
Velocidade Incompativel;Queda de ocupante de veiculo;Pleno dia;Chuva;Automovel;Ileso;1;5;5;1;2;1
Velocidade Incompativel;Queda de ocupante de veiculo;Pleno dia;Chuva;Automovel;Obito;2;5;5;1;2;1
Velocidade Incompativel;Queda de ocupante de veiculo;Pleno dia;Chuva;Caminhao;Ileso;2;5;5;1;2;2
Velocidade Incompativel;Queda de ocupante de veiculo;Pleno dia;Chuva;Caminhao-trator;Ileso;2;5;5;1;2;2
Velocidade Incompativel;Queda de ocupante de veiculo;Pleno dia;Chuva;Motocicleta;Ileso;1;5;5;1;2;1
Velocidade Incompativel;Queda de ocupante de veiculo;Pleno dia;Chuva;Motocicleta;Lesoes Graves;3;5;5;1;2;1
Velocidade Incompativel;Queda de ocupante de veiculo;Pleno dia;Chuva;Motocicleta;Lesoes Leves;11;5;5;1;2;1
Velocidade Incompativel;Queda de ocupante de veiculo;Pleno dia;Chuva;Motocicleta;Obito;1;5;5;1;2;1
Velocidade Incompativel;Queda de ocupante de veiculo;Pleno dia;Garoa/Chuvisco;Automovel;Ileso;4;5;5;1;3;1
Velocidade Incompativel;Queda de ocupante de veiculo;Pleno dia;Garoa/Chuvisco;Automovel;Lesoes Graves;2;5;5;1;3;1
Velocidade Incompativel;Queda de ocupante de veiculo;Pleno dia;Garoa/Chuvisco;Automovel;Obito;1;5;5;1;3;1
Velocidade Incompativel;Queda de ocupante de veiculo;Pleno dia;Garoa/Chuvisco;Motocicleta;Lesoes Graves;3;5;5;1;3;1
Velocidade Incompativel;Queda de ocupante de veiculo;Pleno dia;Garoa/Chuvisco;Motocicleta;Lesoes Leves;3;5;5;1;3;1
Velocidade Incompativel;Queda de ocupante de veiculo;Pleno dia;Ignorado;Motocicleta;Lesoes Leves;1;5;5;1;0;1
Velocidade Incompativel;Queda de ocupante de veiculo;Pleno dia;Nevoeiro/Neblina;Motocicleta;Lesoes Leves;2;5;5;1;4;1
Velocidade Incompativel;Queda de ocupante de veiculo;Pleno dia;Nublado;Automovel;Ileso;21;5;5;1;2;1
Velocidade Incompativel;Queda de ocupante de veiculo;Pleno dia;Nublado;Automovel;Lesoes Leves;1;5;5;1;2;1
Velocidade Incompativel;Queda de ocupante de veiculo;Pleno dia;Nublado;Automovel;Obito;1;5;5;1;2;1
Velocidade Incompativel;Queda de ocupante de veiculo;Pleno dia;Nublado;Bicicleta;Lesoes Leves;1;5;5;1;2;3
Velocidade Incompativel;Queda de ocupante de veiculo;Pleno dia;Nublado;Caminhao;Ileso;3;5;5;1;2;2
Velocidade Incompativel;Queda de ocupante de veiculo;Pleno dia;Nublado;Caminhao;Obito;2;5;5;1;2;2
Velocidade Incompativel;Queda de ocupante de veiculo;Pleno dia;Nublado;Caminhao-trator;Ileso;2;5;5;1;2;2
Velocidade Incompativel;Queda de ocupante de veiculo;Pleno dia;Nublado;Caminhao-trator;Lesoes Leves;1;5;5;1;2;2
Velocidade Incompativel;Queda de ocupante de veiculo;Pleno dia;Nublado;Caminhonete;Ileso;18;5;5;1;2;2
Velocidade Incompativel;Queda de ocupante de veiculo;Pleno dia;Nublado;Motocicleta;Lesoes Graves;16;5;5;1;2;1
Velocidade Incompativel;Queda de ocupante de veiculo;Pleno dia;Nublado;Motocicleta;Lesoes Leves;61;5;5;1;2;1
Velocidade Incompativel;Queda de ocupante de veiculo;Pleno dia;Nublado;Motocicleta;Obito;1;5;5;1;2;1
Velocidade Incompativel;Queda de ocupante de veiculo;Pleno dia;Nublado;Motoneta;Ileso;2;5;5;1;2;3
Velocidade Incompativel;Queda de ocupante de veiculo;Pleno dia;Nublado;Motoneta;Lesoes Leves;2;5;5;1;2;3
Velocidade Incompativel;Queda de ocupante de veiculo;Pleno dia;Nublado;Motoneta;Obito;1;5;5;1;2;3
Velocidade Incompativel;Queda de ocupante de veiculo;Pleno dia;Nublado;Nao Informado;Ileso;7;5;5;1;2;3
Velocidade Incompativel;Queda de ocupante de veiculo;Pleno dia;Nublado;Utilitario;Ileso;3;5;5;1;2;3
Velocidade Incompativel;Queda de ocupante de veiculo;Pleno dia;Sol;Automovel;Ileso;12;5;5;1;3;1
Velocidade Incompativel;Queda de ocupante de veiculo;Pleno dia;Sol;Automovel;Lesoes Leves;2;5;5;1;3;1
Velocidade Incompativel;Queda de ocupante de veiculo;Pleno dia;Sol;Bicicleta;Lesoes Leves;1;5;5;1;3;3
Velocidade Incompativel;Queda de ocupante de veiculo;Pleno dia;Sol;Bicicleta;Obito;1;5;5;1;3;3
Velocidade Incompativel;Queda de ocupante de veiculo;Pleno dia;Sol;Caminhao-trator;Ileso;2;5;5;1;3;2
Velocidade Incompativel;Queda de ocupante de veiculo;Pleno dia;Sol;Caminhonete;Ileso;3;5;5;1;3;2
Velocidade Incompativel;Queda de ocupante de veiculo;Pleno dia;Sol;Motocicleta;Ileso;2;5;5;1;3;1
Velocidade Incompativel;Queda de ocupante de veiculo;Pleno dia;Sol;Motocicleta;Lesoes Graves;15;5;5;1;3;1
Velocidade Incompativel;Queda de ocupante de veiculo;Pleno dia;Sol;Motocicleta;Lesoes Leves;25;5;5;1;3;1
Velocidade Incompativel;Queda de ocupante de veiculo;Pleno dia;Sol;Motocicleta;Obito;4;5;5;1;3;1
Velocidade Incompativel;Queda de ocupante de veiculo;Pleno dia;Sol;Motoneta;Ileso;1;5;5;1;3;3
Velocidade Incompativel;Queda de ocupante de veiculo;Pleno dia;Sol;Motoneta;Lesoes Graves;1;5;5;1;3;3
Velocidade Incompativel;Queda de ocupante de veiculo;Pleno dia;Sol;Motoneta;Lesoes Leves;3;5;5;1;3;3
Velocidade Incompativel;Queda de ocupante de veiculo;Pleno dia;Sol;Nao Informado;Ileso;2;5;5;1;3;3
Velocidade Incompativel;Queda de ocupante de veiculo;Pleno dia;Sol;Onibus;Ileso;1;5;5;1;3;3
Velocidade Incompativel;Queda de ocupante de veiculo;Pleno dia;Vento;Motocicleta;Lesoes Leves;1;5;5;1;5;1
Velocidade Incompativel;Saida de leito carrocavel;Amanhecer;Ceu Claro;Automovel;Ileso;16;5;5;4;1;1
Velocidade Incompativel;Saida de leito carrocavel;Amanhecer;Ceu Claro;Automovel;Lesoes Graves;1;5;5;4;1;1
Velocidade Incompativel;Saida de leito carrocavel;Amanhecer;Ceu Claro;Automovel;Lesoes Leves;14;5;5;4;1;1
Velocidade Incompativel;Saida de leito carrocavel;Amanhecer;Ceu Claro;Automovel;Obito;1;5;5;4;1;1
Velocidade Incompativel;Saida de leito carrocavel;Amanhecer;Ceu Claro;Caminhao;Ileso;4;5;5;4;1;2
Velocidade Incompativel;Saida de leito carrocavel;Amanhecer;Ceu Claro;Caminhao;Lesoes Leves;3;5;5;4;1;2
Velocidade Incompativel;Saida de leito carrocavel;Amanhecer;Ceu Claro;Caminhao-trator;Ileso;4;5;5;4;1;2
Velocidade Incompativel;Saida de leito carrocavel;Amanhecer;Ceu Claro;Caminhao-trator;Lesoes Graves;2;5;5;4;1;2
Velocidade Incompativel;Saida de leito carrocavel;Amanhecer;Ceu Claro;Caminhao-trator;Lesoes Leves;2;5;5;4;1;2
Velocidade Incompativel;Saida de leito carrocavel;Amanhecer;Ceu Claro;Caminhonete;Ileso;3;5;5;4;1;2
Velocidade Incompativel;Saida de leito carrocavel;Amanhecer;Ceu Claro;Caminhonete;Lesoes Graves;1;5;5;4;1;2
Velocidade Incompativel;Saida de leito carrocavel;Amanhecer;Ceu Claro;Caminhonete;Lesoes Leves;7;5;5;4;1;2
Velocidade Incompativel;Saida de leito carrocavel;Amanhecer;Ceu Claro;Caminhonete;Obito;2;5;5;4;1;2
Velocidade Incompativel;Saida de leito carrocavel;Amanhecer;Ceu Claro;Motocicleta;Lesoes Graves;2;5;5;4;1;1
Velocidade Incompativel;Saida de leito carrocavel;Amanhecer;Ceu Claro;Motocicleta;Obito;1;5;5;4;1;1
Velocidade Incompativel;Saida de leito carrocavel;Amanhecer;Ceu Claro;Motoneta;Obito;1;5;5;4;1;3
Velocidade Incompativel;Saida de leito carrocavel;Amanhecer;Ceu Claro;Nao Informado;Ileso;1;5;5;4;1;3
Velocidade Incompativel;Saida de leito carrocavel;Amanhecer;Ceu Claro;Nao Informado;Lesoes Leves;1;5;5;4;1;3
Velocidade Incompativel;Saida de leito carrocavel;Amanhecer;Ceu Claro;Onibus;Lesoes Graves;9;5;5;4;1;3
Velocidade Incompativel;Saida de leito carrocavel;Amanhecer;Ceu Claro;Onibus;Lesoes Leves;11;5;5;4;1;3
Velocidade Incompativel;Saida de leito carrocavel;Amanhecer;Ceu Claro;Onibus;Obito;3;5;5;4;1;3
Velocidade Incompativel;Saida de leito carrocavel;Amanhecer;Ceu Claro;Utilitario;Obito;1;5;5;4;1;3
Velocidade Incompativel;Saida de leito carrocavel;Amanhecer;Chuva;Automovel;Ileso;1;5;5;4;2;1
Velocidade Incompativel;Saida de leito carrocavel;Amanhecer;Chuva;Automovel;Lesoes Leves;2;5;5;4;2;1
Velocidade Incompativel;Saida de leito carrocavel;Amanhecer;Chuva;Caminhao;Ileso;2;5;5;4;2;2
Velocidade Incompativel;Saida de leito carrocavel;Amanhecer;Chuva;Caminhao;Lesoes Leves;1;5;5;4;2;2
Velocidade Incompativel;Saida de leito carrocavel;Amanhecer;Chuva;Caminhao-trator;Ileso;2;5;5;4;2;2
Velocidade Incompativel;Saida de leito carrocavel;Amanhecer;Chuva;Caminhao-trator;Lesoes Graves;1;5;5;4;2;2
Velocidade Incompativel;Saida de leito carrocavel;Amanhecer;Chuva;Caminhao-trator;Lesoes Leves;1;5;5;4;2;2
Velocidade Incompativel;Saida de leito carrocavel;Amanhecer;Chuva;Caminhao-trator;Obito;1;5;5;4;2;2
Velocidade Incompativel;Saida de leito carrocavel;Amanhecer;Chuva;Caminhonete;Ileso;1;5;5;4;2;2
Velocidade Incompativel;Saida de leito carrocavel;Amanhecer;Chuva;Caminhonete;Lesoes Leves;2;5;5;4;2;2
Velocidade Incompativel;Saida de leito carrocavel;Amanhecer;Nevoeiro/Neblina;Automovel;Ileso;1;5;5;4;4;1
Velocidade Incompativel;Saida de leito carrocavel;Amanhecer;Nevoeiro/Neblina;Automovel;Lesoes Leves;1;5;5;4;4;1
Velocidade Incompativel;Saida de leito carrocavel;Amanhecer;Nevoeiro/Neblina;Motocicleta;Lesoes Graves;1;5;5;4;4;1
Velocidade Incompativel;Saida de leito carrocavel;Amanhecer;Nevoeiro/Neblina;Motocicleta;Lesoes Leves;1;5;5;4;4;1
Velocidade Incompativel;Saida de leito carrocavel;Amanhecer;Nublado;Automovel;Lesoes Graves;2;5;5;4;2;1
Velocidade Incompativel;Saida de leito carrocavel;Amanhecer;Nublado;Automovel;Lesoes Leves;6;5;5;4;2;1
Velocidade Incompativel;Saida de leito carrocavel;Amanhecer;Nublado;Automovel;Obito;1;5;5;4;2;1
Velocidade Incompativel;Saida de leito carrocavel;Amanhecer;Nublado;Caminhao;Ileso;3;5;5;4;2;2
Velocidade Incompativel;Saida de leito carrocavel;Amanhecer;Nublado;Caminhao;Lesoes Leves;1;5;5;4;2;2
Velocidade Incompativel;Saida de leito carrocavel;Amanhecer;Nublado;Caminhao-trator;Lesoes Leves;3;5;5;4;2;2
Velocidade Incompativel;Saida de leito carrocavel;Amanhecer;Nublado;Caminhonete;Ileso;1;5;5;4;2;2
Velocidade Incompativel;Saida de leito carrocavel;Amanhecer;Nublado;Caminhonete;Lesoes Graves;1;5;5;4;2;2
Velocidade Incompativel;Saida de leito carrocavel;Amanhecer;Nublado;Caminhonete;Lesoes Leves;2;5;5;4;2;2
Velocidade Incompativel;Saida de leito carrocavel;Amanhecer;Sol;Motocicleta;Obito;1;5;5;4;3;1
Velocidade Incompativel;Saida de leito carrocavel;Anoitecer;Ceu Claro;Automovel;Ileso;3;5;5;4;1;1
Velocidade Incompativel;Saida de leito carrocavel;Anoitecer;Ceu Claro;Automovel;Lesoes Graves;3;5;5;4;1;1
Velocidade Incompativel;Saida de leito carrocavel;Anoitecer;Ceu Claro;Automovel;Lesoes Leves;6;5;5;4;1;1
Velocidade Incompativel;Saida de leito carrocavel;Anoitecer;Ceu Claro;Automovel;Obito;2;5;5;4;1;1
Velocidade Incompativel;Saida de leito carrocavel;Anoitecer;Ceu Claro;Caminhao;Ileso;1;5;5;4;1;2
Velocidade Incompativel;Saida de leito carrocavel;Anoitecer;Ceu Claro;Caminhao-trator;Ileso;2;5;5;4;1;2
Velocidade Incompativel;Saida de leito carrocavel;Anoitecer;Ceu Claro;Caminhao-trator;Lesoes Leves;2;5;5;4;1;2
Velocidade Incompativel;Saida de leito carrocavel;Anoitecer;Ceu Claro;Caminhonete;Ileso;2;5;5;4;1;2
Velocidade Incompativel;Saida de leito carrocavel;Anoitecer;Ceu Claro;Caminhonete;Lesoes Graves;2;5;5;4;1;2
Velocidade Incompativel;Saida de leito carrocavel;Anoitecer;Ceu Claro;Caminhonete;Lesoes Leves;3;5;5;4;1;2
Velocidade Incompativel;Saida de leito carrocavel;Anoitecer;Ceu Claro;Motocicleta;Lesoes Leves;6;5;5;4;1;1
Velocidade Incompativel;Saida de leito carrocavel;Anoitecer;Ceu Claro;Motocicleta;Obito;1;5;5;4;1;1
Velocidade Incompativel;Saida de leito carrocavel;Anoitecer;Chuva;Automovel;Ileso;9;5;5;4;2;1
Velocidade Incompativel;Saida de leito carrocavel;Anoitecer;Chuva;Automovel;Lesoes Graves;5;5;5;4;2;1
Velocidade Incompativel;Saida de leito carrocavel;Anoitecer;Chuva;Automovel;Lesoes Leves;15;5;5;4;2;1
Velocidade Incompativel;Saida de leito carrocavel;Anoitecer;Chuva;Automovel;Obito;2;5;5;4;2;1
Velocidade Incompativel;Saida de leito carrocavel;Anoitecer;Chuva;Caminhao;Ileso;1;5;5;4;2;2
Velocidade Incompativel;Saida de leito carrocavel;Anoitecer;Chuva;Caminhao;Lesoes Leves;1;5;5;4;2;2
Velocidade Incompativel;Saida de leito carrocavel;Anoitecer;Chuva;Caminhao-trator;Lesoes Leves;1;5;5;4;2;2
Velocidade Incompativel;Saida de leito carrocavel;Anoitecer;Chuva;Caminhonete;Ileso;6;5;5;4;2;2
Velocidade Incompativel;Saida de leito carrocavel;Anoitecer;Chuva;Caminhonete;Lesoes Leves;2;5;5;4;2;2
Velocidade Incompativel;Saida de leito carrocavel;Anoitecer;Chuva;Micro-onibus;Ileso;1;5;5;4;2;4
Velocidade Incompativel;Saida de leito carrocavel;Anoitecer;Chuva;Micro-onibus;Lesoes Graves;5;5;5;4;2;4
Velocidade Incompativel;Saida de leito carrocavel;Anoitecer;Chuva;Micro-onibus;Lesoes Leves;3;5;5;4;2;4
Velocidade Incompativel;Saida de leito carrocavel;Anoitecer;Chuva;Micro-onibus;Obito;4;5;5;4;2;4
Velocidade Incompativel;Saida de leito carrocavel;Anoitecer;Chuva;Motocicleta;Obito;1;5;5;4;2;1
Velocidade Incompativel;Saida de leito carrocavel;Anoitecer;Chuva;Nao Informado;Lesoes Graves;2;5;5;4;2;3
Velocidade Incompativel;Saida de leito carrocavel;Anoitecer;Chuva;Utilitario;Lesoes Leves;1;5;5;4;2;3
Velocidade Incompativel;Saida de leito carrocavel;Anoitecer;Garoa/Chuvisco;Automovel;Ileso;6;5;5;4;3;1
Velocidade Incompativel;Saida de leito carrocavel;Anoitecer;Garoa/Chuvisco;Automovel;Lesoes Leves;5;5;5;4;3;1
Velocidade Incompativel;Saida de leito carrocavel;Anoitecer;Garoa/Chuvisco;Caminhao-trator;Lesoes Leves;1;5;5;4;3;2
Velocidade Incompativel;Saida de leito carrocavel;Anoitecer;Garoa/Chuvisco;Nao Informado;Lesoes Leves;1;5;5;4;3;3
Velocidade Incompativel;Saida de leito carrocavel;Anoitecer;Nublado;Automovel;Ileso;11;5;5;4;2;1
Velocidade Incompativel;Saida de leito carrocavel;Anoitecer;Nublado;Automovel;Lesoes Leves;5;5;5;4;2;1
Velocidade Incompativel;Saida de leito carrocavel;Anoitecer;Nublado;Automovel;Obito;2;5;5;4;2;1
Velocidade Incompativel;Saida de leito carrocavel;Anoitecer;Nublado;Motocicleta;Lesoes Graves;2;5;5;4;2;1
Velocidade Incompativel;Saida de leito carrocavel;Anoitecer;Nublado;Motocicleta;Lesoes Leves;1;5;5;4;2;1
Velocidade Incompativel;Saida de leito carrocavel;Plena Noite;Ceu Claro;Automovel;Ileso;53;5;5;2;1;1
Velocidade Incompativel;Saida de leito carrocavel;Plena Noite;Ceu Claro;Automovel;Lesoes Graves;17;5;5;2;1;1
Velocidade Incompativel;Saida de leito carrocavel;Plena Noite;Ceu Claro;Automovel;Lesoes Leves;68;5;5;2;1;1
Velocidade Incompativel;Saida de leito carrocavel;Plena Noite;Ceu Claro;Automovel;Obito;17;5;5;2;1;1
Velocidade Incompativel;Saida de leito carrocavel;Plena Noite;Ceu Claro;Caminhao;Ileso;6;5;5;2;1;2
Velocidade Incompativel;Saida de leito carrocavel;Plena Noite;Ceu Claro;Caminhao;Lesoes Graves;1;5;5;2;1;2
Velocidade Incompativel;Saida de leito carrocavel;Plena Noite;Ceu Claro;Caminhao;Lesoes Leves;9;5;5;2;1;2
Velocidade Incompativel;Saida de leito carrocavel;Plena Noite;Ceu Claro;Caminhao;Obito;2;5;5;2;1;2
Velocidade Incompativel;Saida de leito carrocavel;Plena Noite;Ceu Claro;Caminhao-trator;Ileso;10;5;5;2;1;2
Velocidade Incompativel;Saida de leito carrocavel;Plena Noite;Ceu Claro;Caminhao-trator;Lesoes Graves;10;5;5;2;1;2
Velocidade Incompativel;Saida de leito carrocavel;Plena Noite;Ceu Claro;Caminhao-trator;Lesoes Leves;15;5;5;2;1;2
Velocidade Incompativel;Saida de leito carrocavel;Plena Noite;Ceu Claro;Caminhao-trator;Obito;3;5;5;2;1;2
Velocidade Incompativel;Saida de leito carrocavel;Plena Noite;Ceu Claro;Caminhonete;Ileso;20;5;5;2;1;2
Velocidade Incompativel;Saida de leito carrocavel;Plena Noite;Ceu Claro;Caminhonete;Lesoes Graves;10;5;5;2;1;2
Velocidade Incompativel;Saida de leito carrocavel;Plena Noite;Ceu Claro;Caminhonete;Lesoes Leves;24;5;5;2;1;2
Velocidade Incompativel;Saida de leito carrocavel;Plena Noite;Ceu Claro;Caminhonete;Obito;3;5;5;2;1;2
Velocidade Incompativel;Saida de leito carrocavel;Plena Noite;Ceu Claro;Micro-onibus;Lesoes Leves;9;5;5;2;1;4
Velocidade Incompativel;Saida de leito carrocavel;Plena Noite;Ceu Claro;Motocicleta;Lesoes Graves;13;5;5;2;1;1
Velocidade Incompativel;Saida de leito carrocavel;Plena Noite;Ceu Claro;Motocicleta;Lesoes Leves;12;5;5;2;1;1
Velocidade Incompativel;Saida de leito carrocavel;Plena Noite;Ceu Claro;Motocicleta;Obito;11;5;5;2;1;1
Velocidade Incompativel;Saida de leito carrocavel;Plena Noite;Ceu Claro;Nao Informado;Ileso;5;5;5;2;1;3
Velocidade Incompativel;Saida de leito carrocavel;Plena Noite;Ceu Claro;Nao Informado;Lesoes Leves;7;5;5;2;1;3
Velocidade Incompativel;Saida de leito carrocavel;Plena Noite;Ceu Claro;Nao se aplica;Lesoes Graves;1;5;5;2;1;3
Velocidade Incompativel;Saida de leito carrocavel;Plena Noite;Ceu Claro;Nao se aplica;Obito;1;5;5;2;1;3
Velocidade Incompativel;Saida de leito carrocavel;Plena Noite;Ceu Claro;Utilitario;Lesoes Graves;5;5;5;2;1;3
Velocidade Incompativel;Saida de leito carrocavel;Plena Noite;Ceu Claro;Utilitario;Lesoes Leves;4;5;5;2;1;3
Velocidade Incompativel;Saida de leito carrocavel;Plena Noite;Chuva;Automovel;Ileso;24;5;5;2;2;1
Velocidade Incompativel;Saida de leito carrocavel;Plena Noite;Chuva;Automovel;Lesoes Graves;13;5;5;2;2;1
Velocidade Incompativel;Saida de leito carrocavel;Plena Noite;Chuva;Automovel;Lesoes Leves;31;5;5;2;2;1
Velocidade Incompativel;Saida de leito carrocavel;Plena Noite;Chuva;Automovel;Obito;2;5;5;2;2;1
Velocidade Incompativel;Saida de leito carrocavel;Plena Noite;Chuva;Caminhao;Ileso;2;5;5;2;2;2
Velocidade Incompativel;Saida de leito carrocavel;Plena Noite;Chuva;Caminhao;Lesoes Graves;1;5;5;2;2;2